id,title,description,link,image_link,availability,price,brand,condition,gtin,mpn,item_group_id
7194,Bremen Upholstered Bed Mink Leatherette 180×200,"Modern design double bed with an original headboard made of mink-coloured leatherette and a dark walnut-coloured wooden structure. A key piece for your bedroom with which you will bring an elegant and cosy style.It includes a comfortable bed base made of wood and upholstered in brown non-slip fabric. The leatherette upholstery of this bed will become the protagonist of your bedroom, bringing warmth and style to your sleeping area.",https://www.maisondecocon.com/en/products/bremen-upholstered-bed-mink-leatherette-180x200?variant_sku=7194,https://cdn.shopify.com/s/files/1/0884/0278/8685/files/bremen-polsterbett-180x200-kunstleder-mink-hauptansicht.jpg?v=1784121549,in_stock,2210.00 EUR,Ángel Cerdá S.L.,new,,7194,bremen-upholstered-bed-mink-leatherette-180x200
7211,Dortmund Upholstered Bed Fabric Blue-Grey 180×200,"The Dortmund's headboard and frame are upholstered in a light bluish-grey fabric — a cool, versatile tone that sits comfortably alongside both warm wood and crisp white bedding. Darkened, polished stainless steel legs give it a slightly industrial edge without tipping into cold or clinical. The pine multi-bed base underneath is built for daily use, and at 180×200 cm it suits most double-bedroom layouts without overwhelming the room.",https://www.maisondecocon.com/en/products/dortmund-upholstered-bed-fabric-blue-grey-180x200?variant_sku=7211,https://cdn.shopify.com/s/files/1/0884/0278/8685/files/dortmund-polsterbett-180x200-stoff-blaugrau-hauptansicht.jpg?v=1784121549,in_stock,2110.00 EUR,Ángel Cerdá S.L.,new,8435631041962,7211,dortmund-upholstered-bed-fabric-blue-grey-180x200
7174,Hamburg Upholstered Bed Leatherette Brown 180×200,"Modern design double bed with an original headboard made of off-white fabric and brown leatherette structure, and black stainless steel legs. A key piece for your bedroom with which you will add an elegant and cosy style.It includes a comfortable multi-bed base made of pine wood. Its Capitonné upholstery gives it that distinctive and exclusive look you are looking for in your bedroom.",https://www.maisondecocon.com/en/products/hamburg-upholstered-bed-leatherette-brown-180x200?variant_sku=7174,https://cdn.shopify.com/s/files/1/0884/0278/8685/files/hamburg-polsterbett-180x200-stoff-braun-hauptansicht.jpg?v=1784121549,in_stock,1740.00 EUR,Ángel Cerdá S.L.,new,8435631033530,7174,hamburg-upholstered-bed-leatherette-brown-180x200
7156,Berlin Upholstered Bed Fabric Light Grey 180×200,"Light grey fabric covers the Berlin's headboard and frame in full — a neutral that reads calm rather than plain, and pairs equally well with muted or bolder accent colours in the rest of the room. The darkened, polished stainless steel legs add just enough contrast to keep the silhouette from disappearing into the wall. Underneath, a pine multi-bed base carries the mattress at a standard 180×200 cm — no assembly surprises, no unusual proportions to plan around.",https://www.maisondecocon.com/en/products/berlin-upholstered-bed-fabric-light-grey-180x200?variant_sku=7156,https://cdn.shopify.com/s/files/1/0884/0278/8685/files/berlin-polsterbett-180x200-stoff-hellgrau-hauptansicht.jpg?v=1784121549,in_stock,1980.00 EUR,Ángel Cerdá S.L.,new,8435631028826,7156,berlin-upholstered-bed-fabric-light-grey-180x200
7160,Munich Upholstered Bed Fabric Light Grey 180×200,"The Munich takes the same light grey fabric approach as its siblings in the range, but finishes the legs in black epoxy-painted stainless steel rather than polished metal — a matte, low-glare look that suits rooms where you'd rather the bed frame didn't catch the light. A pine multi-bed base supports the mattress, sized for 180×200 cm.",https://www.maisondecocon.com/en/products/munich-upholstered-bed-fabric-light-grey-180x200?variant_sku=7160,https://cdn.shopify.com/s/files/1/0884/0278/8685/files/Muenchen-180x200-Polsterbett-Kunstleder-LINA-color-hellgrau-main.jpg?v=1768675563,in_stock,1190.00 EUR,Ángel Cerdá S.L.,new,8435631028864,7160,munich-upholstered-bed-fabric-light-grey-180x200
7131,Saarland Viscoelastic Memory Foam Pillow – Lavender Scented | 75×35×15 cm,"The Saarland pillow combines a perforated visco-elastic core with a lavender-scented cover for supportive, breathable comfort. Designed to contour to the head and neck while staying cool through the night, it's a considered choice for restful, aromatic sleep.",https://www.maisondecocon.com/en/products/saarland-premium-visco-kopfkissen?variant_sku=7131,https://cdn.shopify.com/s/files/1/0884/0278/8685/files/Saarland-Premium-Visco-Kopfkissen.jpg?v=1768675591,in_stock,60.00 EUR,Ángel Cerdá S.L.,new,,7131,saarland-premium-visco-kopfkissen
7218,Nuremberg Upholstered Bed Leatherette Mink 180×200,"Mink-coloured leatherette covers the Nuremberg's headboard and frame, with wooden legs finished in a matching walnut tone rather than the steel legs used elsewhere in the range — the whole piece stays in one warm colour family instead of contrasting fabric against metal. Pine multi-slat base, built for a 180×200 cm mattress.",https://www.maisondecocon.com/en/products/nuremberg-upholstered-bed-leatherette-mink-180x200?variant_sku=7218,https://cdn.shopify.com/s/files/1/0884/0278/8685/files/nuremberg-polsterbett-180x200-kunstleder-mink-hauptansicht.jpg?v=1784121655,in_stock,2930.00 EUR,Ángel Cerdá S.L.,new,8435631043638,7218,nuremberg-upholstered-bed-leatherette-mink-180x200
7155,Cologne Upholstered Bed Fabric Warm Grey 180×200,"The Cologne's legs are wenge-coloured wood rather than the steel finishes used on several other beds in the collection — a deep, near-black tone that grounds the grey fabric headboard and frame in something warmer and more traditional. It's a fit for bedrooms already built around wood furniture rather than metal accents. The multi-bed base is pine, sized for a 180×200 cm mattress.",https://www.maisondecocon.com/en/products/cologne-upholstered-bed-fabric-warm-grey-180x200?variant_sku=7155,https://cdn.shopify.com/s/files/1/0884/0278/8685/files/cologne-polsterbett-180x200-stoff-warmgrau-hauptansicht.jpg?v=1784121655,in_stock,2380.00 EUR,Ángel Cerdá S.L.,new,8435631028819,7155,cologne-upholstered-bed-fabric-warm-grey-180x200
7157,Düsseldorf Upholstered Bed Leatherette Cream 180×200,"Cream leatherette wraps the Düsseldorf's headboard and frame, giving it a lighter, more reflective surface than the fabric beds in the range — easier to wipe clean, too, which matters if the bedroom doubles as a guest room. Black stainless steel legs keep the overall look from tipping too pale. Pine multi-bed base included, built for a 180×200 cm mattress.",https://www.maisondecocon.com/en/products/duesseldorf-upholstered-bed-leatherette-cream-180x200?variant_sku=7157,https://cdn.shopify.com/s/files/1/0884/0278/8685/files/Duesseldorf-180x200-Polsterbett-Kunstleder-LENO-color-mink-main.jpg?v=1768675633,in_stock,1650.00 EUR,Ángel Cerdá S.L.,new,8435631028833,7157,duesseldorf-upholstered-bed-leatherette-cream-180x200
7161,Augsburg Upholstered Bed Fabric Light Grey 180×200,"The Augsburg shares its light grey fabric and black epoxy-painted steel legs with the Munich — the same materials, built on the same 180×200 cm pine base. If you're comparing the two, the difference comes down to headboard stitching and proportions rather than materials, so pick based on which shape suits your room. Fabric upholstery throughout, easy to keep looking fresh with a light vacuum or brush.",https://www.maisondecocon.com/en/products/augsburg-upholstered-bed-fabric-light-grey-180x200?variant_sku=7161,https://cdn.shopify.com/s/files/1/0884/0278/8685/files/augsburg-polsterbett-180x200-stoff-hellgrau-hauptansicht.jpg?v=1784122205,in_stock,2190.00 EUR,Ángel Cerdá S.L.,new,8435631028871,7161,augsburg-upholstered-bed-fabric-light-grey-180x200
7014,Leipzig Upholstered Bed Mink Leatherette 160×200,"The Leipzig is sized at 160×200 cm rather than the 180×200 cm standard used by most of this collection — worth checking against your room and existing bedding before ordering, since sheets and mattress toppers bought for the wider size won't fit. Mink-coloured leatherette covers the headboard and frame, with darkened polished stainless steel legs underneath. Pine multi-bed base included.",https://www.maisondecocon.com/en/products/leipzig-upholstered-bed-mink-leatherette-160x200?variant_sku=7014,https://cdn.shopify.com/s/files/1/0884/0278/8685/files/Leipzig-160x200-Polsterbett-Kunstleder-LENO-color-mink-main.jpg?v=1768675670,in_stock,1360.00 EUR,Ángel Cerdá S.L.,new,8435631004004,7014,leipzig-upholstered-bed-mink-leatherette-160x200
7159,Bochum Upholstered Bed Leatherette Hazelnut Brown 180×200,"Chocolate brown leatherette gives the Bochum a darker, richer starting point than the cream and mink leatherette options elsewhere in the range. The legs are wood veneered in natural walnut — the same leg treatment used on the Hannover — which softens the overall look compared with the steel-legged beds nearby. Pine multi-bed base, 180×200 cm mattress size.",https://www.maisondecocon.com/en/products/bochum-upholstered-bed-leatherette-hazelnut-brown-180x200?variant_sku=7159,https://cdn.shopify.com/s/files/1/0884/0278/8685/files/bochum-polsterbett-180x200-kunstleder-nussbraun-hauptansicht.jpg?v=1784121656,in_stock,1910.00 EUR,Ángel Cerdá S.L.,new,8435631028857,7159,bochum-upholstered-bed-leatherette-hazelnut-brown-180x200
7145,Bonn Upholstered Bed Fabric Grey 180×200,"The Bonn goes darker than the light-grey fabric beds in the collection — a dark grey fabric headboard and frame that reads more dramatic against pale walls, with black stainless steel legs to match rather than contrast. Pine multi-bed base, built for a 180×200 cm mattress.",https://www.maisondecocon.com/en/products/bonn-upholstered-bed-fabric-grey-180x200?variant_sku=7145,https://cdn.shopify.com/s/files/1/0884/0278/8685/files/bonn-polsterbett-180x200-stoff-grau-hauptansicht.jpg?v=1784184472,in_stock,1910.00 EUR,Ángel Cerdá S.L.,new,8435631039525,7145,bonn-upholstered-bed-fabric-grey-180x200
7169,Mannheim Upholstered Bed Leatherette Grey 160×200,"The Mannheim mixes materials rather than using one throughout: a dark grey leatherette headboard, a walnut-veneered wood structure, and legs in black MDF — three different finishes working together instead of the single-material approach used on most beds in this collection. Pine slatted base. At 160×200 cm, it's sized for the narrower of the two mattress widths used across the range.",https://www.maisondecocon.com/en/products/mannheim-upholstered-bed-leatherette-grey-160x200?variant_sku=7169,https://cdn.shopify.com/s/files/1/0884/0278/8685/files/mannheim-polsterbett-160x200-kunstleder-grau-hauptansicht.jpg?v=1784184543,in_stock,1710.00 EUR,Ángel Cerdá S.L.,new,8435631033011,7169,mannheim-upholstered-bed-leatherette-grey-160x200
7173,Hannover Upholstered Bed Fabric Grey 180×200,"The Hannover pairs a grey fabric headboard and frame with walnut-veneered wooden legs — the same leg finish as the Bochum, though here it's set against fabric rather than leatherette. A middle-ground option for anyone who wants the warmth of wood legs without committing to a leatherette headboard. Pine multi-bed base, 180×200 cm.",https://www.maisondecocon.com/en/products/hannover-upholstered-bed-fabric-grey-180x200?variant_sku=7173,https://cdn.shopify.com/s/files/1/0884/0278/8685/files/hannover-polsterbett-180x200-stoff-grau-hauptansicht.jpg?v=1784184571,in_stock,2190.00 EUR,Ángel Cerdá S.L.,new,8435631033523,7173,hannover-upholstered-bed-fabric-grey-180x200
7175,Kiel Upholstered Bed Wood Walnut Grey 180×200,"Modern design double bed with an original headboard and structure made of natural walnut veneer, and legs in black MDF wood, creating a warm and personal space. Thanks to its cushions sewn in grey fabric, it offers extra comfort. Includes a comfortable slatted base made of pine wood. Bed compatible with a 180 x 200 cm mattress.The fabric upholstery brings warmth and style to the sleeping area, and its elegant, modern design suits any bedroom. Made with high-quality materials and an internal structure of natural pine wood, its integrated shelves double as practical bedside tables.",https://www.maisondecocon.com/en/products/kiel-upholstered-bed-wood-walnut-grey-180x200?variant_sku=7175,https://cdn.shopify.com/s/files/1/0884/0278/8685/files/kiel-polsterbett-180x200-stoff-und-holz-walnussgrau-hauptansicht.jpg?v=1784121903,in_stock,1870.00 EUR,Ángel Cerdá S.L.,new,8435631034131,7175,kiel-upholstered-bed-wood-walnut-grey-180x200
7148,Karlsruhe Upholstered Bed Leatherette Dark Green 180×200,"Dark green is the least common headboard colour in this collection — most of the range sticks to greys, browns and creams, so the Karlsruhe stands out if you want a bed frame with more colour presence. The structure is wood veneered in natural walnut, giving it a warmer base than the steel-legged beds nearby. Pine multi-bed base, sized for a 180×200 cm mattress.",https://www.maisondecocon.com/en/products/karlsruhe-upholstered-bed-leatherette-dark-green-180x200?variant_sku=7148,https://cdn.shopify.com/s/files/1/0884/0278/8685/files/karlsruhe-polsterbett-180x200-kunstleder-dunkelgruen-hauptansicht.jpg?v=1784122038,in_stock,1940.00 EUR,Ángel Cerdá S.L.,new,8435631027539,7148,karlsruhe-upholstered-bed-leatherette-dark-green-180x200
7158,Wiesbaden Upholstered Bed Leatherette Brown 180×200,"Brown leatherette covers the Wiesbaden's headboard and frame — a mid-tone that sits between the paler cream leatherette and the darker chocolate brown options elsewhere in the range. Black epoxy-painted steel legs keep the base low-key rather than drawing attention. Pine multi-bed base, 180×200 cm.",https://www.maisondecocon.com/en/products/wiesbaden-upholstered-bed-leatherette-brown-180x200?variant_sku=7158,https://cdn.shopify.com/s/files/1/0884/0278/8685/files/wiesbaden-polsterbett-180x200-kunstleder-braun-hauptansicht.jpg?v=1784121903,in_stock,1530.00 EUR,Ángel Cerdá S.L.,new,8435631028840,7158,wiesbaden-upholstered-bed-leatherette-brown-180x200
7177,Münster Upholstered Bed Fabric Grey 160×200,"The Münster shares its grey fabric, walnut-veneer structure and pine base with the Frankfurt — but the headboard itself is simpler: a plain button-tufted panel with no straps or bolsters, sitting at 74 cm tall. It's the quieter of the two if you'd rather the headboard not draw the eye. One of only four beds in the collection built around the narrower 160×200 cm mattress size rather than the more common 180×200 cm — check this against your current mattress and bedding before ordering.",https://www.maisondecocon.com/en/products/muenster-upholstered-bed-fabric-grey-160x200?variant_sku=7177,https://cdn.shopify.com/s/files/1/0884/0278/8685/files/muenster-polsterbett-160x200-stoff-grau-hauptansicht.jpg?v=1784122132,in_stock,1420.00 EUR,Ángel Cerdá S.L.,new,8435631034599,7177,muenster-upholstered-bed-fabric-grey-160x200
7179,Frankfurt Upholstered Bed Fabric Warm Grey 160×200,"Like the Münster, the Frankfurt pairs grey fabric with a walnut-veneered wood structure on a pine base — but the headboard is the more decorative of the two: the same button-tufted panel, with two bolster cushions held on by leather straps for a more layered, styled look. It stands taller overall (110 cm vs. the Münster's 98 cm) to accommodate them. 160×200 cm mattress size, one of four in the collection built around this narrower width — worth confirming against your current bedding before ordering.",https://www.maisondecocon.com/en/products/frankfurt-upholstered-bed-fabric-warm-grey-160x200?variant_sku=7179,https://cdn.shopify.com/s/files/1/0884/0278/8685/files/frankfurt-polsterbett-160x200-stoff-warmgrau-hauptansicht.jpg?v=1784121966,in_stock,1760.00 EUR,Ángel Cerdá S.L.,new,8435631034612,7179,frankfurt-upholstered-bed-fabric-warm-grey-160x200
7154,Stuttgart Upholstered Bed Leatherette Mink Grey 180×200,"The Stuttgart's headboard is built in two layers: a tall mink-coloured leatherette back panel, with two square cushions sewn in grey fabric sitting in front of it — more sculptural than the single-fabric headboards elsewhere in the range. Legs are dark chrome. Pine multi-bed base, 180×200 cm, 100 kg overall.",https://www.maisondecocon.com/en/products/stuttgart-upholstered-bed-leatherette-mink-grey-180x200?variant_sku=7154,https://cdn.shopify.com/s/files/1/0884/0278/8685/files/Stuttgart-180x200-Polsterbett-MaterialMix-LENO-color-mink-grau-main.jpg?v=1768659900,in_stock,1990.00 EUR,Ángel Cerdá S.L.,new,8435631028802,7154,stuttgart-upholstered-bed-leatherette-mink-grey-180x200
7178,Essen Wood Bed Walnut 160×200,"Modern design double bed with an original headboard and structure made of wood veneered in natural walnut, with which you will create a warm and personal space, without leaving aside the greatest comfort. It includes a comfortable multi-sleeper bed base made of pine wood.Thanks to its simple, linear design, you can create a relaxed and comfortable atmosphere for your rest. All our beds are made with the highest quality materials, and with an internal structure of natural pine wood.",https://www.maisondecocon.com/en/products/essen-wood-bed-walnut-160x200?variant_sku=7178,https://cdn.shopify.com/s/files/1/0884/0278/8685/files/essen-holzbett-160x200-holz-walnuss-hauptansicht.jpg?v=1784121966,in_stock,920.00 EUR,Ángel Cerdá S.L.,new,8435631034605,7178,essen-wood-bed-walnut-160x200
7123,Bielefeld Upholstered Bed Leatherette Brown-Grey 180×200,"Like the Stuttgart, the Bielefeld uses the same two-layer headboard — a tall leatherette back panel with two grey fabric cushions in front — but in a warmer rust-brown leatherette rather than mink, on plain stainless steel legs rather than dark chrome. Pine multi-bed base, 180×200 cm, 87 kg overall — noticeably lighter than the Stuttgart despite the shared design.",https://www.maisondecocon.com/en/products/bielefeld-upholstered-bed-leatherette-brown-grey-180x200?variant_sku=7123,https://cdn.shopify.com/s/files/1/0884/0278/8685/files/Bielefeld-180x200-Polsterbett-MaterialMix-LENO-color-braun-grau-main.jpg?v=1768664371,in_stock,1670.00 EUR,Ángel Cerdá S.L.,new,8435631019688,7123,bielefeld-upholstered-bed-leatherette-brown-grey-180x200
7221,Dresden Upholstered Bed Fabric Dark Grey 180×200,"The Dresden upholstered bed pairs a dark grey fabric cover with clean, modern lines and black stainless-steel legs — a quietly confident centerpiece for contemporary bedrooms.",https://www.maisondecocon.com/en/products/dresden-upholstered-180x200?variant_sku=7221,https://cdn.shopify.com/s/files/1/0884/0278/8685/files/dresden-polsterbett-180x200-stoff-dunkelgrau-hauptansicht.jpg?v=1784203583,out_of_stock,1330.00 EUR,Ángel Cerdá S.L.,new,8435631040651,7221,dresden-upholstered-180x200
7222,Duisburg Upholstered Bed Fabric Light Grey 180×200,"The Duisburg upholstered bed combines a soft light grey fabric cover with walnut-toned wood details and black stainless-steel legs, striking a calm balance between warmth and precision.",https://www.maisondecocon.com/en/products/duisburg-upholstered-bed-fabric-light-grey-180x200?variant_sku=7222,https://cdn.shopify.com/s/files/1/0884/0278/8685/files/duisburg-polsterbett-180x200-stoff-hellgrau-hauptansicht.jpg?v=1784203750,out_of_stock,1710.00 EUR,Ángel Cerdá S.L.,new,8435631044864,7222,duisburg-upholstered-bed-fabric-light-grey-180x200
7223,Wuppertal Upholstered Bed Velvet Brown Cream 180×200,"The Wuppertal upholstered bed layers a velvety brown headboard over a cream leatherette base, creating a richly textured statement piece for elegant, modern bedrooms.",https://www.maisondecocon.com/en/products/wuppertal-upholstered-bed-velvet-brown-cream-180x200?variant_sku=7223,https://cdn.shopify.com/s/files/1/0884/0278/8685/files/wuppertal-polsterbett-180x200-samt-kunstleder-creme-braun-hauptansicht.jpg?v=1784203933,out_of_stock,1580.00 EUR,Ángel Cerdá S.L.,new,8435631044871,7223,wuppertal-upholstered-bed-velvet-brown-cream-180x200
7224,Braunschweig Upholstered Bed Fabric Beige Grey 160×200,"The Braunschweig upholstered bed brings together a beige and grey fabric cover, walnut veneer details, and gold-toned stainless-steel accents for a refined, considered silhouette.",https://www.maisondecocon.com/en/products/braunschweig-upholstered-bed-fabric-beige-grey-160x200?variant_sku=7224,https://cdn.shopify.com/s/files/1/0884/0278/8685/files/braunschweig-polsterbett-160x200-stoff-beige-grau-hauptansicht.jpg?v=1784204088,out_of_stock,1320.00 EUR,Ángel Cerdá S.L.,new,8435631044932,7224,braunschweig-upholstered-bed-fabric-beige-grey-160x200
7236,Freiburg Upholstered Bed Leatherette Sand 180×200,"The Freiburg upholstered bed wraps a sand-toned leatherette headboard around warm walnut-coloured wood, offering a warm, understated presence in the bedroom.",https://www.maisondecocon.com/en/products/freiburg-upholstered-bed-leatherette-sand-180x200?variant_sku=7236,https://cdn.shopify.com/s/files/1/0884/0278/8685/files/freiburg-polsterbett-180x200-kunstleder-sand-hauptansicht.jpg?v=1784204269,in_stock,2660.00 EUR,Ángel Cerdá S.L.,new,8435631047629,7236,freiburg-upholstered-bed-leatherette-sand-180x200
7198,Aachen Upholstered Bed Leatherette Cream 180×200,"The Aachen upholstered bed pairs a cream leatherette frame with warm walnut-coloured wood accents, striking a timeless, gallery-quiet tone.",https://www.maisondecocon.com/en/products/aachen-upholstered-bed-leatherette-cream-180x200?variant_sku=7198,https://cdn.shopify.com/s/files/1/0884/0278/8685/files/aachen-polsterbett-180x200-kunstleder-creme-hauptansicht.jpg?v=1784204487,out_of_stock,1890.00 EUR,Ángel Cerdá S.L.,new,8435631045779,7198,aachen-upholstered-bed-leatherette-cream-180x200
7229,Thuringia Premium Hybrid Natural Latex Mattress 160×200,"Designed for balanced sleeping comfort, the Thuringia Hybrid Mattress (160×200 cm) seamlessly combines natural latex with independent pocket springs to offer the perfect blend of adaptive support and pressure relief.",https://www.maisondecocon.com/en/products/thuringia-premium-hybrid-natural-latex-mattress-160x200?variant_sku=7229,https://cdn.shopify.com/s/files/1/0884/0278/8685/files/thuringia-matratze-160x200-grau-hauptansicht.jpg?v=1784204704,in_stock,720.00 EUR,Ángel Cerdá S.L.,new,8435631045083,7229,thuringia-premium-hybrid-natural-latex-mattress-160x200
7231,Hesse Premium Hybrid Natural Latex Mattress 160×200,"Engineered for targeted pressure relief, the Hesse Hybrid Mattress (160×200 cm) seamlessly combines natural latex with an independent 7-zone pocket spring system to offer tailored support and exceptional sleeping comfort.",https://www.maisondecocon.com/en/products/hesse-premium-hybrid-natural-latex-mattress-160x200?variant_sku=7231,https://cdn.shopify.com/s/files/1/0884/0278/8685/files/hesse-matratze-160x200-weiss-hauptansicht.jpg?v=1784204855,in_stock,950.00 EUR,Ángel Cerdá S.L.,new,8435631045106,7231,hesse-premium-hybrid-natural-latex-mattress-160x200
7233,Saxony Premium Hybrid Natural Latex Mattress 160×200,"Crafted for exceptional sleeping comfort, the Saxony Hybrid Mattress (160x200 cm) masterfully combines natural latex with responsive mini springs and an independent 7-zone pocket spring system to deliver unmatched, multi-layered support.",https://www.maisondecocon.com/en/products/saxony-premium-hybrid-natural-latex-mattress-160x200?variant_sku=7233,https://cdn.shopify.com/s/files/1/0884/0278/8685/files/saxony-matratze-160x200-weiss-hauptansicht.jpg?v=1784205003,in_stock,1230.00 EUR,Ángel Cerdá S.L.,new,8435631045120,7233,saxony-premium-hybrid-natural-latex-mattress-160x200
7235,Brandenburg Premium Hybrid Natural Latex Mattress 160×200,"Designed to deliver a refreshing sleep experience, the Brandenburg Hybrid Mattress (160x200 cm) combines natural latex with a Cooltex mini pocket spring system in a signature blue-and-white finish, offering advanced cooling properties and perfectly balanced comfort.",https://www.maisondecocon.com/en/products/brandenburg-premium-hybrid-natural-latex-mattress-160x200?variant_sku=7235,https://cdn.shopify.com/s/files/1/0884/0278/8685/files/brandenburg-matratze-160x200-blau-weiss-hauptansicht.jpg?v=1784205138,out_of_stock,2280.00 EUR,Ángel Cerdá S.L.,new,8435631045144,7235,brandenburg-premium-hybrid-natural-latex-mattress-160x200
7244,Westphalia Premium Hybrid Natural Latex Mattress 160×200,"Designed to deliver a refreshing sleep experience, the Westphalia Hybrid Mattress (160x200 cm) combines natural latex with a Cooltex mini pocket spring system in an elegant beige finish, offering advanced cooling properties and perfectly balanced comfort.",https://www.maisondecocon.com/en/products/westphalia-premium-hybrid-natural-latex-mattress-160x200?variant_sku=7244,https://cdn.shopify.com/s/files/1/0884/0278/8685/files/westphalia-matratze-160x200-beige-hauptansicht.jpg?v=1784205330,in_stock,2280.00 EUR,Ángel Cerdá S.L.,new,8435631053132,7244,westphalia-premium-hybrid-natural-latex-mattress-160x200
7228,Thuringia Premium Hybrid Natural Latex Mattress 180×200,"Designed for balanced sleeping comfort, the Thuringia Hybrid Mattress (180×200 cm) seamlessly combines natural latex with independent pocket springs to offer the perfect blend of adaptive support and pressure relief.",https://www.maisondecocon.com/en/products/thuringia-premium-hybrid-natural-latex-mattress-180x200?variant_sku=7228,https://cdn.shopify.com/s/files/1/0884/0278/8685/files/thuringia-matratze-160x200-grau-hauptansicht.jpg?v=1784204704,out_of_stock,760.00 EUR,Ángel Cerdá S.L.,new,8435631045076,7228,thuringia-premium-hybrid-natural-latex-mattress-180x200
7230,Hesse Premium Hybrid Natural Latex Mattress 180×200,"Engineered for targeted pressure relief, the Hesse Hybrid Mattress (180×200 cm) seamlessly combines natural latex with an independent 7-zone pocket spring system to offer tailored support and exceptional sleeping comfort.",https://www.maisondecocon.com/en/products/hesse-premium-hybrid-natural-latex-mattress-180x200?variant_sku=7230,https://cdn.shopify.com/s/files/1/0884/0278/8685/files/hesse-matratze-160x200-weiss-hauptansicht.jpg?v=1784204855,out_of_stock,1000.00 EUR,Ángel Cerdá S.L.,new,8435631045090,7230,hesse-premium-hybrid-natural-latex-mattress-180x200
7232,Saxony Premium Hybrid Natural Latex Mattress 180×200,"Crafted for exceptional sleeping comfort, the Saxony Hybrid Mattress(180x200 cm) masterfully combines natural latex with responsive mini springs and an independent 7-zone pocket spring system to deliver unmatched, multi-layered support.",https://www.maisondecocon.com/en/products/saxony-premium-hybrid-natural-latex-mattress-180x200?variant_sku=7232,https://cdn.shopify.com/s/files/1/0884/0278/8685/files/saxony-matratze-160x200-weiss-hauptansicht.jpg?v=1784205003,out_of_stock,1320.00 EUR,Ángel Cerdá S.L.,new,8435631045113,7232,saxony-premium-hybrid-natural-latex-mattress-180x200
7234,Brandenburg Premium Hybrid Natural Latex Mattress 180×200,"Designed to deliver a refreshing sleep experience, the Brandenburg Hybrid Mattress (180x200 cm) combines natural latex with a Cooltex mini pocket spring system in a signature blue-and-white finish, offering advanced cooling properties and perfectly balanced comfort.",https://www.maisondecocon.com/en/products/brandenburg-premium-hybrid-natural-latex-mattress-180x200?variant_sku=7234,https://cdn.shopify.com/s/files/1/0884/0278/8685/files/brandenburg-matratze-160x200-blau-weiss-hauptansicht.jpg?v=1784205138,out_of_stock,2340.00 EUR,Ángel Cerdá S.L.,new,8435631045137,7234,brandenburg-premium-hybrid-natural-latex-mattress-180x200
7243,Westphalia Premium Hybrid Natural Latex Mattress 180×200,"Designed to deliver a refreshing sleep experience, the Westphalia Hybrid Mattress (180x200 cm) combines natural latex with a Cooltex mini pocket spring system in an elegant beige finish, offering advanced cooling properties and perfectly balanced comfort.",https://www.maisondecocon.com/en/products/westphalia-premium-hybrid-natural-latex-mattress-180x200?variant_sku=7243,https://cdn.shopify.com/s/files/1/0884/0278/8685/files/westphalia-matratze-160x200-beige-hauptansicht.jpg?v=1784205330,out_of_stock,2340.00 EUR,Ángel Cerdá S.L.,new,8435631053125,7243,westphalia-premium-hybrid-natural-latex-mattress-180x200
M12002207VS,Tencel™ Twill Duvet Cover - White,"Sink into bedding that breathes with you. Our Tencel™ Twill Duvet Cover in White brings a soft, matte elegance to the bedroom - quiet luxury without the shine.",https://www.maisondecocon.com/en/products/tencel-twill-duvet-cover-white?variant_sku=M12002207VS,https://cdn.shopify.com/s/files/1/0884/0278/8685/files/Tencel_Twill_Duvet_Cover_in_White_styled_on_a_bed_with_a_neutral_headboard_and_sheer_curtains.png?v=1785835255,in_stock,189.95 EUR,Coco & Cici,new,8721184401811,M12002207VS,tencel-twill-duvet-cover-white
M12602207VS,Tencel™ Twill Duvet Cover - White,"Sink into bedding that breathes with you. Our Tencel™ Twill Duvet Cover in White brings a soft, matte elegance to the bedroom - quiet luxury without the shine.",https://www.maisondecocon.com/en/products/tencel-twill-duvet-cover-white?variant_sku=M12602207VS,https://cdn.shopify.com/s/files/1/0884/0278/8685/files/Tencel_Twill_Duvet_Cover_in_White_styled_on_a_bed_with_a_neutral_headboard_and_sheer_curtains.png?v=1785835255,in_stock,239.95 EUR,Coco & Cici,new,8721184401835,M12602207VS,tencel-twill-duvet-cover-white
M12002007VS,Tencel™ Twill Duvet Cover - White,"Sink into bedding that breathes with you. Our Tencel™ Twill Duvet Cover in White brings a soft, matte elegance to the bedroom - quiet luxury without the shine.",https://www.maisondecocon.com/en/products/tencel-twill-duvet-cover-white?variant_sku=M12002007VS,https://cdn.shopify.com/s/files/1/0884/0278/8685/files/Tencel_Twill_Duvet_Cover_in_White_styled_on_a_bed_with_a_neutral_headboard_and_sheer_curtains.png?v=1785835255,out_of_stock,179.95 EUR,Coco & Cici,new,8721184401804,M12002007VS,tencel-twill-duvet-cover-white
M12402207VS,Tencel™ Twill Duvet Cover - White,"Sink into bedding that breathes with you. Our Tencel™ Twill Duvet Cover in White brings a soft, matte elegance to the bedroom - quiet luxury without the shine.",https://www.maisondecocon.com/en/products/tencel-twill-duvet-cover-white?variant_sku=M12402207VS,https://cdn.shopify.com/s/files/1/0884/0278/8685/files/Tencel_Twill_Duvet_Cover_in_White_styled_on_a_bed_with_a_neutral_headboard_and_sheer_curtains.png?v=1785835255,out_of_stock,219.95 EUR,Coco & Cici,new,8721184401828,M12402207VS,tencel-twill-duvet-cover-white
M11402207VS,Tencel™ Twill Duvet Cover - White,"Sink into bedding that breathes with you. Our Tencel™ Twill Duvet Cover in White brings a soft, matte elegance to the bedroom - quiet luxury without the shine.",https://www.maisondecocon.com/en/products/tencel-twill-duvet-cover-white?variant_sku=M11402207VS,https://cdn.shopify.com/s/files/1/0884/0278/8685/files/Tencel_Twill_Duvet_Cover_in_White_styled_on_a_bed_with_a_neutral_headboard_and_sheer_curtains.png?v=1785835255,in_stock,139.95 EUR,Coco & Cici,new,8721184403914,M11402207VS,tencel-twill-duvet-cover-white
M11402007VS,Tencel™ Twill Duvet Cover - White,"Sink into bedding that breathes with you. Our Tencel™ Twill Duvet Cover in White brings a soft, matte elegance to the bedroom - quiet luxury without the shine.",https://www.maisondecocon.com/en/products/tencel-twill-duvet-cover-white?variant_sku=M11402007VS,https://cdn.shopify.com/s/files/1/0884/0278/8685/files/Tencel_Twill_Duvet_Cover_in_White_styled_on_a_bed_with_a_neutral_headboard_and_sheer_curtains.png?v=1785835255,in_stock,129.95 EUR,Coco & Cici,new,8721184401781,M11402007VS,tencel-twill-duvet-cover-white
B12002003,Bamboo Duvet Cover Ocher Yellow,"Better sleep starts simple. Our Eco Bamboo Duvet Cover in Ocher Yellow is soft, breathable, and effortlessly easy to care for — a gentle, sustainable entry point into better sleep.",https://www.maisondecocon.com/en/products/bamboo-duvet-cover-ocher-yellow?variant_sku=B12002003,https://cdn.shopify.com/s/files/1/0884/0278/8685/files/bamboo-duvet-cover-ocher-yellow-folded-01.png?v=1785840894,out_of_stock,169.95 EUR,Coco & Cici,new,6091016460487,B12002003,bamboo-duvet-cover-ocher-yellow
B12002203,Bamboo Duvet Cover Ocher Yellow,"Better sleep starts simple. Our Eco Bamboo Duvet Cover in Ocher Yellow is soft, breathable, and effortlessly easy to care for — a gentle, sustainable entry point into better sleep.",https://www.maisondecocon.com/en/products/bamboo-duvet-cover-ocher-yellow?variant_sku=B12002203,https://cdn.shopify.com/s/files/1/0884/0278/8685/files/bamboo-duvet-cover-ocher-yellow-folded-01.png?v=1785840894,out_of_stock,169.95 EUR,Coco & Cici,new,6091016585548,B12002203,bamboo-duvet-cover-ocher-yellow
B12602203,Bamboo Duvet Cover Ocher Yellow,"Better sleep starts simple. Our Eco Bamboo Duvet Cover in Ocher Yellow is soft, breathable, and effortlessly easy to care for — a gentle, sustainable entry point into better sleep.",https://www.maisondecocon.com/en/products/bamboo-duvet-cover-ocher-yellow?variant_sku=B12602203,https://cdn.shopify.com/s/files/1/0884/0278/8685/files/bamboo-duvet-cover-ocher-yellow-folded-01.png?v=1785840894,out_of_stock,209.95 EUR,Coco & Cici,new,6091016828898,B12602203,bamboo-duvet-cover-ocher-yellow
B11402203,Bamboo Duvet Cover Ocher Yellow,"Better sleep starts simple. Our Eco Bamboo Duvet Cover in Ocher Yellow is soft, breathable, and effortlessly easy to care for — a gentle, sustainable entry point into better sleep.",https://www.maisondecocon.com/en/products/bamboo-duvet-cover-ocher-yellow?variant_sku=B11402203,https://cdn.shopify.com/s/files/1/0884/0278/8685/files/bamboo-duvet-cover-ocher-yellow-folded-01.png?v=1785840894,out_of_stock,109.95 EUR,Coco & Cici,new,6091016451447,B11402203,bamboo-duvet-cover-ocher-yellow
B12402203,Bamboo Duvet Cover Ocher Yellow,"Better sleep starts simple. Our Eco Bamboo Duvet Cover in Ocher Yellow is soft, breathable, and effortlessly easy to care for — a gentle, sustainable entry point into better sleep.",https://www.maisondecocon.com/en/products/bamboo-duvet-cover-ocher-yellow?variant_sku=B12402203,https://cdn.shopify.com/s/files/1/0884/0278/8685/files/bamboo-duvet-cover-ocher-yellow-folded-01.png?v=1785840894,out_of_stock,199.95 EUR,Coco & Cici,new,6091016773716,B12402203,bamboo-duvet-cover-ocher-yellow
B11402003,Bamboo Duvet Cover Ocher Yellow,"Better sleep starts simple. Our Eco Bamboo Duvet Cover in Ocher Yellow is soft, breathable, and effortlessly easy to care for — a gentle, sustainable entry point into better sleep.",https://www.maisondecocon.com/en/products/bamboo-duvet-cover-ocher-yellow?variant_sku=B11402003,https://cdn.shopify.com/s/files/1/0884/0278/8685/files/bamboo-duvet-cover-ocher-yellow-folded-01.png?v=1785840894,out_of_stock,109.95 EUR,Coco & Cici,new,6091016424472,B11402003,bamboo-duvet-cover-ocher-yellow
12602207,TENCEL™ Sateen Duvet Cover Terra Pink,"Wake up like you're still on holiday. Our Tencel™ Sateen Duvet Cover in Terra Pink brings a smooth, luminous softness to the bedroom — with a natural sheen that softens beautifully with wear.",https://www.maisondecocon.com/en/products/tencel-sateen-duvet-cover-terra-pink?variant_sku=12602207,https://cdn.shopify.com/s/files/1/0884/0278/8685/files/tencel-sateen-duvet-cover-terra-pink-folded-01.jpg?v=1785849687,in_stock,269.95 EUR,Coco & Cici,new,7423603046078,12602207,tencel-sateen-duvet-cover-terra-pink
M260702,Tencel™ Twill Pillowcase Beige,"Complete your set with softness to match. Our Tencel™ Twill Pillowcase in Beige brings the same matte, durable comfort as our duvet covers — quiet luxury, one pillow at a time.",https://www.maisondecocon.com/en/products/tencel-twill-pillowcase-beige?variant_sku=M260702,https://cdn.shopify.com/s/files/1/0884/0278/8685/files/tencel-twill-pillowcase-beige-styled-01.jpg?v=1785849569,in_stock,32.95 EUR,Coco & Cici,new,6097749265214,M260702,tencel-twill-pillowcase-beige
M250602,Tencel™ Twill Pillowcase Beige,"Complete your set with softness to match. Our Tencel™ Twill Pillowcase in Beige brings the same matte, durable comfort as our duvet covers — quiet luxury, one pillow at a time.",https://www.maisondecocon.com/en/products/tencel-twill-pillowcase-beige?variant_sku=M250602,https://cdn.shopify.com/s/files/1/0884/0278/8685/files/tencel-twill-pillowcase-beige-styled-01.jpg?v=1785849569,in_stock,29.95 EUR,Coco & Cici,new,6097749117179,M250602,tencel-twill-pillowcase-beige
M2507022,Tencel™ Twill Pillowcase Beige,"Complete your set with softness to match. Our Tencel™ Twill Pillowcase in Beige brings the same matte, durable comfort as our duvet covers — quiet luxury, one pillow at a time.",https://www.maisondecocon.com/en/products/tencel-twill-pillowcase-beige?variant_sku=M2507022,https://cdn.shopify.com/s/files/1/0884/0278/8685/files/tencel-twill-pillowcase-beige-styled-01.jpg?v=1785849569,in_stock,29.95 EUR,Coco & Cici,new,6097748493472,M2507022,tencel-twill-pillowcase-beige
M240802,Tencel™ Twill Pillowcase Beige,"Complete your set with softness to match. Our Tencel™ Twill Pillowcase in Beige brings the same matte, durable comfort as our duvet covers — quiet luxury, one pillow at a time.",https://www.maisondecocon.com/en/products/tencel-twill-pillowcase-beige?variant_sku=M240802,https://cdn.shopify.com/s/files/1/0884/0278/8685/files/tencel-twill-pillowcase-beige-styled-01.jpg?v=1785849569,in_stock,32.95 EUR,Coco & Cici,new,8721184401675,M240802,tencel-twill-pillowcase-beige
M2607022,Tencel™ Twill Pillowcase Beige,"Complete your set with softness to match. Our Tencel™ Twill Pillowcase in Beige brings the same matte, durable comfort as our duvet covers — quiet luxury, one pillow at a time.",https://www.maisondecocon.com/en/products/tencel-twill-pillowcase-beige?variant_sku=M2607022,https://cdn.shopify.com/s/files/1/0884/0278/8685/files/tencel-twill-pillowcase-beige-styled-01.jpg?v=1785849569,in_stock,29.95 EUR,Coco & Cici,new,6097748637616,M2607022,tencel-twill-pillowcase-beige
M2507522,Tencel™ Twill Pillowcase Beige,"Complete your set with softness to match. Our Tencel™ Twill Pillowcase in Beige brings the same matte, durable comfort as our duvet covers — quiet luxury, one pillow at a time.",https://www.maisondecocon.com/en/products/tencel-twill-pillowcase-beige?variant_sku=M2507522,https://cdn.shopify.com/s/files/1/0884/0278/8685/files/tencel-twill-pillowcase-beige-styled-01.jpg?v=1785849569,in_stock,36.95 EUR,Coco & Cici,new,8721184401767,M2507522,tencel-twill-pillowcase-beige
M265652,Tencel™ Twill Pillowcase Beige,"Complete your set with softness to match. Our Tencel™ Twill Pillowcase in Beige brings the same matte, durable comfort as our duvet covers — quiet luxury, one pillow at a time.",https://www.maisondecocon.com/en/products/tencel-twill-pillowcase-beige?variant_sku=M265652,https://cdn.shopify.com/s/files/1/0884/0278/8685/files/tencel-twill-pillowcase-beige-styled-01.jpg?v=1785849569,in_stock,32.95 EUR,Coco & Cici,new,8721184401736,M265652,tencel-twill-pillowcase-beige
M280802,Tencel™ Twill Pillowcase Beige,"Complete your set with softness to match. Our Tencel™ Twill Pillowcase in Beige brings the same matte, durable comfort as our duvet covers — quiet luxury, one pillow at a time.",https://www.maisondecocon.com/en/products/tencel-twill-pillowcase-beige?variant_sku=M280802,https://cdn.shopify.com/s/files/1/0884/0278/8685/files/tencel-twill-pillowcase-beige-styled-01.jpg?v=1785849569,in_stock,37.95 EUR,Coco & Cici,new,8721184401743,M280802,tencel-twill-pillowcase-beige
4140220AS,Tencel™ Four Seasons Duvet,"Built for every season. Our Tencel™ Four Seasons Duvet pairs a lighter Summer duvet with a Spring/Autumn duvet that tie together for winter - one duvet system, year-round comfort.",https://www.maisondecocon.com/en/products/tencel-four-seasons-duvet?variant_sku=4140220AS,https://cdn.shopify.com/s/files/1/0884/0278/8685/files/tencel-four-seasons-duvet-folded-elephant-01.png?v=1785850675,in_stock,419.00 EUR,Coco & Cici,new,7423607361337,4140220AS,tencel-four-seasons-duvet
4200200AS,Tencel™ Four Seasons Duvet,"Built for every season. Our Tencel™ Four Seasons Duvet pairs a lighter Summer duvet with a Spring/Autumn duvet that tie together for winter - one duvet system, year-round comfort.",https://www.maisondecocon.com/en/products/tencel-four-seasons-duvet?variant_sku=4200200AS,https://cdn.shopify.com/s/files/1/0884/0278/8685/files/tencel-four-seasons-duvet-folded-elephant-01.png?v=1785850675,in_stock,599.00 EUR,Coco & Cici,new,8721184406342,4200200AS,tencel-four-seasons-duvet
4140200AS,Tencel™ Four Seasons Duvet,"Built for every season. Our Tencel™ Four Seasons Duvet pairs a lighter Summer duvet with a Spring/Autumn duvet that tie together for winter - one duvet system, year-round comfort.",https://www.maisondecocon.com/en/products/tencel-four-seasons-duvet?variant_sku=4140200AS,https://cdn.shopify.com/s/files/1/0884/0278/8685/files/tencel-four-seasons-duvet-folded-elephant-01.png?v=1785850675,in_stock,419.00 EUR,Coco & Cici,new,7423626999917,4140200AS,tencel-four-seasons-duvet
4260240AS,Tencel™ Four Seasons Duvet,"Built for every season. Our Tencel™ Four Seasons Duvet pairs a lighter Summer duvet with a Spring/Autumn duvet that tie together for winter - one duvet system, year-round comfort.",https://www.maisondecocon.com/en/products/tencel-four-seasons-duvet?variant_sku=4260240AS,https://cdn.shopify.com/s/files/1/0884/0278/8685/files/tencel-four-seasons-duvet-folded-elephant-01.png?v=1785850675,out_of_stock,819.00 EUR,Coco & Cici,new,8721184406359,4260240AS,tencel-four-seasons-duvet
4240220AS,Tencel™ Four Seasons Duvet,"Built for every season. Our Tencel™ Four Seasons Duvet pairs a lighter Summer duvet with a Spring/Autumn duvet that tie together for winter - one duvet system, year-round comfort.",https://www.maisondecocon.com/en/products/tencel-four-seasons-duvet?variant_sku=4240220AS,https://cdn.shopify.com/s/files/1/0884/0278/8685/files/tencel-four-seasons-duvet-folded-elephant-01.png?v=1785850675,in_stock,679.00 EUR,Coco & Cici,new,7423607345337,4240220AS,tencel-four-seasons-duvet
4260220AS,Tencel™ Four Seasons Duvet,"Built for every season. Our Tencel™ Four Seasons Duvet pairs a lighter Summer duvet with a Spring/Autumn duvet that tie together for winter - one duvet system, year-round comfort.",https://www.maisondecocon.com/en/products/tencel-four-seasons-duvet?variant_sku=4260220AS,https://cdn.shopify.com/s/files/1/0884/0278/8685/files/tencel-four-seasons-duvet-folded-elephant-01.png?v=1785850675,in_stock,749.00 EUR,Coco & Cici,new,7423607355329,4260220AS,tencel-four-seasons-duvet
4200220AS,Tencel™ Four Seasons Duvet,"Built for every season. Our Tencel™ Four Seasons Duvet pairs a lighter Summer duvet with a Spring/Autumn duvet that tie together for winter - one duvet system, year-round comfort.",https://www.maisondecocon.com/en/products/tencel-four-seasons-duvet?variant_sku=4200220AS,https://cdn.shopify.com/s/files/1/0884/0278/8685/files/tencel-four-seasons-duvet-folded-elephant-01.png?v=1785850675,in_stock,599.00 EUR,Coco & Cici,new,7423606679655,4200220AS,tencel-four-seasons-duvet
M12602202VS,Tencel™ Twill Duvet Cover - Beige,"Sink into bedding that breathes with you. Our Tencel™ Twill Duvet Cover in Beige brings a soft, matte elegance to the bedroom - quiet luxury without the shine.",https://www.maisondecocon.com/en/products/tencel-twill-duvet-cover-beige?variant_sku=M12602202VS,https://cdn.shopify.com/s/files/1/0884/0278/8685/files/tencel-twill-duvet-cover-beige-styled-01.jpg?v=1785853222,in_stock,239.95 EUR,Coco & Cici,new,8721184405031,M12602202VS,tencel-twill-duvet-cover-beige
M12402202VS,Tencel™ Twill Duvet Cover - Beige,"Sink into bedding that breathes with you. Our Tencel™ Twill Duvet Cover in Beige brings a soft, matte elegance to the bedroom - quiet luxury without the shine.",https://www.maisondecocon.com/en/products/tencel-twill-duvet-cover-beige?variant_sku=M12402202VS,https://cdn.shopify.com/s/files/1/0884/0278/8685/files/tencel-twill-duvet-cover-beige-styled-01.jpg?v=1785853222,out_of_stock,219.95 EUR,Coco & Cici,new,8721184403839,M12402202VS,tencel-twill-duvet-cover-beige
M12002002VS,Tencel™ Twill Duvet Cover - Beige,"Sink into bedding that breathes with you. Our Tencel™ Twill Duvet Cover in Beige brings a soft, matte elegance to the bedroom - quiet luxury without the shine.",https://www.maisondecocon.com/en/products/tencel-twill-duvet-cover-beige?variant_sku=M12002002VS,https://cdn.shopify.com/s/files/1/0884/0278/8685/files/tencel-twill-duvet-cover-beige-styled-01.jpg?v=1785853222,out_of_stock,179.95 EUR,Coco & Cici,new,8721184403815,M12002002VS,tencel-twill-duvet-cover-beige
M12002202VS,Tencel™ Twill Duvet Cover - Beige,"Sink into bedding that breathes with you. Our Tencel™ Twill Duvet Cover in Beige brings a soft, matte elegance to the bedroom - quiet luxury without the shine.",https://www.maisondecocon.com/en/products/tencel-twill-duvet-cover-beige?variant_sku=M12002202VS,https://cdn.shopify.com/s/files/1/0884/0278/8685/files/tencel-twill-duvet-cover-beige-styled-01.jpg?v=1785853222,in_stock,189.95 EUR,Coco & Cici,new,8721184401644,M12002202VS,tencel-twill-duvet-cover-beige
M11402202VS,Tencel™ Twill Duvet Cover - Beige,"Sink into bedding that breathes with you. Our Tencel™ Twill Duvet Cover in Beige brings a soft, matte elegance to the bedroom - quiet luxury without the shine.",https://www.maisondecocon.com/en/products/tencel-twill-duvet-cover-beige?variant_sku=M11402202VS,https://cdn.shopify.com/s/files/1/0884/0278/8685/files/tencel-twill-duvet-cover-beige-styled-01.jpg?v=1785853222,in_stock,139.95 EUR,Coco & Cici,new,8721184406250,M11402202VS,tencel-twill-duvet-cover-beige
M11402002VS,Tencel™ Twill Duvet Cover - Beige,"Sink into bedding that breathes with you. Our Tencel™ Twill Duvet Cover in Beige brings a soft, matte elegance to the bedroom - quiet luxury without the shine.",https://www.maisondecocon.com/en/products/tencel-twill-duvet-cover-beige?variant_sku=M11402002VS,https://cdn.shopify.com/s/files/1/0884/0278/8685/files/tencel-twill-duvet-cover-beige-styled-01.jpg?v=1785853222,in_stock,129.95 EUR,Coco & Cici,new,8721184403808,M11402002VS,tencel-twill-duvet-cover-beige
12002004,Tencel™ Sateen Duvet Cover Taupe,"Wake up like you're still on holiday. Our Tencel™ Sateen Duvet Cover in Taupe brings a smooth, luminous softness to the bedroom — with a natural sheen that softens beautifully with wear.",https://www.maisondecocon.com/en/products/tencel-sateen-duvet-cover-taupe?variant_sku=12002004,https://cdn.shopify.com/s/files/1/0884/0278/8685/files/tencel-sateen-duvet-cover-taupe-styled-01.jpg?v=1785853807,in_stock,229.95 EUR,Coco & Cici,new,6011404047083,12002004,tencel-sateen-duvet-cover-taupe
12602204VS,Tencel™ Sateen Duvet Cover Taupe,"Wake up like you're still on holiday. Our Tencel™ Sateen Duvet Cover in Taupe brings a smooth, luminous softness to the bedroom — with a natural sheen that softens beautifully with wear.",https://www.maisondecocon.com/en/products/tencel-sateen-duvet-cover-taupe?variant_sku=12602204VS,https://cdn.shopify.com/s/files/1/0884/0278/8685/files/tencel-sateen-duvet-cover-taupe-styled-01.jpg?v=1785853807,out_of_stock,269.95 EUR,Coco & Cici,new,8721184402009,12602204VS,tencel-sateen-duvet-cover-taupe
11402204VS,Tencel™ Sateen Duvet Cover Taupe,"Wake up like you're still on holiday. Our Tencel™ Sateen Duvet Cover in Taupe brings a smooth, luminous softness to the bedroom — with a natural sheen that softens beautifully with wear.",https://www.maisondecocon.com/en/products/tencel-sateen-duvet-cover-taupe?variant_sku=11402204VS,https://cdn.shopify.com/s/files/1/0884/0278/8685/files/tencel-sateen-duvet-cover-taupe-styled-01.jpg?v=1785853807,out_of_stock,159.95 EUR,Coco & Cici,new,8721184403617,11402204VS,tencel-sateen-duvet-cover-taupe
12402204VS,Tencel™ Sateen Duvet Cover Taupe,"Wake up like you're still on holiday. Our Tencel™ Sateen Duvet Cover in Taupe brings a smooth, luminous softness to the bedroom — with a natural sheen that softens beautifully with wear.",https://www.maisondecocon.com/en/products/tencel-sateen-duvet-cover-taupe?variant_sku=12402204VS,https://cdn.shopify.com/s/files/1/0884/0278/8685/files/tencel-sateen-duvet-cover-taupe-styled-01.jpg?v=1785853807,out_of_stock,249.95 EUR,Coco & Cici,new,8721184403730,12402204VS,tencel-sateen-duvet-cover-taupe
12002204VS,Tencel™ Sateen Duvet Cover Taupe,"Wake up like you're still on holiday. Our Tencel™ Sateen Duvet Cover in Taupe brings a smooth, luminous softness to the bedroom — with a natural sheen that softens beautifully with wear.",https://www.maisondecocon.com/en/products/tencel-sateen-duvet-cover-taupe?variant_sku=12002204VS,https://cdn.shopify.com/s/files/1/0884/0278/8685/files/tencel-sateen-duvet-cover-taupe-styled-01.jpg?v=1785853807,out_of_stock,229.95 EUR,Coco & Cici,new,8721184401989,12002204VS,tencel-sateen-duvet-cover-taupe
11402004VS,Tencel™ Sateen Duvet Cover Taupe,"Wake up like you're still on holiday. Our Tencel™ Sateen Duvet Cover in Taupe brings a smooth, luminous softness to the bedroom — with a natural sheen that softens beautifully with wear.",https://www.maisondecocon.com/en/products/tencel-sateen-duvet-cover-taupe?variant_sku=11402004VS,https://cdn.shopify.com/s/files/1/0884/0278/8685/files/tencel-sateen-duvet-cover-taupe-styled-01.jpg?v=1785853807,out_of_stock,159.95 EUR,Coco & Cici,new,6011403911927,11402004VS,tencel-sateen-duvet-cover-taupe
M12002201,Tencel™ Twill Duvet Cover - Peach,"Sink into bedding that breathes with you. Our Tencel™ Twill Duvet Cover in Peach brings a soft, matte elegance to the bedroom - quiet luxury without the shine.",https://www.maisondecocon.com/en/products/tencel-twill-duvet-cover-peach?variant_sku=M12002201,https://cdn.shopify.com/s/files/1/0884/0278/8685/files/tencel-twill-duvet-cover-peach-styled-01.jpg?v=1785854821,out_of_stock,189.95 EUR,Coco & Cici,new,6097756784746,M12002201,tencel-twill-duvet-cover-peach
M12402201,Tencel™ Twill Duvet Cover - Peach,"Sink into bedding that breathes with you. Our Tencel™ Twill Duvet Cover in Peach brings a soft, matte elegance to the bedroom - quiet luxury without the shine.",https://www.maisondecocon.com/en/products/tencel-twill-duvet-cover-peach?variant_sku=M12402201,https://cdn.shopify.com/s/files/1/0884/0278/8685/files/tencel-twill-duvet-cover-peach-styled-01.jpg?v=1785854821,out_of_stock,219.95 EUR,Coco & Cici,new,6097756751717,M12402201,tencel-twill-duvet-cover-peach
M12602201,Tencel™ Twill Duvet Cover - Peach,"Sink into bedding that breathes with you. Our Tencel™ Twill Duvet Cover in Peach brings a soft, matte elegance to the bedroom - quiet luxury without the shine.",https://www.maisondecocon.com/en/products/tencel-twill-duvet-cover-peach?variant_sku=M12602201,https://cdn.shopify.com/s/files/1/0884/0278/8685/files/tencel-twill-duvet-cover-peach-styled-01.jpg?v=1785854821,out_of_stock,239.95 EUR,Coco & Cici,new,6097755548530,M12602201,tencel-twill-duvet-cover-peach
M12002001,Tencel™ Twill Duvet Cover - Peach,"Sink into bedding that breathes with you. Our Tencel™ Twill Duvet Cover in Peach brings a soft, matte elegance to the bedroom - quiet luxury without the shine.",https://www.maisondecocon.com/en/products/tencel-twill-duvet-cover-peach?variant_sku=M12002001,https://cdn.shopify.com/s/files/1/0884/0278/8685/files/tencel-twill-duvet-cover-peach-styled-01.jpg?v=1785854821,in_stock,179.95 EUR,Coco & Cici,new,6097756993940,M12002001,tencel-twill-duvet-cover-peach
M11402201,Tencel™ Twill Duvet Cover - Peach,"Sink into bedding that breathes with you. Our Tencel™ Twill Duvet Cover in Peach brings a soft, matte elegance to the bedroom - quiet luxury without the shine.",https://www.maisondecocon.com/en/products/tencel-twill-duvet-cover-peach?variant_sku=M11402201,https://cdn.shopify.com/s/files/1/0884/0278/8685/files/tencel-twill-duvet-cover-peach-styled-01.jpg?v=1785854821,out_of_stock,139.95 EUR,Coco & Cici,new,6097757271269,M11402201,tencel-twill-duvet-cover-peach
M11402001,Tencel™ Twill Duvet Cover - Peach,"Sink into bedding that breathes with you. Our Tencel™ Twill Duvet Cover in Peach brings a soft, matte elegance to the bedroom - quiet luxury without the shine.",https://www.maisondecocon.com/en/products/tencel-twill-duvet-cover-peach?variant_sku=M11402001,https://cdn.shopify.com/s/files/1/0884/0278/8685/files/tencel-twill-duvet-cover-peach-styled-01.jpg?v=1785854821,in_stock,129.95 EUR,Coco & Cici,new,6097757420476,M11402001,tencel-twill-duvet-cover-peach
11402206VS,Tencel™ Sateen Duvet Cover Gray Green,"Wake up like you're still on holiday. Our Tencel™ Sateen Duvet Cover in Gray Green brings a smooth, luminous softness to the bedroom — with a natural sheen that softens beautifully with wear.",https://www.maisondecocon.com/en/products/tencel-sateen-duvet-cover-gray-green?variant_sku=11402206VS,https://cdn.shopify.com/s/files/1/0884/0278/8685/files/tencel-sateen-duvet-cover-gray-green-styled-01.jpg?v=1785855665,out_of_stock,159.95 EUR,Coco & Cici,new,8721184403631,11402206VS,tencel-sateen-duvet-cover-gray-green
12602206VS,Tencel™ Sateen Duvet Cover Gray Green,"Wake up like you're still on holiday. Our Tencel™ Sateen Duvet Cover in Gray Green brings a smooth, luminous softness to the bedroom — with a natural sheen that softens beautifully with wear.",https://www.maisondecocon.com/en/products/tencel-sateen-duvet-cover-gray-green?variant_sku=12602206VS,https://cdn.shopify.com/s/files/1/0884/0278/8685/files/tencel-sateen-duvet-cover-gray-green-styled-01.jpg?v=1785855665,in_stock,269.95 EUR,Coco & Cici,new,6011402237233,12602206VS,tencel-sateen-duvet-cover-gray-green
11402006VS,Tencel™ Sateen Duvet Cover Gray Green,"Wake up like you're still on holiday. Our Tencel™ Sateen Duvet Cover in Gray Green brings a smooth, luminous softness to the bedroom — with a natural sheen that softens beautifully with wear.",https://www.maisondecocon.com/en/products/tencel-sateen-duvet-cover-gray-green?variant_sku=11402006VS,https://cdn.shopify.com/s/files/1/0884/0278/8685/files/tencel-sateen-duvet-cover-gray-green-styled-01.jpg?v=1785855665,in_stock,159.95 EUR,Coco & Cici,new,8721184403594,11402006VS,tencel-sateen-duvet-cover-gray-green
12002006VS,Tencel™ Sateen Duvet Cover Gray Green,"Wake up like you're still on holiday. Our Tencel™ Sateen Duvet Cover in Gray Green brings a smooth, luminous softness to the bedroom — with a natural sheen that softens beautifully with wear.",https://www.maisondecocon.com/en/products/tencel-sateen-duvet-cover-gray-green?variant_sku=12002006VS,https://cdn.shopify.com/s/files/1/0884/0278/8685/files/tencel-sateen-duvet-cover-gray-green-styled-01.jpg?v=1785855665,in_stock,229.95 EUR,Coco & Cici,new,6011402072087,12002006VS,tencel-sateen-duvet-cover-gray-green
12402206VS,Tencel™ Sateen Duvet Cover Gray Green,"Wake up like you're still on holiday. Our Tencel™ Sateen Duvet Cover in Gray Green brings a smooth, luminous softness to the bedroom — with a natural sheen that softens beautifully with wear.",https://www.maisondecocon.com/en/products/tencel-sateen-duvet-cover-gray-green?variant_sku=12402206VS,https://cdn.shopify.com/s/files/1/0884/0278/8685/files/tencel-sateen-duvet-cover-gray-green-styled-01.jpg?v=1785855665,in_stock,249.95 EUR,Coco & Cici,new,8721184403754,12402206VS,tencel-sateen-duvet-cover-gray-green
12002206VS,Tencel™ Sateen Duvet Cover Gray Green,"Wake up like you're still on holiday. Our Tencel™ Sateen Duvet Cover in Gray Green brings a smooth, luminous softness to the bedroom — with a natural sheen that softens beautifully with wear.",https://www.maisondecocon.com/en/products/tencel-sateen-duvet-cover-gray-green?variant_sku=12002206VS,https://cdn.shopify.com/s/files/1/0884/0278/8685/files/tencel-sateen-duvet-cover-gray-green-styled-01.jpg?v=1785855665,out_of_stock,229.95 EUR,Coco & Cici,new,8721184403716,12002206VS,tencel-sateen-duvet-cover-gray-green
11402001VS,Tencel™ Sateen Duvet Cover White,"Wake up like you're still on holiday. Our Tencel™ Sateen Duvet Cover in White brings a smooth, luminous softness to the bedroom — with a natural sheen that softens beautifully with wear.",https://www.maisondecocon.com/en/products/tencel-sateen-duvet-cover-white?variant_sku=11402001VS,https://cdn.shopify.com/s/files/1/0884/0278/8685/files/File_name_Alt_text_1_tencel-sateen-duvet-cover-white-styled-01.jpg?v=1785856155,in_stock,159.95 EUR,Coco & Cici,new,8721184402344,11402001VS,tencel-sateen-duvet-cover-white
12602201VS,Tencel™ Sateen Duvet Cover White,"Wake up like you're still on holiday. Our Tencel™ Sateen Duvet Cover in White brings a smooth, luminous softness to the bedroom — with a natural sheen that softens beautifully with wear.",https://www.maisondecocon.com/en/products/tencel-sateen-duvet-cover-white?variant_sku=12602201VS,https://cdn.shopify.com/s/files/1/0884/0278/8685/files/File_name_Alt_text_1_tencel-sateen-duvet-cover-white-styled-01.jpg?v=1785856155,in_stock,269.95 EUR,Coco & Cici,new,8721184403761,12602201VS,tencel-sateen-duvet-cover-white
12002201VS,Tencel™ Sateen Duvet Cover White,"Wake up like you're still on holiday. Our Tencel™ Sateen Duvet Cover in White brings a smooth, luminous softness to the bedroom — with a natural sheen that softens beautifully with wear.",https://www.maisondecocon.com/en/products/tencel-sateen-duvet-cover-white?variant_sku=12002201VS,https://cdn.shopify.com/s/files/1/0884/0278/8685/files/File_name_Alt_text_1_tencel-sateen-duvet-cover-white-styled-01.jpg?v=1785856155,out_of_stock,229.95 EUR,Coco & Cici,new,8721184403686,12002201VS,tencel-sateen-duvet-cover-white
12402201VS,Tencel™ Sateen Duvet Cover White,"Wake up like you're still on holiday. Our Tencel™ Sateen Duvet Cover in White brings a smooth, luminous softness to the bedroom — with a natural sheen that softens beautifully with wear.",https://www.maisondecocon.com/en/products/tencel-sateen-duvet-cover-white?variant_sku=12402201VS,https://cdn.shopify.com/s/files/1/0884/0278/8685/files/File_name_Alt_text_1_tencel-sateen-duvet-cover-white-styled-01.jpg?v=1785856155,out_of_stock,249.95 EUR,Coco & Cici,new,8721184403723,12402201VS,tencel-sateen-duvet-cover-white
12002001VS,Tencel™ Sateen Duvet Cover White,"Wake up like you're still on holiday. Our Tencel™ Sateen Duvet Cover in White brings a smooth, luminous softness to the bedroom — with a natural sheen that softens beautifully with wear.",https://www.maisondecocon.com/en/products/tencel-sateen-duvet-cover-white?variant_sku=12002001VS,https://cdn.shopify.com/s/files/1/0884/0278/8685/files/File_name_Alt_text_1_tencel-sateen-duvet-cover-white-styled-01.jpg?v=1785856155,out_of_stock,229.95 EUR,Coco & Cici,new,8721184403648,12002001VS,tencel-sateen-duvet-cover-white
11402201VS,Tencel™ Sateen Duvet Cover White,"Wake up like you're still on holiday. Our Tencel™ Sateen Duvet Cover in White brings a smooth, luminous softness to the bedroom — with a natural sheen that softens beautifully with wear.",https://www.maisondecocon.com/en/products/tencel-sateen-duvet-cover-white?variant_sku=11402201VS,https://cdn.shopify.com/s/files/1/0884/0278/8685/files/File_name_Alt_text_1_tencel-sateen-duvet-cover-white-styled-01.jpg?v=1785856155,in_stock,159.95 EUR,Coco & Cici,new,8721184403600,11402201VS,tencel-sateen-duvet-cover-white
4260220HS,Tencel™ High Summer Duvet,"The lightest option in our range. Our Tencel™ High Summer Duvet is built for overheated sleepers - thinner and more breathable than our standard Summer duvet, at just 140 gsm.",https://www.maisondecocon.com/en/products/tencel-high-summer-cover?variant_sku=4260220HS,https://cdn.shopify.com/s/files/1/0884/0278/8685/files/tencel-high-summer-duvet-folded-01.jpg?v=1785856800,in_stock,209.00 EUR,Coco & Cici,new,7423631199104,4260220HS,tencel-high-summer-cover
4140200HS,Tencel™ High Summer Duvet,"The lightest option in our range. Our Tencel™ High Summer Duvet is built for overheated sleepers - thinner and more breathable than our standard Summer duvet, at just 140 gsm.",https://www.maisondecocon.com/en/products/tencel-high-summer-cover?variant_sku=4140200HS,https://cdn.shopify.com/s/files/1/0884/0278/8685/files/tencel-high-summer-duvet-folded-01.jpg?v=1785856800,out_of_stock,129.00 EUR,Coco & Cici,new,7423630661619,4140200HS,tencel-high-summer-cover
4200200HS,Tencel™ High Summer Duvet,"The lightest option in our range. Our Tencel™ High Summer Duvet is built for overheated sleepers - thinner and more breathable than our standard Summer duvet, at just 140 gsm.",https://www.maisondecocon.com/en/products/tencel-high-summer-cover?variant_sku=4200200HS,https://cdn.shopify.com/s/files/1/0884/0278/8685/files/tencel-high-summer-duvet-folded-01.jpg?v=1785856800,out_of_stock,179.00 EUR,Coco & Cici,new,8721184400814,4200200HS,tencel-high-summer-cover
4200220HS,Tencel™ High Summer Duvet,"The lightest option in our range. Our Tencel™ High Summer Duvet is built for overheated sleepers - thinner and more breathable than our standard Summer duvet, at just 140 gsm.",https://www.maisondecocon.com/en/products/tencel-high-summer-cover?variant_sku=4200220HS,https://cdn.shopify.com/s/files/1/0884/0278/8685/files/tencel-high-summer-duvet-folded-01.jpg?v=1785856800,in_stock,179.00 EUR,Coco & Cici,new,7423631079017,4200220HS,tencel-high-summer-cover
4240220HS,Tencel™ High Summer Duvet,"The lightest option in our range. Our Tencel™ High Summer Duvet is built for overheated sleepers - thinner and more breathable than our standard Summer duvet, at just 140 gsm.",https://www.maisondecocon.com/en/products/tencel-high-summer-cover?variant_sku=4240220HS,https://cdn.shopify.com/s/files/1/0884/0278/8685/files/tencel-high-summer-duvet-folded-01.jpg?v=1785856800,out_of_stock,199.00 EUR,Coco & Cici,new,7423631117146,4240220HS,tencel-high-summer-cover
4140220HS,Tencel™ High Summer Duvet,"The lightest option in our range. Our Tencel™ High Summer Duvet is built for overheated sleepers - thinner and more breathable than our standard Summer duvet, at just 140 gsm.",https://www.maisondecocon.com/en/products/tencel-high-summer-cover?variant_sku=4140220HS,https://cdn.shopify.com/s/files/1/0884/0278/8685/files/tencel-high-summer-duvet-folded-01.jpg?v=1785856800,out_of_stock,129.00 EUR,Coco & Cici,new,7423630970902,4140220HS,tencel-high-summer-cover
B12602206VS,Eco Bamboo Duvet Cover Powder Peach,"Better sleep starts simple. Our Eco Bamboo Duvet Cover in Powder Peach is soft, breathable, and effortlessly easy to care for — a gentle, sustainable entry point into better sleep.",https://www.maisondecocon.com/en/products/eco-bamboo-duvet-cover-powder-peach?variant_sku=B12602206VS,https://cdn.shopify.com/s/files/1/0884/0278/8685/files/eco-bamboo-duvet-cover-powder-peach-styled-01.jpg?v=1785857601,in_stock,209.95 EUR,Coco & Cici,new,8721184401330,B12602206VS,eco-bamboo-duvet-cover-powder-peach
B12402206VS,Eco Bamboo Duvet Cover Powder Peach,"Better sleep starts simple. Our Eco Bamboo Duvet Cover in Powder Peach is soft, breathable, and effortlessly easy to care for — a gentle, sustainable entry point into better sleep.",https://www.maisondecocon.com/en/products/eco-bamboo-duvet-cover-powder-peach?variant_sku=B12402206VS,https://cdn.shopify.com/s/files/1/0884/0278/8685/files/eco-bamboo-duvet-cover-powder-peach-styled-01.jpg?v=1785857601,in_stock,199.95 EUR,Coco & Cici,new,8721184401323,B12402206VS,eco-bamboo-duvet-cover-powder-peach
B11402006VS,Eco Bamboo Duvet Cover Powder Peach,"Better sleep starts simple. Our Eco Bamboo Duvet Cover in Powder Peach is soft, breathable, and effortlessly easy to care for — a gentle, sustainable entry point into better sleep.",https://www.maisondecocon.com/en/products/eco-bamboo-duvet-cover-powder-peach?variant_sku=B11402006VS,https://cdn.shopify.com/s/files/1/0884/0278/8685/files/eco-bamboo-duvet-cover-powder-peach-styled-01.jpg?v=1785857601,in_stock,109.95 EUR,Coco & Cici,new,8721184401286,B11402006VS,eco-bamboo-duvet-cover-powder-peach
B12002006VS,Eco Bamboo Duvet Cover Powder Peach,"Better sleep starts simple. Our Eco Bamboo Duvet Cover in Powder Peach is soft, breathable, and effortlessly easy to care for — a gentle, sustainable entry point into better sleep.",https://www.maisondecocon.com/en/products/eco-bamboo-duvet-cover-powder-peach?variant_sku=B12002006VS,https://cdn.shopify.com/s/files/1/0884/0278/8685/files/eco-bamboo-duvet-cover-powder-peach-styled-01.jpg?v=1785857601,in_stock,169.95 EUR,Coco & Cici,new,8721184401309,B12002006VS,eco-bamboo-duvet-cover-powder-peach
B11402206VS,Eco Bamboo Duvet Cover Powder Peach,"Better sleep starts simple. Our Eco Bamboo Duvet Cover in Powder Peach is soft, breathable, and effortlessly easy to care for — a gentle, sustainable entry point into better sleep.",https://www.maisondecocon.com/en/products/eco-bamboo-duvet-cover-powder-peach?variant_sku=B11402206VS,https://cdn.shopify.com/s/files/1/0884/0278/8685/files/eco-bamboo-duvet-cover-powder-peach-styled-01.jpg?v=1785857601,in_stock,109.95 EUR,Coco & Cici,new,8721184401293,B11402206VS,eco-bamboo-duvet-cover-powder-peach
B12002206VS,Eco Bamboo Duvet Cover Powder Peach,"Better sleep starts simple. Our Eco Bamboo Duvet Cover in Powder Peach is soft, breathable, and effortlessly easy to care for — a gentle, sustainable entry point into better sleep.",https://www.maisondecocon.com/en/products/eco-bamboo-duvet-cover-powder-peach?variant_sku=B12002206VS,https://cdn.shopify.com/s/files/1/0884/0278/8685/files/eco-bamboo-duvet-cover-powder-peach-styled-01.jpg?v=1785857601,in_stock,169.95 EUR,Coco & Cici,new,8721184401316,B12002206VS,eco-bamboo-duvet-cover-powder-peach
TLB1422VS,Tencel™ Twill Duvet Cover Lavender Blue,"Sink into bedding that breathes with you. Our Tencel™ Twill Duvet Cover in Lavender Blue brings a soft, matte elegance to the bedroom — quiet luxury without the shine.",https://www.maisondecocon.com/en/products/tencel-twill-duvet-cover-lavender-blue?variant_sku=TLB1422VS,https://cdn.shopify.com/s/files/1/0884/0278/8685/files/tencel-twill-duvet-cover-lavender-blue-styled-01.jpg?v=1785858928,out_of_stock,139.95 EUR,Coco & Cici,new,8721184407011,TLB1422VS,tencel-twill-duvet-cover-lavender-blue
TLB2022VS,Tencel™ Twill Duvet Cover Lavender Blue,"Sink into bedding that breathes with you. Our Tencel™ Twill Duvet Cover in Lavender Blue brings a soft, matte elegance to the bedroom — quiet luxury without the shine.",https://www.maisondecocon.com/en/products/tencel-twill-duvet-cover-lavender-blue?variant_sku=TLB2022VS,https://cdn.shopify.com/s/files/1/0884/0278/8685/files/tencel-twill-duvet-cover-lavender-blue-styled-01.jpg?v=1785858928,in_stock,189.95 EUR,Coco & Cici,new,8721184407035,TLB2022VS,tencel-twill-duvet-cover-lavender-blue
TLB2422VS,Tencel™ Twill Duvet Cover Lavender Blue,"Sink into bedding that breathes with you. Our Tencel™ Twill Duvet Cover in Lavender Blue brings a soft, matte elegance to the bedroom — quiet luxury without the shine.",https://www.maisondecocon.com/en/products/tencel-twill-duvet-cover-lavender-blue?variant_sku=TLB2422VS,https://cdn.shopify.com/s/files/1/0884/0278/8685/files/tencel-twill-duvet-cover-lavender-blue-styled-01.jpg?v=1785858928,out_of_stock,219.95 EUR,Coco & Cici,new,8721184407042,TLB2422VS,tencel-twill-duvet-cover-lavender-blue
TLB2622VS,Tencel™ Twill Duvet Cover Lavender Blue,"Sink into bedding that breathes with you. Our Tencel™ Twill Duvet Cover in Lavender Blue brings a soft, matte elegance to the bedroom — quiet luxury without the shine.",https://www.maisondecocon.com/en/products/tencel-twill-duvet-cover-lavender-blue?variant_sku=TLB2622VS,https://cdn.shopify.com/s/files/1/0884/0278/8685/files/tencel-twill-duvet-cover-lavender-blue-styled-01.jpg?v=1785858928,in_stock,239.95 EUR,Coco & Cici,new,8721184407059,TLB2622VS,tencel-twill-duvet-cover-lavender-blue
TLB1420VS,Tencel™ Twill Duvet Cover Lavender Blue,"Sink into bedding that breathes with you. Our Tencel™ Twill Duvet Cover in Lavender Blue brings a soft, matte elegance to the bedroom — quiet luxury without the shine.",https://www.maisondecocon.com/en/products/tencel-twill-duvet-cover-lavender-blue?variant_sku=TLB1420VS,https://cdn.shopify.com/s/files/1/0884/0278/8685/files/tencel-twill-duvet-cover-lavender-blue-styled-01.jpg?v=1785858928,in_stock,129.95 EUR,Coco & Cici,new,8721184407004,TLB1420VS,tencel-twill-duvet-cover-lavender-blue
TLB2020VS,Tencel™ Twill Duvet Cover Lavender Blue,"Sink into bedding that breathes with you. Our Tencel™ Twill Duvet Cover in Lavender Blue brings a soft, matte elegance to the bedroom — quiet luxury without the shine.",https://www.maisondecocon.com/en/products/tencel-twill-duvet-cover-lavender-blue?variant_sku=TLB2020VS,https://cdn.shopify.com/s/files/1/0884/0278/8685/files/tencel-twill-duvet-cover-lavender-blue-styled-01.jpg?v=1785858928,in_stock,179.95 EUR,Coco & Cici,new,8721184407028,TLB2020VS,tencel-twill-duvet-cover-lavender-blue
B11402004VS,Bamboo Duvet Cover Ocean Blue,"Better sleep starts simple. Our Eco Bamboo Duvet Cover in Ocean Blue is soft, breathable, and effortlessly easy to care for — a gentle, sustainable entry point into better sleep.",https://www.maisondecocon.com/en/products/bamboo-duvet-cover-ocean-blue?variant_sku=B11402004VS,https://cdn.shopify.com/s/files/1/0884/0278/8685/files/bamboo-duvet-cover-ocean-blue-styled-01.png?v=1785859588,out_of_stock,87.96 EUR,Coco & Cici,new,8721184404959,B11402004VS,bamboo-duvet-cover-ocean-blue
B12402204,Bamboo Duvet Cover Ocean Blue,"Better sleep starts simple. Our Eco Bamboo Duvet Cover in Ocean Blue is soft, breathable, and effortlessly easy to care for — a gentle, sustainable entry point into better sleep.",https://www.maisondecocon.com/en/products/bamboo-duvet-cover-ocean-blue?variant_sku=B12402204,https://cdn.shopify.com/s/files/1/0884/0278/8685/files/bamboo-duvet-cover-ocean-blue-styled-01.png?v=1785859588,in_stock,159.96 EUR,Coco & Cici,new,8721184400081,B12402204,bamboo-duvet-cover-ocean-blue
B12602204,Bamboo Duvet Cover Ocean Blue,"Better sleep starts simple. Our Eco Bamboo Duvet Cover in Ocean Blue is soft, breathable, and effortlessly easy to care for — a gentle, sustainable entry point into better sleep.",https://www.maisondecocon.com/en/products/bamboo-duvet-cover-ocean-blue?variant_sku=B12602204,https://cdn.shopify.com/s/files/1/0884/0278/8685/files/bamboo-duvet-cover-ocean-blue-styled-01.png?v=1785859588,in_stock,167.96 EUR,Coco & Cici,new,8721184400098,B12602204,bamboo-duvet-cover-ocean-blue
B12002004,Bamboo Duvet Cover Ocean Blue,"Better sleep starts simple. Our Eco Bamboo Duvet Cover in Ocean Blue is soft, breathable, and effortlessly easy to care for — a gentle, sustainable entry point into better sleep.",https://www.maisondecocon.com/en/products/bamboo-duvet-cover-ocean-blue?variant_sku=B12002004,https://cdn.shopify.com/s/files/1/0884/0278/8685/files/bamboo-duvet-cover-ocean-blue-styled-01.png?v=1785859588,in_stock,135.96 EUR,Coco & Cici,new,8721184400067,B12002004,bamboo-duvet-cover-ocean-blue
B11402204,Bamboo Duvet Cover Ocean Blue,"Better sleep starts simple. Our Eco Bamboo Duvet Cover in Ocean Blue is soft, breathable, and effortlessly easy to care for — a gentle, sustainable entry point into better sleep.",https://www.maisondecocon.com/en/products/bamboo-duvet-cover-ocean-blue?variant_sku=B11402204,https://cdn.shopify.com/s/files/1/0884/0278/8685/files/bamboo-duvet-cover-ocean-blue-styled-01.png?v=1785859588,in_stock,87.96 EUR,Coco & Cici,new,8721184400050,B11402204,bamboo-duvet-cover-ocean-blue
TDR1420VS,Tencel™ Twill Duvet Cover Dusty Rose,"Sink into bedding that breathes with you. Our Tencel™ Twill Duvet Cover in Dusty Rose brings a soft, matte elegance to the bedroom - quiet luxury without the shine.",https://www.maisondecocon.com/en/products/tencel-twill-duvet-cover-dusty-rose?variant_sku=TDR1420VS,https://cdn.shopify.com/s/files/1/0884/0278/8685/files/tencel-twill-duvet-cover-dusty-rose-styled-01.jpg?v=1785860163,out_of_stock,129.95 EUR,Coco & Cici,new,8721184406885,TDR1420VS,tencel-twill-duvet-cover-dusty-rose
TDR2022VS,Tencel™ Twill Duvet Cover Dusty Rose,"Sink into bedding that breathes with you. Our Tencel™ Twill Duvet Cover in Dusty Rose brings a soft, matte elegance to the bedroom - quiet luxury without the shine.",https://www.maisondecocon.com/en/products/tencel-twill-duvet-cover-dusty-rose?variant_sku=TDR2022VS,https://cdn.shopify.com/s/files/1/0884/0278/8685/files/tencel-twill-duvet-cover-dusty-rose-styled-01.jpg?v=1785860163,out_of_stock,189.95 EUR,Coco & Cici,new,8721184406915,TDR2022VS,tencel-twill-duvet-cover-dusty-rose
TDR1422VS,Tencel™ Twill Duvet Cover Dusty Rose,"Sink into bedding that breathes with you. Our Tencel™ Twill Duvet Cover in Dusty Rose brings a soft, matte elegance to the bedroom - quiet luxury without the shine.",https://www.maisondecocon.com/en/products/tencel-twill-duvet-cover-dusty-rose?variant_sku=TDR1422VS,https://cdn.shopify.com/s/files/1/0884/0278/8685/files/tencel-twill-duvet-cover-dusty-rose-styled-01.jpg?v=1785860163,in_stock,139.95 EUR,Coco & Cici,new,8721184406892,TDR1422VS,tencel-twill-duvet-cover-dusty-rose
TDR2622VS,Tencel™ Twill Duvet Cover Dusty Rose,"Sink into bedding that breathes with you. Our Tencel™ Twill Duvet Cover in Dusty Rose brings a soft, matte elegance to the bedroom - quiet luxury without the shine.",https://www.maisondecocon.com/en/products/tencel-twill-duvet-cover-dusty-rose?variant_sku=TDR2622VS,https://cdn.shopify.com/s/files/1/0884/0278/8685/files/tencel-twill-duvet-cover-dusty-rose-styled-01.jpg?v=1785860163,in_stock,239.95 EUR,Coco & Cici,new,8721184406939,TDR2622VS,tencel-twill-duvet-cover-dusty-rose
TDR2020VS,Tencel™ Twill Duvet Cover Dusty Rose,"Sink into bedding that breathes with you. Our Tencel™ Twill Duvet Cover in Dusty Rose brings a soft, matte elegance to the bedroom - quiet luxury without the shine.",https://www.maisondecocon.com/en/products/tencel-twill-duvet-cover-dusty-rose?variant_sku=TDR2020VS,https://cdn.shopify.com/s/files/1/0884/0278/8685/files/tencel-twill-duvet-cover-dusty-rose-styled-01.jpg?v=1785860163,in_stock,179.95 EUR,Coco & Cici,new,8721184406908,TDR2020VS,tencel-twill-duvet-cover-dusty-rose
TDR2422VS,Tencel™ Twill Duvet Cover Dusty Rose,"Sink into bedding that breathes with you. Our Tencel™ Twill Duvet Cover in Dusty Rose brings a soft, matte elegance to the bedroom - quiet luxury without the shine.",https://www.maisondecocon.com/en/products/tencel-twill-duvet-cover-dusty-rose?variant_sku=TDR2422VS,https://cdn.shopify.com/s/files/1/0884/0278/8685/files/tencel-twill-duvet-cover-dusty-rose-styled-01.jpg?v=1785860163,out_of_stock,219.95 EUR,Coco & Cici,new,8721184406922,TDR2422VS,tencel-twill-duvet-cover-dusty-rose
SWS2422VS,Tencel™ Sateen Duvet Cover White Sand,"Wake up like you're still on holiday. Our Tencel™ Sateen Duvet Cover in White Sand brings a smooth, luminous softness to the bedroom - with a natural sheen that softens beautifully with wear.",https://www.maisondecocon.com/en/products/tencel-sateen-duvet-cover-white-sand?variant_sku=SWS2422VS,https://cdn.shopify.com/s/files/1/0884/0278/8685/files/tencel-sateen-duvet-cover-white-sand-styled-01.jpg?v=1785860967,out_of_stock,249.95 EUR,Coco & Cici,new,8721184406748,SWS2422VS,tencel-sateen-duvet-cover-white-sand
SWS1420VS,Tencel™ Sateen Duvet Cover White Sand,"Wake up like you're still on holiday. Our Tencel™ Sateen Duvet Cover in White Sand brings a smooth, luminous softness to the bedroom - with a natural sheen that softens beautifully with wear.",https://www.maisondecocon.com/en/products/tencel-sateen-duvet-cover-white-sand?variant_sku=SWS1420VS,https://cdn.shopify.com/s/files/1/0884/0278/8685/files/tencel-sateen-duvet-cover-white-sand-styled-01.jpg?v=1785860967,in_stock,159.95 EUR,Coco & Cici,new,8721184406700,SWS1420VS,tencel-sateen-duvet-cover-white-sand
SWS1422VS,Tencel™ Sateen Duvet Cover White Sand,"Wake up like you're still on holiday. Our Tencel™ Sateen Duvet Cover in White Sand brings a smooth, luminous softness to the bedroom - with a natural sheen that softens beautifully with wear.",https://www.maisondecocon.com/en/products/tencel-sateen-duvet-cover-white-sand?variant_sku=SWS1422VS,https://cdn.shopify.com/s/files/1/0884/0278/8685/files/tencel-sateen-duvet-cover-white-sand-styled-01.jpg?v=1785860967,in_stock,159.95 EUR,Coco & Cici,new,8721184406717,SWS1422VS,tencel-sateen-duvet-cover-white-sand
SWS2022VS,Tencel™ Sateen Duvet Cover White Sand,"Wake up like you're still on holiday. Our Tencel™ Sateen Duvet Cover in White Sand brings a smooth, luminous softness to the bedroom - with a natural sheen that softens beautifully with wear.",https://www.maisondecocon.com/en/products/tencel-sateen-duvet-cover-white-sand?variant_sku=SWS2022VS,https://cdn.shopify.com/s/files/1/0884/0278/8685/files/tencel-sateen-duvet-cover-white-sand-styled-01.jpg?v=1785860967,in_stock,229.95 EUR,Coco & Cici,new,8721184406731,SWS2022VS,tencel-sateen-duvet-cover-white-sand
SWS2622VS,Tencel™ Sateen Duvet Cover White Sand,"Wake up like you're still on holiday. Our Tencel™ Sateen Duvet Cover in White Sand brings a smooth, luminous softness to the bedroom - with a natural sheen that softens beautifully with wear.",https://www.maisondecocon.com/en/products/tencel-sateen-duvet-cover-white-sand?variant_sku=SWS2622VS,https://cdn.shopify.com/s/files/1/0884/0278/8685/files/tencel-sateen-duvet-cover-white-sand-styled-01.jpg?v=1785860967,out_of_stock,269.95 EUR,Coco & Cici,new,8721184406755,SWS2622VS,tencel-sateen-duvet-cover-white-sand
SWS2020VS,Tencel™ Sateen Duvet Cover White Sand,"Wake up like you're still on holiday. Our Tencel™ Sateen Duvet Cover in White Sand brings a smooth, luminous softness to the bedroom - with a natural sheen that softens beautifully with wear.",https://www.maisondecocon.com/en/products/tencel-sateen-duvet-cover-white-sand?variant_sku=SWS2020VS,https://cdn.shopify.com/s/files/1/0884/0278/8685/files/tencel-sateen-duvet-cover-white-sand-styled-01.jpg?v=1785860967,out_of_stock,229.95 EUR,Coco & Cici,new,8721184406724,SWS2020VS,tencel-sateen-duvet-cover-white-sand
M12602208VS,Tencel™ Twill Duvet Cover Olive Green,"Sink into bedding that breathes with you. Our Tencel™ Twill Duvet Cover in Olive Green brings a soft, matte elegance to the bedroom - quiet luxury without the shine.",https://www.maisondecocon.com/en/products/tencel-twill-duvet-cover-olive-green?variant_sku=M12602208VS,https://cdn.shopify.com/s/files/1/0884/0278/8685/files/tencel-twill-duvet-cover-olive-green-styled-01.jpg?v=1785861286,out_of_stock,239.95 EUR,Coco & Cici,new,8721184401507,M12602208VS,tencel-twill-duvet-cover-olive-green
M11402008VS,Tencel™ Twill Duvet Cover Olive Green,"Sink into bedding that breathes with you. Our Tencel™ Twill Duvet Cover in Olive Green brings a soft, matte elegance to the bedroom - quiet luxury without the shine.",https://www.maisondecocon.com/en/products/tencel-twill-duvet-cover-olive-green?variant_sku=M11402008VS,https://cdn.shopify.com/s/files/1/0884/0278/8685/files/tencel-twill-duvet-cover-olive-green-styled-01.jpg?v=1785861286,out_of_stock,129.95 EUR,Coco & Cici,new,8721184401453,M11402008VS,tencel-twill-duvet-cover-olive-green
M12002008VS,Tencel™ Twill Duvet Cover Olive Green,"Sink into bedding that breathes with you. Our Tencel™ Twill Duvet Cover in Olive Green brings a soft, matte elegance to the bedroom - quiet luxury without the shine.",https://www.maisondecocon.com/en/products/tencel-twill-duvet-cover-olive-green?variant_sku=M12002008VS,https://cdn.shopify.com/s/files/1/0884/0278/8685/files/tencel-twill-duvet-cover-olive-green-styled-01.jpg?v=1785861286,out_of_stock,179.95 EUR,Coco & Cici,new,8721184401477,M12002008VS,tencel-twill-duvet-cover-olive-green
M11402208VS,Tencel™ Twill Duvet Cover Olive Green,"Sink into bedding that breathes with you. Our Tencel™ Twill Duvet Cover in Olive Green brings a soft, matte elegance to the bedroom - quiet luxury without the shine.",https://www.maisondecocon.com/en/products/tencel-twill-duvet-cover-olive-green?variant_sku=M11402208VS,https://cdn.shopify.com/s/files/1/0884/0278/8685/files/tencel-twill-duvet-cover-olive-green-styled-01.jpg?v=1785861286,out_of_stock,139.95 EUR,Coco & Cici,new,8721184401460,M11402208VS,tencel-twill-duvet-cover-olive-green
M12402208VS,Tencel™ Twill Duvet Cover Olive Green,"Sink into bedding that breathes with you. Our Tencel™ Twill Duvet Cover in Olive Green brings a soft, matte elegance to the bedroom - quiet luxury without the shine.",https://www.maisondecocon.com/en/products/tencel-twill-duvet-cover-olive-green?variant_sku=M12402208VS,https://cdn.shopify.com/s/files/1/0884/0278/8685/files/tencel-twill-duvet-cover-olive-green-styled-01.jpg?v=1785861286,out_of_stock,219.95 EUR,Coco & Cici,new,8721184401491,M12402208VS,tencel-twill-duvet-cover-olive-green
M12002208VS,Tencel™ Twill Duvet Cover Olive Green,"Sink into bedding that breathes with you. Our Tencel™ Twill Duvet Cover in Olive Green brings a soft, matte elegance to the bedroom - quiet luxury without the shine.",https://www.maisondecocon.com/en/products/tencel-twill-duvet-cover-olive-green?variant_sku=M12002208VS,https://cdn.shopify.com/s/files/1/0884/0278/8685/files/tencel-twill-duvet-cover-olive-green-styled-01.jpg?v=1785861286,out_of_stock,189.95 EUR,Coco & Cici,new,8721184401484,M12002208VS,tencel-twill-duvet-cover-olive-green
TOY1422VS,Tencel™ Twill Duvet Cover Ocher Yellow,"Sink into bedding that breathes with you. Our Tencel™ Twill Duvet Cover in Ocher Yellow brings a soft, matte elegance to the bedroom - quiet luxury without the shine.",https://www.maisondecocon.com/en/products/tencel-twill-duvet-cover-ocher-yellow?variant_sku=TOY1422VS,https://cdn.shopify.com/s/files/1/0884/0278/8685/files/tencel-twill-duvet-cover-ocher-yellow-lifestyle-01.png?v=1785862076,in_stock,139.95 EUR,Coco & Cici,new,8721184406830,TOY1422VS,tencel-twill-duvet-cover-ocher-yellow
TOY1420VS,Tencel™ Twill Duvet Cover Ocher Yellow,"Sink into bedding that breathes with you. Our Tencel™ Twill Duvet Cover in Ocher Yellow brings a soft, matte elegance to the bedroom - quiet luxury without the shine.",https://www.maisondecocon.com/en/products/tencel-twill-duvet-cover-ocher-yellow?variant_sku=TOY1420VS,https://cdn.shopify.com/s/files/1/0884/0278/8685/files/tencel-twill-duvet-cover-ocher-yellow-lifestyle-01.png?v=1785862076,in_stock,129.95 EUR,Coco & Cici,new,8721184406823,TOY1420VS,tencel-twill-duvet-cover-ocher-yellow
TOY2422VS,Tencel™ Twill Duvet Cover Ocher Yellow,"Sink into bedding that breathes with you. Our Tencel™ Twill Duvet Cover in Ocher Yellow brings a soft, matte elegance to the bedroom - quiet luxury without the shine.",https://www.maisondecocon.com/en/products/tencel-twill-duvet-cover-ocher-yellow?variant_sku=TOY2422VS,https://cdn.shopify.com/s/files/1/0884/0278/8685/files/tencel-twill-duvet-cover-ocher-yellow-lifestyle-01.png?v=1785862076,out_of_stock,219.95 EUR,Coco & Cici,new,8721184406861,TOY2422VS,tencel-twill-duvet-cover-ocher-yellow
TOY2622VS,Tencel™ Twill Duvet Cover Ocher Yellow,"Sink into bedding that breathes with you. Our Tencel™ Twill Duvet Cover in Ocher Yellow brings a soft, matte elegance to the bedroom - quiet luxury without the shine.",https://www.maisondecocon.com/en/products/tencel-twill-duvet-cover-ocher-yellow?variant_sku=TOY2622VS,https://cdn.shopify.com/s/files/1/0884/0278/8685/files/tencel-twill-duvet-cover-ocher-yellow-lifestyle-01.png?v=1785862076,in_stock,239.95 EUR,Coco & Cici,new,8721184406878,TOY2622VS,tencel-twill-duvet-cover-ocher-yellow
TOY2020VS,Tencel™ Twill Duvet Cover Ocher Yellow,"Sink into bedding that breathes with you. Our Tencel™ Twill Duvet Cover in Ocher Yellow brings a soft, matte elegance to the bedroom - quiet luxury without the shine.",https://www.maisondecocon.com/en/products/tencel-twill-duvet-cover-ocher-yellow?variant_sku=TOY2020VS,https://cdn.shopify.com/s/files/1/0884/0278/8685/files/tencel-twill-duvet-cover-ocher-yellow-lifestyle-01.png?v=1785862076,in_stock,179.95 EUR,Coco & Cici,new,8721184406847,TOY2020VS,tencel-twill-duvet-cover-ocher-yellow
TOY2022VS,Tencel™ Twill Duvet Cover Ocher Yellow,"Sink into bedding that breathes with you. Our Tencel™ Twill Duvet Cover in Ocher Yellow brings a soft, matte elegance to the bedroom - quiet luxury without the shine.",https://www.maisondecocon.com/en/products/tencel-twill-duvet-cover-ocher-yellow?variant_sku=TOY2022VS,https://cdn.shopify.com/s/files/1/0884/0278/8685/files/tencel-twill-duvet-cover-ocher-yellow-lifestyle-01.png?v=1785862076,in_stock,189.95 EUR,Coco & Cici,new,8721184406854,TOY2022VS,tencel-twill-duvet-cover-ocher-yellow
TDB2022VS,Tencel™ Twill Duvet Cover Dark Blue,"Sink into bedding that breathes with you. Our Tencel™ Twill Duvet Cover in Dark Blue brings a soft, matte elegance to the bedroom - quiet luxury without the shine.",https://www.maisondecocon.com/en/products/tencel-twill-duvet-cover-dark-blue?variant_sku=TDB2022VS,https://cdn.shopify.com/s/files/1/0884/0278/8685/files/tencel-twill-duvet-cover-dark-blue-styled-01.jpg?v=1785862359,in_stock,189.95 EUR,Coco & Cici,new,8721184406977,TDB2022VS,tencel-twill-duvet-cover-dark-blue
TDB2020VS,Tencel™ Twill Duvet Cover Dark Blue,"Sink into bedding that breathes with you. Our Tencel™ Twill Duvet Cover in Dark Blue brings a soft, matte elegance to the bedroom - quiet luxury without the shine.",https://www.maisondecocon.com/en/products/tencel-twill-duvet-cover-dark-blue?variant_sku=TDB2020VS,https://cdn.shopify.com/s/files/1/0884/0278/8685/files/tencel-twill-duvet-cover-dark-blue-styled-01.jpg?v=1785862359,in_stock,179.95 EUR,Coco & Cici,new,8721184406960,TDB2020VS,tencel-twill-duvet-cover-dark-blue
TDB1422VS,Tencel™ Twill Duvet Cover Dark Blue,"Sink into bedding that breathes with you. Our Tencel™ Twill Duvet Cover in Dark Blue brings a soft, matte elegance to the bedroom - quiet luxury without the shine.",https://www.maisondecocon.com/en/products/tencel-twill-duvet-cover-dark-blue?variant_sku=TDB1422VS,https://cdn.shopify.com/s/files/1/0884/0278/8685/files/tencel-twill-duvet-cover-dark-blue-styled-01.jpg?v=1785862359,in_stock,139.95 EUR,Coco & Cici,new,8721184406953,TDB1422VS,tencel-twill-duvet-cover-dark-blue
TDB2422VS,Tencel™ Twill Duvet Cover Dark Blue,"Sink into bedding that breathes with you. Our Tencel™ Twill Duvet Cover in Dark Blue brings a soft, matte elegance to the bedroom - quiet luxury without the shine.",https://www.maisondecocon.com/en/products/tencel-twill-duvet-cover-dark-blue?variant_sku=TDB2422VS,https://cdn.shopify.com/s/files/1/0884/0278/8685/files/tencel-twill-duvet-cover-dark-blue-styled-01.jpg?v=1785862359,in_stock,219.95 EUR,Coco & Cici,new,8721184406984,TDB2422VS,tencel-twill-duvet-cover-dark-blue
TDB1420VS,Tencel™ Twill Duvet Cover Dark Blue,"Sink into bedding that breathes with you. Our Tencel™ Twill Duvet Cover in Dark Blue brings a soft, matte elegance to the bedroom - quiet luxury without the shine.",https://www.maisondecocon.com/en/products/tencel-twill-duvet-cover-dark-blue?variant_sku=TDB1420VS,https://cdn.shopify.com/s/files/1/0884/0278/8685/files/tencel-twill-duvet-cover-dark-blue-styled-01.jpg?v=1785862359,in_stock,129.95 EUR,Coco & Cici,new,8721184406946,TDB1420VS,tencel-twill-duvet-cover-dark-blue
TDB2622VS,Tencel™ Twill Duvet Cover Dark Blue,"Sink into bedding that breathes with you. Our Tencel™ Twill Duvet Cover in Dark Blue brings a soft, matte elegance to the bedroom - quiet luxury without the shine.",https://www.maisondecocon.com/en/products/tencel-twill-duvet-cover-dark-blue?variant_sku=TDB2622VS,https://cdn.shopify.com/s/files/1/0884/0278/8685/files/tencel-twill-duvet-cover-dark-blue-styled-01.jpg?v=1785862359,in_stock,239.95 EUR,Coco & Cici,new,8721184406991,TDB2622VS,tencel-twill-duvet-cover-dark-blue
SPW2422VS,Tencel™ Sateen Duvet Cover Peach White,"Wake up like you're still on holiday. Our Tencel™ Sateen Duvet Cover in Peach White brings a smooth, luminous softness to the bedroom - with a natural sheen that softens beautifully with wear.",https://www.maisondecocon.com/en/products/tencel-sateen-duvet-cover-peach-white?variant_sku=SPW2422VS,https://cdn.shopify.com/s/files/1/0884/0278/8685/files/tencel-sateen-duvet-cover-peach-white-styled-01.jpg?v=1785863304,out_of_stock,249.95 EUR,Coco & Cici,new,8721184406809,SPW2422VS,tencel-sateen-duvet-cover-peach-white
SPW2020VS,Tencel™ Sateen Duvet Cover Peach White,"Wake up like you're still on holiday. Our Tencel™ Sateen Duvet Cover in Peach White brings a smooth, luminous softness to the bedroom - with a natural sheen that softens beautifully with wear.",https://www.maisondecocon.com/en/products/tencel-sateen-duvet-cover-peach-white?variant_sku=SPW2020VS,https://cdn.shopify.com/s/files/1/0884/0278/8685/files/tencel-sateen-duvet-cover-peach-white-styled-01.jpg?v=1785863304,in_stock,229.95 EUR,Coco & Cici,new,8721184406786,SPW2020VS,tencel-sateen-duvet-cover-peach-white
SPW2622VS,Tencel™ Sateen Duvet Cover Peach White,"Wake up like you're still on holiday. Our Tencel™ Sateen Duvet Cover in Peach White brings a smooth, luminous softness to the bedroom - with a natural sheen that softens beautifully with wear.",https://www.maisondecocon.com/en/products/tencel-sateen-duvet-cover-peach-white?variant_sku=SPW2622VS,https://cdn.shopify.com/s/files/1/0884/0278/8685/files/tencel-sateen-duvet-cover-peach-white-styled-01.jpg?v=1785863304,in_stock,269.95 EUR,Coco & Cici,new,8721184406816,SPW2622VS,tencel-sateen-duvet-cover-peach-white
SPW1422VS,Tencel™ Sateen Duvet Cover Peach White,"Wake up like you're still on holiday. Our Tencel™ Sateen Duvet Cover in Peach White brings a smooth, luminous softness to the bedroom - with a natural sheen that softens beautifully with wear.",https://www.maisondecocon.com/en/products/tencel-sateen-duvet-cover-peach-white?variant_sku=SPW1422VS,https://cdn.shopify.com/s/files/1/0884/0278/8685/files/tencel-sateen-duvet-cover-peach-white-styled-01.jpg?v=1785863304,in_stock,159.95 EUR,Coco & Cici,new,8721184406779,SPW1422VS,tencel-sateen-duvet-cover-peach-white
SPW1420VS,Tencel™ Sateen Duvet Cover Peach White,"Wake up like you're still on holiday. Our Tencel™ Sateen Duvet Cover in Peach White brings a smooth, luminous softness to the bedroom - with a natural sheen that softens beautifully with wear.",https://www.maisondecocon.com/en/products/tencel-sateen-duvet-cover-peach-white?variant_sku=SPW1420VS,https://cdn.shopify.com/s/files/1/0884/0278/8685/files/tencel-sateen-duvet-cover-peach-white-styled-01.jpg?v=1785863304,in_stock,159.95 EUR,Coco & Cici,new,8721184406762,SPW1420VS,tencel-sateen-duvet-cover-peach-white
SPW2022VS,Tencel™ Sateen Duvet Cover Peach White,"Wake up like you're still on holiday. Our Tencel™ Sateen Duvet Cover in Peach White brings a smooth, luminous softness to the bedroom - with a natural sheen that softens beautifully with wear.",https://www.maisondecocon.com/en/products/tencel-sateen-duvet-cover-peach-white?variant_sku=SPW2022VS,https://cdn.shopify.com/s/files/1/0884/0278/8685/files/tencel-sateen-duvet-cover-peach-white-styled-01.jpg?v=1785863304,in_stock,229.95 EUR,Coco & Cici,new,8721184406793,SPW2022VS,tencel-sateen-duvet-cover-peach-white
2507524,Tencel™ Sateen Pillowcase Taupe,"Skip the expensive night cream. Our Tencel™ Sateen Pillowcase in Taupe has a smooth, satin-soft weave that's gentle on skin and hair - the ""beauty pillowcase"" effect, without the price tag.",https://www.maisondecocon.com/en/products/tencel-sateen-pillowcase-taupe?variant_sku=2507524,https://cdn.shopify.com/s/files/1/0884/0278/8685/files/tencel-sateen-pillowcase-taupe-styled-01.jpg?v=1785863745,in_stock,62.91 EUR,Coco & Cici,new,8721184401101,2507524,tencel-sateen-pillowcase-taupe
2607024,Tencel™ Sateen Pillowcase Taupe,"Skip the expensive night cream. Our Tencel™ Sateen Pillowcase in Taupe has a smooth, satin-soft weave that's gentle on skin and hair - the ""beauty pillowcase"" effect, without the price tag.",https://www.maisondecocon.com/en/products/tencel-sateen-pillowcase-taupe?variant_sku=2607024,https://cdn.shopify.com/s/files/1/0884/0278/8685/files/tencel-sateen-pillowcase-taupe-styled-01.jpg?v=1785863745,in_stock,62.91 EUR,Coco & Cici,new,6011404051097,2607024,tencel-sateen-pillowcase-taupe
265654,Tencel™ Sateen Pillowcase Taupe,"Skip the expensive night cream. Our Tencel™ Sateen Pillowcase in Taupe has a smooth, satin-soft weave that's gentle on skin and hair - the ""beauty pillowcase"" effect, without the price tag.",https://www.maisondecocon.com/en/products/tencel-sateen-pillowcase-taupe?variant_sku=265654,https://cdn.shopify.com/s/files/1/0884/0278/8685/files/tencel-sateen-pillowcase-taupe-styled-01.jpg?v=1785863745,in_stock,71.91 EUR,Coco & Cici,new,8721184401149,265654,tencel-sateen-pillowcase-taupe
250904,Tencel™ Sateen Pillowcase Taupe,"Skip the expensive night cream. Our Tencel™ Sateen Pillowcase in Taupe has a smooth, satin-soft weave that's gentle on skin and hair - the ""beauty pillowcase"" effect, without the price tag.",https://www.maisondecocon.com/en/products/tencel-sateen-pillowcase-taupe?variant_sku=250904,https://cdn.shopify.com/s/files/1/0884/0278/8685/files/tencel-sateen-pillowcase-taupe-styled-01.jpg?v=1785863745,in_stock,75.51 EUR,Coco & Cici,new,8721184401170,250904,tencel-sateen-pillowcase-taupe
250754,Tencel™ Sateen Pillowcase Taupe,"Skip the expensive night cream. Our Tencel™ Sateen Pillowcase in Taupe has a smooth, satin-soft weave that's gentle on skin and hair - the ""beauty pillowcase"" effect, without the price tag.",https://www.maisondecocon.com/en/products/tencel-sateen-pillowcase-taupe?variant_sku=250754,https://cdn.shopify.com/s/files/1/0884/0278/8685/files/tencel-sateen-pillowcase-taupe-styled-01.jpg?v=1785863745,in_stock,71.91 EUR,Coco & Cici,new,8721184401064,250754,tencel-sateen-pillowcase-taupe
260704,Tencel™ Sateen Pillowcase Taupe,"Skip the expensive night cream. Our Tencel™ Sateen Pillowcase in Taupe has a smooth, satin-soft weave that's gentle on skin and hair - the ""beauty pillowcase"" effect, without the price tag.",https://www.maisondecocon.com/en/products/tencel-sateen-pillowcase-taupe?variant_sku=260704,https://cdn.shopify.com/s/files/1/0884/0278/8685/files/tencel-sateen-pillowcase-taupe-styled-01.jpg?v=1785863745,in_stock,71.91 EUR,Coco & Cici,new,8721184402030,260704,tencel-sateen-pillowcase-taupe
240804,Tencel™ Sateen Pillowcase Taupe,"Skip the expensive night cream. Our Tencel™ Sateen Pillowcase in Taupe has a smooth, satin-soft weave that's gentle on skin and hair - the ""beauty pillowcase"" effect, without the price tag.",https://www.maisondecocon.com/en/products/tencel-sateen-pillowcase-taupe?variant_sku=240804,https://cdn.shopify.com/s/files/1/0884/0278/8685/files/tencel-sateen-pillowcase-taupe-styled-01.jpg?v=1785863745,in_stock,62.91 EUR,Coco & Cici,new,7423609363315,240804,tencel-sateen-pillowcase-taupe
280804,Tencel™ Sateen Pillowcase Taupe,"Skip the expensive night cream. Our Tencel™ Sateen Pillowcase in Taupe has a smooth, satin-soft weave that's gentle on skin and hair - the ""beauty pillowcase"" effect, without the price tag.",https://www.maisondecocon.com/en/products/tencel-sateen-pillowcase-taupe?variant_sku=280804,https://cdn.shopify.com/s/files/1/0884/0278/8685/files/tencel-sateen-pillowcase-taupe-styled-01.jpg?v=1785863745,in_stock,77.31 EUR,Coco & Cici,new,7423609493487,280804,tencel-sateen-pillowcase-taupe
2507024,Tencel™ Sateen Pillowcase Taupe,"Skip the expensive night cream. Our Tencel™ Sateen Pillowcase in Taupe has a smooth, satin-soft weave that's gentle on skin and hair - the ""beauty pillowcase"" effect, without the price tag.",https://www.maisondecocon.com/en/products/tencel-sateen-pillowcase-taupe?variant_sku=2507024,https://cdn.shopify.com/s/files/1/0884/0278/8685/files/tencel-sateen-pillowcase-taupe-styled-01.jpg?v=1785863745,out_of_stock,57.51 EUR,Coco & Cici,new,8721184402061,2507024,tencel-sateen-pillowcase-taupe
250604,Tencel™ Sateen Pillowcase Taupe,"Skip the expensive night cream. Our Tencel™ Sateen Pillowcase in Taupe has a smooth, satin-soft weave that's gentle on skin and hair - the ""beauty pillowcase"" effect, without the price tag.",https://www.maisondecocon.com/en/products/tencel-sateen-pillowcase-taupe?variant_sku=250604,https://cdn.shopify.com/s/files/1/0884/0278/8685/files/tencel-sateen-pillowcase-taupe-styled-01.jpg?v=1785863745,in_stock,62.91 EUR,Coco & Cici,new,7439634191106,250604,tencel-sateen-pillowcase-taupe
250607,Tencel™ Sateen Pillowcase Terra Pink,"Skip the expensive night cream. Our Tencel™ Sateen Pillowcase in Terra Pink has a smooth, satin-soft weave that's gentle on skin and hair — the ""beauty pillowcase"" effect, without the price tag.",https://www.maisondecocon.com/en/products/tencel-sateen-pillowcase-terra-pink?variant_sku=250607,https://cdn.shopify.com/s/files/1/0884/0278/8685/files/tencel-sateen-pillowcase-terra-pink-styled-01.jpg?v=1785863976,out_of_stock,62.91 EUR,Coco & Cici,new,7423603421417,250607,tencel-sateen-pillowcase-terra-pink
240807,Tencel™ Sateen Pillowcase Terra Pink,"Skip the expensive night cream. Our Tencel™ Sateen Pillowcase in Terra Pink has a smooth, satin-soft weave that's gentle on skin and hair — the ""beauty pillowcase"" effect, without the price tag.",https://www.maisondecocon.com/en/products/tencel-sateen-pillowcase-terra-pink?variant_sku=240807,https://cdn.shopify.com/s/files/1/0884/0278/8685/files/tencel-sateen-pillowcase-terra-pink-styled-01.jpg?v=1785863976,in_stock,62.91 EUR,Coco & Cici,new,7423611711760,240807,tencel-sateen-pillowcase-terra-pink
280807,Tencel™ Sateen Pillowcase Terra Pink,"Skip the expensive night cream. Our Tencel™ Sateen Pillowcase in Terra Pink has a smooth, satin-soft weave that's gentle on skin and hair — the ""beauty pillowcase"" effect, without the price tag.",https://www.maisondecocon.com/en/products/tencel-sateen-pillowcase-terra-pink?variant_sku=280807,https://cdn.shopify.com/s/files/1/0884/0278/8685/files/tencel-sateen-pillowcase-terra-pink-styled-01.jpg?v=1785863976,in_stock,77.31 EUR,Coco & Cici,new,7423612218282,280807,tencel-sateen-pillowcase-terra-pink
260707,Tencel™ Sateen Pillowcase Terra Pink,"Skip the expensive night cream. Our Tencel™ Sateen Pillowcase in Terra Pink has a smooth, satin-soft weave that's gentle on skin and hair — the ""beauty pillowcase"" effect, without the price tag.",https://www.maisondecocon.com/en/products/tencel-sateen-pillowcase-terra-pink?variant_sku=260707,https://cdn.shopify.com/s/files/1/0884/0278/8685/files/tencel-sateen-pillowcase-terra-pink-styled-01.jpg?v=1785863976,in_stock,71.91 EUR,Coco & Cici,new,7423603440456,260707,tencel-sateen-pillowcase-terra-pink
M2607021,Tencel™ Twill Pillowcase Peach,"Complete your set with softness to match. Our Tencel™ Twill Pillowcase in Peach brings the same matte, durable comfort as our duvet covers — quiet luxury, one pillow at a time.",https://www.maisondecocon.com/en/products/tencel-twill-pillowcase-peach?variant_sku=M2607021,https://cdn.shopify.com/s/files/1/0884/0278/8685/files/tencel-sateen-pillowcase-peach-styled-01.jpg?v=1785867010,in_stock,53.91 EUR,Coco & Cici,new,6097755225226,M2607021,tencel-twill-pillowcase-peach
M2507021,Tencel™ Twill Pillowcase Peach,"Complete your set with softness to match. Our Tencel™ Twill Pillowcase in Peach brings the same matte, durable comfort as our duvet covers — quiet luxury, one pillow at a time.",https://www.maisondecocon.com/en/products/tencel-twill-pillowcase-peach?variant_sku=M2507021,https://cdn.shopify.com/s/files/1/0884/0278/8685/files/tencel-sateen-pillowcase-peach-styled-01.jpg?v=1785867010,in_stock,53.91 EUR,Coco & Cici,new,6097754945965,M2507021,tencel-twill-pillowcase-peach
M250601,Tencel™ Twill Pillowcase Peach,"Complete your set with softness to match. Our Tencel™ Twill Pillowcase in Peach brings the same matte, durable comfort as our duvet covers — quiet luxury, one pillow at a time.",https://www.maisondecocon.com/en/products/tencel-twill-pillowcase-peach?variant_sku=M250601,https://cdn.shopify.com/s/files/1/0884/0278/8685/files/tencel-sateen-pillowcase-peach-styled-01.jpg?v=1785867010,out_of_stock,53.91 EUR,Coco & Cici,new,6097755357330,M250601,tencel-twill-pillowcase-peach
M260701,Tencel™ Twill Pillowcase Peach,"Complete your set with softness to match. Our Tencel™ Twill Pillowcase in Peach brings the same matte, durable comfort as our duvet covers — quiet luxury, one pillow at a time.",https://www.maisondecocon.com/en/products/tencel-twill-pillowcase-peach?variant_sku=M260701,https://cdn.shopify.com/s/files/1/0884/0278/8685/files/tencel-sateen-pillowcase-peach-styled-01.jpg?v=1785867010,in_stock,59.31 EUR,Coco & Cici,new,6097755423462,M260701,tencel-twill-pillowcase-peach
250605,Tencel™ Sateen Pillowcase Off White,"Smooth, breathable, and finished with a soft satin sheen, our Tencel™ Sateen Pillowcase in Off White pairs perfectly with any of our Sateen duvet covers — or stands beautifully on its own.",https://www.maisondecocon.com/en/products/tencel-sateen-pillowcase-off-white?variant_sku=250605,https://cdn.shopify.com/s/files/1/0884/0278/8685/files/tencel-sateen-pillowcase-off-white-lifestyle.jpg?v=1785867423,in_stock,62.91 EUR,Coco & Cici,new,7448128676678,250605,tencel-sateen-pillowcase-off-white
265655,Tencel™ Sateen Pillowcase Off White,"Smooth, breathable, and finished with a soft satin sheen, our Tencel™ Sateen Pillowcase in Off White pairs perfectly with any of our Sateen duvet covers — or stands beautifully on its own.",https://www.maisondecocon.com/en/products/tencel-sateen-pillowcase-off-white?variant_sku=265655,https://cdn.shopify.com/s/files/1/0884/0278/8685/files/tencel-sateen-pillowcase-off-white-lifestyle.jpg?v=1785867423,in_stock,71.91 EUR,Coco & Cici,new,8721184401125,265655,tencel-sateen-pillowcase-off-white
260705,Tencel™ Sateen Pillowcase Off White,"Smooth, breathable, and finished with a soft satin sheen, our Tencel™ Sateen Pillowcase in Off White pairs perfectly with any of our Sateen duvet covers — or stands beautifully on its own.",https://www.maisondecocon.com/en/products/tencel-sateen-pillowcase-off-white?variant_sku=260705,https://cdn.shopify.com/s/files/1/0884/0278/8685/files/tencel-sateen-pillowcase-off-white-lifestyle.jpg?v=1785867423,in_stock,71.91 EUR,Coco & Cici,new,8721184402290,260705,tencel-sateen-pillowcase-off-white
280805,Tencel™ Sateen Pillowcase Off White,"Smooth, breathable, and finished with a soft satin sheen, our Tencel™ Sateen Pillowcase in Off White pairs perfectly with any of our Sateen duvet covers — or stands beautifully on its own.",https://www.maisondecocon.com/en/products/tencel-sateen-pillowcase-off-white?variant_sku=280805,https://cdn.shopify.com/s/files/1/0884/0278/8685/files/tencel-sateen-pillowcase-off-white-lifestyle.jpg?v=1785867423,in_stock,77.31 EUR,Coco & Cici,new,7423611089050,280805,tencel-sateen-pillowcase-off-white
250905,Tencel™ Sateen Pillowcase Off White,"Smooth, breathable, and finished with a soft satin sheen, our Tencel™ Sateen Pillowcase in Off White pairs perfectly with any of our Sateen duvet covers — or stands beautifully on its own.",https://www.maisondecocon.com/en/products/tencel-sateen-pillowcase-off-white?variant_sku=250905,https://cdn.shopify.com/s/files/1/0884/0278/8685/files/tencel-sateen-pillowcase-off-white-lifestyle.jpg?v=1785867423,in_stock,75.51 EUR,Coco & Cici,new,8721184401156,250905,tencel-sateen-pillowcase-off-white
2607025,Tencel™ Sateen Pillowcase Off White,"Smooth, breathable, and finished with a soft satin sheen, our Tencel™ Sateen Pillowcase in Off White pairs perfectly with any of our Sateen duvet covers — or stands beautifully on its own.",https://www.maisondecocon.com/en/products/tencel-sateen-pillowcase-off-white?variant_sku=2607025,https://cdn.shopify.com/s/files/1/0884/0278/8685/files/tencel-sateen-pillowcase-off-white-lifestyle.jpg?v=1785867423,in_stock,62.91 EUR,Coco & Cici,new,7448135514529,2607025,tencel-sateen-pillowcase-off-white
2507025,Tencel™ Sateen Pillowcase Off White,"Smooth, breathable, and finished with a soft satin sheen, our Tencel™ Sateen Pillowcase in Off White pairs perfectly with any of our Sateen duvet covers — or stands beautifully on its own.",https://www.maisondecocon.com/en/products/tencel-sateen-pillowcase-off-white?variant_sku=2507025,https://cdn.shopify.com/s/files/1/0884/0278/8685/files/tencel-sateen-pillowcase-off-white-lifestyle.jpg?v=1785867423,in_stock,57.51 EUR,Coco & Cici,new,8721184402320,2507025,tencel-sateen-pillowcase-off-white
250755,Tencel™ Sateen Pillowcase Off White,"Smooth, breathable, and finished with a soft satin sheen, our Tencel™ Sateen Pillowcase in Off White pairs perfectly with any of our Sateen duvet covers — or stands beautifully on its own.",https://www.maisondecocon.com/en/products/tencel-sateen-pillowcase-off-white?variant_sku=250755,https://cdn.shopify.com/s/files/1/0884/0278/8685/files/tencel-sateen-pillowcase-off-white-lifestyle.jpg?v=1785867423,in_stock,71.91 EUR,Coco & Cici,new,8721184401040,250755,tencel-sateen-pillowcase-off-white
2507525,Tencel™ Sateen Pillowcase Off White,"Smooth, breathable, and finished with a soft satin sheen, our Tencel™ Sateen Pillowcase in Off White pairs perfectly with any of our Sateen duvet covers — or stands beautifully on its own.",https://www.maisondecocon.com/en/products/tencel-sateen-pillowcase-off-white?variant_sku=2507525,https://cdn.shopify.com/s/files/1/0884/0278/8685/files/tencel-sateen-pillowcase-off-white-lifestyle.jpg?v=1785867423,in_stock,62.91 EUR,Coco & Cici,new,8721184401088,2507525,tencel-sateen-pillowcase-off-white
240805,Tencel™ Sateen Pillowcase Off White,"Smooth, breathable, and finished with a soft satin sheen, our Tencel™ Sateen Pillowcase in Off White pairs perfectly with any of our Sateen duvet covers — or stands beautifully on its own.",https://www.maisondecocon.com/en/products/tencel-sateen-pillowcase-off-white?variant_sku=240805,https://cdn.shopify.com/s/files/1/0884/0278/8685/files/tencel-sateen-pillowcase-off-white-lifestyle.jpg?v=1785867423,in_stock,62.91 EUR,Coco & Cici,new,7423610655607,240805,tencel-sateen-pillowcase-off-white
260703,Tencel™ Sateen Pillowcase Gray Blue,"Smooth, breathable, and finished with a soft satin sheen, our Tencel™ Sateen Pillowcase in Gray Blue pairs perfectly with any of our Sateen duvet covers — or stands beautifully on its own.",https://www.maisondecocon.com/en/products/tencel-sateen-pillowcase-gray-blue?variant_sku=260703,https://cdn.shopify.com/s/files/1/0884/0278/8685/files/tencel-sateen-pillowcase-gray-styled-01blue.jpg?v=1785867572,out_of_stock,71.91 EUR,Coco & Cici,new,7439634189172,260703,tencel-sateen-pillowcase-gray-blue
B280803,Bamboo Pillowcase Ocher Yellow,"Soft, breathable Eco Bamboo — our Ocher Yellow pillowcase is the gentle, accessible entry point into sustainable bedding, ideal for pairing with any of our Tencel™ or Bamboo duvet covers.",https://www.maisondecocon.com/en/products/bamboo-pillowcase-ocher-yellow?variant_sku=B280803,https://cdn.shopify.com/s/files/1/0884/0278/8685/files/bamboo-pillowcase-ochre-yellow-styled-01.jpg?v=1785867848,in_stock,59.31 EUR,Coco & Cici,new,6091017441461,B280803,bamboo-pillowcase-ocher-yellow
B250603,Bamboo Pillowcase Ocher Yellow,"Soft, breathable Eco Bamboo — our Ocher Yellow pillowcase is the gentle, accessible entry point into sustainable bedding, ideal for pairing with any of our Tencel™ or Bamboo duvet covers.",https://www.maisondecocon.com/en/products/bamboo-pillowcase-ocher-yellow?variant_sku=B250603,https://cdn.shopify.com/s/files/1/0884/0278/8685/files/bamboo-pillowcase-ochre-yellow-styled-01.jpg?v=1785867848,out_of_stock,44.91 EUR,Coco & Cici,new,6091016919992,B250603,bamboo-pillowcase-ocher-yellow
B240803,Bamboo Pillowcase Ocher Yellow,"Soft, breathable Eco Bamboo — our Ocher Yellow pillowcase is the gentle, accessible entry point into sustainable bedding, ideal for pairing with any of our Tencel™ or Bamboo duvet covers.",https://www.maisondecocon.com/en/products/bamboo-pillowcase-ocher-yellow?variant_sku=B240803,https://cdn.shopify.com/s/files/1/0884/0278/8685/files/bamboo-pillowcase-ochre-yellow-styled-01.jpg?v=1785867848,out_of_stock,46.71 EUR,Coco & Cici,new,6091016957949,B240803,bamboo-pillowcase-ocher-yellow
B265653,Bamboo Pillowcase Ocher Yellow,"Soft, breathable Eco Bamboo — our Ocher Yellow pillowcase is the gentle, accessible entry point into sustainable bedding, ideal for pairing with any of our Tencel™ or Bamboo duvet covers.",https://www.maisondecocon.com/en/products/bamboo-pillowcase-ocher-yellow?variant_sku=B265653,https://cdn.shopify.com/s/files/1/0884/0278/8685/files/bamboo-pillowcase-ochre-yellow-styled-01.jpg?v=1785867848,out_of_stock,50.31 EUR,Coco & Cici,new,6091017366375,B265653,bamboo-pillowcase-ocher-yellow
B250753,Bamboo Pillowcase Ocher Yellow,"Soft, breathable Eco Bamboo — our Ocher Yellow pillowcase is the gentle, accessible entry point into sustainable bedding, ideal for pairing with any of our Tencel™ or Bamboo duvet covers.",https://www.maisondecocon.com/en/products/bamboo-pillowcase-ocher-yellow?variant_sku=B250753,https://cdn.shopify.com/s/files/1/0884/0278/8685/files/bamboo-pillowcase-ochre-yellow-styled-01.jpg?v=1785867848,out_of_stock,50.31 EUR,Coco & Cici,new,6091017024039,B250753,bamboo-pillowcase-ocher-yellow
B260703,Bamboo Pillowcase Ocher Yellow,"Soft, breathable Eco Bamboo — our Ocher Yellow pillowcase is the gentle, accessible entry point into sustainable bedding, ideal for pairing with any of our Tencel™ or Bamboo duvet covers.",https://www.maisondecocon.com/en/products/bamboo-pillowcase-ocher-yellow?variant_sku=B260703,https://cdn.shopify.com/s/files/1/0884/0278/8685/files/bamboo-pillowcase-ochre-yellow-styled-01.jpg?v=1785867848,out_of_stock,50.31 EUR,Coco & Cici,new,6091016884832,B260703,bamboo-pillowcase-ocher-yellow
2507026,Tencel™ Sateen Pillowcase Gray Green,"Smooth, breathable, and finished with a soft satin sheen, our Tencel™ Sateen Pillowcase in Gray Green pairs perfectly with any of our Sateen duvet covers — or stands beautifully on its own.",https://www.maisondecocon.com/en/products/tencel-sateen-pillowcase-gray-green?variant_sku=2507026,https://cdn.shopify.com/s/files/1/0884/0278/8685/files/tencel-sateen-pillowcase-gray-green-styled-01.jpg?v=1785867915,in_stock,57.51 EUR,Coco & Cici,new,8721184402191,2507026,tencel-sateen-pillowcase-gray-green
280806,Tencel™ Sateen Pillowcase Gray Green,"Smooth, breathable, and finished with a soft satin sheen, our Tencel™ Sateen Pillowcase in Gray Green pairs perfectly with any of our Sateen duvet covers — or stands beautifully on its own.",https://www.maisondecocon.com/en/products/tencel-sateen-pillowcase-gray-green?variant_sku=280806,https://cdn.shopify.com/s/files/1/0884/0278/8685/files/tencel-sateen-pillowcase-gray-green-styled-01.jpg?v=1785867915,in_stock,77.31 EUR,Coco & Cici,new,7423611433433,280806,tencel-sateen-pillowcase-gray-green
250606,Tencel™ Sateen Pillowcase Gray Green,"Smooth, breathable, and finished with a soft satin sheen, our Tencel™ Sateen Pillowcase in Gray Green pairs perfectly with any of our Sateen duvet covers — or stands beautifully on its own.",https://www.maisondecocon.com/en/products/tencel-sateen-pillowcase-gray-green?variant_sku=250606,https://cdn.shopify.com/s/files/1/0884/0278/8685/files/tencel-sateen-pillowcase-gray-green-styled-01.jpg?v=1785867915,out_of_stock,62.91 EUR,Coco & Cici,new,8721184402153,250606,tencel-sateen-pillowcase-gray-green
240806,Tencel™ Sateen Pillowcase Gray Green,"Smooth, breathable, and finished with a soft satin sheen, our Tencel™ Sateen Pillowcase in Gray Green pairs perfectly with any of our Sateen duvet covers — or stands beautifully on its own.",https://www.maisondecocon.com/en/products/tencel-sateen-pillowcase-gray-green?variant_sku=240806,https://cdn.shopify.com/s/files/1/0884/0278/8685/files/tencel-sateen-pillowcase-gray-green-styled-01.jpg?v=1785867915,in_stock,62.91 EUR,Coco & Cici,new,7423611268219,240806,tencel-sateen-pillowcase-gray-green
2607026,Tencel™ Sateen Pillowcase Gray Green,"Smooth, breathable, and finished with a soft satin sheen, our Tencel™ Sateen Pillowcase in Gray Green pairs perfectly with any of our Sateen duvet covers — or stands beautifully on its own.",https://www.maisondecocon.com/en/products/tencel-sateen-pillowcase-gray-green?variant_sku=2607026,https://cdn.shopify.com/s/files/1/0884/0278/8685/files/tencel-sateen-pillowcase-gray-green-styled-01.jpg?v=1785867915,in_stock,62.91 EUR,Coco & Cici,new,8721184402207,2607026,tencel-sateen-pillowcase-gray-green
260706,Tencel™ Sateen Pillowcase Gray Green,"Smooth, breathable, and finished with a soft satin sheen, our Tencel™ Sateen Pillowcase in Gray Green pairs perfectly with any of our Sateen duvet covers — or stands beautifully on its own.",https://www.maisondecocon.com/en/products/tencel-sateen-pillowcase-gray-green?variant_sku=260706,https://cdn.shopify.com/s/files/1/0884/0278/8685/files/tencel-sateen-pillowcase-gray-green-styled-01.jpg?v=1785867915,in_stock,71.91 EUR,Coco & Cici,new,8721184402160,260706,tencel-sateen-pillowcase-gray-green
B250606,Eco Bamboo Pillowcase Powder Peach,"Soft, breathable Eco Bamboo - our Powder Peach pillowcase is the gentle, accessible entry point into sustainable bedding, ideal for pairing with any of our Tencel™ or Bamboo duvet covers.",https://www.maisondecocon.com/en/products/eco-bamboe-kussensloop-powder-peach?variant_sku=B250606,https://cdn.shopify.com/s/files/1/0884/0278/8685/files/tencel-sateen-pillowcase-peach-white-lifestyle.jpg?v=1785868206,in_stock,44.91 EUR,Coco & Cici,new,8721184401354,B250606,eco-bamboe-kussensloop-powder-peach
B280806,Eco Bamboo Pillowcase Powder Peach,"Soft, breathable Eco Bamboo - our Powder Peach pillowcase is the gentle, accessible entry point into sustainable bedding, ideal for pairing with any of our Tencel™ or Bamboo duvet covers.",https://www.maisondecocon.com/en/products/eco-bamboe-kussensloop-powder-peach?variant_sku=B280806,https://cdn.shopify.com/s/files/1/0884/0278/8685/files/tencel-sateen-pillowcase-peach-white-lifestyle.jpg?v=1785868206,in_stock,59.31 EUR,Coco & Cici,new,8721184401415,B280806,eco-bamboe-kussensloop-powder-peach
B2507526,Eco Bamboo Pillowcase Powder Peach,"Soft, breathable Eco Bamboo - our Powder Peach pillowcase is the gentle, accessible entry point into sustainable bedding, ideal for pairing with any of our Tencel™ or Bamboo duvet covers.",https://www.maisondecocon.com/en/products/eco-bamboe-kussensloop-powder-peach?variant_sku=B2507526,https://cdn.shopify.com/s/files/1/0884/0278/8685/files/tencel-sateen-pillowcase-peach-white-lifestyle.jpg?v=1785868206,in_stock,50.31 EUR,Coco & Cici,new,8721184401439,B2507526,eco-bamboe-kussensloop-powder-peach
B265656,Eco Bamboo Pillowcase Powder Peach,"Soft, breathable Eco Bamboo - our Powder Peach pillowcase is the gentle, accessible entry point into sustainable bedding, ideal for pairing with any of our Tencel™ or Bamboo duvet covers.",https://www.maisondecocon.com/en/products/eco-bamboe-kussensloop-powder-peach?variant_sku=B265656,https://cdn.shopify.com/s/files/1/0884/0278/8685/files/tencel-sateen-pillowcase-peach-white-lifestyle.jpg?v=1785868206,in_stock,50.31 EUR,Coco & Cici,new,8721184401408,B265656,eco-bamboe-kussensloop-powder-peach
B250906,Eco Bamboo Pillowcase Powder Peach,"Soft, breathable Eco Bamboo - our Powder Peach pillowcase is the gentle, accessible entry point into sustainable bedding, ideal for pairing with any of our Tencel™ or Bamboo duvet covers.",https://www.maisondecocon.com/en/products/eco-bamboe-kussensloop-powder-peach?variant_sku=B250906,https://cdn.shopify.com/s/files/1/0884/0278/8685/files/tencel-sateen-pillowcase-peach-white-lifestyle.jpg?v=1785868206,in_stock,55.71 EUR,Coco & Cici,new,8721184401378,B250906,eco-bamboe-kussensloop-powder-peach
B2607026,Eco Bamboo Pillowcase Powder Peach,"Soft, breathable Eco Bamboo - our Powder Peach pillowcase is the gentle, accessible entry point into sustainable bedding, ideal for pairing with any of our Tencel™ or Bamboo duvet covers.",https://www.maisondecocon.com/en/products/eco-bamboe-kussensloop-powder-peach?variant_sku=B2607026,https://cdn.shopify.com/s/files/1/0884/0278/8685/files/tencel-sateen-pillowcase-peach-white-lifestyle.jpg?v=1785868206,in_stock,50.31 EUR,Coco & Cici,new,8721184401446,B2607026,eco-bamboe-kussensloop-powder-peach
B250756,Eco Bamboo Pillowcase Powder Peach,"Soft, breathable Eco Bamboo - our Powder Peach pillowcase is the gentle, accessible entry point into sustainable bedding, ideal for pairing with any of our Tencel™ or Bamboo duvet covers.",https://www.maisondecocon.com/en/products/eco-bamboe-kussensloop-powder-peach?variant_sku=B250756,https://cdn.shopify.com/s/files/1/0884/0278/8685/files/tencel-sateen-pillowcase-peach-white-lifestyle.jpg?v=1785868206,in_stock,50.31 EUR,Coco & Cici,new,8721184401361,B250756,eco-bamboe-kussensloop-powder-peach
B240806,Eco Bamboo Pillowcase Powder Peach,"Soft, breathable Eco Bamboo - our Powder Peach pillowcase is the gentle, accessible entry point into sustainable bedding, ideal for pairing with any of our Tencel™ or Bamboo duvet covers.",https://www.maisondecocon.com/en/products/eco-bamboe-kussensloop-powder-peach?variant_sku=B240806,https://cdn.shopify.com/s/files/1/0884/0278/8685/files/tencel-sateen-pillowcase-peach-white-lifestyle.jpg?v=1785868206,in_stock,46.71 EUR,Coco & Cici,new,8721184401347,B240806,eco-bamboe-kussensloop-powder-peach
B260706,Eco Bamboo Pillowcase Powder Peach,"Soft, breathable Eco Bamboo - our Powder Peach pillowcase is the gentle, accessible entry point into sustainable bedding, ideal for pairing with any of our Tencel™ or Bamboo duvet covers.",https://www.maisondecocon.com/en/products/eco-bamboe-kussensloop-powder-peach?variant_sku=B260706,https://cdn.shopify.com/s/files/1/0884/0278/8685/files/tencel-sateen-pillowcase-peach-white-lifestyle.jpg?v=1785868206,in_stock,50.31 EUR,Coco & Cici,new,8721184401385,B260706,eco-bamboe-kussensloop-powder-peach
M265658,Tencel™ Twill Pillowcase Olive Green,"Complete your set with softness to match. Our Tencel™ Twill Pillowcase in Olive Green brings the same matte, durable comfort as our duvet covers — quiet luxury, one pillow at a time.",https://www.maisondecocon.com/en/products/tencel-twill-pillowcase-olive-green?variant_sku=M265658,https://cdn.shopify.com/s/files/1/0884/0278/8685/files/tencel-sateen-pillowcase-olive-green-styled-01.jpg?v=1785868402,in_stock,59.31 EUR,Coco & Cici,new,8721184401576,M265658,tencel-twill-pillowcase-olive-green
M250758,Tencel™ Twill Pillowcase Olive Green,"Complete your set with softness to match. Our Tencel™ Twill Pillowcase in Olive Green brings the same matte, durable comfort as our duvet covers — quiet luxury, one pillow at a time.",https://www.maisondecocon.com/en/products/tencel-twill-pillowcase-olive-green?variant_sku=M250758,https://cdn.shopify.com/s/files/1/0884/0278/8685/files/tencel-sateen-pillowcase-olive-green-styled-01.jpg?v=1785868402,in_stock,59.31 EUR,Coco & Cici,new,8721184401538,M250758,tencel-twill-pillowcase-olive-green
M2507028,Tencel™ Twill Pillowcase Olive Green,"Complete your set with softness to match. Our Tencel™ Twill Pillowcase in Olive Green brings the same matte, durable comfort as our duvet covers — quiet luxury, one pillow at a time.",https://www.maisondecocon.com/en/products/tencel-twill-pillowcase-olive-green?variant_sku=M2507028,https://cdn.shopify.com/s/files/1/0884/0278/8685/files/tencel-sateen-pillowcase-olive-green-styled-01.jpg?v=1785868402,out_of_stock,53.91 EUR,Coco & Cici,new,8721184401590,M2507028,tencel-twill-pillowcase-olive-green
M2607028,Tencel™ Twill Pillowcase Olive Green,"Complete your set with softness to match. Our Tencel™ Twill Pillowcase in Olive Green brings the same matte, durable comfort as our duvet covers — quiet luxury, one pillow at a time.",https://www.maisondecocon.com/en/products/tencel-twill-pillowcase-olive-green?variant_sku=M2607028,https://cdn.shopify.com/s/files/1/0884/0278/8685/files/tencel-sateen-pillowcase-olive-green-styled-01.jpg?v=1785868402,in_stock,53.91 EUR,Coco & Cici,new,8721184401613,M2607028,tencel-twill-pillowcase-olive-green
M250608,Tencel™ Twill Pillowcase Olive Green,"Complete your set with softness to match. Our Tencel™ Twill Pillowcase in Olive Green brings the same matte, durable comfort as our duvet covers — quiet luxury, one pillow at a time.",https://www.maisondecocon.com/en/products/tencel-twill-pillowcase-olive-green?variant_sku=M250608,https://cdn.shopify.com/s/files/1/0884/0278/8685/files/tencel-sateen-pillowcase-olive-green-styled-01.jpg?v=1785868402,in_stock,53.91 EUR,Coco & Cici,new,8721184401521,M250608,tencel-twill-pillowcase-olive-green
M260708,Tencel™ Twill Pillowcase Olive Green,"Complete your set with softness to match. Our Tencel™ Twill Pillowcase in Olive Green brings the same matte, durable comfort as our duvet covers — quiet luxury, one pillow at a time.",https://www.maisondecocon.com/en/products/tencel-twill-pillowcase-olive-green?variant_sku=M260708,https://cdn.shopify.com/s/files/1/0884/0278/8685/files/tencel-sateen-pillowcase-olive-green-styled-01.jpg?v=1785868402,in_stock,59.31 EUR,Coco & Cici,new,8721184401552,M260708,tencel-twill-pillowcase-olive-green
M250908,Tencel™ Twill Pillowcase Olive Green,"Complete your set with softness to match. Our Tencel™ Twill Pillowcase in Olive Green brings the same matte, durable comfort as our duvet covers — quiet luxury, one pillow at a time.",https://www.maisondecocon.com/en/products/tencel-twill-pillowcase-olive-green?variant_sku=M250908,https://cdn.shopify.com/s/files/1/0884/0278/8685/files/tencel-sateen-pillowcase-olive-green-styled-01.jpg?v=1785868402,in_stock,66.51 EUR,Coco & Cici,new,8721184401545,M250908,tencel-twill-pillowcase-olive-green
M280808,Tencel™ Twill Pillowcase Olive Green,"Complete your set with softness to match. Our Tencel™ Twill Pillowcase in Olive Green brings the same matte, durable comfort as our duvet covers — quiet luxury, one pillow at a time.",https://www.maisondecocon.com/en/products/tencel-twill-pillowcase-olive-green?variant_sku=M280808,https://cdn.shopify.com/s/files/1/0884/0278/8685/files/tencel-sateen-pillowcase-olive-green-styled-01.jpg?v=1785868402,in_stock,68.31 EUR,Coco & Cici,new,8721184401583,M280808,tencel-twill-pillowcase-olive-green
M2507528,Tencel™ Twill Pillowcase Olive Green,"Complete your set with softness to match. Our Tencel™ Twill Pillowcase in Olive Green brings the same matte, durable comfort as our duvet covers — quiet luxury, one pillow at a time.",https://www.maisondecocon.com/en/products/tencel-twill-pillowcase-olive-green?variant_sku=M2507528,https://cdn.shopify.com/s/files/1/0884/0278/8685/files/tencel-sateen-pillowcase-olive-green-styled-01.jpg?v=1785868402,in_stock,55.71 EUR,Coco & Cici,new,8721184401606,M2507528,tencel-twill-pillowcase-olive-green
M240808,Tencel™ Twill Pillowcase Olive Green,"Complete your set with softness to match. Our Tencel™ Twill Pillowcase in Olive Green brings the same matte, durable comfort as our duvet covers — quiet luxury, one pillow at a time.",https://www.maisondecocon.com/en/products/tencel-twill-pillowcase-olive-green?variant_sku=M240808,https://cdn.shopify.com/s/files/1/0884/0278/8685/files/tencel-sateen-pillowcase-olive-green-styled-01.jpg?v=1785868402,in_stock,59.31 EUR,Coco & Cici,new,8721184401514,M240808,tencel-twill-pillowcase-olive-green
TDR57NB,Tencel™ Twill Pillowcase Dusty Rose,"Complete your set with softness to match. Our Tencel™ Twill Pillowcase in Dusty Rose brings the same matte, durable comfort as our duvet covers — quiet luxury, one pillow at a time.",https://www.maisondecocon.com/en/products/tencel-twill-pillowcase-dusty-rose?variant_sku=TDR57NB,https://cdn.shopify.com/s/files/1/0884/0278/8685/files/tencel-twill-pillowcase-dusty-rose-styled-01.jpg?v=1785869540,in_stock,53.91 EUR,Coco & Cici,new,8721184405550,TDR57NB,tencel-twill-pillowcase-dusty-rose
TDR56,Tencel™ Twill Pillowcase Dusty Rose,"Complete your set with softness to match. Our Tencel™ Twill Pillowcase in Dusty Rose brings the same matte, durable comfort as our duvet covers — quiet luxury, one pillow at a time.",https://www.maisondecocon.com/en/products/tencel-twill-pillowcase-dusty-rose?variant_sku=TDR56,https://cdn.shopify.com/s/files/1/0884/0278/8685/files/tencel-twill-pillowcase-dusty-rose-styled-01.jpg?v=1785869540,in_stock,53.91 EUR,Coco & Cici,new,8721184405543,TDR56,tencel-twill-pillowcase-dusty-rose
TDR67,Tencel™ Twill Pillowcase Dusty Rose,"Complete your set with softness to match. Our Tencel™ Twill Pillowcase in Dusty Rose brings the same matte, durable comfort as our duvet covers — quiet luxury, one pillow at a time.",https://www.maisondecocon.com/en/products/tencel-twill-pillowcase-dusty-rose?variant_sku=TDR67,https://cdn.shopify.com/s/files/1/0884/0278/8685/files/tencel-twill-pillowcase-dusty-rose-styled-01.jpg?v=1785869540,in_stock,59.31 EUR,Coco & Cici,new,8721184405536,TDR67,tencel-twill-pillowcase-dusty-rose
M240807,Tencel™ Twill Pillowcase White,"Complete your set with softness to match. Our Tencel™ Twill Pillowcase in White brings the same matte, durable comfort as our duvet covers — quiet luxury, one pillow at a time.",https://www.maisondecocon.com/en/products/tencel-twill-pillowcase-white?variant_sku=M240807,https://cdn.shopify.com/s/files/1/0884/0278/8685/files/tencel-twill-pillowcase-white-styled-01.jpg?v=1785869540,in_stock,59.31 EUR,Coco & Cici,new,8721184401842,M240807,tencel-twill-pillowcase-white
M2507027,Tencel™ Twill Pillowcase White,"Complete your set with softness to match. Our Tencel™ Twill Pillowcase in White brings the same matte, durable comfort as our duvet covers — quiet luxury, one pillow at a time.",https://www.maisondecocon.com/en/products/tencel-twill-pillowcase-white?variant_sku=M2507027,https://cdn.shopify.com/s/files/1/0884/0278/8685/files/tencel-twill-pillowcase-white-styled-01.jpg?v=1785869540,out_of_stock,53.91 EUR,Coco & Cici,new,8721184401927,M2507027,tencel-twill-pillowcase-white
M265657,Tencel™ Twill Pillowcase White,"Complete your set with softness to match. Our Tencel™ Twill Pillowcase in White brings the same matte, durable comfort as our duvet covers — quiet luxury, one pillow at a time.",https://www.maisondecocon.com/en/products/tencel-twill-pillowcase-white?variant_sku=M265657,https://cdn.shopify.com/s/files/1/0884/0278/8685/files/tencel-twill-pillowcase-white-styled-01.jpg?v=1785869540,in_stock,59.31 EUR,Coco & Cici,new,8721184401903,M265657,tencel-twill-pillowcase-white
M260707,Tencel™ Twill Pillowcase White,"Complete your set with softness to match. Our Tencel™ Twill Pillowcase in White brings the same matte, durable comfort as our duvet covers — quiet luxury, one pillow at a time.",https://www.maisondecocon.com/en/products/tencel-twill-pillowcase-white?variant_sku=M260707,https://cdn.shopify.com/s/files/1/0884/0278/8685/files/tencel-twill-pillowcase-white-styled-01.jpg?v=1785869540,in_stock,59.31 EUR,Coco & Cici,new,8721184401880,M260707,tencel-twill-pillowcase-white
M2507527,Tencel™ Twill Pillowcase White,"Complete your set with softness to match. Our Tencel™ Twill Pillowcase in White brings the same matte, durable comfort as our duvet covers — quiet luxury, one pillow at a time.",https://www.maisondecocon.com/en/products/tencel-twill-pillowcase-white?variant_sku=M2507527,https://cdn.shopify.com/s/files/1/0884/0278/8685/files/tencel-twill-pillowcase-white-styled-01.jpg?v=1785869540,in_stock,55.71 EUR,Coco & Cici,new,8721184401934,M2507527,tencel-twill-pillowcase-white
M280807,Tencel™ Twill Pillowcase White,"Complete your set with softness to match. Our Tencel™ Twill Pillowcase in White brings the same matte, durable comfort as our duvet covers — quiet luxury, one pillow at a time.",https://www.maisondecocon.com/en/products/tencel-twill-pillowcase-white?variant_sku=M280807,https://cdn.shopify.com/s/files/1/0884/0278/8685/files/tencel-twill-pillowcase-white-styled-01.jpg?v=1785869540,in_stock,68.31 EUR,Coco & Cici,new,8721184401910,M280807,tencel-twill-pillowcase-white
M250907,Tencel™ Twill Pillowcase White,"Complete your set with softness to match. Our Tencel™ Twill Pillowcase in White brings the same matte, durable comfort as our duvet covers — quiet luxury, one pillow at a time.",https://www.maisondecocon.com/en/products/tencel-twill-pillowcase-white?variant_sku=M250907,https://cdn.shopify.com/s/files/1/0884/0278/8685/files/tencel-twill-pillowcase-white-styled-01.jpg?v=1785869540,in_stock,66.51 EUR,Coco & Cici,new,8721184401873,M250907,tencel-twill-pillowcase-white
M250607,Tencel™ Twill Pillowcase White,"Complete your set with softness to match. Our Tencel™ Twill Pillowcase in White brings the same matte, durable comfort as our duvet covers — quiet luxury, one pillow at a time.",https://www.maisondecocon.com/en/products/tencel-twill-pillowcase-white?variant_sku=M250607,https://cdn.shopify.com/s/files/1/0884/0278/8685/files/tencel-twill-pillowcase-white-styled-01.jpg?v=1785869540,in_stock,53.91 EUR,Coco & Cici,new,8721184401859,M250607,tencel-twill-pillowcase-white
M2607027,Tencel™ Twill Pillowcase White,"Complete your set with softness to match. Our Tencel™ Twill Pillowcase in White brings the same matte, durable comfort as our duvet covers — quiet luxury, one pillow at a time.",https://www.maisondecocon.com/en/products/tencel-twill-pillowcase-white?variant_sku=M2607027,https://cdn.shopify.com/s/files/1/0884/0278/8685/files/tencel-twill-pillowcase-white-styled-01.jpg?v=1785869540,in_stock,53.91 EUR,Coco & Cici,new,8721184401941,M2607027,tencel-twill-pillowcase-white
M250757,Tencel™ Twill Pillowcase White,"Complete your set with softness to match. Our Tencel™ Twill Pillowcase in White brings the same matte, durable comfort as our duvet covers — quiet luxury, one pillow at a time.",https://www.maisondecocon.com/en/products/tencel-twill-pillowcase-white?variant_sku=M250757,https://cdn.shopify.com/s/files/1/0884/0278/8685/files/tencel-twill-pillowcase-white-styled-01.jpg?v=1785869540,in_stock,59.31 EUR,Coco & Cici,new,8721184401866,M250757,tencel-twill-pillowcase-white
2507521,Tencel™ Sateen Pillowcase White,"Smooth, breathable, and finished with a soft satin sheen, our Tencel™ Sateen Pillowcase in White pairs perfectly with any of our Sateen duvet covers — or stands beautifully on its own.",https://www.maisondecocon.com/en/products/tencel-sateen-pillowcase-white?variant_sku=2507521,https://cdn.shopify.com/s/files/1/0884/0278/8685/files/tencel-sateen-pillowcase-white-styled-01.jpg?v=1785869540,in_stock,62.91 EUR,Coco & Cici,new,8721184401071,2507521,tencel-sateen-pillowcase-white
240801,Tencel™ Sateen Pillowcase White,"Smooth, breathable, and finished with a soft satin sheen, our Tencel™ Sateen Pillowcase in White pairs perfectly with any of our Sateen duvet covers — or stands beautifully on its own.",https://www.maisondecocon.com/en/products/tencel-sateen-pillowcase-white?variant_sku=240801,https://cdn.shopify.com/s/files/1/0884/0278/8685/files/tencel-sateen-pillowcase-white-styled-01.jpg?v=1785869540,in_stock,62.91 EUR,Coco & Cici,new,7423608926948,240801,tencel-sateen-pillowcase-white
250601,Tencel™ Sateen Pillowcase White,"Smooth, breathable, and finished with a soft satin sheen, our Tencel™ Sateen Pillowcase in White pairs perfectly with any of our Sateen duvet covers — or stands beautifully on its own.",https://www.maisondecocon.com/en/products/tencel-sateen-pillowcase-white?variant_sku=250601,https://cdn.shopify.com/s/files/1/0884/0278/8685/files/tencel-sateen-pillowcase-white-styled-01.jpg?v=1785869540,out_of_stock,62.91 EUR,Coco & Cici,new,7439634187161,250601,tencel-sateen-pillowcase-white
250751,Tencel™ Sateen Pillowcase White,"Smooth, breathable, and finished with a soft satin sheen, our Tencel™ Sateen Pillowcase in White pairs perfectly with any of our Sateen duvet covers — or stands beautifully on its own.",https://www.maisondecocon.com/en/products/tencel-sateen-pillowcase-white?variant_sku=250751,https://cdn.shopify.com/s/files/1/0884/0278/8685/files/tencel-sateen-pillowcase-white-styled-01.jpg?v=1785869540,in_stock,71.91 EUR,Coco & Cici,new,6097741312350,250751,tencel-sateen-pillowcase-white
260701,Tencel™ Sateen Pillowcase White,"Smooth, breathable, and finished with a soft satin sheen, our Tencel™ Sateen Pillowcase in White pairs perfectly with any of our Sateen duvet covers — or stands beautifully on its own.",https://www.maisondecocon.com/en/products/tencel-sateen-pillowcase-white?variant_sku=260701,https://cdn.shopify.com/s/files/1/0884/0278/8685/files/tencel-sateen-pillowcase-white-styled-01.jpg?v=1785869540,in_stock,71.91 EUR,Coco & Cici,new,8721184402429,260701,tencel-sateen-pillowcase-white
2607021,Tencel™ Sateen Pillowcase White,"Smooth, breathable, and finished with a soft satin sheen, our Tencel™ Sateen Pillowcase in White pairs perfectly with any of our Sateen duvet covers — or stands beautifully on its own.",https://www.maisondecocon.com/en/products/tencel-sateen-pillowcase-white?variant_sku=2607021,https://cdn.shopify.com/s/files/1/0884/0278/8685/files/tencel-sateen-pillowcase-white-styled-01.jpg?v=1785869540,in_stock,62.91 EUR,Coco & Cici,new,8721184402467,2607021,tencel-sateen-pillowcase-white
280801,Tencel™ Sateen Pillowcase White,"Smooth, breathable, and finished with a soft satin sheen, our Tencel™ Sateen Pillowcase in White pairs perfectly with any of our Sateen duvet covers — or stands beautifully on its own.",https://www.maisondecocon.com/en/products/tencel-sateen-pillowcase-white?variant_sku=280801,https://cdn.shopify.com/s/files/1/0884/0278/8685/files/tencel-sateen-pillowcase-white-styled-01.jpg?v=1785869540,in_stock,77.31 EUR,Coco & Cici,new,7423609016051,280801,tencel-sateen-pillowcase-white
250901,Tencel™ Sateen Pillowcase White,"Smooth, breathable, and finished with a soft satin sheen, our Tencel™ Sateen Pillowcase in White pairs perfectly with any of our Sateen duvet covers — or stands beautifully on its own.",https://www.maisondecocon.com/en/products/tencel-sateen-pillowcase-white?variant_sku=250901,https://cdn.shopify.com/s/files/1/0884/0278/8685/files/tencel-sateen-pillowcase-white-styled-01.jpg?v=1785869540,in_stock,75.51 EUR,Coco & Cici,new,6097741424473,250901,tencel-sateen-pillowcase-white
265651,Tencel™ Sateen Pillowcase White,"Smooth, breathable, and finished with a soft satin sheen, our Tencel™ Sateen Pillowcase in White pairs perfectly with any of our Sateen duvet covers — or stands beautifully on its own.",https://www.maisondecocon.com/en/products/tencel-sateen-pillowcase-white?variant_sku=265651,https://cdn.shopify.com/s/files/1/0884/0278/8685/files/tencel-sateen-pillowcase-white-styled-01.jpg?v=1785869540,in_stock,71.91 EUR,Coco & Cici,new,6097741097011,265651,tencel-sateen-pillowcase-white
2507021,Tencel™ Sateen Pillowcase White,"Smooth, breathable, and finished with a soft satin sheen, our Tencel™ Sateen Pillowcase in White pairs perfectly with any of our Sateen duvet covers — or stands beautifully on its own.",https://www.maisondecocon.com/en/products/tencel-sateen-pillowcase-white?variant_sku=2507021,https://cdn.shopify.com/s/files/1/0884/0278/8685/files/tencel-sateen-pillowcase-white-styled-01.jpg?v=1785869540,out_of_stock,57.51 EUR,Coco & Cici,new,8721184402450,2507021,tencel-sateen-pillowcase-white
SPW67,Tencel™ Sateen Pillowcase Peach White,"Smooth, breathable, and finished with a soft satin sheen, our Tencel™ Sateen Pillowcase in Peach White pairs perfectly with any of our Sateen duvet covers — or stands beautifully on its own.",https://www.maisondecocon.com/en/products/tencel-sateen-pillowcase-peach-white?variant_sku=SPW67,https://cdn.shopify.com/s/files/1/0884/0278/8685/files/tencel-sateen-pillowcase-peach-white-styled-01.jpg?v=1785869525,in_stock,71.91 EUR,Coco & Cici,new,8721184406144,SPW67,tencel-sateen-pillowcase-peach-white
SPW67NB,Tencel™ Sateen Pillowcase Peach White,"Smooth, breathable, and finished with a soft satin sheen, our Tencel™ Sateen Pillowcase in Peach White pairs perfectly with any of our Sateen duvet covers — or stands beautifully on its own.",https://www.maisondecocon.com/en/products/tencel-sateen-pillowcase-peach-white?variant_sku=SPW67NB,https://cdn.shopify.com/s/files/1/0884/0278/8685/files/tencel-sateen-pillowcase-peach-white-styled-01.jpg?v=1785869525,in_stock,62.91 EUR,Coco & Cici,new,8721184406175,SPW67NB,tencel-sateen-pillowcase-peach-white
SPW57NB,Tencel™ Sateen Pillowcase Peach White,"Smooth, breathable, and finished with a soft satin sheen, our Tencel™ Sateen Pillowcase in Peach White pairs perfectly with any of our Sateen duvet covers — or stands beautifully on its own.",https://www.maisondecocon.com/en/products/tencel-sateen-pillowcase-peach-white?variant_sku=SPW57NB,https://cdn.shopify.com/s/files/1/0884/0278/8685/files/tencel-sateen-pillowcase-peach-white-styled-01.jpg?v=1785869525,in_stock,57.51 EUR,Coco & Cici,new,8721184406168,SPW57NB,tencel-sateen-pillowcase-peach-white
SPW56,Tencel™ Sateen Pillowcase Peach White,"Smooth, breathable, and finished with a soft satin sheen, our Tencel™ Sateen Pillowcase in Peach White pairs perfectly with any of our Sateen duvet covers — or stands beautifully on its own.",https://www.maisondecocon.com/en/products/tencel-sateen-pillowcase-peach-white?variant_sku=SPW56,https://cdn.shopify.com/s/files/1/0884/0278/8685/files/tencel-sateen-pillowcase-peach-white-styled-01.jpg?v=1785869525,in_stock,62.91 EUR,Coco & Cici,new,8721184406151,SPW56,tencel-sateen-pillowcase-peach-white
TDB67,Tencel™ Twill Pillowcase Dark Blue,"Complete your set with softness to match. Our Tencel™ Twill Pillowcase in Dark Blue brings the same matte, durable comfort as our duvet covers — quiet luxury, one pillow at a time.",https://www.maisondecocon.com/en/products/tencel-twill-pillowcase-dark-blue?variant_sku=TDB67,https://cdn.shopify.com/s/files/1/0884/0278/8685/files/tencel-twill-pillowcase-dark-blue-styled-01.jpg?v=1785869525,in_stock,59.31 EUR,Coco & Cici,new,8721184405680,TDB67,tencel-twill-pillowcase-dark-blue
TDB56,Tencel™ Twill Pillowcase Dark Blue,"Complete your set with softness to match. Our Tencel™ Twill Pillowcase in Dark Blue brings the same matte, durable comfort as our duvet covers — quiet luxury, one pillow at a time.",https://www.maisondecocon.com/en/products/tencel-twill-pillowcase-dark-blue?variant_sku=TDB56,https://cdn.shopify.com/s/files/1/0884/0278/8685/files/tencel-twill-pillowcase-dark-blue-styled-01.jpg?v=1785869525,in_stock,53.91 EUR,Coco & Cici,new,8721184405697,TDB56,tencel-twill-pillowcase-dark-blue
TDB57NB,Tencel™ Twill Pillowcase Dark Blue,"Complete your set with softness to match. Our Tencel™ Twill Pillowcase in Dark Blue brings the same matte, durable comfort as our duvet covers — quiet luxury, one pillow at a time.",https://www.maisondecocon.com/en/products/tencel-twill-pillowcase-dark-blue?variant_sku=TDB57NB,https://cdn.shopify.com/s/files/1/0884/0278/8685/files/tencel-twill-pillowcase-dark-blue-styled-01.jpg?v=1785869525,out_of_stock,53.91 EUR,Coco & Cici,new,8721184405703,TDB57NB,tencel-twill-pillowcase-dark-blue
TLB57NB,Tencel™ Twill Pillowcase Lavender Blue,"Complete your set with softness to match. Our Tencel™ Twill Pillowcase in Lavender Blue brings the same matte, durable comfort as our duvet covers — quiet luxury, one pillow at a time.",https://www.maisondecocon.com/en/products/tencel-twill-pillowcase-lavender-blue?variant_sku=TLB57NB,https://cdn.shopify.com/s/files/1/0884/0278/8685/files/tencel-twill-pillowcase-lavender-blue-styled-01.jpg?v=1785869506,in_stock,53.91 EUR,Coco & Cici,new,8721184405857,TLB57NB,tencel-twill-pillowcase-lavender-blue
TLB67,Tencel™ Twill Pillowcase Lavender Blue,"Complete your set with softness to match. Our Tencel™ Twill Pillowcase in Lavender Blue brings the same matte, durable comfort as our duvet covers — quiet luxury, one pillow at a time.",https://www.maisondecocon.com/en/products/tencel-twill-pillowcase-lavender-blue?variant_sku=TLB67,https://cdn.shopify.com/s/files/1/0884/0278/8685/files/tencel-twill-pillowcase-lavender-blue-styled-01.jpg?v=1785869506,in_stock,59.31 EUR,Coco & Cici,new,8721184405833,TLB67,tencel-twill-pillowcase-lavender-blue
TLB56,Tencel™ Twill Pillowcase Lavender Blue,"Complete your set with softness to match. Our Tencel™ Twill Pillowcase in Lavender Blue brings the same matte, durable comfort as our duvet covers — quiet luxury, one pillow at a time.",https://www.maisondecocon.com/en/products/tencel-twill-pillowcase-lavender-blue?variant_sku=TLB56,https://cdn.shopify.com/s/files/1/0884/0278/8685/files/tencel-twill-pillowcase-lavender-blue-styled-01.jpg?v=1785869506,in_stock,53.91 EUR,Coco & Cici,new,8721184405840,TLB56,tencel-twill-pillowcase-lavender-blue
TOY56,Tencel™ Twill Pillowcase Ocher Yellow,"Complete your set with softness to match. Our Tencel™ Twill Pillowcase in Ocher Yellow brings the same matte, durable comfort as our duvet covers — quiet luxury, one pillow at a time.",https://www.maisondecocon.com/en/products/tencel-twill-pillowcase-ocher-yellow?variant_sku=TOY56,https://cdn.shopify.com/s/files/1/0884/0278/8685/files/tencel-twill-pillowcase-ocher-yellow-styled-01.jpg?v=1785869487,in_stock,53.91 EUR,Coco & Cici,new,8721184405390,TOY56,tencel-twill-pillowcase-ocher-yellow
TOY57NB,Tencel™ Twill Pillowcase Ocher Yellow,"Complete your set with softness to match. Our Tencel™ Twill Pillowcase in Ocher Yellow brings the same matte, durable comfort as our duvet covers — quiet luxury, one pillow at a time.",https://www.maisondecocon.com/en/products/tencel-twill-pillowcase-ocher-yellow?variant_sku=TOY57NB,https://cdn.shopify.com/s/files/1/0884/0278/8685/files/tencel-twill-pillowcase-ocher-yellow-styled-01.jpg?v=1785869487,in_stock,53.91 EUR,Coco & Cici,new,8721184405406,TOY57NB,tencel-twill-pillowcase-ocher-yellow
TOY67,Tencel™ Twill Pillowcase Ocher Yellow,"Complete your set with softness to match. Our Tencel™ Twill Pillowcase in Ocher Yellow brings the same matte, durable comfort as our duvet covers — quiet luxury, one pillow at a time.",https://www.maisondecocon.com/en/products/tencel-twill-pillowcase-ocher-yellow?variant_sku=TOY67,https://cdn.shopify.com/s/files/1/0884/0278/8685/files/tencel-twill-pillowcase-ocher-yellow-styled-01.jpg?v=1785869487,in_stock,59.31 EUR,Coco & Cici,new,8721184405383,TOY67,tencel-twill-pillowcase-ocher-yellow
SWS56,Tencel™ Sateen Pillowcase White Sand,"Smooth, breathable, and finished with a soft satin sheen, our Tencel™ Sateen Pillowcase in White Sand pairs perfectly with any of our Sateen duvet covers — or stands beautifully on its own.",https://www.maisondecocon.com/en/products/tencel-sateen-pillowcase-white-sand?variant_sku=SWS56,https://cdn.shopify.com/s/files/1/0884/0278/8685/files/tencel-sateen-pillowcase-white-sand-styled-01.jpg?v=1785869487,in_stock,62.91 EUR,Coco & Cici,new,8721184405994,SWS56,tencel-sateen-pillowcase-white-sand
SWS67,Tencel™ Sateen Pillowcase White Sand,"Smooth, breathable, and finished with a soft satin sheen, our Tencel™ Sateen Pillowcase in White Sand pairs perfectly with any of our Sateen duvet covers — or stands beautifully on its own.",https://www.maisondecocon.com/en/products/tencel-sateen-pillowcase-white-sand?variant_sku=SWS67,https://cdn.shopify.com/s/files/1/0884/0278/8685/files/tencel-sateen-pillowcase-white-sand-styled-01.jpg?v=1785869487,in_stock,71.91 EUR,Coco & Cici,new,8721184405987,SWS67,tencel-sateen-pillowcase-white-sand
SWS67NB,Tencel™ Sateen Pillowcase White Sand,"Smooth, breathable, and finished with a soft satin sheen, our Tencel™ Sateen Pillowcase in White Sand pairs perfectly with any of our Sateen duvet covers — or stands beautifully on its own.",https://www.maisondecocon.com/en/products/tencel-sateen-pillowcase-white-sand?variant_sku=SWS67NB,https://cdn.shopify.com/s/files/1/0884/0278/8685/files/tencel-sateen-pillowcase-white-sand-styled-01.jpg?v=1785869487,in_stock,62.91 EUR,Coco & Cici,new,8721184406014,SWS67NB,tencel-sateen-pillowcase-white-sand
SWS57NB,Tencel™ Sateen Pillowcase White Sand,"Smooth, breathable, and finished with a soft satin sheen, our Tencel™ Sateen Pillowcase in White Sand pairs perfectly with any of our Sateen duvet covers — or stands beautifully on its own.",https://www.maisondecocon.com/en/products/tencel-sateen-pillowcase-white-sand?variant_sku=SWS57NB,https://cdn.shopify.com/s/files/1/0884/0278/8685/files/tencel-sateen-pillowcase-white-sand-styled-01.jpg?v=1785869487,out_of_stock,57.51 EUR,Coco & Cici,new,8721184406007,SWS57NB,tencel-sateen-pillowcase-white-sand
12002005VS,Tencel™ Sateen Duvet Cover Off White,"Wake up like you're still on holiday. Our Tencel™ Sateen Duvet Cover in Off White brings a smooth, luminous softness to the bedroom — with a natural sheen that softens beautifully with wear.",https://www.maisondecocon.com/en/products/tencel-sateen-duvet-cover-off-white?variant_sku=12002005VS,https://cdn.shopify.com/s/files/1/0884/0278/8685/files/tencel-sateen-duvet-cover-off-white-styled-01.jpg?v=1785869466,out_of_stock,229.95 EUR,Coco & Cici,new,8721184403662,12002005VS,tencel-sateen-duvet-cover-off-white
12602205VS,Tencel™ Sateen Duvet Cover Off White,"Wake up like you're still on holiday. Our Tencel™ Sateen Duvet Cover in Off White brings a smooth, luminous softness to the bedroom — with a natural sheen that softens beautifully with wear.",https://www.maisondecocon.com/en/products/tencel-sateen-duvet-cover-off-white?variant_sku=12602205VS,https://cdn.shopify.com/s/files/1/0884/0278/8685/files/tencel-sateen-duvet-cover-off-white-styled-01.jpg?v=1785869466,out_of_stock,269.95 EUR,Coco & Cici,new,8721184402269,12602205VS,tencel-sateen-duvet-cover-off-white
12002205VS,Tencel™ Sateen Duvet Cover Off White,"Wake up like you're still on holiday. Our Tencel™ Sateen Duvet Cover in Off White brings a smooth, luminous softness to the bedroom — with a natural sheen that softens beautifully with wear.",https://www.maisondecocon.com/en/products/tencel-sateen-duvet-cover-off-white?variant_sku=12002205VS,https://cdn.shopify.com/s/files/1/0884/0278/8685/files/tencel-sateen-duvet-cover-off-white-styled-01.jpg?v=1785869466,out_of_stock,229.95 EUR,Coco & Cici,new,8721184403709,12002205VS,tencel-sateen-duvet-cover-off-white
11402005VS,Tencel™ Sateen Duvet Cover Off White,"Wake up like you're still on holiday. Our Tencel™ Sateen Duvet Cover in Off White brings a smooth, luminous softness to the bedroom — with a natural sheen that softens beautifully with wear.",https://www.maisondecocon.com/en/products/tencel-sateen-duvet-cover-off-white?variant_sku=11402005VS,https://cdn.shopify.com/s/files/1/0884/0278/8685/files/tencel-sateen-duvet-cover-off-white-styled-01.jpg?v=1785869466,in_stock,159.95 EUR,Coco & Cici,new,8721184402214,11402005VS,tencel-sateen-duvet-cover-off-white
12402205VS,Tencel™ Sateen Duvet Cover Off White,"Wake up like you're still on holiday. Our Tencel™ Sateen Duvet Cover in Off White brings a smooth, luminous softness to the bedroom — with a natural sheen that softens beautifully with wear.",https://www.maisondecocon.com/en/products/tencel-sateen-duvet-cover-off-white?variant_sku=12402205VS,https://cdn.shopify.com/s/files/1/0884/0278/8685/files/tencel-sateen-duvet-cover-off-white-styled-01.jpg?v=1785869466,out_of_stock,249.95 EUR,Coco & Cici,new,8721184403747,12402205VS,tencel-sateen-duvet-cover-off-white
11402205VS,Tencel™ Sateen Duvet Cover Off White,"Wake up like you're still on holiday. Our Tencel™ Sateen Duvet Cover in Off White brings a smooth, luminous softness to the bedroom — with a natural sheen that softens beautifully with wear.",https://www.maisondecocon.com/en/products/tencel-sateen-duvet-cover-off-white?variant_sku=11402205VS,https://cdn.shopify.com/s/files/1/0884/0278/8685/files/tencel-sateen-duvet-cover-off-white-styled-01.jpg?v=1785869466,out_of_stock,159.95 EUR,Coco & Cici,new,8721184402221,11402205VS,tencel-sateen-duvet-cover-off-white
721301802,Alpaca Merino Throw Blanket,Wonderfully warm and beautifully simple. Our Alpaca Merino Throw Blanket in warm ecru with a subtle pink touch is woven in the finest quality — a real eye-catcher for your bedroom.,https://www.maisondecocon.com/en/products/alpaca-plaids?variant_sku=721301802,https://cdn.shopify.com/s/files/1/0884/0278/8685/files/alpaca-plaids-styled-01.jpg?v=1785869424,in_stock,199.95 EUR,Coco & Cici,new,7423614658659,721301802,alpaca-plaids
8720849141291,Wool Throw Blanket Venezia Grey,"Woven from 100% New Zealand wool, the Venezia Throw brings soft, natural warmth and understated elegance to any room in your home.",https://www.maisondecocon.com/en/products/wool-throw-blanket-venezia-grey?variant_sku=8720849141291,https://cdn.shopify.com/s/files/1/0884/0278/8685/files/wool-throw-blanket-venezia-grey-folded.jpg?v=1785919559,in_stock,71.00 EUR,MoST Blankets,new,8720849141291,8720849141291,wool-throw-blanket-venezia-grey
FCRINKSTRF1654,Crinkly - Cotton Muslin - Tetra - Ecru,"A breathable cotton muslin duvet cover in soft ecru, with a naturally wrinkled, no-iron texture — soft to the touch and effortless to care for.",https://www.maisondecocon.com/en/products/crinkly-cotton-muslin-tetra-ecru?variant_sku=FCRINKSTRF1654,https://cdn.shopify.com/s/files/1/0884/0278/8685/files/crinkly-cotton-muslin-ecru-lifestyle.jpg?v=1786025988,out_of_stock,239.00 EUR,Casilin,new,,FCRINKSTRF1654,crinkly-cotton-muslin-tetra-ecru
FCRINKSTRF1652,Crinkly - Cotton Muslin - Tetra - Ecru,"A breathable cotton muslin duvet cover in soft ecru, with a naturally wrinkled, no-iron texture — soft to the touch and effortless to care for.",https://www.maisondecocon.com/en/products/crinkly-cotton-muslin-tetra-ecru?variant_sku=FCRINKSTRF1652,https://cdn.shopify.com/s/files/1/0884/0278/8685/files/crinkly-cotton-muslin-ecru-lifestyle.jpg?v=1786025988,out_of_stock,229.00 EUR,Casilin,new,,FCRINKSTRF1652,crinkly-cotton-muslin-tetra-ecru
FCRINKSTRF1626,Crinkly - Cotton Muslin - Tetra - Ecru,"A breathable cotton muslin duvet cover in soft ecru, with a naturally wrinkled, no-iron texture — soft to the touch and effortless to care for.",https://www.maisondecocon.com/en/products/crinkly-cotton-muslin-tetra-ecru?variant_sku=FCRINKSTRF1626,https://cdn.shopify.com/s/files/1/0884/0278/8685/files/crinkly-cotton-muslin-ecru-lifestyle.jpg?v=1786025988,out_of_stock,139.00 EUR,Casilin,new,,FCRINKSTRF1626,crinkly-cotton-muslin-tetra-ecru
FCRINKSTRF1643,Crinkly - Cotton Muslin - Tetra - Ecru,"A breathable cotton muslin duvet cover in soft ecru, with a naturally wrinkled, no-iron texture — soft to the touch and effortless to care for.",https://www.maisondecocon.com/en/products/crinkly-cotton-muslin-tetra-ecru?variant_sku=FCRINKSTRF1643,https://cdn.shopify.com/s/files/1/0884/0278/8685/files/crinkly-cotton-muslin-ecru-lifestyle.jpg?v=1786025988,out_of_stock,209.00 EUR,Casilin,new,,FCRINKSTRF1643,crinkly-cotton-muslin-tetra-ecru
STENCELS0154,Tencel Satin - Duvet Cover Set - Lila,"A luxurious Tencel™ Lyocell satin duvet cover in lila, pre-washed for a soft, casual feel and a silky, cool touch.",https://www.maisondecocon.com/en/products/tencel-satin-duvet-cover-set-lila?variant_sku=STENCELS0154,https://cdn.shopify.com/s/files/1/0884/0278/8685/files/tencel-satin-duvet-cover-lila-texture-detail.jpg?v=1786026644,in_stock,279.00 EUR,Casilin,new,5600860519541,STENCELS0154,tencel-satin-duvet-cover-set-lila
STENCELS0143,Tencel Satin - Duvet Cover Set - Lila,"A luxurious Tencel™ Lyocell satin duvet cover in lila, pre-washed for a soft, casual feel and a silky, cool touch.",https://www.maisondecocon.com/en/products/tencel-satin-duvet-cover-set-lila?variant_sku=STENCELS0143,https://cdn.shopify.com/s/files/1/0884/0278/8685/files/tencel-satin-duvet-cover-lila-texture-detail.jpg?v=1786026644,in_stock,259.00 EUR,Casilin,new,5600860519534,STENCELS0143,tencel-satin-duvet-cover-set-lila
FCRINKSTRF1743,Crinkly - Cotton Muslin - Tetra - Misty Blue,"A breathable cotton muslin duvet cover in a soft misty blue, with a naturally wrinkled, no-iron texture — soft to the touch and effortless to care for.",https://www.maisondecocon.com/en/products/crinkly-cotton-muslin-tetra-misty-blue?variant_sku=FCRINKSTRF1743,https://cdn.shopify.com/s/files/1/0884/0278/8685/files/crinkly-cotton-muslin-misty-blue-lifestyle.jpg?v=1786026047,out_of_stock,209.00 EUR,Casilin,new,,FCRINKSTRF1743,crinkly-cotton-muslin-tetra-misty-blue
FCRINKSTRF1754,Crinkly - Cotton Muslin - Tetra - Misty Blue,"A breathable cotton muslin duvet cover in a soft misty blue, with a naturally wrinkled, no-iron texture — soft to the touch and effortless to care for.",https://www.maisondecocon.com/en/products/crinkly-cotton-muslin-tetra-misty-blue?variant_sku=FCRINKSTRF1754,https://cdn.shopify.com/s/files/1/0884/0278/8685/files/crinkly-cotton-muslin-misty-blue-lifestyle.jpg?v=1786026047,out_of_stock,249.00 EUR,Casilin,new,,FCRINKSTRF1754,crinkly-cotton-muslin-tetra-misty-blue
FCRINKSTRF1726,Crinkly - Cotton Muslin - Tetra - Misty Blue,"A breathable cotton muslin duvet cover in a soft misty blue, with a naturally wrinkled, no-iron texture — soft to the touch and effortless to care for.",https://www.maisondecocon.com/en/products/crinkly-cotton-muslin-tetra-misty-blue?variant_sku=FCRINKSTRF1726,https://cdn.shopify.com/s/files/1/0884/0278/8685/files/crinkly-cotton-muslin-misty-blue-lifestyle.jpg?v=1786026047,out_of_stock,139.00 EUR,Casilin,new,,FCRINKSTRF1726,crinkly-cotton-muslin-tetra-misty-blue
FCRINKSTRF1752,Crinkly - Cotton Muslin - Tetra - Misty Blue,"A breathable cotton muslin duvet cover in a soft misty blue, with a naturally wrinkled, no-iron texture — soft to the touch and effortless to care for.",https://www.maisondecocon.com/en/products/crinkly-cotton-muslin-tetra-misty-blue?variant_sku=FCRINKSTRF1752,https://cdn.shopify.com/s/files/1/0884/0278/8685/files/crinkly-cotton-muslin-misty-blue-lifestyle.jpg?v=1786026047,out_of_stock,229.00 EUR,Casilin,new,,FCRINKSTRF1752,crinkly-cotton-muslin-tetra-misty-blue
SKINGMEDIUM63,Down Pillow / Medium Support,"A luxuriously soft down pillow with three chambers — a supportive duck-feather core wrapped in a plush duck down and feather layer, covered in fine Mako cotton.",https://www.maisondecocon.com/en/products/down-pillow-medium-support?variant_sku=SKINGMEDIUM63,https://cdn.shopify.com/s/files/1/0884/0278/8685/files/down-pillow-medium-support-corner-detail.jpg?v=1786026509,in_stock,139.00 EUR,Casilin,new,4007151559711,SKINGMEDIUM63,down-pillow-medium-support
SKINGMEDIUM62,Down Pillow / Medium Support,"A luxuriously soft down pillow with three chambers — a supportive duck-feather core wrapped in a plush duck down and feather layer, covered in fine Mako cotton.",https://www.maisondecocon.com/en/products/down-pillow-medium-support?variant_sku=SKINGMEDIUM62,https://cdn.shopify.com/s/files/1/0884/0278/8685/files/down-pillow-medium-support-corner-detail.jpg?v=1786026509,in_stock,139.00 EUR,Casilin,new,4007151559667,SKINGMEDIUM62,down-pillow-medium-support
FCRINKSTRF1043,Crinkly - Cotton Muslin - Tetra - Brick Red,"A breathable cotton muslin duvet cover in a warm dusty rose tone, with a naturally wrinkled, no-iron texture — soft to the touch and effortless to care for.",https://www.maisondecocon.com/en/products/crinkly-cotton-muslin-tetra-brick-red?variant_sku=FCRINKSTRF1043,https://cdn.shopify.com/s/files/1/0884/0278/8685/files/crinkly-cotton-muslin-brick-red-bed-detail.jpg?v=1786025956,out_of_stock,209.00 EUR,Casilin,new,5407004721170,FCRINKSTRF1043,crinkly-cotton-muslin-tetra-brick-red
FCRINKSTRF1052,Crinkly - Cotton Muslin - Tetra - Brick Red,"A breathable cotton muslin duvet cover in a warm dusty rose tone, with a naturally wrinkled, no-iron texture — soft to the touch and effortless to care for.",https://www.maisondecocon.com/en/products/crinkly-cotton-muslin-tetra-brick-red?variant_sku=FCRINKSTRF1052,https://cdn.shopify.com/s/files/1/0884/0278/8685/files/crinkly-cotton-muslin-brick-red-bed-detail.jpg?v=1786025956,out_of_stock,239.00 EUR,Casilin,new,5407004721187,FCRINKSTRF1052,crinkly-cotton-muslin-tetra-brick-red
FCRINKSTRF1054,Crinkly - Cotton Muslin - Tetra - Brick Red,"A breathable cotton muslin duvet cover in a warm dusty rose tone, with a naturally wrinkled, no-iron texture — soft to the touch and effortless to care for.",https://www.maisondecocon.com/en/products/crinkly-cotton-muslin-tetra-brick-red?variant_sku=FCRINKSTRF1054,https://cdn.shopify.com/s/files/1/0884/0278/8685/files/crinkly-cotton-muslin-brick-red-bed-detail.jpg?v=1786025956,out_of_stock,229.00 EUR,Casilin,new,,FCRINKSTRF1054,crinkly-cotton-muslin-tetra-brick-red
FCRINKSTRF1026,Crinkly - Cotton Muslin - Tetra - Brick Red,"A breathable cotton muslin duvet cover in a warm dusty rose tone, with a naturally wrinkled, no-iron texture — soft to the touch and effortless to care for.",https://www.maisondecocon.com/en/products/crinkly-cotton-muslin-tetra-brick-red?variant_sku=FCRINKSTRF1026,https://cdn.shopify.com/s/files/1/0884/0278/8685/files/crinkly-cotton-muslin-brick-red-bed-detail.jpg?v=1786025956,out_of_stock,139.00 EUR,Casilin,new,5407004721163,FCRINKSTRF1026,crinkly-cotton-muslin-tetra-brick-red
FCRINKSTRF1154,Crinkly - Cotton Muslin - Tetra - Sahara Pink,"A breathable cotton muslin duvet cover in warm sahara pink, with a naturally wrinkled, no-iron texture — soft to the touch and effortless to care for.",https://www.maisondecocon.com/en/products/crinkly-cotton-muslin-tetra-sahara-pink?variant_sku=FCRINKSTRF1154,https://cdn.shopify.com/s/files/1/0884/0278/8685/files/crinkly-cotton-muslin-sahara-pink-texture-detail.jpg?v=1786026133,out_of_stock,239.00 EUR,Casilin,new,,FCRINKSTRF1154,crinkly-cotton-muslin-tetra-sahara-pink
FCRINKSTRF1143,Crinkly - Cotton Muslin - Tetra - Sahara Pink,"A breathable cotton muslin duvet cover in warm sahara pink, with a naturally wrinkled, no-iron texture — soft to the touch and effortless to care for.",https://www.maisondecocon.com/en/products/crinkly-cotton-muslin-tetra-sahara-pink?variant_sku=FCRINKSTRF1143,https://cdn.shopify.com/s/files/1/0884/0278/8685/files/crinkly-cotton-muslin-sahara-pink-texture-detail.jpg?v=1786026133,out_of_stock,209.00 EUR,Casilin,new,5407004721200,FCRINKSTRF1143,crinkly-cotton-muslin-tetra-sahara-pink
FCRINKSTRF1126,Crinkly - Cotton Muslin - Tetra - Sahara Pink,"A breathable cotton muslin duvet cover in warm sahara pink, with a naturally wrinkled, no-iron texture — soft to the touch and effortless to care for.",https://www.maisondecocon.com/en/products/crinkly-cotton-muslin-tetra-sahara-pink?variant_sku=FCRINKSTRF1126,https://cdn.shopify.com/s/files/1/0884/0278/8685/files/crinkly-cotton-muslin-sahara-pink-texture-detail.jpg?v=1786026133,out_of_stock,139.00 EUR,Casilin,new,5407004721194,FCRINKSTRF1126,crinkly-cotton-muslin-tetra-sahara-pink
FCRINKSTRF1152,Crinkly - Cotton Muslin - Tetra - Sahara Pink,"A breathable cotton muslin duvet cover in warm sahara pink, with a naturally wrinkled, no-iron texture — soft to the touch and effortless to care for.",https://www.maisondecocon.com/en/products/crinkly-cotton-muslin-tetra-sahara-pink?variant_sku=FCRINKSTRF1152,https://cdn.shopify.com/s/files/1/0884/0278/8685/files/crinkly-cotton-muslin-sahara-pink-texture-detail.jpg?v=1786026133,out_of_stock,229.00 EUR,Casilin,new,5407004721217,FCRINKSTRF1152,crinkly-cotton-muslin-tetra-sahara-pink
FCRINKSTRF0654,Crinkly - Cotton Muslin - Tetra - Petrol Blue,"A breathable cotton muslin duvet cover in a deep petrol blue, with a naturally wrinkled, no-iron texture — soft to the touch and effortless to care for.",https://www.maisondecocon.com/en/products/crinkly-cotton-muslin-tetra-petrol-blue?variant_sku=FCRINKSTRF0654,https://cdn.shopify.com/s/files/1/0884/0278/8685/files/crinkly-cotton-muslin-petrol-blue-texture-detail.jpg?v=1786026075,out_of_stock,229.00 EUR,Casilin,new,,FCRINKSTRF0654,crinkly-cotton-muslin-tetra-petrol-blue
FCRINKSTRF0652,Crinkly - Cotton Muslin - Tetra - Petrol Blue,"A breathable cotton muslin duvet cover in a deep petrol blue, with a naturally wrinkled, no-iron texture — soft to the touch and effortless to care for.",https://www.maisondecocon.com/en/products/crinkly-cotton-muslin-tetra-petrol-blue?variant_sku=FCRINKSTRF0652,https://cdn.shopify.com/s/files/1/0884/0278/8685/files/crinkly-cotton-muslin-petrol-blue-texture-detail.jpg?v=1786026075,out_of_stock,239.00 EUR,Casilin,new,5407004721156,FCRINKSTRF0652,crinkly-cotton-muslin-tetra-petrol-blue
FCRINKSTRF0643,Crinkly - Cotton Muslin - Tetra - Petrol Blue,"A breathable cotton muslin duvet cover in a deep petrol blue, with a naturally wrinkled, no-iron texture — soft to the touch and effortless to care for.",https://www.maisondecocon.com/en/products/crinkly-cotton-muslin-tetra-petrol-blue?variant_sku=FCRINKSTRF0643,https://cdn.shopify.com/s/files/1/0884/0278/8685/files/crinkly-cotton-muslin-petrol-blue-texture-detail.jpg?v=1786026075,out_of_stock,209.00 EUR,Casilin,new,5407004721149,FCRINKSTRF0643,crinkly-cotton-muslin-tetra-petrol-blue
FCRINKSTRF0626,Crinkly - Cotton Muslin - Tetra - Petrol Blue,"A breathable cotton muslin duvet cover in a deep petrol blue, with a naturally wrinkled, no-iron texture — soft to the touch and effortless to care for.",https://www.maisondecocon.com/en/products/crinkly-cotton-muslin-tetra-petrol-blue?variant_sku=FCRINKSTRF0626,https://cdn.shopify.com/s/files/1/0884/0278/8685/files/crinkly-cotton-muslin-petrol-blue-texture-detail.jpg?v=1786026075,out_of_stock,139.00 EUR,Casilin,new,5407004721132,FCRINKSTRF0626,crinkly-cotton-muslin-tetra-petrol-blue
SCRINKLYSTR0154,Crinkly - Cotton Muslin - Tetra - Stripe Grey,A reversible cotton muslin duvet cover with a fine woven pinstripe on one side and a solid ticking stripe on the other — soft to the touch and effortless to care for.,https://www.maisondecocon.com/en/products/crinkly-cotton-muslin-tetra-stripe-grey?variant_sku=SCRINKLYSTR0154,https://cdn.shopify.com/s/files/1/0884/0278/8685/files/crinkly-cotton-muslin-stripe-grey-product-shot.jpg?v=1786026165,out_of_stock,229.00 EUR,Casilin,new,5603303018434,SCRINKLYSTR0154,crinkly-cotton-muslin-tetra-stripe-grey
SCRINKLYSTR0143,Crinkly - Cotton Muslin - Tetra - Stripe Grey,A reversible cotton muslin duvet cover with a fine woven pinstripe on one side and a solid ticking stripe on the other — soft to the touch and effortless to care for.,https://www.maisondecocon.com/en/products/crinkly-cotton-muslin-tetra-stripe-grey?variant_sku=SCRINKLYSTR0143,https://cdn.shopify.com/s/files/1/0884/0278/8685/files/crinkly-cotton-muslin-stripe-grey-product-shot.jpg?v=1786026165,out_of_stock,199.00 EUR,Casilin,new,5603303018427,SCRINKLYSTR0143,crinkly-cotton-muslin-tetra-stripe-grey
SCRINKLYSTR0126,Crinkly - Cotton Muslin - Tetra - Stripe Grey,A reversible cotton muslin duvet cover with a fine woven pinstripe on one side and a solid ticking stripe on the other — soft to the touch and effortless to care for.,https://www.maisondecocon.com/en/products/crinkly-cotton-muslin-tetra-stripe-grey?variant_sku=SCRINKLYSTR0126,https://cdn.shopify.com/s/files/1/0884/0278/8685/files/crinkly-cotton-muslin-stripe-grey-product-shot.jpg?v=1786026165,out_of_stock,129.00 EUR,Casilin,new,5603303018380,SCRINKLYSTR0126,crinkly-cotton-muslin-tetra-stripe-grey
FCRINKSTRF1552,Crinkly - Cotton Muslin - Ice Blue,"A breathable cotton muslin duvet cover in a soft ice blue, with a naturally wrinkled, no-iron texture - relaxed and airy for everyday comfort.",https://www.maisondecocon.com/en/products/crinkly-cotton-muslin-ice-blue?variant_sku=FCRINKSTRF1552,https://cdn.shopify.com/s/files/1/0884/0278/8685/files/crinkly-cotton-muslin-ice-blue-texture-detail.jpg?v=1786025926,out_of_stock,219.00 EUR,Casilin,new,5407004721279,FCRINKSTRF1552,crinkly-cotton-muslin-ice-blue
FCRINKSTRF1543,Crinkly - Cotton Muslin - Ice Blue,"A breathable cotton muslin duvet cover in a soft ice blue, with a naturally wrinkled, no-iron texture - relaxed and airy for everyday comfort.",https://www.maisondecocon.com/en/products/crinkly-cotton-muslin-ice-blue?variant_sku=FCRINKSTRF1543,https://cdn.shopify.com/s/files/1/0884/0278/8685/files/crinkly-cotton-muslin-ice-blue-texture-detail.jpg?v=1786025926,out_of_stock,199.00 EUR,Casilin,new,5407004721262,FCRINKSTRF1543,crinkly-cotton-muslin-ice-blue
FCRINKSTRF1526,Crinkly - Cotton Muslin - Ice Blue,"A breathable cotton muslin duvet cover in a soft ice blue, with a naturally wrinkled, no-iron texture - relaxed and airy for everyday comfort.",https://www.maisondecocon.com/en/products/crinkly-cotton-muslin-ice-blue?variant_sku=FCRINKSTRF1526,https://cdn.shopify.com/s/files/1/0884/0278/8685/files/crinkly-cotton-muslin-ice-blue-texture-detail.jpg?v=1786025926,out_of_stock,129.00 EUR,Casilin,new,5407004721255,FCRINKSTRF1526,crinkly-cotton-muslin-ice-blue
FCRINKSTRF1554,Crinkly - Cotton Muslin - Ice Blue,"A breathable cotton muslin duvet cover in a soft ice blue, with a naturally wrinkled, no-iron texture - relaxed and airy for everyday comfort.",https://www.maisondecocon.com/en/products/crinkly-cotton-muslin-ice-blue?variant_sku=FCRINKSTRF1554,https://cdn.shopify.com/s/files/1/0884/0278/8685/files/crinkly-cotton-muslin-ice-blue-texture-detail.jpg?v=1786025926,out_of_stock,229.00 EUR,Casilin,new,,FCRINKSTRF1554,crinkly-cotton-muslin-ice-blue
SSATINDUO39,Duvet - Satin Duo,"This 4-season duvet combines two duvets that connect with press studs, letting you adjust warmth by season. It has a cotton satin cover and long-lasting Megafill hollow fiber filling.",https://www.maisondecocon.com/en/products/duvet-satin-duo?variant_sku=SSATINDUO39,https://cdn.shopify.com/s/files/1/0884/0278/8685/files/duvet-satin-duo-hanging-product-shot.jpg?v=1786026615,out_of_stock,436.00 EUR,Casilin,new,4007151542478,SSATINDUO39,duvet-satin-duo
SSATINDUO43,Duvet - Satin Duo,"This 4-season duvet combines two duvets that connect with press studs, letting you adjust warmth by season. It has a cotton satin cover and long-lasting Megafill hollow fiber filling.",https://www.maisondecocon.com/en/products/duvet-satin-duo?variant_sku=SSATINDUO43,https://cdn.shopify.com/s/files/1/0884/0278/8685/files/duvet-satin-duo-hanging-product-shot.jpg?v=1786026615,out_of_stock,479.00 EUR,Casilin,new,4007151542485,SSATINDUO43,duvet-satin-duo
SSATINDUO52,Duvet - Satin Duo,"This 4-season duvet combines two duvets that connect with press studs, letting you adjust warmth by season. It has a cotton satin cover and long-lasting Megafill hollow fiber filling.",https://www.maisondecocon.com/en/products/duvet-satin-duo?variant_sku=SSATINDUO52,https://cdn.shopify.com/s/files/1/0884/0278/8685/files/duvet-satin-duo-hanging-product-shot.jpg?v=1786026615,out_of_stock,517.00 EUR,Casilin,new,4007151542492,SSATINDUO52,duvet-satin-duo
SSATINDUO27,Duvet - Satin Duo,"This 4-season duvet combines two duvets that connect with press studs, letting you adjust warmth by season. It has a cotton satin cover and long-lasting Megafill hollow fiber filling.",https://www.maisondecocon.com/en/products/duvet-satin-duo?variant_sku=SSATINDUO27,https://cdn.shopify.com/s/files/1/0884/0278/8685/files/duvet-satin-duo-hanging-product-shot.jpg?v=1786026615,out_of_stock,289.00 EUR,Casilin,new,4007151542898,SSATINDUO27,duvet-satin-duo
SSATINDUO54,Duvet - Satin Duo,"This 4-season duvet combines two duvets that connect with press studs, letting you adjust warmth by season. It has a cotton satin cover and long-lasting Megafill hollow fiber filling.",https://www.maisondecocon.com/en/products/duvet-satin-duo?variant_sku=SSATINDUO54,https://cdn.shopify.com/s/files/1/0884/0278/8685/files/duvet-satin-duo-hanging-product-shot.jpg?v=1786026615,out_of_stock,281.00 EUR,Casilin,new,,SSATINDUO54,duvet-satin-duo
SSATINDUO26,Duvet - Satin Duo,"This 4-season duvet combines two duvets that connect with press studs, letting you adjust warmth by season. It has a cotton satin cover and long-lasting Megafill hollow fiber filling.",https://www.maisondecocon.com/en/products/duvet-satin-duo?variant_sku=SSATINDUO26,https://cdn.shopify.com/s/files/1/0884/0278/8685/files/duvet-satin-duo-hanging-product-shot.jpg?v=1786026615,out_of_stock,272.00 EUR,Casilin,new,4007151542461,SSATINDUO26,duvet-satin-duo
FCRINKSTRF1352,Crinkly - Cotton Muslin - Tetra - Sage Green,"A breathable cotton muslin duvet cover in muted sage green, with a naturally wrinkled, no-iron texture — soft to the touch and effortless to care for.",https://www.maisondecocon.com/en/products/crinkly-cotton-muslin-tetra-sage-green?variant_sku=FCRINKSTRF1352,https://cdn.shopify.com/s/files/1/0884/0278/8685/files/crinkly-cotton-muslin-sage-green-texture-detail.jpg?v=1786026105,out_of_stock,229.00 EUR,Casilin,new,5407004721095,FCRINKSTRF1352,crinkly-cotton-muslin-tetra-sage-green
FCRINKSTRF1354,Crinkly - Cotton Muslin - Tetra - Sage Green,"A breathable cotton muslin duvet cover in muted sage green, with a naturally wrinkled, no-iron texture — soft to the touch and effortless to care for.",https://www.maisondecocon.com/en/products/crinkly-cotton-muslin-tetra-sage-green?variant_sku=FCRINKSTRF1354,https://cdn.shopify.com/s/files/1/0884/0278/8685/files/crinkly-cotton-muslin-sage-green-texture-detail.jpg?v=1786026105,out_of_stock,239.00 EUR,Casilin,new,,FCRINKSTRF1354,crinkly-cotton-muslin-tetra-sage-green
FCRINKSTRF1326,Crinkly - Cotton Muslin - Tetra - Sage Green,"A breathable cotton muslin duvet cover in muted sage green, with a naturally wrinkled, no-iron texture — soft to the touch and effortless to care for.",https://www.maisondecocon.com/en/products/crinkly-cotton-muslin-tetra-sage-green?variant_sku=FCRINKSTRF1326,https://cdn.shopify.com/s/files/1/0884/0278/8685/files/crinkly-cotton-muslin-sage-green-texture-detail.jpg?v=1786026105,out_of_stock,139.00 EUR,Casilin,new,5407004721071,FCRINKSTRF1326,crinkly-cotton-muslin-tetra-sage-green
FCRINKSTRF1343,Crinkly - Cotton Muslin - Tetra - Sage Green,"A breathable cotton muslin duvet cover in muted sage green, with a naturally wrinkled, no-iron texture — soft to the touch and effortless to care for.",https://www.maisondecocon.com/en/products/crinkly-cotton-muslin-tetra-sage-green?variant_sku=FCRINKSTRF1343,https://cdn.shopify.com/s/files/1/0884/0278/8685/files/crinkly-cotton-muslin-sage-green-texture-detail.jpg?v=1786026105,out_of_stock,209.00 EUR,Casilin,new,5407004721088,FCRINKSTRF1343,crinkly-cotton-muslin-tetra-sage-green
FCRINKSTRF0552,Crinkly - Cotton Muslin - Tetra - Light Grey,"A breathable cotton muslin duvet cover in light grey, with a naturally wrinkled, no-iron texture - soft to the touch and effortless to care for.",https://www.maisondecocon.com/en/products/crinkly-cotton-muslin-tetra-light-grey?variant_sku=FCRINKSTRF0552,https://cdn.shopify.com/s/files/1/0884/0278/8685/files/crinkly-cotton-muslin-light-grey-lifestyle.jpg?v=1786026018,out_of_stock,229.00 EUR,Casilin,new,5407004721125,FCRINKSTRF0552,crinkly-cotton-muslin-tetra-light-grey
FCRINKSTRF0554,Crinkly - Cotton Muslin - Tetra - Light Grey,"A breathable cotton muslin duvet cover in light grey, with a naturally wrinkled, no-iron texture - soft to the touch and effortless to care for.",https://www.maisondecocon.com/en/products/crinkly-cotton-muslin-tetra-light-grey?variant_sku=FCRINKSTRF0554,https://cdn.shopify.com/s/files/1/0884/0278/8685/files/crinkly-cotton-muslin-light-grey-lifestyle.jpg?v=1786026018,out_of_stock,239.00 EUR,Casilin,new,,FCRINKSTRF0554,crinkly-cotton-muslin-tetra-light-grey
FCRINKSTRF0543,Crinkly - Cotton Muslin - Tetra - Light Grey,"A breathable cotton muslin duvet cover in light grey, with a naturally wrinkled, no-iron texture - soft to the touch and effortless to care for.",https://www.maisondecocon.com/en/products/crinkly-cotton-muslin-tetra-light-grey?variant_sku=FCRINKSTRF0543,https://cdn.shopify.com/s/files/1/0884/0278/8685/files/crinkly-cotton-muslin-light-grey-lifestyle.jpg?v=1786026018,out_of_stock,209.00 EUR,Casilin,new,5407004721118,FCRINKSTRF0543,crinkly-cotton-muslin-tetra-light-grey
FCRINKSTRF0526,Crinkly - Cotton Muslin - Tetra - Light Grey,"A breathable cotton muslin duvet cover in light grey, with a naturally wrinkled, no-iron texture - soft to the touch and effortless to care for.",https://www.maisondecocon.com/en/products/crinkly-cotton-muslin-tetra-light-grey?variant_sku=FCRINKSTRF0526,https://cdn.shopify.com/s/files/1/0884/0278/8685/files/crinkly-cotton-muslin-light-grey-lifestyle.jpg?v=1786026018,out_of_stock,139.00 EUR,Casilin,new,5407004721101,FCRINKSTRF0526,crinkly-cotton-muslin-tetra-light-grey
SROYALPS905022,Royal Percale Fitted Sheet - Light Grey,"A crisp, breathable percale cotton fitted sheet in light grey, with a deep 32 cm corner and elasticated edges for a secure fit.",https://www.maisondecocon.com/en/products/royal-percale-fitted-sheet-light-grey?variant_sku=SROYALPS905022,https://cdn.shopify.com/s/files/1/0884/0278/8685/files/royal-percale-fitted-sheet-light-grey-folded-label-white-mismatch.jpg?v=1786027055,out_of_stock,52.00 EUR,Casilin,new,5425023659939,SROYALPS905022,royal-percale-fitted-sheet-light-grey
SROYALPS905033,Royal Percale Fitted Sheet - Light Grey,"A crisp, breathable percale cotton fitted sheet in light grey, with a deep 32 cm corner and elasticated edges for a secure fit.",https://www.maisondecocon.com/en/products/royal-percale-fitted-sheet-light-grey?variant_sku=SROYALPS905033,https://cdn.shopify.com/s/files/1/0884/0278/8685/files/royal-percale-fitted-sheet-light-grey-folded-label-white-mismatch.jpg?v=1786027055,out_of_stock,87.00 EUR,Casilin,new,5425003659966,SROYALPS905033,royal-percale-fitted-sheet-light-grey
SROYALPS905029,Royal Percale Fitted Sheet - Light Grey,"A crisp, breathable percale cotton fitted sheet in light grey, with a deep 32 cm corner and elasticated edges for a secure fit.",https://www.maisondecocon.com/en/products/royal-percale-fitted-sheet-light-grey?variant_sku=SROYALPS905029,https://cdn.shopify.com/s/files/1/0884/0278/8685/files/royal-percale-fitted-sheet-light-grey-folded-label-white-mismatch.jpg?v=1786027055,out_of_stock,79.00 EUR,Casilin,new,5425023659953,SROYALPS905029,royal-percale-fitted-sheet-light-grey
SROYALPS905037,Royal Percale Fitted Sheet - Light Grey,"A crisp, breathable percale cotton fitted sheet in light grey, with a deep 32 cm corner and elasticated edges for a secure fit.",https://www.maisondecocon.com/en/products/royal-percale-fitted-sheet-light-grey?variant_sku=SROYALPS905037,https://cdn.shopify.com/s/files/1/0884/0278/8685/files/royal-percale-fitted-sheet-light-grey-folded-label-white-mismatch.jpg?v=1786027055,out_of_stock,90.00 EUR,Casilin,new,5425023659885,SROYALPS905037,royal-percale-fitted-sheet-light-grey
SROYALPS905027,Royal Percale Fitted Sheet - Light Grey,"A crisp, breathable percale cotton fitted sheet in light grey, with a deep 32 cm corner and elasticated edges for a secure fit.",https://www.maisondecocon.com/en/products/royal-percale-fitted-sheet-light-grey?variant_sku=SROYALPS905027,https://cdn.shopify.com/s/files/1/0884/0278/8685/files/royal-percale-fitted-sheet-light-grey-folded-label-white-mismatch.jpg?v=1786027055,out_of_stock,79.00 EUR,Casilin,new,5425023659946,SROYALPS905027,royal-percale-fitted-sheet-light-grey
SSUMCOTLIGHT52,Duvet - Summer Cotton Light,"This light 100% cotton summer duvet has both a percale cotton cover and cotton filling, absorbing moisture quickly for a dry, cool sleeping feel on warm summer nights.",https://www.maisondecocon.com/en/products/duvet-summer-cotton-light?variant_sku=SSUMCOTLIGHT52,https://cdn.shopify.com/s/files/1/0884/0278/8685/files/duvet-summer-cotton-light-hanging-product-shot.jpg?v=1786026735,out_of_stock,197.00 EUR,Casilin,new,4007151542768,SSUMCOTLIGHT52,duvet-summer-cotton-light
SSUMCOTLIGHT54,Duvet - Summer Cotton Light,"This light 100% cotton summer duvet has both a percale cotton cover and cotton filling, absorbing moisture quickly for a dry, cool sleeping feel on warm summer nights.",https://www.maisondecocon.com/en/products/duvet-summer-cotton-light?variant_sku=SSUMCOTLIGHT54,https://cdn.shopify.com/s/files/1/0884/0278/8685/files/duvet-summer-cotton-light-hanging-product-shot.jpg?v=1786026735,out_of_stock,247.00 EUR,Casilin,new,4007151542942,SSUMCOTLIGHT54,duvet-summer-cotton-light
SSUMCOTLIGHT26,Duvet - Summer Cotton Light,"This light 100% cotton summer duvet has both a percale cotton cover and cotton filling, absorbing moisture quickly for a dry, cool sleeping feel on warm summer nights.",https://www.maisondecocon.com/en/products/duvet-summer-cotton-light?variant_sku=SSUMCOTLIGHT26,https://cdn.shopify.com/s/files/1/0884/0278/8685/files/duvet-summer-cotton-light-hanging-product-shot.jpg?v=1786026735,out_of_stock,95.00 EUR,Casilin,new,4007151542737,SSUMCOTLIGHT26,duvet-summer-cotton-light
SSUMCOTLIGHT43,Duvet - Summer Cotton Light,"This light 100% cotton summer duvet has both a percale cotton cover and cotton filling, absorbing moisture quickly for a dry, cool sleeping feel on warm summer nights.",https://www.maisondecocon.com/en/products/duvet-summer-cotton-light?variant_sku=SSUMCOTLIGHT43,https://cdn.shopify.com/s/files/1/0884/0278/8685/files/duvet-summer-cotton-light-hanging-product-shot.jpg?v=1786026735,out_of_stock,170.00 EUR,Casilin,new,4007151542751,SSUMCOTLIGHT43,duvet-summer-cotton-light
SSUMCOTLIGHT39,Duvet - Summer Cotton Light,"This light 100% cotton summer duvet has both a percale cotton cover and cotton filling, absorbing moisture quickly for a dry, cool sleeping feel on warm summer nights.",https://www.maisondecocon.com/en/products/duvet-summer-cotton-light?variant_sku=SSUMCOTLIGHT39,https://cdn.shopify.com/s/files/1/0884/0278/8685/files/duvet-summer-cotton-light-hanging-product-shot.jpg?v=1786026735,out_of_stock,155.00 EUR,Casilin,new,4007151542744,SSUMCOTLIGHT39,duvet-summer-cotton-light
SSUMCOTLIGHT27,Duvet - Summer Cotton Light,"This light 100% cotton summer duvet has both a percale cotton cover and cotton filling, absorbing moisture quickly for a dry, cool sleeping feel on warm summer nights.",https://www.maisondecocon.com/en/products/duvet-summer-cotton-light?variant_sku=SSUMCOTLIGHT27,https://cdn.shopify.com/s/files/1/0884/0278/8685/files/duvet-summer-cotton-light-hanging-product-shot.jpg?v=1786026735,out_of_stock,109.00 EUR,Casilin,new,4007151561837,SSUMCOTLIGHT27,duvet-summer-cotton-light
SSUPSOFTDUO27,Duvet - Super Soft Duo,"This 4-season duvet combines two duvets connected by press studs. The Tencel satin cover and Tencel/climate fiber filling feel silky soft, moisture-regulating, and anti-allergic.",https://www.maisondecocon.com/en/products/duvet-super-soft-duo?variant_sku=SSUPSOFTDUO27,https://cdn.shopify.com/s/files/1/0884/0278/8685/files/duvet-super-soft-duo-folded-product-shot.jpg?v=1786026832,out_of_stock,349.00 EUR,Casilin,new,4007151542928,SSUPSOFTDUO27,duvet-super-soft-duo
SSUPSOFTDUO43,Duvet - Super Soft Duo,"This 4-season duvet combines two duvets connected by press studs. The Tencel satin cover and Tencel/climate fiber filling feel silky soft, moisture-regulating, and anti-allergic.",https://www.maisondecocon.com/en/products/duvet-super-soft-duo?variant_sku=SSUPSOFTDUO43,https://cdn.shopify.com/s/files/1/0884/0278/8685/files/duvet-super-soft-duo-folded-product-shot.jpg?v=1786026832,out_of_stock,615.00 EUR,Casilin,new,4007151542713,SSUPSOFTDUO43,duvet-super-soft-duo
SSUPSOFTDUO26,Duvet - Super Soft Duo,"This 4-season duvet combines two duvets connected by press studs. The Tencel satin cover and Tencel/climate fiber filling feel silky soft, moisture-regulating, and anti-allergic.",https://www.maisondecocon.com/en/products/duvet-super-soft-duo?variant_sku=SSUPSOFTDUO26,https://cdn.shopify.com/s/files/1/0884/0278/8685/files/duvet-super-soft-duo-folded-product-shot.jpg?v=1786026832,out_of_stock,337.00 EUR,Casilin,new,4007151542690,SSUPSOFTDUO26,duvet-super-soft-duo
SSUPSOFTDUO52,Duvet - Super Soft Duo,"This 4-season duvet combines two duvets connected by press studs. The Tencel satin cover and Tencel/climate fiber filling feel silky soft, moisture-regulating, and anti-allergic.",https://www.maisondecocon.com/en/products/duvet-super-soft-duo?variant_sku=SSUPSOFTDUO52,https://cdn.shopify.com/s/files/1/0884/0278/8685/files/duvet-super-soft-duo-folded-product-shot.jpg?v=1786026832,out_of_stock,657.00 EUR,Casilin,new,4007151542720,SSUPSOFTDUO52,duvet-super-soft-duo
SSUPSOFTDUO54,Duvet - Super Soft Duo,"This 4-season duvet combines two duvets connected by press studs. The Tencel satin cover and Tencel/climate fiber filling feel silky soft, moisture-regulating, and anti-allergic.",https://www.maisondecocon.com/en/products/duvet-super-soft-duo?variant_sku=SSUPSOFTDUO54,https://cdn.shopify.com/s/files/1/0884/0278/8685/files/duvet-super-soft-duo-folded-product-shot.jpg?v=1786026832,out_of_stock,682.00 EUR,Casilin,new,4007151542935,SSUPSOFTDUO54,duvet-super-soft-duo
SSUPSOFTDUO39,Duvet - Super Soft Duo,"This 4-season duvet combines two duvets connected by press studs. The Tencel satin cover and Tencel/climate fiber filling feel silky soft, moisture-regulating, and anti-allergic.",https://www.maisondecocon.com/en/products/duvet-super-soft-duo?variant_sku=SSUPSOFTDUO39,https://cdn.shopify.com/s/files/1/0884/0278/8685/files/duvet-super-soft-duo-folded-product-shot.jpg?v=1786026832,out_of_stock,514.00 EUR,Casilin,new,4007151542706,SSUPSOFTDUO39,duvet-super-soft-duo
SSATINMONO26,Duvet - Satin Mono,"This all-year, medium-warm duvet has a skin-friendly cotton satin cover and Megafill hollow fiber filling that keeps its volume and resilience wash after wash.",https://www.maisondecocon.com/en/products/duvet-satin-mono?variant_sku=SSATINMONO26,https://cdn.shopify.com/s/files/1/0884/0278/8685/files/duvet-satin-mono-hanging-product-shot.jpg?v=1786026676,out_of_stock,136.00 EUR,Casilin,new,4007151542386,SSATINMONO26,duvet-satin-mono
SSATINMONO52,Duvet - Satin Mono,"This all-year, medium-warm duvet has a skin-friendly cotton satin cover and Megafill hollow fiber filling that keeps its volume and resilience wash after wash.",https://www.maisondecocon.com/en/products/duvet-satin-mono?variant_sku=SSATINMONO52,https://cdn.shopify.com/s/files/1/0884/0278/8685/files/duvet-satin-mono-hanging-product-shot.jpg?v=1786026676,out_of_stock,314.00 EUR,Casilin,new,4007151542416,SSATINMONO52,duvet-satin-mono
SSATINMONO27,Duvet - Satin Mono,"This all-year, medium-warm duvet has a skin-friendly cotton satin cover and Megafill hollow fiber filling that keeps its volume and resilience wash after wash.",https://www.maisondecocon.com/en/products/duvet-satin-mono?variant_sku=SSATINMONO27,https://cdn.shopify.com/s/files/1/0884/0278/8685/files/duvet-satin-mono-hanging-product-shot.jpg?v=1786026676,out_of_stock,149.00 EUR,Casilin,new,4007151542874,SSATINMONO27,duvet-satin-mono
SSATINMONO39,Duvet - Satin Mono,"This all-year, medium-warm duvet has a skin-friendly cotton satin cover and Megafill hollow fiber filling that keeps its volume and resilience wash after wash.",https://www.maisondecocon.com/en/products/duvet-satin-mono?variant_sku=SSATINMONO39,https://cdn.shopify.com/s/files/1/0884/0278/8685/files/duvet-satin-mono-hanging-product-shot.jpg?v=1786026676,out_of_stock,247.00 EUR,Casilin,new,4007151542393,SSATINMONO39,duvet-satin-mono
SSATINMONO43,Duvet - Satin Mono,"This all-year, medium-warm duvet has a skin-friendly cotton satin cover and Megafill hollow fiber filling that keeps its volume and resilience wash after wash.",https://www.maisondecocon.com/en/products/duvet-satin-mono?variant_sku=SSATINMONO43,https://cdn.shopify.com/s/files/1/0884/0278/8685/files/duvet-satin-mono-hanging-product-shot.jpg?v=1786026676,out_of_stock,269.00 EUR,Casilin,new,4007151542409,SSATINMONO43,duvet-satin-mono
SSATINMONO54,Duvet - Satin Mono,"This all-year, medium-warm duvet has a skin-friendly cotton satin cover and Megafill hollow fiber filling that keeps its volume and resilience wash after wash.",https://www.maisondecocon.com/en/products/duvet-satin-mono?variant_sku=SSATINMONO54,https://cdn.shopify.com/s/files/1/0884/0278/8685/files/duvet-satin-mono-hanging-product-shot.jpg?v=1786026676,out_of_stock,341.00 EUR,Casilin,new,4007151542881,SSATINMONO54,duvet-satin-mono
SSUPSOFTLIGHT26,Duvet - Super Soft Light,"This light summer duvet has a silky Tencel satin cover and moisture-regulating Tencel/climate fiber filling, absorbing and releasing moisture fast for a dry night's sleep.",https://www.maisondecocon.com/en/products/duvet-super-soft-light?variant_sku=SSUPSOFTLIGHT26,https://cdn.shopify.com/s/files/1/0884/0278/8685/files/duvet-super-soft-light-hanging-product-shot.jpg?v=1786026902,out_of_stock,146.00 EUR,Casilin,new,4007151542508,SSUPSOFTLIGHT26,duvet-super-soft-light
SSUPSOFTLIGHT43,Duvet - Super Soft Light,"This light summer duvet has a silky Tencel satin cover and moisture-regulating Tencel/climate fiber filling, absorbing and releasing moisture fast for a dry night's sleep.",https://www.maisondecocon.com/en/products/duvet-super-soft-light?variant_sku=SSUPSOFTLIGHT43,https://cdn.shopify.com/s/files/1/0884/0278/8685/files/duvet-super-soft-light-hanging-product-shot.jpg?v=1786026902,out_of_stock,237.00 EUR,Casilin,new,4007151542577,SSUPSOFTLIGHT43,duvet-super-soft-light
SSUPSOFTLIGHT52,Duvet - Super Soft Light,"This light summer duvet has a silky Tencel satin cover and moisture-regulating Tencel/climate fiber filling, absorbing and releasing moisture fast for a dry night's sleep.",https://www.maisondecocon.com/en/products/duvet-super-soft-light?variant_sku=SSUPSOFTLIGHT52,https://cdn.shopify.com/s/files/1/0884/0278/8685/files/duvet-super-soft-light-hanging-product-shot.jpg?v=1786026902,out_of_stock,258.00 EUR,Casilin,new,4007151542584,SSUPSOFTLIGHT52,duvet-super-soft-light
SSUPSOFTLIGHT39,Duvet - Super Soft Light,"This light summer duvet has a silky Tencel satin cover and moisture-regulating Tencel/climate fiber filling, absorbing and releasing moisture fast for a dry night's sleep.",https://www.maisondecocon.com/en/products/duvet-super-soft-light?variant_sku=SSUPSOFTLIGHT39,https://cdn.shopify.com/s/files/1/0884/0278/8685/files/duvet-super-soft-light-hanging-product-shot.jpg?v=1786026902,out_of_stock,208.00 EUR,Casilin,new,4007151542560,SSUPSOFTLIGHT39,duvet-super-soft-light
SSUPSOFTLIGHT54,Duvet - Super Soft Light,"This light summer duvet has a silky Tencel satin cover and moisture-regulating Tencel/climate fiber filling, absorbing and releasing moisture fast for a dry night's sleep.",https://www.maisondecocon.com/en/products/duvet-super-soft-light?variant_sku=SSUPSOFTLIGHT54,https://cdn.shopify.com/s/files/1/0884/0278/8685/files/duvet-super-soft-light-hanging-product-shot.jpg?v=1786026902,out_of_stock,289.00 EUR,Casilin,new,4007151542959,SSUPSOFTLIGHT54,duvet-super-soft-light
SSUPSOFTLIGHT27,Duvet - Super Soft Light,"This light summer duvet has a silky Tencel satin cover and moisture-regulating Tencel/climate fiber filling, absorbing and releasing moisture fast for a dry night's sleep.",https://www.maisondecocon.com/en/products/duvet-super-soft-light?variant_sku=SSUPSOFTLIGHT27,https://cdn.shopify.com/s/files/1/0884/0278/8685/files/duvet-super-soft-light-hanging-product-shot.jpg?v=1786026902,out_of_stock,163.00 EUR,Casilin,new,4007151561844,SSUPSOFTLIGHT27,duvet-super-soft-light
SSUPSOFTMONO43,Duvet - Super Soft Mono,"This all-year, medium-warm duvet has a super soft Tencel satin cover and moisture-regulating Tencel/climate fiber filling for a dry, comfortable sleeping environment.",https://www.maisondecocon.com/en/products/duvet-super-soft-mono?variant_sku=SSUPSOFTMONO43,https://cdn.shopify.com/s/files/1/0884/0278/8685/files/duvet-super-soft-mono-hanging-product-shot.jpg?v=1786026971,out_of_stock,329.00 EUR,Casilin,new,4007151542676,SSUPSOFTMONO43,duvet-super-soft-mono
SSUPSOFTMONO54,Duvet - Super Soft Mono,"This all-year, medium-warm duvet has a super soft Tencel satin cover and moisture-regulating Tencel/climate fiber filling for a dry, comfortable sleeping environment.",https://www.maisondecocon.com/en/products/duvet-super-soft-mono?variant_sku=SSUPSOFTMONO54,https://cdn.shopify.com/s/files/1/0884/0278/8685/files/duvet-super-soft-mono-hanging-product-shot.jpg?v=1786026971,out_of_stock,387.00 EUR,Casilin,new,4007151542911,SSUPSOFTMONO54,duvet-super-soft-mono
SSUPSOFTMONO52,Duvet - Super Soft Mono,"This all-year, medium-warm duvet has a super soft Tencel satin cover and moisture-regulating Tencel/climate fiber filling for a dry, comfortable sleeping environment.",https://www.maisondecocon.com/en/products/duvet-super-soft-mono?variant_sku=SSUPSOFTMONO52,https://cdn.shopify.com/s/files/1/0884/0278/8685/files/duvet-super-soft-mono-hanging-product-shot.jpg?v=1786026971,out_of_stock,349.00 EUR,Casilin,new,4007151542683,SSUPSOFTMONO52,duvet-super-soft-mono
SSUPSOFTMONO27,Duvet - Super Soft Mono,"This all-year, medium-warm duvet has a super soft Tencel satin cover and moisture-regulating Tencel/climate fiber filling for a dry, comfortable sleeping environment.",https://www.maisondecocon.com/en/products/duvet-super-soft-mono?variant_sku=SSUPSOFTMONO27,https://cdn.shopify.com/s/files/1/0884/0278/8685/files/duvet-super-soft-mono-hanging-product-shot.jpg?v=1786026971,out_of_stock,185.00 EUR,Casilin,new,4007151561851,SSUPSOFTMONO27,duvet-super-soft-mono
SSUPSOFTMONO26,Duvet - Super Soft Mono,"This all-year, medium-warm duvet has a super soft Tencel satin cover and moisture-regulating Tencel/climate fiber filling for a dry, comfortable sleeping environment.",https://www.maisondecocon.com/en/products/duvet-super-soft-mono?variant_sku=SSUPSOFTMONO26,https://cdn.shopify.com/s/files/1/0884/0278/8685/files/duvet-super-soft-mono-hanging-product-shot.jpg?v=1786026971,out_of_stock,174.00 EUR,Casilin,new,4007151542591,SSUPSOFTMONO26,duvet-super-soft-mono
SSUPSOFTMONO39,Duvet - Super Soft Mono,"This all-year, medium-warm duvet has a super soft Tencel satin cover and moisture-regulating Tencel/climate fiber filling for a dry, comfortable sleeping environment.",https://www.maisondecocon.com/en/products/duvet-super-soft-mono?variant_sku=SSUPSOFTMONO39,https://cdn.shopify.com/s/files/1/0884/0278/8685/files/duvet-super-soft-mono-hanging-product-shot.jpg?v=1786026971,out_of_stock,302.00 EUR,Casilin,new,4007151542669,SSUPSOFTMONO39,duvet-super-soft-mono
SDUKE54,Duvet - Duke,"This down duvet offers a high level of sleeping comfort, filled with 90% duck down and 10% duck feathers in an ultra-fine cotton cover. Carries a Down Pass quality mark.",https://www.maisondecocon.com/en/products/duvet-duke?variant_sku=SDUKE54,https://cdn.shopify.com/s/files/1/0884/0278/8685/files/duvet-duke-folded-product-shot.jpg?v=1786026475,out_of_stock,787.00 EUR,Casilin,new,4007151299570,SDUKE54,duvet-duke
SDUKE27,Duvet - Duke,"This down duvet offers a high level of sleeping comfort, filled with 90% duck down and 10% duck feathers in an ultra-fine cotton cover. Carries a Down Pass quality mark.",https://www.maisondecocon.com/en/products/duvet-duke?variant_sku=SDUKE27,https://cdn.shopify.com/s/files/1/0884/0278/8685/files/duvet-duke-folded-product-shot.jpg?v=1786026475,out_of_stock,361.00 EUR,Casilin,new,4007151299532,SDUKE27,duvet-duke
SDUKE43,Duvet - Duke,"This down duvet offers a high level of sleeping comfort, filled with 90% duck down and 10% duck feathers in an ultra-fine cotton cover. Carries a Down Pass quality mark.",https://www.maisondecocon.com/en/products/duvet-duke?variant_sku=SDUKE43,https://cdn.shopify.com/s/files/1/0884/0278/8685/files/duvet-duke-folded-product-shot.jpg?v=1786026475,out_of_stock,612.00 EUR,Casilin,new,4007151299556,SDUKE43,duvet-duke
SDUKE26,Duvet - Duke,"This down duvet offers a high level of sleeping comfort, filled with 90% duck down and 10% duck feathers in an ultra-fine cotton cover. Carries a Down Pass quality mark.",https://www.maisondecocon.com/en/products/duvet-duke?variant_sku=SDUKE26,https://cdn.shopify.com/s/files/1/0884/0278/8685/files/duvet-duke-folded-product-shot.jpg?v=1786026475,out_of_stock,341.00 EUR,Casilin,new,4007151299525,SDUKE26,duvet-duke
SDUKE52,Duvet - Duke,"This down duvet offers a high level of sleeping comfort, filled with 90% duck down and 10% duck feathers in an ultra-fine cotton cover. Carries a Down Pass quality mark.",https://www.maisondecocon.com/en/products/duvet-duke?variant_sku=SDUKE52,https://cdn.shopify.com/s/files/1/0884/0278/8685/files/duvet-duke-folded-product-shot.jpg?v=1786026475,out_of_stock,694.00 EUR,Casilin,new,4007151299563,SDUKE52,duvet-duke
SDUKE39,Duvet - Duke,"This down duvet offers a high level of sleeping comfort, filled with 90% duck down and 10% duck feathers in an ultra-fine cotton cover. Carries a Down Pass quality mark.",https://www.maisondecocon.com/en/products/duvet-duke?variant_sku=SDUKE39,https://cdn.shopify.com/s/files/1/0884/0278/8685/files/duvet-duke-folded-product-shot.jpg?v=1786026475,out_of_stock,517.00 EUR,Casilin,new,4007151299549,SDUKE39,duvet-duke
SCLASSMEDIUM63,Classic Pillow - Medium Support,"A soft, supportive pillow filled with breathable, moisture-regulating AIR-FILL® fiber for a down-like feel.",https://www.maisondecocon.com/en/products/classic-pillow-medium-support?variant_sku=SCLASSMEDIUM63,https://cdn.shopify.com/s/files/1/0884/0278/8685/files/classic-pillow-medium-support-corner-detail.jpg?v=1786021552,out_of_stock,54.00 EUR,Casilin,new,4007151542805,SCLASSMEDIUM63,classic-pillow-medium-support
SCLASSMEDIUM62,Classic Pillow - Medium Support,"A soft, supportive pillow filled with breathable, moisture-regulating AIR-FILL® fiber for a down-like feel.",https://www.maisondecocon.com/en/products/classic-pillow-medium-support?variant_sku=SCLASSMEDIUM62,https://cdn.shopify.com/s/files/1/0884/0278/8685/files/classic-pillow-medium-support-corner-detail.jpg?v=1786021552,out_of_stock,54.00 EUR,Casilin,new,4007151542799,SCLASSMEDIUM62,classic-pillow-medium-support
SAIRCOVMAXWPS27L,Air Cover Mattress Protector - Waterproof,"A breathable, waterproof mattress protector made from 3D knitted fabric with Purotex+ antibacterial treatment, designed for extra-high mattresses up to 40 cm.",https://www.maisondecocon.com/en/products/air-cover-mattress-protector-waterproof?variant_sku=SAIRCOVMAXWPS27L,https://cdn.shopify.com/s/files/1/0884/0278/8685/files/air-cover-mattress-protector-waterproof-label.jpg?v=1786023444,out_of_stock,259.00 EUR,Casilin,new,5420065501048,SAIRCOVMAXWPS27L,air-cover-mattress-protector-waterproof
SAIRCOVMAXWPS33,Air Cover Mattress Protector - Waterproof,"A breathable, waterproof mattress protector made from 3D knitted fabric with Purotex+ antibacterial treatment, designed for extra-high mattresses up to 40 cm.",https://www.maisondecocon.com/en/products/air-cover-mattress-protector-waterproof?variant_sku=SAIRCOVMAXWPS33,https://cdn.shopify.com/s/files/1/0884/0278/8685/files/air-cover-mattress-protector-waterproof-label.jpg?v=1786023444,out_of_stock,289.00 EUR,Casilin,new,5420065501079,SAIRCOVMAXWPS33,air-cover-mattress-protector-waterproof
SAIRCOVMAXWPS22L,Air Cover Mattress Protector - Waterproof,"A breathable, waterproof mattress protector made from 3D knitted fabric with Purotex+ antibacterial treatment, designed for extra-high mattresses up to 40 cm.",https://www.maisondecocon.com/en/products/air-cover-mattress-protector-waterproof?variant_sku=SAIRCOVMAXWPS22L,https://cdn.shopify.com/s/files/1/0884/0278/8685/files/air-cover-mattress-protector-waterproof-label.jpg?v=1786023444,out_of_stock,239.00 EUR,Casilin,new,5420065501000,SAIRCOVMAXWPS22L,air-cover-mattress-protector-waterproof
SAIRCOVMAXWPS20L,Air Cover Mattress Protector - Waterproof,"A breathable, waterproof mattress protector made from 3D knitted fabric with Purotex+ antibacterial treatment, designed for extra-high mattresses up to 40 cm.",https://www.maisondecocon.com/en/products/air-cover-mattress-protector-waterproof?variant_sku=SAIRCOVMAXWPS20L,https://cdn.shopify.com/s/files/1/0884/0278/8685/files/air-cover-mattress-protector-waterproof-label.jpg?v=1786023444,out_of_stock,219.00 EUR,Casilin,new,5420065500980,SAIRCOVMAXWPS20L,air-cover-mattress-protector-waterproof
SAIRCOVMAXWPS31,Air Cover Mattress Protector - Waterproof,"A breathable, waterproof mattress protector made from 3D knitted fabric with Purotex+ antibacterial treatment, designed for extra-high mattresses up to 40 cm.",https://www.maisondecocon.com/en/products/air-cover-mattress-protector-waterproof?variant_sku=SAIRCOVMAXWPS31,https://cdn.shopify.com/s/files/1/0884/0278/8685/files/air-cover-mattress-protector-waterproof-label.jpg?v=1786023444,out_of_stock,259.00 EUR,Casilin,new,5420065501055,SAIRCOVMAXWPS31,air-cover-mattress-protector-waterproof
SAIRCOVMAXWPS37L,Air Cover Mattress Protector - Waterproof,"A breathable, waterproof mattress protector made from 3D knitted fabric with Purotex+ antibacterial treatment, designed for extra-high mattresses up to 40 cm.",https://www.maisondecocon.com/en/products/air-cover-mattress-protector-waterproof?variant_sku=SAIRCOVMAXWPS37L,https://cdn.shopify.com/s/files/1/0884/0278/8685/files/air-cover-mattress-protector-waterproof-label.jpg?v=1786023444,out_of_stock,359.00 EUR,Casilin,new,5420065501109,SAIRCOVMAXWPS37L,air-cover-mattress-protector-waterproof
SAIRCOVMAXWPS22,Air Cover Mattress Protector - Waterproof,"A breathable, waterproof mattress protector made from 3D knitted fabric with Purotex+ antibacterial treatment, designed for extra-high mattresses up to 40 cm.",https://www.maisondecocon.com/en/products/air-cover-mattress-protector-waterproof?variant_sku=SAIRCOVMAXWPS22,https://cdn.shopify.com/s/files/1/0884/0278/8685/files/air-cover-mattress-protector-waterproof-label.jpg?v=1786023444,out_of_stock,209.00 EUR,Casilin,new,5420065500997,SAIRCOVMAXWPS22,air-cover-mattress-protector-waterproof
SAIRCOVMAXWPS25,Air Cover Mattress Protector - Waterproof,"A breathable, waterproof mattress protector made from 3D knitted fabric with Purotex+ antibacterial treatment, designed for extra-high mattresses up to 40 cm.",https://www.maisondecocon.com/en/products/air-cover-mattress-protector-waterproof?variant_sku=SAIRCOVMAXWPS25,https://cdn.shopify.com/s/files/1/0884/0278/8685/files/air-cover-mattress-protector-waterproof-label.jpg?v=1786023444,out_of_stock,219.00 EUR,Casilin,new,5420065501017,SAIRCOVMAXWPS25,air-cover-mattress-protector-waterproof
SAIRCOVMAXWPS33L,Air Cover Mattress Protector - Waterproof,"A breathable, waterproof mattress protector made from 3D knitted fabric with Purotex+ antibacterial treatment, designed for extra-high mattresses up to 40 cm.",https://www.maisondecocon.com/en/products/air-cover-mattress-protector-waterproof?variant_sku=SAIRCOVMAXWPS33L,https://cdn.shopify.com/s/files/1/0884/0278/8685/files/air-cover-mattress-protector-waterproof-label.jpg?v=1786023444,out_of_stock,319.00 EUR,Casilin,new,5420065501086,SAIRCOVMAXWPS33L,air-cover-mattress-protector-waterproof
SAIRCOVMAXWPS19L,Air Cover Mattress Protector - Waterproof,"A breathable, waterproof mattress protector made from 3D knitted fabric with Purotex+ antibacterial treatment, designed for extra-high mattresses up to 40 cm.",https://www.maisondecocon.com/en/products/air-cover-mattress-protector-waterproof?variant_sku=SAIRCOVMAXWPS19L,https://cdn.shopify.com/s/files/1/0884/0278/8685/files/air-cover-mattress-protector-waterproof-label.jpg?v=1786023444,out_of_stock,209.00 EUR,Casilin,new,5420065500966,SAIRCOVMAXWPS19L,air-cover-mattress-protector-waterproof
SAIRCOVMAXWPS31L,Air Cover Mattress Protector - Waterproof,"A breathable, waterproof mattress protector made from 3D knitted fabric with Purotex+ antibacterial treatment, designed for extra-high mattresses up to 40 cm.",https://www.maisondecocon.com/en/products/air-cover-mattress-protector-waterproof?variant_sku=SAIRCOVMAXWPS31L,https://cdn.shopify.com/s/files/1/0884/0278/8685/files/air-cover-mattress-protector-waterproof-label.jpg?v=1786023444,out_of_stock,279.00 EUR,Casilin,new,5420065501062,SAIRCOVMAXWPS31L,air-cover-mattress-protector-waterproof
SAIRCOVMAXWPS20,Air Cover Mattress Protector - Waterproof,"A breathable, waterproof mattress protector made from 3D knitted fabric with Purotex+ antibacterial treatment, designed for extra-high mattresses up to 40 cm.",https://www.maisondecocon.com/en/products/air-cover-mattress-protector-waterproof?variant_sku=SAIRCOVMAXWPS20,https://cdn.shopify.com/s/files/1/0884/0278/8685/files/air-cover-mattress-protector-waterproof-label.jpg?v=1786023444,out_of_stock,199.00 EUR,Casilin,new,5420065500973,SAIRCOVMAXWPS20,air-cover-mattress-protector-waterproof
SAIRCOVMAXWPS27,Air Cover Mattress Protector - Waterproof,"A breathable, waterproof mattress protector made from 3D knitted fabric with Purotex+ antibacterial treatment, designed for extra-high mattresses up to 40 cm.",https://www.maisondecocon.com/en/products/air-cover-mattress-protector-waterproof?variant_sku=SAIRCOVMAXWPS27,https://cdn.shopify.com/s/files/1/0884/0278/8685/files/air-cover-mattress-protector-waterproof-label.jpg?v=1786023444,out_of_stock,239.00 EUR,Casilin,new,5420065501031,SAIRCOVMAXWPS27,air-cover-mattress-protector-waterproof
SAIRCOVMAXWPS19,Air Cover Mattress Protector - Waterproof,"A breathable, waterproof mattress protector made from 3D knitted fabric with Purotex+ antibacterial treatment, designed for extra-high mattresses up to 40 cm.",https://www.maisondecocon.com/en/products/air-cover-mattress-protector-waterproof?variant_sku=SAIRCOVMAXWPS19,https://cdn.shopify.com/s/files/1/0884/0278/8685/files/air-cover-mattress-protector-waterproof-label.jpg?v=1786023444,out_of_stock,189.00 EUR,Casilin,new,5420065500959,SAIRCOVMAXWPS19,air-cover-mattress-protector-waterproof
SAIRCOVMAXWPS25L,Air Cover Mattress Protector - Waterproof,"A breathable, waterproof mattress protector made from 3D knitted fabric with Purotex+ antibacterial treatment, designed for extra-high mattresses up to 40 cm.",https://www.maisondecocon.com/en/products/air-cover-mattress-protector-waterproof?variant_sku=SAIRCOVMAXWPS25L,https://cdn.shopify.com/s/files/1/0884/0278/8685/files/air-cover-mattress-protector-waterproof-label.jpg?v=1786023444,out_of_stock,249.00 EUR,Casilin,new,5420065501024,SAIRCOVMAXWPS25L,air-cover-mattress-protector-waterproof
SAIRCOVMAXWPS37,Air Cover Mattress Protector - Waterproof,"A breathable, waterproof mattress protector made from 3D knitted fabric with Purotex+ antibacterial treatment, designed for extra-high mattresses up to 40 cm.",https://www.maisondecocon.com/en/products/air-cover-mattress-protector-waterproof?variant_sku=SAIRCOVMAXWPS37,https://cdn.shopify.com/s/files/1/0884/0278/8685/files/air-cover-mattress-protector-waterproof-label.jpg?v=1786023444,out_of_stock,319.00 EUR,Casilin,new,5420065501093,SAIRCOVMAXWPS37,air-cover-mattress-protector-waterproof
VECOSFERAS20,Eco Sfera Mattress Protector - Waterproof,"A waterproof, hyper-breathable mattress protector made from recycled materials, with a soft terry cloth top and a dust-mite barrier.",https://www.maisondecocon.com/en/products/eco-sfera-mattress-protector-waterproof?variant_sku=VECOSFERAS20,https://cdn.shopify.com/s/files/1/0884/0278/8685/files/eco-sfera-mattress-protector-packaging.jpg?v=1786026789,out_of_stock,42.90 EUR,Casilin,new,8414205057288,VECOSFERAS20,eco-sfera-mattress-protector-waterproof
VECOSFERAS25,Eco Sfera Mattress Protector - Waterproof,"A waterproof, hyper-breathable mattress protector made from recycled materials, with a soft terry cloth top and a dust-mite barrier.",https://www.maisondecocon.com/en/products/eco-sfera-mattress-protector-waterproof?variant_sku=VECOSFERAS25,https://cdn.shopify.com/s/files/1/0884/0278/8685/files/eco-sfera-mattress-protector-packaging.jpg?v=1786026789,out_of_stock,54.50 EUR,Casilin,new,8414205057325,VECOSFERAS25,eco-sfera-mattress-protector-waterproof
VECOSFERAS22,Eco Sfera Mattress Protector - Waterproof,"A waterproof, hyper-breathable mattress protector made from recycled materials, with a soft terry cloth top and a dust-mite barrier.",https://www.maisondecocon.com/en/products/eco-sfera-mattress-protector-waterproof?variant_sku=VECOSFERAS22,https://cdn.shopify.com/s/files/1/0884/0278/8685/files/eco-sfera-mattress-protector-packaging.jpg?v=1786026789,out_of_stock,45.50 EUR,Casilin,new,8414205057295,VECOSFERAS22,eco-sfera-mattress-protector-waterproof
SECOSFERAS17,Eco Sfera Mattress Protector - Waterproof,"A waterproof, hyper-breathable mattress protector made from recycled materials, with a soft terry cloth top and a dust-mite barrier.",https://www.maisondecocon.com/en/products/eco-sfera-mattress-protector-waterproof?variant_sku=SECOSFERAS17,https://cdn.shopify.com/s/files/1/0884/0278/8685/files/eco-sfera-mattress-protector-packaging.jpg?v=1786026789,out_of_stock,27.00 EUR,Casilin,new,8414205655323,SECOSFERAS17,eco-sfera-mattress-protector-waterproof
VECOSFERAS33,Eco Sfera Mattress Protector - Waterproof,"A waterproof, hyper-breathable mattress protector made from recycled materials, with a soft terry cloth top and a dust-mite barrier.",https://www.maisondecocon.com/en/products/eco-sfera-mattress-protector-waterproof?variant_sku=VECOSFERAS33,https://cdn.shopify.com/s/files/1/0884/0278/8685/files/eco-sfera-mattress-protector-packaging.jpg?v=1786026789,out_of_stock,68.90 EUR,Casilin,new,8414205057349,VECOSFERAS33,eco-sfera-mattress-protector-waterproof
VECOSFERAS37,Eco Sfera Mattress Protector - Waterproof,"A waterproof, hyper-breathable mattress protector made from recycled materials, with a soft terry cloth top and a dust-mite barrier.",https://www.maisondecocon.com/en/products/eco-sfera-mattress-protector-waterproof?variant_sku=VECOSFERAS37,https://cdn.shopify.com/s/files/1/0884/0278/8685/files/eco-sfera-mattress-protector-packaging.jpg?v=1786026789,out_of_stock,72.90 EUR,Casilin,new,8414205057356,VECOSFERAS37,eco-sfera-mattress-protector-waterproof
VECOSFERAS31,Eco Sfera Mattress Protector - Waterproof,"A waterproof, hyper-breathable mattress protector made from recycled materials, with a soft terry cloth top and a dust-mite barrier.",https://www.maisondecocon.com/en/products/eco-sfera-mattress-protector-waterproof?variant_sku=VECOSFERAS31,https://cdn.shopify.com/s/files/1/0884/0278/8685/files/eco-sfera-mattress-protector-packaging.jpg?v=1786026789,out_of_stock,62.50 EUR,Casilin,new,8414205057332,VECOSFERAS31,eco-sfera-mattress-protector-waterproof
VECOSFERAS23,Eco Sfera Mattress Protector - Waterproof,"A waterproof, hyper-breathable mattress protector made from recycled materials, with a soft terry cloth top and a dust-mite barrier.",https://www.maisondecocon.com/en/products/eco-sfera-mattress-protector-waterproof?variant_sku=VECOSFERAS23,https://cdn.shopify.com/s/files/1/0884/0278/8685/files/eco-sfera-mattress-protector-packaging.jpg?v=1786026789,out_of_stock,47.90 EUR,Casilin,new,8414205057301,VECOSFERAS23,eco-sfera-mattress-protector-waterproof
VECOSFERAS24,Eco Sfera Mattress Protector - Waterproof,"A waterproof, hyper-breathable mattress protector made from recycled materials, with a soft terry cloth top and a dust-mite barrier.",https://www.maisondecocon.com/en/products/eco-sfera-mattress-protector-waterproof?variant_sku=VECOSFERAS24,https://cdn.shopify.com/s/files/1/0884/0278/8685/files/eco-sfera-mattress-protector-packaging.jpg?v=1786026789,out_of_stock,52.50 EUR,Casilin,new,8414205057318,VECOSFERAS24,eco-sfera-mattress-protector-waterproof
SRESPIRAS167,Respira Pillow Protector Waterproof - White,"A soft organic cotton pillow protector with a wafer-thin waterproof membrane, doubling as a breathable cover you can sleep directly on.",https://www.maisondecocon.com/en/products/respira-pillow-protector-waterproof-white?variant_sku=SRESPIRAS167,https://cdn.shopify.com/s/files/1/0884/0278/8685/files/respira-pillow-protector-white-corner-detail.jpg?v=1786026884,out_of_stock,25.50 EUR,Casilin,new,8414205652568,SRESPIRAS167,respira-pillow-protector-waterproof-white
SRESPIRAS163,Respira Pillow Protector Waterproof - White,"A soft organic cotton pillow protector with a wafer-thin waterproof membrane, doubling as a breathable cover you can sleep directly on.",https://www.maisondecocon.com/en/products/respira-pillow-protector-waterproof-white?variant_sku=SRESPIRAS163,https://cdn.shopify.com/s/files/1/0884/0278/8685/files/respira-pillow-protector-white-corner-detail.jpg?v=1786026884,out_of_stock,35.10 EUR,Casilin,new,8414205652544,SRESPIRAS163,respira-pillow-protector-waterproof-white
SRESPIRAS162,Respira Pillow Protector Waterproof - White,"A soft organic cotton pillow protector with a wafer-thin waterproof membrane, doubling as a breathable cover you can sleep directly on.",https://www.maisondecocon.com/en/products/respira-pillow-protector-waterproof-white?variant_sku=SRESPIRAS162,https://cdn.shopify.com/s/files/1/0884/0278/8685/files/respira-pillow-protector-white-corner-detail.jpg?v=1786026884,out_of_stock,31.90 EUR,Casilin,new,8414205652513,SRESPIRAS162,respira-pillow-protector-waterproof-white
SRESPIRAS165,Respira Pillow Protector Waterproof - White,"A soft organic cotton pillow protector with a wafer-thin waterproof membrane, doubling as a breathable cover you can sleep directly on.",https://www.maisondecocon.com/en/products/respira-pillow-protector-waterproof-white?variant_sku=SRESPIRAS165,https://cdn.shopify.com/s/files/1/0884/0278/8685/files/respira-pillow-protector-white-corner-detail.jpg?v=1786026884,out_of_stock,23.50 EUR,Casilin,new,8414205652490,SRESPIRAS165,respira-pillow-protector-waterproof-white
SRESPIRAS168,Respira Pillow Protector Waterproof - White,"A soft organic cotton pillow protector with a wafer-thin waterproof membrane, doubling as a breathable cover you can sleep directly on.",https://www.maisondecocon.com/en/products/respira-pillow-protector-waterproof-white?variant_sku=SRESPIRAS168,https://cdn.shopify.com/s/files/1/0884/0278/8685/files/respira-pillow-protector-white-corner-detail.jpg?v=1786026884,out_of_stock,57.00 EUR,Casilin,new,8414205652599,SRESPIRAS168,respira-pillow-protector-waterproof-white
SRESPIRAS164,Respira Pillow Protector Waterproof - White,"A soft organic cotton pillow protector with a wafer-thin waterproof membrane, doubling as a breathable cover you can sleep directly on.",https://www.maisondecocon.com/en/products/respira-pillow-protector-waterproof-white?variant_sku=SRESPIRAS164,https://cdn.shopify.com/s/files/1/0884/0278/8685/files/respira-pillow-protector-white-corner-detail.jpg?v=1786026884,out_of_stock,24.50 EUR,Casilin,new,8414205652537,SRESPIRAS164,respira-pillow-protector-waterproof-white
SCLASSFIRM63,Classic Pillow - Firm Support,"A firm-support pillow with a raised edge and high-density filling, ideal for side sleepers.",https://www.maisondecocon.com/en/products/classic-pillow-firm-support?variant_sku=SCLASSFIRM63,https://cdn.shopify.com/s/files/1/0884/0278/8685/files/classic-pillow-firm-support-front.jpg?v=1786024552,out_of_stock,54.00 EUR,Casilin,new,4007151542782,SCLASSFIRM63,classic-pillow-firm-support
SCLASSFIRM62,Classic Pillow - Firm Support,"A firm-support pillow with a raised edge and high-density filling, ideal for side sleepers.",https://www.maisondecocon.com/en/products/classic-pillow-firm-support?variant_sku=SCLASSFIRM62,https://cdn.shopify.com/s/files/1/0884/0278/8685/files/classic-pillow-firm-support-front.jpg?v=1786024552,out_of_stock,54.00 EUR,Casilin,new,4007151542775,SCLASSFIRM62,classic-pillow-firm-support
SROYALPS434137,Royal Percale - Fitted Sheet - Beige,"A crisp, breathable percale cotton fitted sheet in beige, with a deep 32 cm corner and elasticated edges for a secure fit.",https://www.maisondecocon.com/en/products/royal-percale-fitted-sheet-beige?variant_sku=SROYALPS434137,https://cdn.shopify.com/s/files/1/0884/0278/8685/files/royal-percale-fitted-sheet-beige-folded-label.jpg?v=1786026989,out_of_stock,94.00 EUR,Casilin,new,5412416096921,SROYALPS434137,royal-percale-fitted-sheet-beige
SROYALPS434129,Royal Percale - Fitted Sheet - Beige,"A crisp, breathable percale cotton fitted sheet in beige, with a deep 32 cm corner and elasticated edges for a secure fit.",https://www.maisondecocon.com/en/products/royal-percale-fitted-sheet-beige?variant_sku=SROYALPS434129,https://cdn.shopify.com/s/files/1/0884/0278/8685/files/royal-percale-fitted-sheet-beige-folded-label.jpg?v=1786026989,out_of_stock,83.00 EUR,Casilin,new,5412416096938,SROYALPS434129,royal-percale-fitted-sheet-beige
SROYALPS434133,Royal Percale - Fitted Sheet - Beige,"A crisp, breathable percale cotton fitted sheet in beige, with a deep 32 cm corner and elasticated edges for a secure fit.",https://www.maisondecocon.com/en/products/royal-percale-fitted-sheet-beige?variant_sku=SROYALPS434133,https://cdn.shopify.com/s/files/1/0884/0278/8685/files/royal-percale-fitted-sheet-beige-folded-label.jpg?v=1786026989,out_of_stock,91.00 EUR,Casilin,new,5412416093951,SROYALPS434133,royal-percale-fitted-sheet-beige
SROYALPS434127,Royal Percale - Fitted Sheet - Beige,"A crisp, breathable percale cotton fitted sheet in beige, with a deep 32 cm corner and elasticated edges for a secure fit.",https://www.maisondecocon.com/en/products/royal-percale-fitted-sheet-beige?variant_sku=SROYALPS434127,https://cdn.shopify.com/s/files/1/0884/0278/8685/files/royal-percale-fitted-sheet-beige-folded-label.jpg?v=1786026989,out_of_stock,83.00 EUR,Casilin,new,5425023655948,SROYALPS434127,royal-percale-fitted-sheet-beige
SROYALPS434122,Royal Percale - Fitted Sheet - Beige,"A crisp, breathable percale cotton fitted sheet in beige, with a deep 32 cm corner and elasticated edges for a secure fit.",https://www.maisondecocon.com/en/products/royal-percale-fitted-sheet-beige?variant_sku=SROYALPS434122,https://cdn.shopify.com/s/files/1/0884/0278/8685/files/royal-percale-fitted-sheet-beige-folded-label.jpg?v=1786026989,out_of_stock,55.00 EUR,Casilin,new,5425023655931,SROYALPS434122,royal-percale-fitted-sheet-beige
SAIRCOVPILS57,Air Cover Pillow Protector,"A breathable pillow protector made from 3D knitted fabric with Purotex+ antibacterial treatment, keeping pillows cool and hygienic.",https://www.maisondecocon.com/en/products/air-cover-pillow-protector?variant_sku=SAIRCOVPILS57,https://cdn.shopify.com/s/files/1/0884/0278/8685/files/air-cover-pillow-protector-label.jpg?v=1786024311,out_of_stock,65.00 EUR,Casilin,new,5420065500607,SAIRCOVPILS57,air-cover-pillow-protector
SAIRCOVPILS62,Air Cover Pillow Protector,"A breathable pillow protector made from 3D knitted fabric with Purotex+ antibacterial treatment, keeping pillows cool and hygienic.",https://www.maisondecocon.com/en/products/air-cover-pillow-protector?variant_sku=SAIRCOVPILS62,https://cdn.shopify.com/s/files/1/0884/0278/8685/files/air-cover-pillow-protector-label.jpg?v=1786024311,out_of_stock,65.00 EUR,Casilin,new,5420065500614,SAIRCOVPILS62,air-cover-pillow-protector
SAIRCOVPILS63,Air Cover Pillow Protector,"A breathable pillow protector made from 3D knitted fabric with Purotex+ antibacterial treatment, keeping pillows cool and hygienic.",https://www.maisondecocon.com/en/products/air-cover-pillow-protector?variant_sku=SAIRCOVPILS63,https://cdn.shopify.com/s/files/1/0884/0278/8685/files/air-cover-pillow-protector-label.jpg?v=1786024311,out_of_stock,65.00 EUR,Casilin,new,5420065500621,SAIRCOVPILS63,air-cover-pillow-protector
SAIRCOVPILS46,Air Cover Pillow Protector,"A breathable pillow protector made from 3D knitted fabric with Purotex+ antibacterial treatment, keeping pillows cool and hygienic.",https://www.maisondecocon.com/en/products/air-cover-pillow-protector?variant_sku=SAIRCOVPILS46,https://cdn.shopify.com/s/files/1/0884/0278/8685/files/air-cover-pillow-protector-label.jpg?v=1786024311,out_of_stock,59.00 EUR,Casilin,new,5420065500591,SAIRCOVPILS46,air-cover-pillow-protector
SPRINCEDUO43,Duvet - Prince Duo - 4 seasons down - comforter,"The Prince is a 4-season down duvet made of two separately filled duvets that connect with push buttons, so you can adjust warmth to the season. Filled with 90% goose down, 10% feathers.",https://www.maisondecocon.com/en/products/duvet-prince-duo-4-seasons-down-comforter?variant_sku=SPRINCEDUO43,https://cdn.shopify.com/s/files/1/0884/0278/8685/files/duvet-prince-duo-folded-product-shot.jpg?v=1786026555,out_of_stock,1154.00 EUR,Casilin,new,4007151299891,SPRINCEDUO43,duvet-prince-duo-4-seasons-down-comforter
SPRINCEDUO39,Duvet - Prince Duo - 4 seasons down - comforter,"The Prince is a 4-season down duvet made of two separately filled duvets that connect with push buttons, so you can adjust warmth to the season. Filled with 90% goose down, 10% feathers.",https://www.maisondecocon.com/en/products/duvet-prince-duo-4-seasons-down-comforter?variant_sku=SPRINCEDUO39,https://cdn.shopify.com/s/files/1/0884/0278/8685/files/duvet-prince-duo-folded-product-shot.jpg?v=1786026555,out_of_stock,1072.00 EUR,Casilin,new,4007151299303,SPRINCEDUO39,duvet-prince-duo-4-seasons-down-comforter
SPRINCEDUO26,Duvet - Prince Duo - 4 seasons down - comforter,"The Prince is a 4-season down duvet made of two separately filled duvets that connect with push buttons, so you can adjust warmth to the season. Filled with 90% goose down, 10% feathers.",https://www.maisondecocon.com/en/products/duvet-prince-duo-4-seasons-down-comforter?variant_sku=SPRINCEDUO26,https://cdn.shopify.com/s/files/1/0884/0278/8685/files/duvet-prince-duo-folded-product-shot.jpg?v=1786026555,out_of_stock,631.00 EUR,Casilin,new,4007151299297,SPRINCEDUO26,duvet-prince-duo-4-seasons-down-comforter
SPRINCEDUO54,Duvet - Prince Duo - 4 seasons down - comforter,"The Prince is a 4-season down duvet made of two separately filled duvets that connect with push buttons, so you can adjust warmth to the season. Filled with 90% goose down, 10% feathers.",https://www.maisondecocon.com/en/products/duvet-prince-duo-4-seasons-down-comforter?variant_sku=SPRINCEDUO54,https://cdn.shopify.com/s/files/1/0884/0278/8685/files/duvet-prince-duo-folded-product-shot.jpg?v=1786026555,out_of_stock,1352.00 EUR,Casilin,new,4007151299310,SPRINCEDUO54,duvet-prince-duo-4-seasons-down-comforter
SPRINCEDUO27,Duvet - Prince Duo - 4 seasons down - comforter,"The Prince is a 4-season down duvet made of two separately filled duvets that connect with push buttons, so you can adjust warmth to the season. Filled with 90% goose down, 10% feathers.",https://www.maisondecocon.com/en/products/duvet-prince-duo-4-seasons-down-comforter?variant_sku=SPRINCEDUO27,https://cdn.shopify.com/s/files/1/0884/0278/8685/files/duvet-prince-duo-folded-product-shot.jpg?v=1786026555,out_of_stock,657.00 EUR,Casilin,new,4007151299884,SPRINCEDUO27,duvet-prince-duo-4-seasons-down-comforter
SPRINCEDUO52,Duvet - Prince Duo - 4 seasons down - comforter,"The Prince is a 4-season down duvet made of two separately filled duvets that connect with push buttons, so you can adjust warmth to the season. Filled with 90% goose down, 10% feathers.",https://www.maisondecocon.com/en/products/duvet-prince-duo-4-seasons-down-comforter?variant_sku=SPRINCEDUO52,https://cdn.shopify.com/s/files/1/0884/0278/8685/files/duvet-prince-duo-folded-product-shot.jpg?v=1786026555,out_of_stock,1296.00 EUR,Casilin,new,4007151299907,SPRINCEDUO52,duvet-prince-duo-4-seasons-down-comforter
STENCEL62,Tencel Pillow,A silky-soft Tencel pillow with a quilted satin cover and a firm-support airfill filling that keeps the neck comfortably cradled.,https://www.maisondecocon.com/en/products/tencel-pillow?variant_sku=STENCEL62,https://cdn.shopify.com/s/files/1/0884/0278/8685/files/tencel-pillow-quilted-cover-detail.jpg?v=1786026574,in_stock,109.00 EUR,Casilin,new,,STENCEL62,tencel-pillow
STENCEL63,Tencel Pillow,A silky-soft Tencel pillow with a quilted satin cover and a firm-support airfill filling that keeps the neck comfortably cradled.,https://www.maisondecocon.com/en/products/tencel-pillow?variant_sku=STENCEL63,https://cdn.shopify.com/s/files/1/0884/0278/8685/files/tencel-pillow-quilted-cover-detail.jpg?v=1786026574,in_stock,109.00 EUR,Casilin,new,,STENCEL63,tencel-pillow
STENCEL64,Tencel Pillow,A silky-soft Tencel pillow with a quilted satin cover and a firm-support airfill filling that keeps the neck comfortably cradled.,https://www.maisondecocon.com/en/products/tencel-pillow?variant_sku=STENCEL64,https://cdn.shopify.com/s/files/1/0884/0278/8685/files/tencel-pillow-quilted-cover-detail.jpg?v=1786026574,in_stock,109.00 EUR,Casilin,new,,STENCEL64,tencel-pillow
SCROWN43,Duvet Crown - Goose down duvet,"This medium-warm winter down duvet is voluminous yet feather-light, filled with 100% new white goose down in an ultra-fine cotton cover. Carries a Down Pass quality mark.",https://www.maisondecocon.com/en/products/duvet-crown-goose-down-duvet?variant_sku=SCROWN43,https://cdn.shopify.com/s/files/1/0884/0278/8685/files/duvet-crown-folded-product-shot.jpg?v=1786027046,out_of_stock,818.00 EUR,Casilin,new,4007151298313,SCROWN43,duvet-crown-goose-down-duvet
SCROWN27,Duvet Crown - Goose down duvet,"This medium-warm winter down duvet is voluminous yet feather-light, filled with 100% new white goose down in an ultra-fine cotton cover. Carries a Down Pass quality mark.",https://www.maisondecocon.com/en/products/duvet-crown-goose-down-duvet?variant_sku=SCROWN27,https://cdn.shopify.com/s/files/1/0884/0278/8685/files/duvet-crown-folded-product-shot.jpg?v=1786027046,out_of_stock,449.00 EUR,Casilin,new,4007151298573,SCROWN27,duvet-crown-goose-down-duvet
SCROWN54,Duvet Crown - Goose down duvet,"This medium-warm winter down duvet is voluminous yet feather-light, filled with 100% new white goose down in an ultra-fine cotton cover. Carries a Down Pass quality mark.",https://www.maisondecocon.com/en/products/duvet-crown-goose-down-duvet?variant_sku=SCROWN54,https://cdn.shopify.com/s/files/1/0884/0278/8685/files/duvet-crown-folded-product-shot.jpg?v=1786027046,out_of_stock,956.00 EUR,Casilin,new,4007151298580,SCROWN54,duvet-crown-goose-down-duvet
SCROWN26,Duvet Crown - Goose down duvet,"This medium-warm winter down duvet is voluminous yet feather-light, filled with 100% new white goose down in an ultra-fine cotton cover. Carries a Down Pass quality mark.",https://www.maisondecocon.com/en/products/duvet-crown-goose-down-duvet?variant_sku=SCROWN26,https://cdn.shopify.com/s/files/1/0884/0278/8685/files/duvet-crown-folded-product-shot.jpg?v=1786027046,out_of_stock,438.00 EUR,Casilin,new,4007151298290,SCROWN26,duvet-crown-goose-down-duvet
SCROWN52,Duvet Crown - Goose down duvet,"This medium-warm winter down duvet is voluminous yet feather-light, filled with 100% new white goose down in an ultra-fine cotton cover. Carries a Down Pass quality mark.",https://www.maisondecocon.com/en/products/duvet-crown-goose-down-duvet?variant_sku=SCROWN52,https://cdn.shopify.com/s/files/1/0884/0278/8685/files/duvet-crown-folded-product-shot.jpg?v=1786027046,out_of_stock,879.00 EUR,Casilin,new,4007151298320,SCROWN52,duvet-crown-goose-down-duvet
SCROWN39,Duvet Crown - Goose down duvet,"This medium-warm winter down duvet is voluminous yet feather-light, filled with 100% new white goose down in an ultra-fine cotton cover. Carries a Down Pass quality mark.",https://www.maisondecocon.com/en/products/duvet-crown-goose-down-duvet?variant_sku=SCROWN39,https://cdn.shopify.com/s/files/1/0884/0278/8685/files/duvet-crown-folded-product-shot.jpg?v=1786027046,out_of_stock,752.00 EUR,Casilin,new,4007151298306,SCROWN39,duvet-crown-goose-down-duvet
SAIRCOVMAXS19L,Air Cover Mattress Protector - Extra High Mattress,"A breathable, wafer-thin mattress protector made from 3D knitted fabric with Purotex+ antibacterial treatment, designed for extra-high mattresses up to 40 cm.",https://www.maisondecocon.com/en/products/air-cover-mattress-protector-extra-high-mattress?variant_sku=SAIRCOVMAXS19L,https://cdn.shopify.com/s/files/1/0884/0278/8685/files/air-cover-mattress-protector-extra-high-front.jpg?v=1786022001,out_of_stock,199.00 EUR,Casilin,new,5420065500805,SAIRCOVMAXS19L,air-cover-mattress-protector-extra-high-mattress
SAIRCOVMAXS27,Air Cover Mattress Protector - Extra High Mattress,"A breathable, wafer-thin mattress protector made from 3D knitted fabric with Purotex+ antibacterial treatment, designed for extra-high mattresses up to 40 cm.",https://www.maisondecocon.com/en/products/air-cover-mattress-protector-extra-high-mattress?variant_sku=SAIRCOVMAXS27,https://cdn.shopify.com/s/files/1/0884/0278/8685/files/air-cover-mattress-protector-extra-high-front.jpg?v=1786022001,out_of_stock,235.00 EUR,Casilin,new,5420065500874,SAIRCOVMAXS27,air-cover-mattress-protector-extra-high-mattress
SAIRCOVMAXS27L,Air Cover Mattress Protector - Extra High Mattress,"A breathable, wafer-thin mattress protector made from 3D knitted fabric with Purotex+ antibacterial treatment, designed for extra-high mattresses up to 40 cm.",https://www.maisondecocon.com/en/products/air-cover-mattress-protector-extra-high-mattress?variant_sku=SAIRCOVMAXS27L,https://cdn.shopify.com/s/files/1/0884/0278/8685/files/air-cover-mattress-protector-extra-high-front.jpg?v=1786022001,out_of_stock,255.00 EUR,Casilin,new,5420065500881,SAIRCOVMAXS27L,air-cover-mattress-protector-extra-high-mattress
SAIRCOVMAXS31L,Air Cover Mattress Protector - Extra High Mattress,"A breathable, wafer-thin mattress protector made from 3D knitted fabric with Purotex+ antibacterial treatment, designed for extra-high mattresses up to 40 cm.",https://www.maisondecocon.com/en/products/air-cover-mattress-protector-extra-high-mattress?variant_sku=SAIRCOVMAXS31L,https://cdn.shopify.com/s/files/1/0884/0278/8685/files/air-cover-mattress-protector-extra-high-front.jpg?v=1786022001,out_of_stock,275.00 EUR,Casilin,new,5420065500904,SAIRCOVMAXS31L,air-cover-mattress-protector-extra-high-mattress
SAIRCOVMAXS20L,Air Cover Mattress Protector - Extra High Mattress,"A breathable, wafer-thin mattress protector made from 3D knitted fabric with Purotex+ antibacterial treatment, designed for extra-high mattresses up to 40 cm.",https://www.maisondecocon.com/en/products/air-cover-mattress-protector-extra-high-mattress?variant_sku=SAIRCOVMAXS20L,https://cdn.shopify.com/s/files/1/0884/0278/8685/files/air-cover-mattress-protector-extra-high-front.jpg?v=1786022001,out_of_stock,209.00 EUR,Casilin,new,5420065500829,SAIRCOVMAXS20L,air-cover-mattress-protector-extra-high-mattress
SAIRCOVMAXS22,Air Cover Mattress Protector - Extra High Mattress,"A breathable, wafer-thin mattress protector made from 3D knitted fabric with Purotex+ antibacterial treatment, designed for extra-high mattresses up to 40 cm.",https://www.maisondecocon.com/en/products/air-cover-mattress-protector-extra-high-mattress?variant_sku=SAIRCOVMAXS22,https://cdn.shopify.com/s/files/1/0884/0278/8685/files/air-cover-mattress-protector-extra-high-front.jpg?v=1786022001,out_of_stock,199.00 EUR,Casilin,new,5420065500836,SAIRCOVMAXS22,air-cover-mattress-protector-extra-high-mattress
SAIRCOVMAXS22L,Air Cover Mattress Protector - Extra High Mattress,"A breathable, wafer-thin mattress protector made from 3D knitted fabric with Purotex+ antibacterial treatment, designed for extra-high mattresses up to 40 cm.",https://www.maisondecocon.com/en/products/air-cover-mattress-protector-extra-high-mattress?variant_sku=SAIRCOVMAXS22L,https://cdn.shopify.com/s/files/1/0884/0278/8685/files/air-cover-mattress-protector-extra-high-front.jpg?v=1786022001,out_of_stock,229.00 EUR,Casilin,new,5420065500843,SAIRCOVMAXS22L,air-cover-mattress-protector-extra-high-mattress
SAIRCOVMAXS25L,Air Cover Mattress Protector - Extra High Mattress,"A breathable, wafer-thin mattress protector made from 3D knitted fabric with Purotex+ antibacterial treatment, designed for extra-high mattresses up to 40 cm.",https://www.maisondecocon.com/en/products/air-cover-mattress-protector-extra-high-mattress?variant_sku=SAIRCOVMAXS25L,https://cdn.shopify.com/s/files/1/0884/0278/8685/files/air-cover-mattress-protector-extra-high-front.jpg?v=1786022001,out_of_stock,245.00 EUR,Casilin,new,5420065500867,SAIRCOVMAXS25L,air-cover-mattress-protector-extra-high-mattress
SAIRCOVMAXS33,Air Cover Mattress Protector - Extra High Mattress,"A breathable, wafer-thin mattress protector made from 3D knitted fabric with Purotex+ antibacterial treatment, designed for extra-high mattresses up to 40 cm.",https://www.maisondecocon.com/en/products/air-cover-mattress-protector-extra-high-mattress?variant_sku=SAIRCOVMAXS33,https://cdn.shopify.com/s/files/1/0884/0278/8685/files/air-cover-mattress-protector-extra-high-front.jpg?v=1786022001,out_of_stock,285.00 EUR,Casilin,new,5420065500911,SAIRCOVMAXS33,air-cover-mattress-protector-extra-high-mattress
SAIRCOVMAXS37L,Air Cover Mattress Protector - Extra High Mattress,"A breathable, wafer-thin mattress protector made from 3D knitted fabric with Purotex+ antibacterial treatment, designed for extra-high mattresses up to 40 cm.",https://www.maisondecocon.com/en/products/air-cover-mattress-protector-extra-high-mattress?variant_sku=SAIRCOVMAXS37L,https://cdn.shopify.com/s/files/1/0884/0278/8685/files/air-cover-mattress-protector-extra-high-front.jpg?v=1786022001,out_of_stock,355.00 EUR,Casilin,new,5420065500942,SAIRCOVMAXS37L,air-cover-mattress-protector-extra-high-mattress
SAIRCOVMAXS37,Air Cover Mattress Protector - Extra High Mattress,"A breathable, wafer-thin mattress protector made from 3D knitted fabric with Purotex+ antibacterial treatment, designed for extra-high mattresses up to 40 cm.",https://www.maisondecocon.com/en/products/air-cover-mattress-protector-extra-high-mattress?variant_sku=SAIRCOVMAXS37,https://cdn.shopify.com/s/files/1/0884/0278/8685/files/air-cover-mattress-protector-extra-high-front.jpg?v=1786022001,out_of_stock,315.00 EUR,Casilin,new,5420065500935,SAIRCOVMAXS37,air-cover-mattress-protector-extra-high-mattress
SAIRCOVMAXS31,Air Cover Mattress Protector - Extra High Mattress,"A breathable, wafer-thin mattress protector made from 3D knitted fabric with Purotex+ antibacterial treatment, designed for extra-high mattresses up to 40 cm.",https://www.maisondecocon.com/en/products/air-cover-mattress-protector-extra-high-mattress?variant_sku=SAIRCOVMAXS31,https://cdn.shopify.com/s/files/1/0884/0278/8685/files/air-cover-mattress-protector-extra-high-front.jpg?v=1786022001,out_of_stock,255.00 EUR,Casilin,new,5420065500898,SAIRCOVMAXS31,air-cover-mattress-protector-extra-high-mattress
SAIRCOVMAXS19,Air Cover Mattress Protector - Extra High Mattress,"A breathable, wafer-thin mattress protector made from 3D knitted fabric with Purotex+ antibacterial treatment, designed for extra-high mattresses up to 40 cm.",https://www.maisondecocon.com/en/products/air-cover-mattress-protector-extra-high-mattress?variant_sku=SAIRCOVMAXS19,https://cdn.shopify.com/s/files/1/0884/0278/8685/files/air-cover-mattress-protector-extra-high-front.jpg?v=1786022001,out_of_stock,179.00 EUR,Casilin,new,5420065500799,SAIRCOVMAXS19,air-cover-mattress-protector-extra-high-mattress
SAIRCOVMAXS25,Air Cover Mattress Protector - Extra High Mattress,"A breathable, wafer-thin mattress protector made from 3D knitted fabric with Purotex+ antibacterial treatment, designed for extra-high mattresses up to 40 cm.",https://www.maisondecocon.com/en/products/air-cover-mattress-protector-extra-high-mattress?variant_sku=SAIRCOVMAXS25,https://cdn.shopify.com/s/files/1/0884/0278/8685/files/air-cover-mattress-protector-extra-high-front.jpg?v=1786022001,out_of_stock,215.00 EUR,Casilin,new,5420065500850,SAIRCOVMAXS25,air-cover-mattress-protector-extra-high-mattress
SAIRCOVMAXS20,Air Cover Mattress Protector - Extra High Mattress,"A breathable, wafer-thin mattress protector made from 3D knitted fabric with Purotex+ antibacterial treatment, designed for extra-high mattresses up to 40 cm.",https://www.maisondecocon.com/en/products/air-cover-mattress-protector-extra-high-mattress?variant_sku=SAIRCOVMAXS20,https://cdn.shopify.com/s/files/1/0884/0278/8685/files/air-cover-mattress-protector-extra-high-front.jpg?v=1786022001,out_of_stock,189.00 EUR,Casilin,new,5420065500812,SAIRCOVMAXS20,air-cover-mattress-protector-extra-high-mattress
SAIRCOVMAXS33L,Air Cover Mattress Protector - Extra High Mattress,"A breathable, wafer-thin mattress protector made from 3D knitted fabric with Purotex+ antibacterial treatment, designed for extra-high mattresses up to 40 cm.",https://www.maisondecocon.com/en/products/air-cover-mattress-protector-extra-high-mattress?variant_sku=SAIRCOVMAXS33L,https://cdn.shopify.com/s/files/1/0884/0278/8685/files/air-cover-mattress-protector-extra-high-front.jpg?v=1786022001,out_of_stock,315.00 EUR,Casilin,new,5420065500928,SAIRCOVMAXS33L,air-cover-mattress-protector-extra-high-mattress
FCRINKSTRF0443,Cotton Muslin Duvet Cover - Beige,"A breathable cotton muslin duvet cover with a naturally wrinkled, no-iron texture - soft to the touch and effortless to care for.",https://www.maisondecocon.com/en/products/cotton-muslin-duvet-cover-beige?variant_sku=FCRINKSTRF0443,https://cdn.shopify.com/s/files/1/0884/0278/8685/files/cotton-muslin-duvet-cover-beige-detail.jpg?v=1786009876,in_stock,209.00 EUR,Casilin,new,5407004721057,FCRINKSTRF0443,cotton-muslin-duvet-cover-beige
FCRINKSTRF0452,Cotton Muslin Duvet Cover - Beige,"A breathable cotton muslin duvet cover with a naturally wrinkled, no-iron texture - soft to the touch and effortless to care for.",https://www.maisondecocon.com/en/products/cotton-muslin-duvet-cover-beige?variant_sku=FCRINKSTRF0452,https://cdn.shopify.com/s/files/1/0884/0278/8685/files/cotton-muslin-duvet-cover-beige-detail.jpg?v=1786009876,in_stock,229.00 EUR,Casilin,new,5407004721064,FCRINKSTRF0452,cotton-muslin-duvet-cover-beige
FCRINKSTRF0454,Cotton Muslin Duvet Cover - Beige,"A breathable cotton muslin duvet cover with a naturally wrinkled, no-iron texture - soft to the touch and effortless to care for.",https://www.maisondecocon.com/en/products/cotton-muslin-duvet-cover-beige?variant_sku=FCRINKSTRF0454,https://cdn.shopify.com/s/files/1/0884/0278/8685/files/cotton-muslin-duvet-cover-beige-detail.jpg?v=1786009876,in_stock,239.00 EUR,Casilin,new,,FCRINKSTRF0454,cotton-muslin-duvet-cover-beige
FCRINKSTRF0426,Cotton Muslin Duvet Cover - Beige,"A breathable cotton muslin duvet cover with a naturally wrinkled, no-iron texture - soft to the touch and effortless to care for.",https://www.maisondecocon.com/en/products/cotton-muslin-duvet-cover-beige?variant_sku=FCRINKSTRF0426,https://cdn.shopify.com/s/files/1/0884/0278/8685/files/cotton-muslin-duvet-cover-beige-detail.jpg?v=1786009876,in_stock,139.00 EUR,Casilin,new,5407004721040,FCRINKSTRF0426,cotton-muslin-duvet-cover-beige
SFROSTS31,ThermoComfort Frost Mattress Protector,"A cooling mattress protector made from Outlast thermo-regulating cotton, designed to keep your sleep temperature balanced whether you run hot or cold.",https://www.maisondecocon.com/en/products/thermocomfort-frost-mattress-protector?variant_sku=SFROSTS31,https://cdn.shopify.com/s/files/1/0884/0278/8685/files/thermocomfort-frost-mattress-protector-packaging.jpg?v=1786021325,out_of_stock,180.50 EUR,Casilin,new,8414205003421,SFROSTS31,thermocomfort-frost-mattress-protector
SFROSTS21,ThermoComfort Frost Mattress Protector,"A cooling mattress protector made from Outlast thermo-regulating cotton, designed to keep your sleep temperature balanced whether you run hot or cold.",https://www.maisondecocon.com/en/products/thermocomfort-frost-mattress-protector?variant_sku=SFROSTS21,https://cdn.shopify.com/s/files/1/0884/0278/8685/files/thermocomfort-frost-mattress-protector-packaging.jpg?v=1786021325,out_of_stock,126.90 EUR,Casilin,new,8414205003377,SFROSTS21,thermocomfort-frost-mattress-protector
SFROSTS33,ThermoComfort Frost Mattress Protector,"A cooling mattress protector made from Outlast thermo-regulating cotton, designed to keep your sleep temperature balanced whether you run hot or cold.",https://www.maisondecocon.com/en/products/thermocomfort-frost-mattress-protector?variant_sku=SFROSTS33,https://cdn.shopify.com/s/files/1/0884/0278/8685/files/thermocomfort-frost-mattress-protector-packaging.jpg?v=1786021325,out_of_stock,196.90 EUR,Casilin,new,8414205003438,SFROSTS33,thermocomfort-frost-mattress-protector
SFROSTS22,ThermoComfort Frost Mattress Protector,"A cooling mattress protector made from Outlast thermo-regulating cotton, designed to keep your sleep temperature balanced whether you run hot or cold.",https://www.maisondecocon.com/en/products/thermocomfort-frost-mattress-protector?variant_sku=SFROSTS22,https://cdn.shopify.com/s/files/1/0884/0278/8685/files/thermocomfort-frost-mattress-protector-packaging.jpg?v=1786021325,out_of_stock,117.90 EUR,Casilin,new,8414205003360,SFROSTS22,thermocomfort-frost-mattress-protector
SFROSTS34,ThermoComfort Frost Mattress Protector,"A cooling mattress protector made from Outlast thermo-regulating cotton, designed to keep your sleep temperature balanced whether you run hot or cold.",https://www.maisondecocon.com/en/products/thermocomfort-frost-mattress-protector?variant_sku=SFROSTS34,https://cdn.shopify.com/s/files/1/0884/0278/8685/files/thermocomfort-frost-mattress-protector-packaging.jpg?v=1786021325,out_of_stock,236.50 EUR,Casilin,new,8414205003483,SFROSTS34,thermocomfort-frost-mattress-protector
SFROSTS18,ThermoComfort Frost Mattress Protector,"A cooling mattress protector made from Outlast thermo-regulating cotton, designed to keep your sleep temperature balanced whether you run hot or cold.",https://www.maisondecocon.com/en/products/thermocomfort-frost-mattress-protector?variant_sku=SFROSTS18,https://cdn.shopify.com/s/files/1/0884/0278/8685/files/thermocomfort-frost-mattress-protector-packaging.jpg?v=1786021325,out_of_stock,99.50 EUR,Casilin,new,8414205003346,SFROSTS18,thermocomfort-frost-mattress-protector
SFROSTS32,ThermoComfort Frost Mattress Protector,"A cooling mattress protector made from Outlast thermo-regulating cotton, designed to keep your sleep temperature balanced whether you run hot or cold.",https://www.maisondecocon.com/en/products/thermocomfort-frost-mattress-protector?variant_sku=SFROSTS32,https://cdn.shopify.com/s/files/1/0884/0278/8685/files/thermocomfort-frost-mattress-protector-packaging.jpg?v=1786021325,out_of_stock,233.90 EUR,Casilin,new,8414205722513,SFROSTS32,thermocomfort-frost-mattress-protector
SFROSTS23,ThermoComfort Frost Mattress Protector,"A cooling mattress protector made from Outlast thermo-regulating cotton, designed to keep your sleep temperature balanced whether you run hot or cold.",https://www.maisondecocon.com/en/products/thermocomfort-frost-mattress-protector?variant_sku=SFROSTS23,https://cdn.shopify.com/s/files/1/0884/0278/8685/files/thermocomfort-frost-mattress-protector-packaging.jpg?v=1786021325,out_of_stock,134.90 EUR,Casilin,new,8414205003469,SFROSTS23,thermocomfort-frost-mattress-protector
SFROSTS20,ThermoComfort Frost Mattress Protector,"A cooling mattress protector made from Outlast thermo-regulating cotton, designed to keep your sleep temperature balanced whether you run hot or cold.",https://www.maisondecocon.com/en/products/thermocomfort-frost-mattress-protector?variant_sku=SFROSTS20,https://cdn.shopify.com/s/files/1/0884/0278/8685/files/thermocomfort-frost-mattress-protector-packaging.jpg?v=1786021325,out_of_stock,114.90 EUR,Casilin,new,8414205003353,SFROSTS20,thermocomfort-frost-mattress-protector
SFROSTS38,ThermoComfort Frost Mattress Protector,"A cooling mattress protector made from Outlast thermo-regulating cotton, designed to keep your sleep temperature balanced whether you run hot or cold.",https://www.maisondecocon.com/en/products/thermocomfort-frost-mattress-protector?variant_sku=SFROSTS38,https://cdn.shopify.com/s/files/1/0884/0278/8685/files/thermocomfort-frost-mattress-protector-packaging.jpg?v=1786021325,out_of_stock,236.90 EUR,Casilin,new,8414205003490,SFROSTS38,thermocomfort-frost-mattress-protector
SFROSTS25,ThermoComfort Frost Mattress Protector,"A cooling mattress protector made from Outlast thermo-regulating cotton, designed to keep your sleep temperature balanced whether you run hot or cold.",https://www.maisondecocon.com/en/products/thermocomfort-frost-mattress-protector?variant_sku=SFROSTS25,https://cdn.shopify.com/s/files/1/0884/0278/8685/files/thermocomfort-frost-mattress-protector-packaging.jpg?v=1786021325,out_of_stock,156.50 EUR,Casilin,new,8414205003407,SFROSTS25,thermocomfort-frost-mattress-protector
SFROSTS24,ThermoComfort Frost Mattress Protector,"A cooling mattress protector made from Outlast thermo-regulating cotton, designed to keep your sleep temperature balanced whether you run hot or cold.",https://www.maisondecocon.com/en/products/thermocomfort-frost-mattress-protector?variant_sku=SFROSTS24,https://cdn.shopify.com/s/files/1/0884/0278/8685/files/thermocomfort-frost-mattress-protector-packaging.jpg?v=1786021325,out_of_stock,144.50 EUR,Casilin,new,8414205003384,SFROSTS24,thermocomfort-frost-mattress-protector
SFROSTS37,ThermoComfort Frost Mattress Protector,"A cooling mattress protector made from Outlast thermo-regulating cotton, designed to keep your sleep temperature balanced whether you run hot or cold.",https://www.maisondecocon.com/en/products/thermocomfort-frost-mattress-protector?variant_sku=SFROSTS37,https://cdn.shopify.com/s/files/1/0884/0278/8685/files/thermocomfort-frost-mattress-protector-packaging.jpg?v=1786021325,out_of_stock,217.90 EUR,Casilin,new,8414205003445,SFROSTS37,thermocomfort-frost-mattress-protector
0793002340679-copy,Wool Throw Blanket Cool Mint 140×200,"Woven from 100% New Zealand wool with a substantial 450g/m² weight, this blanket brings natural warmth and understated elegance to any bed or living space.",https://www.maisondecocon.com/en/products/wool-throw-blanket-cool-mint-140-200?variant_sku=0793002340679-copy,https://cdn.shopify.com/s/files/1/0884/0278/8685/files/wool-bed-blanket-cool-mint-folded.jpg?v=1785920918,in_stock,108.90 EUR,MoST Blankets,new,,0793002340679-copy,wool-throw-blanket-cool-mint-140-200
0793002340662-copy,Wool Throw Blanket Cool Mint 140×200,"Woven from 100% New Zealand wool with a substantial 450g/m² weight, this blanket brings natural warmth and understated elegance to any bed or living space.",https://www.maisondecocon.com/en/products/wool-throw-blanket-cool-mint-140-200?variant_sku=0793002340662-copy,https://cdn.shopify.com/s/files/1/0884/0278/8685/files/wool-bed-blanket-cool-mint-folded.jpg?v=1785920918,in_stock,88.90 EUR,MoST Blankets,new,,0793002340662-copy,wool-throw-blanket-cool-mint-140-200
8720849141093,Merino Wool Bedspread Sun Dust 200x220,"Crafted from a blend of 80% Merino wool and 20% nylon, this bedspread offers exceptional warmth, softness, and lasting durability for chilly nights.",https://www.maisondecocon.com/en/products/merino-wool-bedspread-sun-dust-200-220?variant_sku=8720849141093,https://cdn.shopify.com/s/files/1/0884/0278/8685/files/merino-wool-bedspread-sun-dust-folded.jpg?v=1785931931,in_stock,109.00 EUR,MoST Blankets,new,,8720849141093,merino-wool-bedspread-sun-dust-200-220
8720849141918,Wool Throw Blanket Manoria Savana - Multi-Colored Brown,"Made from 100% New Zealand wool, the Manoria Throw features a bold zigzag pattern that brings vibrant color and playful sophistication to any space.",https://www.maisondecocon.com/en/products/wool-throw-blanket-manoria-savana-multi-colored-brown?variant_sku=8720849141918,https://cdn.shopify.com/s/files/1/0884/0278/8685/files/wool-throw-blanket-manoria-savana-folded.jpg?v=1785999804,in_stock,69.90 EUR,MoST Blankets,new,8720849141918,8720849141918,wool-throw-blanket-manoria-savana-multi-colored-brown
8720849140355,Wool Throw Blanket Florence Grey 140x200,"Made from 100% New Zealand wool, the Florence Throw brings elegant Italian-inspired style and rich texture to any room.",https://www.maisondecocon.com/en/products/wool-throw-blanket-florence-grey-140-200?variant_sku=8720849140355,https://cdn.shopify.com/s/files/1/0884/0278/8685/files/wool-throw-blanket-florence-grey-folded.jpg?v=1785932573,in_stock,69.00 EUR,MoST Blankets,new,8720849140355,8720849140355,wool-throw-blanket-florence-grey-140-200
8720849140584,Wool Throw Blanket Chocolate Chip 140x200,"Made from 100% New Zealand wool at a substantial 450g/m² weight, this blanket brings real warmth and lasting comfort to any bedroom.",https://www.maisondecocon.com/en/products/wool-throw-blanket-chocolate-chip-140-200?variant_sku=8720849140584,https://cdn.shopify.com/s/files/1/0884/0278/8685/files/wool-throw-chocolate-chip-folded.jpg?v=1786003624,in_stock,108.90 EUR,MoST Blankets,new,,8720849140584,wool-throw-blanket-chocolate-chip-140-200
8720849140577,Wool Throw Blanket Chocolate Chip 140x200,"Made from 100% New Zealand wool at a substantial 450g/m² weight, this blanket brings real warmth and lasting comfort to any bedroom.",https://www.maisondecocon.com/en/products/wool-throw-blanket-chocolate-chip-140-200?variant_sku=8720849140577,https://cdn.shopify.com/s/files/1/0884/0278/8685/files/wool-throw-chocolate-chip-folded.jpg?v=1786003624,out_of_stock,88.90 EUR,MoST Blankets,new,,8720849140577,wool-throw-blanket-chocolate-chip-140-200
8720849142038-1,Wool Bouclé Throw Blanket Paris Dark Brown 140x200,"Made from a luxurious 80% wool and 20% polyester bouclé blend, the Paris Throw offers soft, cozy warmth for indoor and outdoor use.",https://www.maisondecocon.com/en/products/wool-boucle-throw-blanket-paris-dark-brown-140-200?variant_sku=8720849142038-1,https://cdn.shopify.com/s/files/1/0884/0278/8685/files/wool-boucle-throw-blanket-paris-dark-brown-folded.jpg?v=1785934206,in_stock,71.00 EUR,MoST Blankets,new,8720849142038,8720849142038-1,wool-boucle-throw-blanket-paris-dark-brown-140-200
8720849140553,Wool Throw Blanket Hunter 140x200,"Woven from 100% New Zealand wool at a substantial 450g/m² weight, the Hunter Throw brings natural warmth and understated elegance to any living space.",https://www.maisondecocon.com/en/products/wool-bed-blanket-hunter-140-200?variant_sku=8720849140553,https://cdn.shopify.com/s/files/1/0884/0278/8685/files/wool-throw-hunter-folded.jpg?v=1786006889,out_of_stock,88.90 EUR,MoST Blankets,new,,8720849140553,wool-bed-blanket-hunter-140-200
8720849141888,Wool Throw Blanket Manoria Foresta - Multi-Colored Green,"Made from 100% New Zealand wool, the Manoria Throw features a bold zigzag pattern that brings vibrant color and playful sophistication to any space.",https://www.maisondecocon.com/en/products/wool-throw-blanket-manoria-foresta-green-140-200?variant_sku=8720849141888,https://cdn.shopify.com/s/files/1/0884/0278/8685/files/wool-throw-blanket-manoria-foresta-folded.jpg?v=1785934570,in_stock,69.90 EUR,MoST Blankets,new,8720849141888,8720849141888,wool-throw-blanket-manoria-foresta-green-140-200
EB5B9B5CCF943AEA,Wool Bed Runner Blue Fog 130x250,"Crafted from a premium wool blend, this bed runner adds warmth, texture, and a refined hotel-style finish to any bed.",https://www.maisondecocon.com/en/products/wool-bed-runner-blue-fog-130-250?variant_sku=EB5B9B5CCF943AEA,https://cdn.shopify.com/s/files/1/0884/0278/8685/files/wool-bed-runner-blue-fog-folded.jpg?v=1785935879,in_stock,95.00 EUR,MoST Blankets,new,8720849142151,EB5B9B5CCF943AEA,wool-bed-runner-blue-fog-130-250
8720849142120-1,Merino Wool & Cashmere Throw Blanket Luma Soft Blue 140x200,"Crafted from a refined 90% Merino wool and 10% cashmere blend, the Luma Soft blanket offers exceptional softness, lightness, and natural warmth.",https://www.maisondecocon.com/en/products/merino-wool-cashmere-throw-blanket-luma-soft-blue-140-200?variant_sku=8720849142120-1,https://cdn.shopify.com/s/files/1/0884/0278/8685/files/merino-wool-cashmere-throw-blanket-luma-soft-blue-folded.jpg?v=1785936692,in_stock,119.00 EUR,MoST Blankets,new,8720849142120,8720849142120-1,merino-wool-cashmere-throw-blanket-luma-soft-blue-140-200
B4B0CBB397BC961E,Wool Bed Runner Eco Fossil 130x250,"Crafted from a premium wool blend, this bed runner adds warmth, texture, and a refined hotel-style finish to any bed.",https://www.maisondecocon.com/en/products/wool-bed-runner-eco-fossil-130-250?variant_sku=B4B0CBB397BC961E,https://cdn.shopify.com/s/files/1/0884/0278/8685/files/wool-bed-runner-eco-fossil-folded.jpg?v=1785937227,in_stock,95.00 EUR,MoST Blankets,new,8720849142168,B4B0CBB397BC961E,wool-bed-runner-eco-fossil-130-250
8720849141451,Wool Throw Blanket Rio Green 140x200,"Made from 100% pure sheep wool, the Rio Throw offers cozy warmth and colorful style for indoor or outdoor use.",https://www.maisondecocon.com/en/products/wool-throw-blanket-rio-green-140-200?variant_sku=8720849141451,https://cdn.shopify.com/s/files/1/0884/0278/8685/files/wool-throw-blanket-rio-green-folded.jpg?v=1785937438,in_stock,68.50 EUR,MoST Blankets,new,8720849141451,8720849141451,wool-throw-blanket-rio-green-140-200
EA9A3B09DCB93819,Merino & Cashmere Throw Blanket Tibet Grey 140x200,"Made from a luxurious 50% cashmere and 50% merino wool blend, the Tibet Throw offers exceptional softness and warmth.",https://www.maisondecocon.com/en/products/merino-cashmere-throw-blanket-tibet-grey-140-200?variant_sku=EA9A3B09DCB93819,https://cdn.shopify.com/s/files/1/0884/0278/8685/files/merino-cashmere-throw-blanket-tibet-grey-folded.jpg?v=1785938135,in_stock,155.00 EUR,MoST Blankets,new,8720849141420,EA9A3B09DCB93819,merino-cashmere-throw-blanket-tibet-grey-140-200
0793002340693,Wool Throw Blanket Misted Yellow 140x200,"Woven from 100% New Zealand wool at a substantial 450g/m² weight, the Misted Yellow Throw brings natural warmth and understated elegance to any living space.",https://www.maisondecocon.com/en/products/wool-bed-blanket-misted-yellow-140-200?variant_sku=0793002340693,https://cdn.shopify.com/s/files/1/0884/0278/8685/files/wool-throw-blanket-misted-yellow-folded.jpg?v=1786007092,out_of_stock,88.90 EUR,MoST Blankets,new,,0793002340693,wool-bed-blanket-misted-yellow-140-200
8720849141680-1,Wool Throw Blanket Tribe Green 140x200,"Featuring an intricate Ukrainian motif, this Wool Throw Blanket brings cultural heritage and cozy warmth to any room.",https://www.maisondecocon.com/en/products/wool-throw-blanket-tribe-green-140-200?variant_sku=8720849141680-1,https://cdn.shopify.com/s/files/1/0884/0278/8685/files/wool-throw-blanket-tribe-green-folded.jpg?v=1785938541,in_stock,95.00 EUR,MoST Blankets,new,8720849141680,8720849141680-1,wool-throw-blanket-tribe-green-140-200
8720849140737-1,Wool Bedspread Tribe Bronze 200x220,"Featuring an intricate Ukrainian motif, this Wool Bedspread brings cultural heritage and cozy warmth to your bedroom.",https://www.maisondecocon.com/en/products/wool-bedspread-tribe-bronze-200-220?variant_sku=8720849140737-1,https://cdn.shopify.com/s/files/1/0884/0278/8685/files/wool-bedspread-tribe-bronze-folded.jpg?v=1785939175,in_stock,115.00 EUR,MoST Blankets,new,8720849140737,8720849140737-1,wool-bedspread-tribe-bronze-200-220
0793002340440,Merino & Cashmere Throw Blanket Milano Blue 140x200,"Crafted from a 90% Merino wool and 10% cashmere blend, the Milano Throw offers exceptional softness and timeless elegance.",https://www.maisondecocon.com/en/products/merino-cashmere-throw-blanket-milano-blue-140-200?variant_sku=0793002340440,https://cdn.shopify.com/s/files/1/0884/0278/8685/files/merino-cashmere-throw-blanket-milano-blue-texture.jpg?v=1785939755,in_stock,85.50 EUR,MoST Blankets,new,0793002340440,0793002340440,merino-cashmere-throw-blanket-milano-blue-140-200
8720849141284-1,Wool Throw Blanket Venezia Mint 140x200,"Woven from 100% New Zealand wool, the Venezia Throw brings soft, natural warmth and understated elegance to any room in your home.",https://www.maisondecocon.com/en/products/wool-throw-blanket-venezia-mint-140-200?variant_sku=8720849141284-1,https://cdn.shopify.com/s/files/1/0884/0278/8685/files/wool-throw-blanket-venezia-mint-folded.jpg?v=1785939993,in_stock,71.00 EUR,MoST Blankets,new,8720849141284,8720849141284-1,wool-throw-blanket-venezia-mint-140-200
8720849141314,Wool Throw Blanket Denver Olive 140x200,"Made from 100% New Zealand wool, the Denver Throw features a bold zigzag pattern and striking edge finish for effortless style.",https://www.maisondecocon.com/en/products/wool-throw-blanket-denver-olive-140-200?variant_sku=8720849141314,https://cdn.shopify.com/s/files/1/0884/0278/8685/files/wool-throw-blanket-denver-olive-folded-main.jpg?v=1785941841,in_stock,70.00 EUR,MoST Blankets,new,8720849141314,8720849141314,wool-throw-blanket-denver-olive-140-200
8720849141758,Wool Bouclé Throw Blanket Paris Cappuccino 140x200,"Made from a luxurious 80% wool and 20% polyester bouclé blend, the Paris Throw offers soft, cozy warmth for indoor and outdoor use.",https://www.maisondecocon.com/en/products/wool-boucle-throw-blanket-paris-cappuccino-140-200?variant_sku=8720849141758,https://cdn.shopify.com/s/files/1/0884/0278/8685/files/wool-boucle-throw-blanket-paris-cappuccino-folded.jpg?v=1785942107,in_stock,71.00 EUR,MoST Blankets,new,8720849141758,8720849141758,wool-boucle-throw-blanket-paris-cappuccino-140-200
8720849141321,Wool Throw Blanket Denver beige,"Made from 100% New Zealand wool, the Denver Throw features a bold zigzag pattern and striking edge finish for effortless style.",https://www.maisondecocon.com/en/products/wool-throw-blanket-denver-beige-140-200?variant_sku=8720849141321,https://cdn.shopify.com/s/files/1/0884/0278/8685/files/wool-throw-blanket-denver-beige-folded.jpg?v=1785942741,in_stock,70.00 EUR,MoST Blankets,new,8720849141321,8720849141321,wool-throw-blanket-denver-beige-140-200
8720849141277,Wool Throw Blanket Linea Orion 140x200,"Made from 100% New Zealand wool, the Linea Throw features a sleek line pattern that brings modern elegance and minimalist style to any space.",https://www.maisondecocon.com/en/products/wool-throw-blanket-linea-orion-140-200?variant_sku=8720849141277,https://cdn.shopify.com/s/files/1/0884/0278/8685/files/wool-throw-blanket-linea-orion-lifestyle.jpg?v=1785943162,in_stock,69.90 EUR,MoST Blankets,new,8720849141277,8720849141277,wool-throw-blanket-linea-orion-140-200
8720849141956-1,Wool Throw Blanket Denver Terra 140x200,"Made from 100% New Zealand wool, the Denver Throw features a bold zigzag pattern and striking edge finish for effortless style.",https://www.maisondecocon.com/en/products/wool-throw-blanket-denver-terra-140-200?variant_sku=8720849141956-1,https://cdn.shopify.com/s/files/1/0884/0278/8685/files/wool-throw-blanket-denver-terra-folded.jpg?v=1785943621,in_stock,70.00 EUR,MoST Blankets,new,8720849141956,8720849141956-1,wool-throw-blanket-denver-terra-140-200
8720849141185,Wool Throw Blanket Ugle Blue 140x200,"Made from 100% New Zealand wool, the Ugle Throw features soft, soothing colors that blend seamlessly into any interior.",https://www.maisondecocon.com/en/products/wool-throw-blanket-ugle-blue?variant_sku=8720849141185,https://cdn.shopify.com/s/files/1/0884/0278/8685/files/wool-throw-blanket-ugle-blue-folded.jpg?v=1785943991,in_stock,69.90 EUR,MoST Blankets,new,8720849141185,8720849141185,wool-throw-blanket-ugle-blue
8720849141161,Wool Throw Blanket Ugle Green 140x200,"Made from 100% New Zealand wool, the Ugle Throw features soft, soothing colors that blend seamlessly into any interior.",https://www.maisondecocon.com/en/products/wool-throw-blanket-ugle-green-140-200?variant_sku=8720849141161,https://cdn.shopify.com/s/files/1/0884/0278/8685/files/wool-throw-blanket-ugle-green-folded.jpg?v=1785944249,in_stock,69.90 EUR,MoST Blankets,new,8720849141161,8720849141161,wool-throw-blanket-ugle-green-140-200
8720849140485,Merino & Cashmere Throw Blanket Milano Brown 140x200,"Crafted from a 90% Merino wool and 10% cashmere blend, the Milano Throw offers exceptional softness and timeless elegance.",https://www.maisondecocon.com/en/products/merino-cashmere-throw-blanket-milano-brown-140-200?variant_sku=8720849140485,https://cdn.shopify.com/s/files/1/0884/0278/8685/files/merino-cashmere-throw-blanket-milano-brown-folded.jpg?v=1785944604,in_stock,85.50 EUR,MoST Blankets,new,8720849140485,8720849140485,merino-cashmere-throw-blanket-milano-brown-140-200
8720849140843,Wool Throw Blanket City Stripe 130x170,"A soft, cozy wool throw offering warmth and comfort, perfect for adding elegant texture to any sofa or bed.",https://www.maisondecocon.com/en/products/wool-throw-blanket-city-stripe-130-170?variant_sku=8720849140843,https://cdn.shopify.com/s/files/1/0884/0278/8685/files/wool-throw-blanket-city-stripe-folded-main.jpg?v=1785947653,in_stock,70.90 EUR,MoST Blankets,new,8720849140843,8720849140843,wool-throw-blanket-city-stripe-130-170
8720849141741,Wool Bouclé Throw Blanket Paris Mustard Yellow 140x200,"Made from a luxurious 80% wool and 20% polyester bouclé blend, the Paris Throw offers soft, cozy warmth for indoor and outdoor use.",https://www.maisondecocon.com/en/products/wool-boucle-throw-blanket-paris-mustard-yellow-140-200?variant_sku=8720849141741,https://cdn.shopify.com/s/files/1/0884/0278/8685/files/wool-boucle-throw-blanket-paris-mustard-yellow-folded.jpg?v=1785948448,in_stock,71.00 EUR,MoST Blankets,new,8720849141741,8720849141741,wool-boucle-throw-blanket-paris-mustard-yellow-140-200
0793002340433,Merino & Cashmere Throw Blanket Milano Light Grey 140x200,"Crafted from a 90% Merino wool and 10% cashmere blend, the Milano Throw offers exceptional softness and timeless elegance.",https://www.maisondecocon.com/en/products/merino-cashmere-throw-blanket-milano-light-grey-140-200?variant_sku=0793002340433,https://cdn.shopify.com/s/files/1/0884/0278/8685/files/merino-cashmere-throw-blanket-milano-light-grey-folded.jpg?v=1785948849,in_stock,85.50 EUR,MoST Blankets,new,0793002340433,0793002340433,merino-cashmere-throw-blanket-milano-light-grey-140-200
8720849140942,Wool Throw Blanket Sienna Blue 140x200,"Made from 100% New Zealand wool, the Sienna Throw brings rich tones and timeless elegance to any sofa or bed.",https://www.maisondecocon.com/en/products/wool-throw-blanket-sienna-blue-140-200?variant_sku=8720849140942,https://cdn.shopify.com/s/files/1/0884/0278/8685/files/wool-throw-blanket-sienna-blue-lifestyle.jpg?v=1785949343,in_stock,68.90 EUR,MoST Blankets,new,8720849140942,8720849140942,wool-throw-blanket-sienna-blue-140-200
8720849141895,Wool Throw Blanket Manoria Acqua - Multi-Colored Blue,"Made from 100% New Zealand wool, the Manoria Throw features a bold zigzag pattern that brings vibrant color and playful sophistication to any space.",https://www.maisondecocon.com/en/products/wool-throw-blanket-manoria-acqua-blue-140-200?variant_sku=8720849141895,https://cdn.shopify.com/s/files/1/0884/0278/8685/files/wool-throw-blanket-manoria-acqua-folded.jpg?v=1785949645,in_stock,69.90 EUR,MoST Blankets,new,8720849141895,8720849141895,wool-throw-blanket-manoria-acqua-blue-140-200
0AA5C4EF5C0B2550,Wool Bouclé Throw Blanket Paris White 140x200,"Made from a luxurious 80% wool and 20% polyester bouclé blend, the Paris Throw offers soft, cozy warmth for indoor and outdoor use.",https://www.maisondecocon.com/en/products/wool-boucle-throw-blanket-paris-white-140-200?variant_sku=0AA5C4EF5C0B2550,https://cdn.shopify.com/s/files/1/0884/0278/8685/files/wool-boucle-throw-blanket-paris-white-folded.jpg?v=1785950223,in_stock,71.00 EUR,MoST Blankets,new,8720849141338,0AA5C4EF5C0B2550,wool-boucle-throw-blanket-paris-white-140-200
8720849141444,Wool Throw Blanket Rio Beige 140x200,"Made from 100% pure sheep wool, the Rio Throw offers cozy warmth and colorful style for indoor or outdoor use.",https://www.maisondecocon.com/en/products/wool-throw-blanket-rio-beige-140-200?variant_sku=8720849141444,https://cdn.shopify.com/s/files/1/0884/0278/8685/files/wool-throw-blanket-rio-beige-folded.jpg?v=1785950441,in_stock,68.50 EUR,MoST Blankets,new,8720849141444,8720849141444,wool-throw-blanket-rio-beige-140-200
8720849141215,Wool Throw Blanket Agatha Grey 140x200,"Made from 100% New Zealand wool, the Agatha Throw features a vibrant multicolor design that brings warmth and lively style to any space.",https://www.maisondecocon.com/en/products/wool-throw-blanket-agatha-grey-140-200?variant_sku=8720849141215,https://cdn.shopify.com/s/files/1/0884/0278/8685/files/wool-throw-blanket-agatha-grey-folded.jpg?v=1785950769,in_stock,69.90 EUR,MoST Blankets,new,8720849141215,8720849141215,wool-throw-blanket-agatha-grey-140-200
801538473F16A8E4,Wool Bouclé Throw Blanket Paris Ivory 140x200,"Made from a luxurious 80% wool and 20% polyester bouclé blend, the Paris Throw offers soft, cozy warmth for indoor and outdoor use.",https://www.maisondecocon.com/en/products/wool-boucle-throw-blanket-paris-ivory-140-200?variant_sku=801538473F16A8E4,https://cdn.shopify.com/s/files/1/0884/0278/8685/files/wool-boucle-throw-blanket-paris-ivory-folded.jpg?v=1785951055,in_stock,71.00 EUR,MoST Blankets,new,8720849141352,801538473F16A8E4,wool-boucle-throw-blanket-paris-ivory-140-200
8720849141499,Merino & Cashmere Throw Blanket Milano Rosa Orlo 140x200,"Crafted from a 90% Merino wool and 10% cashmere blend, the Milano Rosa Orlo Throw offers exceptional softness with a refined grey edge-trim finish in soft pink.",https://www.maisondecocon.com/en/products/merino-cashmere-throw-blanket-milano-rosa-orlo?variant_sku=8720849141499,https://cdn.shopify.com/s/files/1/0884/0278/8685/files/merino-cashmere-throw-blanket-milano-rosa-orlo-folded.jpg?v=1786002359,in_stock,85.50 EUR,MoST Blankets,new,8720849141499,8720849141499,merino-cashmere-throw-blanket-milano-rosa-orlo
8720849141482,Merino & Cashmere Throw Blanket Milano Grigio Orlo 140x200,"Crafted from a 90% Merino wool and 10% cashmere blend, the Milano Grigio Orlo Throw offers exceptional softness with a subtle tonal edge-trim finish in grey.",https://www.maisondecocon.com/en/products/merino-cashmere-throw-blanket-milano-grigio-orlo?variant_sku=8720849141482,https://cdn.shopify.com/s/files/1/0884/0278/8685/files/merino-cashmere-throw-blanket-milano-grigio-orlo-folded.jpg?v=1785999353,in_stock,85.50 EUR,MoST Blankets,new,8720849141482,8720849141482,merino-cashmere-throw-blanket-milano-grigio-orlo
8720849141505,Merino & Cashmere Throw Blanket Milano Verde Orlo 140x200,"Crafted from a 90% Merino wool and 10% cashmere blend, the Milano Verde Orlo Throw offers exceptional softness and a refined edge-trim finish in deep green.",https://www.maisondecocon.com/en/products/merino-cashmere-throw-blanket-milano-verde-orlo?variant_sku=8720849141505,https://cdn.shopify.com/s/files/1/0884/0278/8685/files/merino-cashmere-throw-blanket-milano-verde-orlo-folded.jpg?v=1785999445,in_stock,85.50 EUR,MoST Blankets,new,8720849141505,8720849141505,merino-cashmere-throw-blanket-milano-verde-orlo
8720849142106-1,Merino Wool & Cashmere Throw Blanket Luma Soft Gray 140x200,"Crafted from a refined 90% Merino wool and 10% cashmere blend, the Luma Soft blanket offers exceptional softness, lightness, and natural warmth.",https://www.maisondecocon.com/en/products/soft-cashmere-merino-wool-blanket-luma-soft-single-gray?variant_sku=8720849142106-1,https://cdn.shopify.com/s/files/1/0884/0278/8685/files/merino-wool-cashmere-throw-blanket-luma-soft-gray-folded.jpg?v=1785999538,in_stock,119.00 EUR,MoST Blankets,new,8720849142106,8720849142106-1,soft-cashmere-merino-wool-blanket-luma-soft-single-gray
8720849141925-1,Wool Throw Blanket Venezia Sky 140x200,"Woven from 100% New Zealand wool, the Venezia Throw brings soft, natural warmth and understated elegance to any room in your home.",https://www.maisondecocon.com/en/products/wool-throw-blanket-venezia-sky?variant_sku=8720849141925-1,https://cdn.shopify.com/s/files/1/0884/0278/8685/files/wool-throw-blanket-venezia-sky-folded.jpg?v=1785999595,in_stock,71.00 EUR,MoST Blankets,new,8720849141925,8720849141925-1,wool-throw-blanket-venezia-sky
8720849140454-copy,Merino Wool Throw Blanket Aegean 140x200,"Woven from an 80% Merino wool and 20% nylon blend, this blanket brings exceptional warmth and lasting durability to any bedroom.",https://www.maisondecocon.com/en/products/merino-wool-bed-blanket-aegean-140-200?variant_sku=8720849140454-copy,https://cdn.shopify.com/s/files/1/0884/0278/8685/files/wool-throw-blanket-ocean-blue-folded.jpg?v=1786007797,in_stock,92.00 EUR,MoST Blankets,new,,8720849140454-copy,merino-wool-bed-blanket-aegean-140-200
8720849141239,Wool Throw Blanket Triangel Blue 140x200,"The Triangel throw, crafted from 100% New Zealand wool, features a vibrant triangle pattern that adds a pop of color and modern flair to any interior.",https://www.maisondecocon.com/en/products/wool-throw-blanket-triangel-blue?variant_sku=8720849141239,https://cdn.shopify.com/s/files/1/0884/0278/8685/files/wool-throw-blanket-triangel-blue-folded.jpg?v=1786002198,in_stock,69.90 EUR,MoST Blankets,new,8720849141239,8720849141239,wool-throw-blanket-triangel-blue
95C789B2B74A70BA,Merino & Cashmere Throw Blanket Tibet Brown 140x200,"Made from a luxurious 50% cashmere and 50% merino wool blend, the Tibet Throw offers exceptional softness and warmth.",https://www.maisondecocon.com/en/products/merino-cashmere-throw-blanket-tibet-brown?variant_sku=95C789B2B74A70BA,https://cdn.shopify.com/s/files/1/0884/0278/8685/files/merino-cashmere-throw-blanket-tibet-brown-folded.jpg?v=1786001717,in_stock,155.00 EUR,MoST Blankets,new,8720849141383,95C789B2B74A70BA,merino-cashmere-throw-blanket-tibet-brown
8720849141253,Wool Throw Blanket Triangel Grey 140x200,"Made from 100% New Zealand wool, the Triangel Throw features a vibrant triangle pattern that adds bold, playful flair to any room.",https://www.maisondecocon.com/en/products/wool-throw-blanket-triangel-grey?variant_sku=8720849141253,https://cdn.shopify.com/s/files/1/0884/0278/8685/files/wool-throw-blanket-triangel-grey-folded.jpg?v=1786002144,in_stock,69.90 EUR,MoST Blankets,new,8720849141253,8720849141253,wool-throw-blanket-triangel-grey
87CF1A6F230F3017,Wool Bed Runner Wild Dove 130x250,"Crafted from a premium wool blend, this bed runner adds warmth, texture, and a refined hotel-style finish to any bed.",https://www.maisondecocon.com/en/products/wool-bed-runner-wild-dove-130-x-250-cm?variant_sku=87CF1A6F230F3017,https://cdn.shopify.com/s/files/1/0884/0278/8685/files/wool-bed-runner-wild-dove-folded.jpg?v=1786002256,in_stock,95.00 EUR,MoST Blankets,new,8720849142175,87CF1A6F230F3017,wool-bed-runner-wild-dove-130-x-250-cm
8720849141116,Wool Throw Blanket Venezia Leaf 140x200,"Woven from 100% New Zealand wool, the Venezia Throw brings soft, natural warmth and understated elegance to any room in your home.",https://www.maisondecocon.com/en/products/wool-throw-blanket-venezia-leaf?variant_sku=8720849141116,https://cdn.shopify.com/s/files/1/0884/0278/8685/files/wool-throw-blanket-venezia-leaf-folded.jpg?v=1786001839,in_stock,71.00 EUR,MoST Blankets,new,8720849141116,8720849141116,wool-throw-blanket-venezia-leaf
0793002340051,Reversible Wool Throw Blanket Denim 130x190,"This cozy, double-sided throw is woven from 100% New Zealand wool, prized for the country's high standards in sheep welfare and environmental responsibility.",https://www.maisondecocon.com/en/products/reversible-wool-throw-blanket-denim?variant_sku=0793002340051,https://cdn.shopify.com/s/files/1/0884/0278/8685/files/reversible-wool-throw-blanket-denim-folded.jpg?v=1786002086,in_stock,65.90 EUR,MoST Blankets,new,0793002340051,0793002340051,reversible-wool-throw-blanket-denim
EB93869FBA8CC1FC,Wool Bouclé Throw Blanket Paris Brown 140x200,"Made from a luxurious 80% wool and 20% polyester bouclé blend, the Paris Throw offers soft, cozy warmth for indoor and outdoor use.",https://www.maisondecocon.com/en/products/wool-boucle-throw-blanket-paris-brown?variant_sku=EB93869FBA8CC1FC,https://cdn.shopify.com/s/files/1/0884/0278/8685/files/wool-boucle-throw-blanket-paris-brown-folded.jpg?v=1786001915,in_stock,71.00 EUR,MoST Blankets,new,8720849141345,EB93869FBA8CC1FC,wool-boucle-throw-blanket-paris-brown
AEC6290610E7964D,Merino & Cashmere Throw Blanket Tibet Dark Grey 140x200,"Made from a luxurious 50% cashmere and 50% merino wool blend, the Tibet Throw offers exceptional softness and warmth.",https://www.maisondecocon.com/en/products/merino-cashmere-throw-blanket-tibet-dark-grey?variant_sku=AEC6290610E7964D,https://cdn.shopify.com/s/files/1/0884/0278/8685/files/merino-cashmere-throw-blanket-tibet-dark-grey-folded.jpg?v=1786000420,in_stock,155.00 EUR,MoST Blankets,new,8720849141406,AEC6290610E7964D,merino-cashmere-throw-blanket-tibet-dark-grey
BA2643BE3224656C,Merino & Cashmere Throw Blanket Tibet Beige 140x200,"Made from a luxurious 50% cashmere and 50% merino wool blend, the Tibet Throw offers exceptional softness and warmth.",https://www.maisondecocon.com/en/products/merino-cashmere-throw-blanket-tibet-beige?variant_sku=BA2643BE3224656C,https://cdn.shopify.com/s/files/1/0884/0278/8685/files/merino-cashmere-throw-blanket-tibet-beige-folded.jpg?v=1786001547,out_of_stock,155.00 EUR,MoST Blankets,new,8720849141390,BA2643BE3224656C,merino-cashmere-throw-blanket-tibet-beige
239A55CCBA024FA2,Merino & Cashmere Bedspread Ivory Mist 200x220,"Crafted from a refined 90% Merino wool and 10% cashmere blend, the Ivory Mist blanket offers a serene grey-to-white gradient and understated luxury.",https://www.maisondecocon.com/en/products/merino-cashmere-bed-blanket-ivory-mist?variant_sku=239A55CCBA024FA2,https://cdn.shopify.com/s/files/1/0884/0278/8685/files/merino-cashmere-bedspread-ivory-mist-folded.jpg?v=1785998926,in_stock,149.00 EUR,MoST Blankets,new,08720849141598,239A55CCBA024FA2,merino-cashmere-bed-blanket-ivory-mist
8720849141550,Merino & Cashmere Throw Blanket Silver Cloud 200x140,"Crafted from a refined 90% Merino wool and 10% cashmere blend, the Silver Cloud blanket offers a serene grey-to-white gradient and understated luxury.",https://www.maisondecocon.com/en/products/merino-cashmere-throw-blanket-silver-cloud-200-140?variant_sku=8720849141550,https://cdn.shopify.com/s/files/1/0884/0278/8685/files/merino-cashmere-throw-blanket-silver-cloud-folded.jpg?v=1785998644,in_stock,119.00 EUR,MoST Blankets,new,,8720849141550,merino-cashmere-throw-blanket-silver-cloud-200-140
8720849141772,Wool Bouclé Throw Blanket Paris Swamp Green 140x200,"Made from a luxurious 80% wool and 20% polyester bouclé blend, the Paris Throw offers soft, cozy warmth for indoor and outdoor use.",https://www.maisondecocon.com/en/products/wool-boucle-throw-blanket-paris-swamp-green?variant_sku=8720849141772,https://cdn.shopify.com/s/files/1/0884/0278/8685/files/wool-boucle-throw-blanket-paris-swamp-green-folded.jpg?v=1786001790,in_stock,71.00 EUR,MoST Blankets,new,8720849141772,8720849141772,wool-boucle-throw-blanket-paris-swamp-green
8720849141222,Wool Throw Blanket Agatha Brown 140x200,"Made from 100% New Zealand wool, the Agatha Throw features a stunning multicolor design that brings warmth and vibrancy to any interior.",https://www.maisondecocon.com/en/products/wool-throw-blanket-agatha-brown?variant_sku=8720849141222,https://cdn.shopify.com/s/files/1/0884/0278/8685/files/wool-throw-blanket-agatha-brown-folded.jpg?v=1786002030,out_of_stock,69.90 EUR,MoST Blankets,new,8720849141222,8720849141222,wool-throw-blanket-agatha-brown
8720849141123,Wool Throw Blanket Venezia Blue 140x200,"Woven from 100% New Zealand wool, the Venezia Throw brings soft, natural warmth and understated elegance to any room in your home.",https://www.maisondecocon.com/en/products/wool-throw-blanket-venezia-blue?variant_sku=8720849141123,https://cdn.shopify.com/s/files/1/0884/0278/8685/files/wool-throw-blanket-venezia-blue-folded.jpg?v=1786001647,out_of_stock,71.00 EUR,MoST Blankets,new,8720849141123,8720849141123,wool-throw-blanket-venezia-blue
0793002340679,Wool Bedspread Cool Mint 200x220,"Woven from 100% New Zealand wool with a substantial 450g/m² weight, this blanket brings natural warmth and understated elegance to any bed or living space.",https://www.maisondecocon.com/en/products/wool-bedspread-cool-mint-200-220?variant_sku=0793002340679,https://cdn.shopify.com/s/files/1/0884/0278/8685/files/wool-bed-blanket-cool-mint-folded.jpg?v=1785920918,in_stock,108.90 EUR,MoST Blankets,new,,0793002340679,wool-bedspread-cool-mint-200-220
8720849140447-copy,Merino Wool Bedspread Aegean 200x220,"Woven from an 80% Merino wool and 20% nylon blend, this bedspread brings exceptional warmth and lasting durability to your bedroom.",https://www.maisondecocon.com/en/products/merino-wool-bedspread-aegean-200-220?variant_sku=8720849140447-copy,https://cdn.shopify.com/s/files/1/0884/0278/8685/files/wool-bedspread-blanket-ocean-blue-folded.jpg?v=1786007702,in_stock,112.00 EUR,MoST Blankets,new,,8720849140447-copy,merino-wool-bedspread-aegean-200-220
8720849140584,Wool Bedspread Chocolate Chip 200x220,"Made from 100% New Zealand wool at a substantial 450g/m² weight, this bedspread brings real warmth and lasting comfort to your bedroom.",https://www.maisondecocon.com/en/products/wool-bedspread-chocolate-chip-200x220?variant_sku=8720849140584,https://cdn.shopify.com/s/files/1/0884/0278/8685/files/wool-bedspread-chocolate-chip-folded.jpg?v=1786003553,in_stock,108.90 EUR,MoST Blankets,new,,8720849140584,wool-bedspread-chocolate-chip-200x220
8720849140560,Wool Bedspread Hunter 200x220,"Woven from 100% New Zealand wool at a substantial 450g/m² weight, the Hunter Bedspread brings natural warmth and understated elegance to any bed.",https://www.maisondecocon.com/en/products/wool-bedspread-hunter-200-220?variant_sku=8720849140560,https://cdn.shopify.com/s/files/1/0884/0278/8685/files/wool-bedspread-hunter-folded.jpg?v=1786006920,in_stock,108.90 EUR,MoST Blankets,new,,8720849140560,wool-bedspread-hunter-200-220
0793002340709,Wool Bedspread Misted Yellow 200x220,"Woven from 100% New Zealand wool at a substantial 450g/m² weight, the Misted Yellow Bedspread brings natural warmth and understated elegance to any bed.",https://www.maisondecocon.com/en/products/wool-bedspread-misted-yellow-200-220?variant_sku=0793002340709,https://cdn.shopify.com/s/files/1/0884/0278/8685/files/wool-bedspread-blanket-misted-yellow-folded.jpg?v=1786007145,out_of_stock,108.90 EUR,MoST Blankets,new,,0793002340709,wool-bedspread-misted-yellow-200-220
9999998014050,1-Person Bamboo Bedding Set Coffee Brown 400TC,"A warm, luxuriously soft 400TC bamboo bedding set for one in rich Coffee Brown — breathable, hypoallergenic, and gentle on skin for a hotel-worthy night's sleep.",https://www.maisondecocon.com/en/products/1-person-bamboo-bedding-set-coffee-brown-400tc?variant_sku=9999998014050,https://cdn.shopify.com/s/files/1/0884/0278/8685/files/c6852ec8-3551-4ec0-9f05-f798b82d4b2d_1200x1200_fill.jpg?v=1786036520,in_stock,161.00 EUR,Boomba Bamboo,new,,9999998014050,1-person-bamboo-bedding-set-coffee-brown-400tc
9999999014050,1-Person Bamboo Bedding Set Coffee Brown 400TC,"A warm, luxuriously soft 400TC bamboo bedding set for one in rich Coffee Brown — breathable, hypoallergenic, and gentle on skin for a hotel-worthy night's sleep.",https://www.maisondecocon.com/en/products/1-person-bamboo-bedding-set-coffee-brown-400tc?variant_sku=9999999014050,https://cdn.shopify.com/s/files/1/0884/0278/8685/files/c6852ec8-3551-4ec0-9f05-f798b82d4b2d_1200x1200_fill.jpg?v=1786036520,in_stock,164.00 EUR,Boomba Bamboo,new,,9999999014050,1-person-bamboo-bedding-set-coffee-brown-400tc
5555558014050,1-Person Bamboo Bedding Set Coco White 400TC,"A luxuriously soft 400TC bamboo bedding set for one in fresh, timeless Coco White - breathable, hypoallergenic, and gentle on skin for a hotel-worthy night's sleep.",https://www.maisondecocon.com/en/products/1-person-bamboo-bedding-set-coco-white-400tc?variant_sku=5555558014050,https://cdn.shopify.com/s/files/1/0884/0278/8685/files/bamboo-bedding-set-coco-white-1-person-window-lifestyle.jpg?v=1786101593,out_of_stock,161.00 EUR,Boomba Bamboo,new,,5555558014050,1-person-bamboo-bedding-set-coco-white-400tc
5555559014050,1-Person Bamboo Bedding Set Coco White 400TC,"A luxuriously soft 400TC bamboo bedding set for one in fresh, timeless Coco White - breathable, hypoallergenic, and gentle on skin for a hotel-worthy night's sleep.",https://www.maisondecocon.com/en/products/1-person-bamboo-bedding-set-coco-white-400tc?variant_sku=5555559014050,https://cdn.shopify.com/s/files/1/0884/0278/8685/files/bamboo-bedding-set-coco-white-1-person-window-lifestyle.jpg?v=1786101593,out_of_stock,164.00 EUR,Boomba Bamboo,new,,5555559014050,1-person-bamboo-bedding-set-coco-white-400tc
6154513585586,Bamboo Fitted Sheet Lavender Mist 400TC,"A silky-soft 400TC bamboo fitted sheet in dreamy Lavender Mist — breathable, hypoallergenic, and cool against the skin, with a snug elastic fit for mattresses up to 30cm.",https://www.maisondecocon.com/en/products/bamboo-fitted-sheet-lavender-mist-400tc?variant_sku=6154513585586,https://cdn.shopify.com/s/files/1/0884/0278/8685/files/bamboo-fitted-sheet-lavender-mist-corner-detail.jpg?v=1786102537,in_stock,147.00 EUR,Boomba Bamboo,new,,6154513585586,bamboo-fitted-sheet-lavender-mist-400tc
6154512472436,Bamboo Fitted Sheet Lavender Mist 400TC,"A silky-soft 400TC bamboo fitted sheet in dreamy Lavender Mist — breathable, hypoallergenic, and cool against the skin, with a snug elastic fit for mattresses up to 30cm.",https://www.maisondecocon.com/en/products/bamboo-fitted-sheet-lavender-mist-400tc?variant_sku=6154512472436,https://cdn.shopify.com/s/files/1/0884/0278/8685/files/bamboo-fitted-sheet-lavender-mist-corner-detail.jpg?v=1786102537,in_stock,120.00 EUR,Boomba Bamboo,new,,6154512472436,bamboo-fitted-sheet-lavender-mist-400tc
6154512970970,Bamboo Fitted Sheet Lavender Mist 400TC,"A silky-soft 400TC bamboo fitted sheet in dreamy Lavender Mist — breathable, hypoallergenic, and cool against the skin, with a snug elastic fit for mattresses up to 30cm.",https://www.maisondecocon.com/en/products/bamboo-fitted-sheet-lavender-mist-400tc?variant_sku=6154512970970,https://cdn.shopify.com/s/files/1/0884/0278/8685/files/bamboo-fitted-sheet-lavender-mist-corner-detail.jpg?v=1786102537,in_stock,129.00 EUR,Boomba Bamboo,new,,6154512970970,bamboo-fitted-sheet-lavender-mist-400tc
6154513553554,Bamboo Fitted Sheet Lavender Mist 400TC,"A silky-soft 400TC bamboo fitted sheet in dreamy Lavender Mist — breathable, hypoallergenic, and cool against the skin, with a snug elastic fit for mattresses up to 30cm.",https://www.maisondecocon.com/en/products/bamboo-fitted-sheet-lavender-mist-400tc?variant_sku=6154513553554,https://cdn.shopify.com/s/files/1/0884/0278/8685/files/bamboo-fitted-sheet-lavender-mist-corner-detail.jpg?v=1786102537,in_stock,144.00 EUR,Boomba Bamboo,new,,6154513553554,bamboo-fitted-sheet-lavender-mist-400tc
6154514216267,Bamboo Fitted Sheet Lavender Mist 400TC,"A silky-soft 400TC bamboo fitted sheet in dreamy Lavender Mist — breathable, hypoallergenic, and cool against the skin, with a snug elastic fit for mattresses up to 30cm.",https://www.maisondecocon.com/en/products/bamboo-fitted-sheet-lavender-mist-400tc?variant_sku=6154514216267,https://cdn.shopify.com/s/files/1/0884/0278/8685/files/bamboo-fitted-sheet-lavender-mist-corner-detail.jpg?v=1786102537,in_stock,156.00 EUR,Boomba Bamboo,new,,6154514216267,bamboo-fitted-sheet-lavender-mist-400tc
6154512596521,Bamboo Fitted Sheet Lavender Mist 400TC,"A silky-soft 400TC bamboo fitted sheet in dreamy Lavender Mist — breathable, hypoallergenic, and cool against the skin, with a snug elastic fit for mattresses up to 30cm.",https://www.maisondecocon.com/en/products/bamboo-fitted-sheet-lavender-mist-400tc?variant_sku=6154512596521,https://cdn.shopify.com/s/files/1/0884/0278/8685/files/bamboo-fitted-sheet-lavender-mist-corner-detail.jpg?v=1786102537,in_stock,126.00 EUR,Boomba Bamboo,new,,6154512596521,bamboo-fitted-sheet-lavender-mist-400tc
6154514556592,Bamboo Fitted Sheet Lavender Mist 400TC,"A silky-soft 400TC bamboo fitted sheet in dreamy Lavender Mist — breathable, hypoallergenic, and cool against the skin, with a snug elastic fit for mattresses up to 30cm.",https://www.maisondecocon.com/en/products/bamboo-fitted-sheet-lavender-mist-400tc?variant_sku=6154514556592,https://cdn.shopify.com/s/files/1/0884/0278/8685/files/bamboo-fitted-sheet-lavender-mist-corner-detail.jpg?v=1786102537,in_stock,162.00 EUR,Boomba Bamboo,new,,6154514556592,bamboo-fitted-sheet-lavender-mist-400tc
6154514842848,Bamboo Fitted Sheet Lavender Mist 400TC,"A silky-soft 400TC bamboo fitted sheet in dreamy Lavender Mist — breathable, hypoallergenic, and cool against the skin, with a snug elastic fit for mattresses up to 30cm.",https://www.maisondecocon.com/en/products/bamboo-fitted-sheet-lavender-mist-400tc?variant_sku=6154514842848,https://cdn.shopify.com/s/files/1/0884/0278/8685/files/bamboo-fitted-sheet-lavender-mist-corner-detail.jpg?v=1786102537,in_stock,180.00 EUR,Boomba Bamboo,new,,6154514842848,bamboo-fitted-sheet-lavender-mist-400tc
6154513388361,Bamboo Fitted Sheet Lavender Mist 400TC,"A silky-soft 400TC bamboo fitted sheet in dreamy Lavender Mist — breathable, hypoallergenic, and cool against the skin, with a snug elastic fit for mattresses up to 30cm.",https://www.maisondecocon.com/en/products/bamboo-fitted-sheet-lavender-mist-400tc?variant_sku=6154513388361,https://cdn.shopify.com/s/files/1/0884/0278/8685/files/bamboo-fitted-sheet-lavender-mist-corner-detail.jpg?v=1786102537,in_stock,138.00 EUR,Boomba Bamboo,new,,6154513388361,bamboo-fitted-sheet-lavender-mist-400tc
6154514681621,Bamboo Fitted Sheet Lavender Mist 400TC,"A silky-soft 400TC bamboo fitted sheet in dreamy Lavender Mist — breathable, hypoallergenic, and cool against the skin, with a snug elastic fit for mattresses up to 30cm.",https://www.maisondecocon.com/en/products/bamboo-fitted-sheet-lavender-mist-400tc?variant_sku=6154514681621,https://cdn.shopify.com/s/files/1/0884/0278/8685/files/bamboo-fitted-sheet-lavender-mist-corner-detail.jpg?v=1786102537,in_stock,168.00 EUR,Boomba Bamboo,new,,6154514681621,bamboo-fitted-sheet-lavender-mist-400tc
6154513283284,Bamboo Fitted Sheet Lavender Mist 400TC,"A silky-soft 400TC bamboo fitted sheet in dreamy Lavender Mist — breathable, hypoallergenic, and cool against the skin, with a snug elastic fit for mattresses up to 30cm.",https://www.maisondecocon.com/en/products/bamboo-fitted-sheet-lavender-mist-400tc?variant_sku=6154513283284,https://cdn.shopify.com/s/files/1/0884/0278/8685/files/bamboo-fitted-sheet-lavender-mist-corner-detail.jpg?v=1786102537,in_stock,135.00 EUR,Boomba Bamboo,new,,6154513283284,bamboo-fitted-sheet-lavender-mist-400tc
6154513694660,Bamboo Fitted Sheet Lavender Mist 400TC,"A silky-soft 400TC bamboo fitted sheet in dreamy Lavender Mist — breathable, hypoallergenic, and cool against the skin, with a snug elastic fit for mattresses up to 30cm.",https://www.maisondecocon.com/en/products/bamboo-fitted-sheet-lavender-mist-400tc?variant_sku=6154513694660,https://cdn.shopify.com/s/files/1/0884/0278/8685/files/bamboo-fitted-sheet-lavender-mist-corner-detail.jpg?v=1786102537,in_stock,153.00 EUR,Boomba Bamboo,new,,6154513694660,bamboo-fitted-sheet-lavender-mist-400tc
6154513395352,Bamboo Fitted Sheet Lavender Mist 400TC,"A silky-soft 400TC bamboo fitted sheet in dreamy Lavender Mist — breathable, hypoallergenic, and cool against the skin, with a snug elastic fit for mattresses up to 30cm.",https://www.maisondecocon.com/en/products/bamboo-fitted-sheet-lavender-mist-400tc?variant_sku=6154513395352,https://cdn.shopify.com/s/files/1/0884/0278/8685/files/bamboo-fitted-sheet-lavender-mist-corner-detail.jpg?v=1786102537,in_stock,141.00 EUR,Boomba Bamboo,new,,6154513395352,bamboo-fitted-sheet-lavender-mist-400tc
6154516032025,Bamboo Pillowcases Lavender Mist 400TC – Set of 2,"Give your bedroom a dreamy, luxurious finish with these 400TC bamboo pillowcases in soft Lavender Mist - silky-smooth, hypoallergenic, and gentle on skin and hair.",https://www.maisondecocon.com/en/products/bamboo-pillowcases-lavender-mist-400tc?variant_sku=6154516032025,https://cdn.shopify.com/s/files/1/0884/0278/8685/files/bamboo-pillowcases-lavender-mist-bedroom-lifestyle.jpg?v=1786103412,in_stock,93.00 EUR,Boomba Bamboo,new,,6154516032025,bamboo-pillowcases-lavender-mist-400tc
6154515935945,Bamboo Pillowcases Lavender Mist 400TC – Set of 2,"Give your bedroom a dreamy, luxurious finish with these 400TC bamboo pillowcases in soft Lavender Mist - silky-smooth, hypoallergenic, and gentle on skin and hair.",https://www.maisondecocon.com/en/products/bamboo-pillowcases-lavender-mist-400tc?variant_sku=6154515935945,https://cdn.shopify.com/s/files/1/0884/0278/8685/files/bamboo-pillowcases-lavender-mist-bedroom-lifestyle.jpg?v=1786103412,in_stock,90.00 EUR,Boomba Bamboo,new,,6154515935945,bamboo-pillowcases-lavender-mist-400tc
6154516042055,Bamboo Pillowcases Lavender Mist 400TC – Set of 2,"Give your bedroom a dreamy, luxurious finish with these 400TC bamboo pillowcases in soft Lavender Mist - silky-smooth, hypoallergenic, and gentle on skin and hair.",https://www.maisondecocon.com/en/products/bamboo-pillowcases-lavender-mist-400tc?variant_sku=6154516042055,https://cdn.shopify.com/s/files/1/0884/0278/8685/files/bamboo-pillowcases-lavender-mist-bedroom-lifestyle.jpg?v=1786103412,in_stock,99.00 EUR,Boomba Bamboo,new,,6154516042055,bamboo-pillowcases-lavender-mist-400tc
8720828225066,Bamboo Pillowcases Sky Blue 400TC – Set of 2,"Give your bedroom a fresh, serene finish with these 400TC bamboo pillowcases in airy Sky Blue - silky-smooth, hypoallergenic, and gentle on skin and hair.",https://www.maisondecocon.com/en/products/bamboo-pillowcases-sky-blue-400tc?variant_sku=8720828225066,https://cdn.shopify.com/s/files/1/0884/0278/8685/files/bamboo-pillowcases-sky-blue-bench-lifestyle.jpg?v=1786131856,in_stock,93.00 EUR,Boomba Bamboo,new,,8720828225066,bamboo-pillowcases-sky-blue-400tc
8720828225080,Bamboo Pillowcases Sky Blue 400TC – Set of 2,"Give your bedroom a fresh, serene finish with these 400TC bamboo pillowcases in airy Sky Blue - silky-smooth, hypoallergenic, and gentle on skin and hair.",https://www.maisondecocon.com/en/products/bamboo-pillowcases-sky-blue-400tc?variant_sku=8720828225080,https://cdn.shopify.com/s/files/1/0884/0278/8685/files/bamboo-pillowcases-sky-blue-bench-lifestyle.jpg?v=1786131856,in_stock,99.00 EUR,Boomba Bamboo,new,,8720828225080,bamboo-pillowcases-sky-blue-400tc
8720828225073,Bamboo Pillowcases Sky Blue 400TC – Set of 2,"Give your bedroom a fresh, serene finish with these 400TC bamboo pillowcases in airy Sky Blue - silky-smooth, hypoallergenic, and gentle on skin and hair.",https://www.maisondecocon.com/en/products/bamboo-pillowcases-sky-blue-400tc?variant_sku=8720828225073,https://cdn.shopify.com/s/files/1/0884/0278/8685/files/bamboo-pillowcases-sky-blue-bench-lifestyle.jpg?v=1786131856,in_stock,96.00 EUR,Boomba Bamboo,new,,8720828225073,bamboo-pillowcases-sky-blue-400tc
6154509826877,Bamboo Fitted Sheet Deep Moss 400TC,"A silky-soft 400TC bamboo fitted sheet in rich Deep Moss - breathable, hypoallergenic, and cool against the skin, with a snug elastic fit for mattresses up to 30cm.",https://www.maisondecocon.com/en/products/bamboo-fitted-sheet-deep-moss-400tc?variant_sku=6154509826877,https://cdn.shopify.com/s/files/1/0884/0278/8685/files/bamboo-fitted-sheet-deep-moss-seam-detail.jpg?v=1786181560,in_stock,162.00 EUR,Boomba Bamboo,new,,6154509826877,bamboo-fitted-sheet-deep-moss-400tc
6154509257213,Bamboo Fitted Sheet Deep Moss 400TC,"A silky-soft 400TC bamboo fitted sheet in rich Deep Moss - breathable, hypoallergenic, and cool against the skin, with a snug elastic fit for mattresses up to 30cm.",https://www.maisondecocon.com/en/products/bamboo-fitted-sheet-deep-moss-400tc?variant_sku=6154509257213,https://cdn.shopify.com/s/files/1/0884/0278/8685/files/bamboo-fitted-sheet-deep-moss-seam-detail.jpg?v=1786181560,in_stock,138.00 EUR,Boomba Bamboo,new,,6154509257213,bamboo-fitted-sheet-deep-moss-400tc
6154509971928,Bamboo Fitted Sheet Deep Moss 400TC,"A silky-soft 400TC bamboo fitted sheet in rich Deep Moss - breathable, hypoallergenic, and cool against the skin, with a snug elastic fit for mattresses up to 30cm.",https://www.maisondecocon.com/en/products/bamboo-fitted-sheet-deep-moss-400tc?variant_sku=6154509971928,https://cdn.shopify.com/s/files/1/0884/0278/8685/files/bamboo-fitted-sheet-deep-moss-seam-detail.jpg?v=1786181560,in_stock,180.00 EUR,Boomba Bamboo,new,,6154509971928,bamboo-fitted-sheet-deep-moss-400tc
6154509867849,Bamboo Fitted Sheet Deep Moss 400TC,"A silky-soft 400TC bamboo fitted sheet in rich Deep Moss - breathable, hypoallergenic, and cool against the skin, with a snug elastic fit for mattresses up to 30cm.",https://www.maisondecocon.com/en/products/bamboo-fitted-sheet-deep-moss-400tc?variant_sku=6154509867849,https://cdn.shopify.com/s/files/1/0884/0278/8685/files/bamboo-fitted-sheet-deep-moss-seam-detail.jpg?v=1786181560,in_stock,168.00 EUR,Boomba Bamboo,new,,6154509867849,bamboo-fitted-sheet-deep-moss-400tc
6154508986978,Bamboo Fitted Sheet Deep Moss 400TC,"A silky-soft 400TC bamboo fitted sheet in rich Deep Moss - breathable, hypoallergenic, and cool against the skin, with a snug elastic fit for mattresses up to 30cm.",https://www.maisondecocon.com/en/products/bamboo-fitted-sheet-deep-moss-400tc?variant_sku=6154508986978,https://cdn.shopify.com/s/files/1/0884/0278/8685/files/bamboo-fitted-sheet-deep-moss-seam-detail.jpg?v=1786181560,in_stock,126.00 EUR,Boomba Bamboo,new,,6154508986978,bamboo-fitted-sheet-deep-moss-400tc
6154509330367,Bamboo Fitted Sheet Deep Moss 400TC,"A silky-soft 400TC bamboo fitted sheet in rich Deep Moss - breathable, hypoallergenic, and cool against the skin, with a snug elastic fit for mattresses up to 30cm.",https://www.maisondecocon.com/en/products/bamboo-fitted-sheet-deep-moss-400tc?variant_sku=6154509330367,https://cdn.shopify.com/s/files/1/0884/0278/8685/files/bamboo-fitted-sheet-deep-moss-seam-detail.jpg?v=1786181560,in_stock,153.00 EUR,Boomba Bamboo,new,,6154509330367,bamboo-fitted-sheet-deep-moss-400tc
6154509033091,Bamboo Fitted Sheet Deep Moss 400TC,"A silky-soft 400TC bamboo fitted sheet in rich Deep Moss - breathable, hypoallergenic, and cool against the skin, with a snug elastic fit for mattresses up to 30cm.",https://www.maisondecocon.com/en/products/bamboo-fitted-sheet-deep-moss-400tc?variant_sku=6154509033091,https://cdn.shopify.com/s/files/1/0884/0278/8685/files/bamboo-fitted-sheet-deep-moss-seam-detail.jpg?v=1786181560,in_stock,135.00 EUR,Boomba Bamboo,new,,6154509033091,bamboo-fitted-sheet-deep-moss-400tc
6154509293280,Bamboo Fitted Sheet Deep Moss 400TC,"A silky-soft 400TC bamboo fitted sheet in rich Deep Moss - breathable, hypoallergenic, and cool against the skin, with a snug elastic fit for mattresses up to 30cm.",https://www.maisondecocon.com/en/products/bamboo-fitted-sheet-deep-moss-400tc?variant_sku=6154509293280,https://cdn.shopify.com/s/files/1/0884/0278/8685/files/bamboo-fitted-sheet-deep-moss-seam-detail.jpg?v=1786181560,in_stock,144.00 EUR,Boomba Bamboo,new,,6154509293280,bamboo-fitted-sheet-deep-moss-400tc
6154509296229,Bamboo Fitted Sheet Deep Moss 400TC,"A silky-soft 400TC bamboo fitted sheet in rich Deep Moss - breathable, hypoallergenic, and cool against the skin, with a snug elastic fit for mattresses up to 30cm.",https://www.maisondecocon.com/en/products/bamboo-fitted-sheet-deep-moss-400tc?variant_sku=6154509296229,https://cdn.shopify.com/s/files/1/0884/0278/8685/files/bamboo-fitted-sheet-deep-moss-seam-detail.jpg?v=1786181560,in_stock,147.00 EUR,Boomba Bamboo,new,,6154509296229,bamboo-fitted-sheet-deep-moss-400tc
6154509342322,Bamboo Fitted Sheet Deep Moss 400TC,"A silky-soft 400TC bamboo fitted sheet in rich Deep Moss - breathable, hypoallergenic, and cool against the skin, with a snug elastic fit for mattresses up to 30cm.",https://www.maisondecocon.com/en/products/bamboo-fitted-sheet-deep-moss-400tc?variant_sku=6154509342322,https://cdn.shopify.com/s/files/1/0884/0278/8685/files/bamboo-fitted-sheet-deep-moss-seam-detail.jpg?v=1786181560,in_stock,156.00 EUR,Boomba Bamboo,new,,6154509342322,bamboo-fitted-sheet-deep-moss-400tc
6154508297234,Bamboo Fitted Sheet Deep Moss 400TC,"A silky-soft 400TC bamboo fitted sheet in rich Deep Moss - breathable, hypoallergenic, and cool against the skin, with a snug elastic fit for mattresses up to 30cm.",https://www.maisondecocon.com/en/products/bamboo-fitted-sheet-deep-moss-400tc?variant_sku=6154508297234,https://cdn.shopify.com/s/files/1/0884/0278/8685/files/bamboo-fitted-sheet-deep-moss-seam-detail.jpg?v=1786181560,in_stock,120.00 EUR,Boomba Bamboo,new,,6154508297234,bamboo-fitted-sheet-deep-moss-400tc
6154509026086,Bamboo Fitted Sheet Deep Moss 400TC,"A silky-soft 400TC bamboo fitted sheet in rich Deep Moss - breathable, hypoallergenic, and cool against the skin, with a snug elastic fit for mattresses up to 30cm.",https://www.maisondecocon.com/en/products/bamboo-fitted-sheet-deep-moss-400tc?variant_sku=6154509026086,https://cdn.shopify.com/s/files/1/0884/0278/8685/files/bamboo-fitted-sheet-deep-moss-seam-detail.jpg?v=1786181560,in_stock,129.00 EUR,Boomba Bamboo,new,,6154509026086,bamboo-fitted-sheet-deep-moss-400tc
6154509273275,Bamboo Fitted Sheet Deep Moss 400TC,"A silky-soft 400TC bamboo fitted sheet in rich Deep Moss - breathable, hypoallergenic, and cool against the skin, with a snug elastic fit for mattresses up to 30cm.",https://www.maisondecocon.com/en/products/bamboo-fitted-sheet-deep-moss-400tc?variant_sku=6154509273275,https://cdn.shopify.com/s/files/1/0884/0278/8685/files/bamboo-fitted-sheet-deep-moss-seam-detail.jpg?v=1786181560,in_stock,141.00 EUR,Boomba Bamboo,new,,6154509273275,bamboo-fitted-sheet-deep-moss-400tc
6154511032082,Bamboo Pillowcases Deep Moss 400TC – Set of 2,"Give your bedroom a rich, restful finish with these 400TC bamboo pillowcases in natural Deep Moss - silky-smooth, hypoallergenic, and gentle on skin and hair.",https://www.maisondecocon.com/en/products/bamboo-pillowcases-deep-moss-400tc?variant_sku=6154511032082,https://cdn.shopify.com/s/files/1/0884/0278/8685/files/bamboo-pillowcases-deep-moss-bench-lifestyle.jpg?v=1786131626,in_stock,90.00 EUR,Boomba Bamboo,new,,6154511032082,bamboo-pillowcases-deep-moss-400tc
6154511142170,Bamboo Pillowcases Deep Moss 400TC – Set of 2,"Give your bedroom a rich, restful finish with these 400TC bamboo pillowcases in natural Deep Moss - silky-smooth, hypoallergenic, and gentle on skin and hair.",https://www.maisondecocon.com/en/products/bamboo-pillowcases-deep-moss-400tc?variant_sku=6154511142170,https://cdn.shopify.com/s/files/1/0884/0278/8685/files/bamboo-pillowcases-deep-moss-bench-lifestyle.jpg?v=1786131626,in_stock,93.00 EUR,Boomba Bamboo,new,,6154511142170,bamboo-pillowcases-deep-moss-400tc
6154511221240,Bamboo Pillowcases Deep Moss 400TC – Set of 2,"Give your bedroom a rich, restful finish with these 400TC bamboo pillowcases in natural Deep Moss - silky-smooth, hypoallergenic, and gentle on skin and hair.",https://www.maisondecocon.com/en/products/bamboo-pillowcases-deep-moss-400tc?variant_sku=6154511221240,https://cdn.shopify.com/s/files/1/0884/0278/8685/files/bamboo-pillowcases-deep-moss-bench-lifestyle.jpg?v=1786131626,in_stock,99.00 EUR,Boomba Bamboo,new,,6154511221240,bamboo-pillowcases-deep-moss-400tc
8720618860521,Bamboo Duvet Cover Coco White 400TC,"A silky-soft 400TC bamboo duvet cover in pure Coco White - breathable, hypoallergenic, and available with a Bamboo Button Closure or Tuck-in Strip closure.",https://www.maisondecocon.com/en/products/bamboo-duvet-cover-coco-white-400tc?variant_sku=8720618860521,https://cdn.shopify.com/s/files/1/0884/0278/8685/files/bamboo-duvet-cover-coco-white-bedroom-lifestyle-1.jpg?v=1786134890,in_stock,297.00 EUR,Boomba Bamboo,new,,8720618860521,bamboo-duvet-cover-coco-white-400tc
8720618860545,Bamboo Duvet Cover Coco White 400TC,"A silky-soft 400TC bamboo duvet cover in pure Coco White - breathable, hypoallergenic, and available with a Bamboo Button Closure or Tuck-in Strip closure.",https://www.maisondecocon.com/en/products/bamboo-duvet-cover-coco-white-400tc?variant_sku=8720618860545,https://cdn.shopify.com/s/files/1/0884/0278/8685/files/bamboo-duvet-cover-coco-white-bedroom-lifestyle-1.jpg?v=1786134890,in_stock,336.00 EUR,Boomba Bamboo,new,,8720618860545,bamboo-duvet-cover-coco-white-400tc
8720648154355,Bamboo Duvet Cover Coco White 400TC,"A silky-soft 400TC bamboo duvet cover in pure Coco White - breathable, hypoallergenic, and available with a Bamboo Button Closure or Tuck-in Strip closure.",https://www.maisondecocon.com/en/products/bamboo-duvet-cover-coco-white-400tc?variant_sku=8720648154355,https://cdn.shopify.com/s/files/1/0884/0278/8685/files/bamboo-duvet-cover-coco-white-bedroom-lifestyle-1.jpg?v=1786134890,in_stock,402.00 EUR,Boomba Bamboo,new,,8720648154355,bamboo-duvet-cover-coco-white-400tc
8720618860514,Bamboo Duvet Cover Coco White 400TC,"A silky-soft 400TC bamboo duvet cover in pure Coco White - breathable, hypoallergenic, and available with a Bamboo Button Closure or Tuck-in Strip closure.",https://www.maisondecocon.com/en/products/bamboo-duvet-cover-coco-white-400tc?variant_sku=8720618860514,https://cdn.shopify.com/s/files/1/0884/0278/8685/files/bamboo-duvet-cover-coco-white-bedroom-lifestyle-1.jpg?v=1786134890,in_stock,282.00 EUR,Boomba Bamboo,new,,8720618860514,bamboo-duvet-cover-coco-white-400tc
8720618860569,Bamboo Duvet Cover Coco White 400TC,"A silky-soft 400TC bamboo duvet cover in pure Coco White - breathable, hypoallergenic, and available with a Bamboo Button Closure or Tuck-in Strip closure.",https://www.maisondecocon.com/en/products/bamboo-duvet-cover-coco-white-400tc?variant_sku=8720618860569,https://cdn.shopify.com/s/files/1/0884/0278/8685/files/bamboo-duvet-cover-coco-white-bedroom-lifestyle-1.jpg?v=1786134890,in_stock,420.00 EUR,Boomba Bamboo,new,,8720618860569,bamboo-duvet-cover-coco-white-400tc
8720648154249,Bamboo Duvet Cover Coco White 400TC,"A silky-soft 400TC bamboo duvet cover in pure Coco White - breathable, hypoallergenic, and available with a Bamboo Button Closure or Tuck-in Strip closure.",https://www.maisondecocon.com/en/products/bamboo-duvet-cover-coco-white-400tc?variant_sku=8720648154249,https://cdn.shopify.com/s/files/1/0884/0278/8685/files/bamboo-duvet-cover-coco-white-bedroom-lifestyle-1.jpg?v=1786134890,out_of_stock,369.00 EUR,Boomba Bamboo,new,,8720648154249,bamboo-duvet-cover-coco-white-400tc
8720648154218,Bamboo Duvet Cover Coco White 400TC,"A silky-soft 400TC bamboo duvet cover in pure Coco White - breathable, hypoallergenic, and available with a Bamboo Button Closure or Tuck-in Strip closure.",https://www.maisondecocon.com/en/products/bamboo-duvet-cover-coco-white-400tc?variant_sku=8720648154218,https://cdn.shopify.com/s/files/1/0884/0278/8685/files/bamboo-duvet-cover-coco-white-bedroom-lifestyle-1.jpg?v=1786134890,in_stock,258.00 EUR,Boomba Bamboo,new,,8720648154218,bamboo-duvet-cover-coco-white-400tc
8720618860507,Bamboo Duvet Cover Coco White 400TC,"A silky-soft 400TC bamboo duvet cover in pure Coco White - breathable, hypoallergenic, and available with a Bamboo Button Closure or Tuck-in Strip closure.",https://www.maisondecocon.com/en/products/bamboo-duvet-cover-coco-white-400tc?variant_sku=8720618860507,https://cdn.shopify.com/s/files/1/0884/0278/8685/files/bamboo-duvet-cover-coco-white-bedroom-lifestyle-1.jpg?v=1786134890,in_stock,267.00 EUR,Boomba Bamboo,new,,8720618860507,bamboo-duvet-cover-coco-white-400tc
8720648154225,Bamboo Duvet Cover Coco White 400TC,"A silky-soft 400TC bamboo duvet cover in pure Coco White - breathable, hypoallergenic, and available with a Bamboo Button Closure or Tuck-in Strip closure.",https://www.maisondecocon.com/en/products/bamboo-duvet-cover-coco-white-400tc?variant_sku=8720648154225,https://cdn.shopify.com/s/files/1/0884/0278/8685/files/bamboo-duvet-cover-coco-white-bedroom-lifestyle-1.jpg?v=1786134890,in_stock,300.00 EUR,Boomba Bamboo,new,,8720648154225,bamboo-duvet-cover-coco-white-400tc
8720618860552,Bamboo Duvet Cover Coco White 400TC,"A silky-soft 400TC bamboo duvet cover in pure Coco White - breathable, hypoallergenic, and available with a Bamboo Button Closure or Tuck-in Strip closure.",https://www.maisondecocon.com/en/products/bamboo-duvet-cover-coco-white-400tc?variant_sku=8720618860552,https://cdn.shopify.com/s/files/1/0884/0278/8685/files/bamboo-duvet-cover-coco-white-bedroom-lifestyle-1.jpg?v=1786134890,out_of_stock,387.00 EUR,Boomba Bamboo,new,,8720618860552,bamboo-duvet-cover-coco-white-400tc
8720648154232,Bamboo Duvet Cover Coco White 400TC,"A silky-soft 400TC bamboo duvet cover in pure Coco White - breathable, hypoallergenic, and available with a Bamboo Button Closure or Tuck-in Strip closure.",https://www.maisondecocon.com/en/products/bamboo-duvet-cover-coco-white-400tc?variant_sku=8720648154232,https://cdn.shopify.com/s/files/1/0884/0278/8685/files/bamboo-duvet-cover-coco-white-bedroom-lifestyle-1.jpg?v=1786134890,in_stock,318.00 EUR,Boomba Bamboo,new,,8720648154232,bamboo-duvet-cover-coco-white-400tc
8720618860538,Bamboo Duvet Cover Coco White 400TC,"A silky-soft 400TC bamboo duvet cover in pure Coco White - breathable, hypoallergenic, and available with a Bamboo Button Closure or Tuck-in Strip closure.",https://www.maisondecocon.com/en/products/bamboo-duvet-cover-coco-white-400tc?variant_sku=8720618860538,https://cdn.shopify.com/s/files/1/0884/0278/8685/files/bamboo-duvet-cover-coco-white-bedroom-lifestyle-1.jpg?v=1786134890,in_stock,318.00 EUR,Boomba Bamboo,new,,8720618860538,bamboo-duvet-cover-coco-white-400tc
6154519973950,Bamboo Fitted Sheet Coffee Brown 400TC,"A silky-soft 400TC bamboo fitted sheet in rich Coffee Brown — breathable, hypoallergenic, and cool against the skin, with a snug elastic fit for mattresses up to 30cm.",https://www.maisondecocon.com/en/products/bamboo-fitted-sheet-coffee-brown-400tc?variant_sku=6154519973950,https://cdn.shopify.com/s/files/1/0884/0278/8685/files/bamboo-fitted-sheet-coffee-brown-seam-detail.jpg?v=1786183053,in_stock,162.00 EUR,Boomba Bamboo,new,,6154519973950,bamboo-fitted-sheet-coffee-brown-400tc
6154520289286,Bamboo Fitted Sheet Coffee Brown 400TC,"A silky-soft 400TC bamboo fitted sheet in rich Coffee Brown — breathable, hypoallergenic, and cool against the skin, with a snug elastic fit for mattresses up to 30cm.",https://www.maisondecocon.com/en/products/bamboo-fitted-sheet-coffee-brown-400tc?variant_sku=6154520289286,https://cdn.shopify.com/s/files/1/0884/0278/8685/files/bamboo-fitted-sheet-coffee-brown-seam-detail.jpg?v=1786183053,in_stock,168.00 EUR,Boomba Bamboo,new,,6154520289286,bamboo-fitted-sheet-coffee-brown-400tc
6154519017067,Bamboo Fitted Sheet Coffee Brown 400TC,"A silky-soft 400TC bamboo fitted sheet in rich Coffee Brown — breathable, hypoallergenic, and cool against the skin, with a snug elastic fit for mattresses up to 30cm.",https://www.maisondecocon.com/en/products/bamboo-fitted-sheet-coffee-brown-400tc?variant_sku=6154519017067,https://cdn.shopify.com/s/files/1/0884/0278/8685/files/bamboo-fitted-sheet-coffee-brown-seam-detail.jpg?v=1786183053,in_stock,135.00 EUR,Boomba Bamboo,new,,6154519017067,bamboo-fitted-sheet-coffee-brown-400tc
6154520692604,Bamboo Fitted Sheet Coffee Brown 400TC,"A silky-soft 400TC bamboo fitted sheet in rich Coffee Brown — breathable, hypoallergenic, and cool against the skin, with a snug elastic fit for mattresses up to 30cm.",https://www.maisondecocon.com/en/products/bamboo-fitted-sheet-coffee-brown-400tc?variant_sku=6154520692604,https://cdn.shopify.com/s/files/1/0884/0278/8685/files/bamboo-fitted-sheet-coffee-brown-seam-detail.jpg?v=1786183053,in_stock,180.00 EUR,Boomba Bamboo,new,,6154520692604,bamboo-fitted-sheet-coffee-brown-400tc
6154519740798,Bamboo Fitted Sheet Coffee Brown 400TC,"A silky-soft 400TC bamboo fitted sheet in rich Coffee Brown — breathable, hypoallergenic, and cool against the skin, with a snug elastic fit for mattresses up to 30cm.",https://www.maisondecocon.com/en/products/bamboo-fitted-sheet-coffee-brown-400tc?variant_sku=6154519740798,https://cdn.shopify.com/s/files/1/0884/0278/8685/files/bamboo-fitted-sheet-coffee-brown-seam-detail.jpg?v=1786183053,in_stock,156.00 EUR,Boomba Bamboo,new,,6154519740798,bamboo-fitted-sheet-coffee-brown-400tc
6154518569543,Bamboo Fitted Sheet Coffee Brown 400TC,"A silky-soft 400TC bamboo fitted sheet in rich Coffee Brown — breathable, hypoallergenic, and cool against the skin, with a snug elastic fit for mattresses up to 30cm.",https://www.maisondecocon.com/en/products/bamboo-fitted-sheet-coffee-brown-400tc?variant_sku=6154518569543,https://cdn.shopify.com/s/files/1/0884/0278/8685/files/bamboo-fitted-sheet-coffee-brown-seam-detail.jpg?v=1786183053,in_stock,126.00 EUR,Boomba Bamboo,new,,6154518569543,bamboo-fitted-sheet-coffee-brown-400tc
6154518493459,Bamboo Fitted Sheet Coffee Brown 400TC,"A silky-soft 400TC bamboo fitted sheet in rich Coffee Brown — breathable, hypoallergenic, and cool against the skin, with a snug elastic fit for mattresses up to 30cm.",https://www.maisondecocon.com/en/products/bamboo-fitted-sheet-coffee-brown-400tc?variant_sku=6154518493459,https://cdn.shopify.com/s/files/1/0884/0278/8685/files/bamboo-fitted-sheet-coffee-brown-seam-detail.jpg?v=1786183053,in_stock,120.00 EUR,Boomba Bamboo,new,,6154518493459,bamboo-fitted-sheet-coffee-brown-400tc
6154518856810,Bamboo Fitted Sheet Coffee Brown 400TC,"A silky-soft 400TC bamboo fitted sheet in rich Coffee Brown — breathable, hypoallergenic, and cool against the skin, with a snug elastic fit for mattresses up to 30cm.",https://www.maisondecocon.com/en/products/bamboo-fitted-sheet-coffee-brown-400tc?variant_sku=6154518856810,https://cdn.shopify.com/s/files/1/0884/0278/8685/files/bamboo-fitted-sheet-coffee-brown-seam-detail.jpg?v=1786183053,in_stock,129.00 EUR,Boomba Bamboo,new,,6154518856810,bamboo-fitted-sheet-coffee-brown-400tc
6154519237298,Bamboo Fitted Sheet Coffee Brown 400TC,"A silky-soft 400TC bamboo fitted sheet in rich Coffee Brown — breathable, hypoallergenic, and cool against the skin, with a snug elastic fit for mattresses up to 30cm.",https://www.maisondecocon.com/en/products/bamboo-fitted-sheet-coffee-brown-400tc?variant_sku=6154519237298,https://cdn.shopify.com/s/files/1/0884/0278/8685/files/bamboo-fitted-sheet-coffee-brown-seam-detail.jpg?v=1786183053,in_stock,144.00 EUR,Boomba Bamboo,new,,6154519237298,bamboo-fitted-sheet-coffee-brown-400tc
6154519695661,Bamboo Fitted Sheet Coffee Brown 400TC,"A silky-soft 400TC bamboo fitted sheet in rich Coffee Brown — breathable, hypoallergenic, and cool against the skin, with a snug elastic fit for mattresses up to 30cm.",https://www.maisondecocon.com/en/products/bamboo-fitted-sheet-coffee-brown-400tc?variant_sku=6154519695661,https://cdn.shopify.com/s/files/1/0884/0278/8685/files/bamboo-fitted-sheet-coffee-brown-seam-detail.jpg?v=1786183053,in_stock,153.00 EUR,Boomba Bamboo,new,,6154519695661,bamboo-fitted-sheet-coffee-brown-400tc
6154519494400,Bamboo Fitted Sheet Coffee Brown 400TC,"A silky-soft 400TC bamboo fitted sheet in rich Coffee Brown — breathable, hypoallergenic, and cool against the skin, with a snug elastic fit for mattresses up to 30cm.",https://www.maisondecocon.com/en/products/bamboo-fitted-sheet-coffee-brown-400tc?variant_sku=6154519494400,https://cdn.shopify.com/s/files/1/0884/0278/8685/files/bamboo-fitted-sheet-coffee-brown-seam-detail.jpg?v=1786183053,in_stock,147.00 EUR,Boomba Bamboo,new,,6154519494400,bamboo-fitted-sheet-coffee-brown-400tc
6154519099018,Bamboo Fitted Sheet Coffee Brown 400TC,"A silky-soft 400TC bamboo fitted sheet in rich Coffee Brown — breathable, hypoallergenic, and cool against the skin, with a snug elastic fit for mattresses up to 30cm.",https://www.maisondecocon.com/en/products/bamboo-fitted-sheet-coffee-brown-400tc?variant_sku=6154519099018,https://cdn.shopify.com/s/files/1/0884/0278/8685/files/bamboo-fitted-sheet-coffee-brown-seam-detail.jpg?v=1786183053,in_stock,141.00 EUR,Boomba Bamboo,new,,6154519099018,bamboo-fitted-sheet-coffee-brown-400tc
6154519018095,Bamboo Fitted Sheet Coffee Brown 400TC,"A silky-soft 400TC bamboo fitted sheet in rich Coffee Brown — breathable, hypoallergenic, and cool against the skin, with a snug elastic fit for mattresses up to 30cm.",https://www.maisondecocon.com/en/products/bamboo-fitted-sheet-coffee-brown-400tc?variant_sku=6154519018095,https://cdn.shopify.com/s/files/1/0884/0278/8685/files/bamboo-fitted-sheet-coffee-brown-seam-detail.jpg?v=1786183053,in_stock,138.00 EUR,Boomba Bamboo,new,,6154519018095,bamboo-fitted-sheet-coffee-brown-400tc
8720648154980,Bamboo Pillowcases Cuddle Pink 400TC – Set of 2,"Give your bedroom a warm, romantic finish with these 400TC bamboo pillowcases in soft Cuddle Pink - silky-smooth, hypoallergenic, and gentle on skin and hair.",https://www.maisondecocon.com/en/products/bamboo-pillowcases-cuddle-pink-400tc?variant_sku=8720648154980,https://cdn.shopify.com/s/files/1/0884/0278/8685/files/bamboo-pillowcases-cuddle-pink-bench-lifestyle.jpg?v=1786131385,in_stock,93.00 EUR,Boomba Bamboo,new,,8720648154980,bamboo-pillowcases-cuddle-pink-400tc
8720648154997,Bamboo Pillowcases Cuddle Pink 400TC – Set of 2,"Give your bedroom a warm, romantic finish with these 400TC bamboo pillowcases in soft Cuddle Pink - silky-smooth, hypoallergenic, and gentle on skin and hair.",https://www.maisondecocon.com/en/products/bamboo-pillowcases-cuddle-pink-400tc?variant_sku=8720648154997,https://cdn.shopify.com/s/files/1/0884/0278/8685/files/bamboo-pillowcases-cuddle-pink-bench-lifestyle.jpg?v=1786131385,in_stock,96.00 EUR,Boomba Bamboo,new,,8720648154997,bamboo-pillowcases-cuddle-pink-400tc
8720618860002,Bamboo Pillowcases Cuddle Pink 400TC – Set of 2,"Give your bedroom a warm, romantic finish with these 400TC bamboo pillowcases in soft Cuddle Pink - silky-smooth, hypoallergenic, and gentle on skin and hair.",https://www.maisondecocon.com/en/products/bamboo-pillowcases-cuddle-pink-400tc?variant_sku=8720618860002,https://cdn.shopify.com/s/files/1/0884/0278/8685/files/bamboo-pillowcases-cuddle-pink-bench-lifestyle.jpg?v=1786131385,in_stock,99.00 EUR,Boomba Bamboo,new,,8720618860002,bamboo-pillowcases-cuddle-pink-400tc
8720648154201,Bamboo Pillowcases Coco White 400TC – Set of 2,"Give your bedroom a fresh, pure finish with these 400TC bamboo pillowcases in timeless Coco White - silky-smooth, hypoallergenic, and gentle on skin and hair.",https://www.maisondecocon.com/en/products/bamboo-pillowcases-coco-white-400tc?variant_sku=8720648154201,https://cdn.shopify.com/s/files/1/0884/0278/8685/files/bamboo-pillowcases-coco-white-bench-lifestyle.jpg?v=1786130927,in_stock,99.00 EUR,Boomba Bamboo,new,,8720648154201,bamboo-pillowcases-coco-white-400tc
8720648154195,Bamboo Pillowcases Coco White 400TC – Set of 2,"Give your bedroom a fresh, pure finish with these 400TC bamboo pillowcases in timeless Coco White - silky-smooth, hypoallergenic, and gentle on skin and hair.",https://www.maisondecocon.com/en/products/bamboo-pillowcases-coco-white-400tc?variant_sku=8720648154195,https://cdn.shopify.com/s/files/1/0884/0278/8685/files/bamboo-pillowcases-coco-white-bench-lifestyle.jpg?v=1786130927,in_stock,96.00 EUR,Boomba Bamboo,new,,8720648154195,bamboo-pillowcases-coco-white-400tc
8720648154188,Bamboo Pillowcases Coco White 400TC – Set of 2,"Give your bedroom a fresh, pure finish with these 400TC bamboo pillowcases in timeless Coco White - silky-smooth, hypoallergenic, and gentle on skin and hair.",https://www.maisondecocon.com/en/products/bamboo-pillowcases-coco-white-400tc?variant_sku=8720648154188,https://cdn.shopify.com/s/files/1/0884/0278/8685/files/bamboo-pillowcases-coco-white-bench-lifestyle.jpg?v=1786130927,in_stock,93.00 EUR,Boomba Bamboo,new,,8720648154188,bamboo-pillowcases-coco-white-400tc
8720648154706,Bamboo Pillowcases Space Blue 400TC – Set of 2,"Give your bedroom a deep, modern finish with these 400TC bamboo pillowcases in rich Space Blue - silky-smooth, hypoallergenic, and gentle on skin and hair.",https://www.maisondecocon.com/en/products/bamboo-pillowcases-space-blue-400tc?variant_sku=8720648154706,https://cdn.shopify.com/s/files/1/0884/0278/8685/files/bamboo-pillowcases-space-blue-bench-lifestyle.jpg?v=1786130759,in_stock,93.00 EUR,Boomba Bamboo,new,,8720648154706,bamboo-pillowcases-space-blue-400tc
8720648154720,Bamboo Pillowcases Space Blue 400TC – Set of 2,"Give your bedroom a deep, modern finish with these 400TC bamboo pillowcases in rich Space Blue - silky-smooth, hypoallergenic, and gentle on skin and hair.",https://www.maisondecocon.com/en/products/bamboo-pillowcases-space-blue-400tc?variant_sku=8720648154720,https://cdn.shopify.com/s/files/1/0884/0278/8685/files/bamboo-pillowcases-space-blue-bench-lifestyle.jpg?v=1786130759,in_stock,99.00 EUR,Boomba Bamboo,new,,8720648154720,bamboo-pillowcases-space-blue-400tc
8720648154713,Bamboo Pillowcases Space Blue 400TC – Set of 2,"Give your bedroom a deep, modern finish with these 400TC bamboo pillowcases in rich Space Blue - silky-smooth, hypoallergenic, and gentle on skin and hair.",https://www.maisondecocon.com/en/products/bamboo-pillowcases-space-blue-400tc?variant_sku=8720648154713,https://cdn.shopify.com/s/files/1/0884/0278/8685/files/bamboo-pillowcases-space-blue-bench-lifestyle.jpg?v=1786130759,in_stock,96.00 EUR,Boomba Bamboo,new,,8720648154713,bamboo-pillowcases-space-blue-400tc
8720648154430,Bamboo Fitted Sheet for Mattress Topper Coco White 400TC,"A premium 100% bamboo fitted sheet for mattress toppers up to 10cm in Coco White - silky-soft 400TC Tanboocel fabric that's breathable and temperature-regulating for a cool night's sleep, all year round.",https://www.maisondecocon.com/en/products/bamboo-fitted-sheet-for-mattress-topper-coco-white-400tc?variant_sku=8720648154430,https://cdn.shopify.com/s/files/1/0884/0278/8685/files/bamboo-fitted-sheet-mattress-topper-coco-white-corner-fit.jpg?v=1786182261,in_stock,162.00 EUR,Boomba Bamboo,new,,8720648154430,bamboo-fitted-sheet-for-mattress-topper-coco-white-400tc
8720648154409,Bamboo Fitted Sheet for Mattress Topper Coco White 400TC,"A premium 100% bamboo fitted sheet for mattress toppers up to 10cm in Coco White - silky-soft 400TC Tanboocel fabric that's breathable and temperature-regulating for a cool night's sleep, all year round.",https://www.maisondecocon.com/en/products/bamboo-fitted-sheet-for-mattress-topper-coco-white-400tc?variant_sku=8720648154409,https://cdn.shopify.com/s/files/1/0884/0278/8685/files/bamboo-fitted-sheet-mattress-topper-coco-white-corner-fit.jpg?v=1786182261,in_stock,144.00 EUR,Boomba Bamboo,new,,8720648154409,bamboo-fitted-sheet-for-mattress-topper-coco-white-400tc
8720648154362,Bamboo Fitted Sheet for Mattress Topper Coco White 400TC,"A premium 100% bamboo fitted sheet for mattress toppers up to 10cm in Coco White - silky-soft 400TC Tanboocel fabric that's breathable and temperature-regulating for a cool night's sleep, all year round.",https://www.maisondecocon.com/en/products/bamboo-fitted-sheet-for-mattress-topper-coco-white-400tc?variant_sku=8720648154362,https://cdn.shopify.com/s/files/1/0884/0278/8685/files/bamboo-fitted-sheet-mattress-topper-coco-white-corner-fit.jpg?v=1786182261,out_of_stock,120.00 EUR,Boomba Bamboo,new,,8720648154362,bamboo-fitted-sheet-for-mattress-topper-coco-white-400tc
8720648154379,Bamboo Fitted Sheet for Mattress Topper Coco White 400TC,"A premium 100% bamboo fitted sheet for mattress toppers up to 10cm in Coco White - silky-soft 400TC Tanboocel fabric that's breathable and temperature-regulating for a cool night's sleep, all year round.",https://www.maisondecocon.com/en/products/bamboo-fitted-sheet-for-mattress-topper-coco-white-400tc?variant_sku=8720648154379,https://cdn.shopify.com/s/files/1/0884/0278/8685/files/bamboo-fitted-sheet-mattress-topper-coco-white-corner-fit.jpg?v=1786182261,in_stock,126.00 EUR,Boomba Bamboo,new,,8720648154379,bamboo-fitted-sheet-for-mattress-topper-coco-white-400tc
8720648154393,Bamboo Fitted Sheet for Mattress Topper Coco White 400TC,"A premium 100% bamboo fitted sheet for mattress toppers up to 10cm in Coco White - silky-soft 400TC Tanboocel fabric that's breathable and temperature-regulating for a cool night's sleep, all year round.",https://www.maisondecocon.com/en/products/bamboo-fitted-sheet-for-mattress-topper-coco-white-400tc?variant_sku=8720648154393,https://cdn.shopify.com/s/files/1/0884/0278/8685/files/bamboo-fitted-sheet-mattress-topper-coco-white-corner-fit.jpg?v=1786182261,in_stock,138.00 EUR,Boomba Bamboo,new,,8720648154393,bamboo-fitted-sheet-for-mattress-topper-coco-white-400tc
8720648154386,Bamboo Fitted Sheet for Mattress Topper Coco White 400TC,"A premium 100% bamboo fitted sheet for mattress toppers up to 10cm in Coco White - silky-soft 400TC Tanboocel fabric that's breathable and temperature-regulating for a cool night's sleep, all year round.",https://www.maisondecocon.com/en/products/bamboo-fitted-sheet-for-mattress-topper-coco-white-400tc?variant_sku=8720648154386,https://cdn.shopify.com/s/files/1/0884/0278/8685/files/bamboo-fitted-sheet-mattress-topper-coco-white-corner-fit.jpg?v=1786182261,out_of_stock,132.00 EUR,Boomba Bamboo,new,,8720648154386,bamboo-fitted-sheet-for-mattress-topper-coco-white-400tc
8720648154416,Bamboo Fitted Sheet for Mattress Topper Coco White 400TC,"A premium 100% bamboo fitted sheet for mattress toppers up to 10cm in Coco White - silky-soft 400TC Tanboocel fabric that's breathable and temperature-regulating for a cool night's sleep, all year round.",https://www.maisondecocon.com/en/products/bamboo-fitted-sheet-for-mattress-topper-coco-white-400tc?variant_sku=8720648154416,https://cdn.shopify.com/s/files/1/0884/0278/8685/files/bamboo-fitted-sheet-mattress-topper-coco-white-corner-fit.jpg?v=1786182261,in_stock,150.00 EUR,Boomba Bamboo,new,,8720648154416,bamboo-fitted-sheet-for-mattress-topper-coco-white-400tc
8720648154423,Bamboo Fitted Sheet for Mattress Topper Coco White 400TC,"A premium 100% bamboo fitted sheet for mattress toppers up to 10cm in Coco White - silky-soft 400TC Tanboocel fabric that's breathable and temperature-regulating for a cool night's sleep, all year round.",https://www.maisondecocon.com/en/products/bamboo-fitted-sheet-for-mattress-topper-coco-white-400tc?variant_sku=8720648154423,https://cdn.shopify.com/s/files/1/0884/0278/8685/files/bamboo-fitted-sheet-mattress-topper-coco-white-corner-fit.jpg?v=1786182261,in_stock,156.00 EUR,Boomba Bamboo,new,,8720648154423,bamboo-fitted-sheet-for-mattress-topper-coco-white-400tc
8720648154348,Bamboo Fitted Sheet Coco White 400TC,"A silky-soft 400TC bamboo fitted sheet in radiant Coco White — breathable, hypoallergenic, and cool against the skin, with a snug elastic fit for mattresses up to 30cm.",https://www.maisondecocon.com/en/products/bamboo-fitted-sheet-coco-white-400tc?variant_sku=8720648154348,https://cdn.shopify.com/s/files/1/0884/0278/8685/files/bamboo-fitted-sheet-coco-white-seam-detail.jpg?v=1786183250,in_stock,162.00 EUR,Boomba Bamboo,new,,8720648154348,bamboo-fitted-sheet-coco-white-400tc
8720648154270,Bamboo Fitted Sheet Coco White 400TC,"A silky-soft 400TC bamboo fitted sheet in radiant Coco White — breathable, hypoallergenic, and cool against the skin, with a snug elastic fit for mattresses up to 30cm.",https://www.maisondecocon.com/en/products/bamboo-fitted-sheet-coco-white-400tc?variant_sku=8720648154270,https://cdn.shopify.com/s/files/1/0884/0278/8685/files/bamboo-fitted-sheet-coco-white-seam-detail.jpg?v=1786183250,in_stock,144.00 EUR,Boomba Bamboo,new,,8720648154270,bamboo-fitted-sheet-coco-white-400tc
8720828225707,Bamboo Fitted Sheet Coco White 400TC,"A silky-soft 400TC bamboo fitted sheet in radiant Coco White — breathable, hypoallergenic, and cool against the skin, with a snug elastic fit for mattresses up to 30cm.",https://www.maisondecocon.com/en/products/bamboo-fitted-sheet-coco-white-400tc?variant_sku=8720828225707,https://cdn.shopify.com/s/files/1/0884/0278/8685/files/bamboo-fitted-sheet-coco-white-seam-detail.jpg?v=1786183250,in_stock,126.00 EUR,Boomba Bamboo,new,,8720828225707,bamboo-fitted-sheet-coco-white-400tc
8720828225936,Bamboo Fitted Sheet Coco White 400TC,"A silky-soft 400TC bamboo fitted sheet in radiant Coco White — breathable, hypoallergenic, and cool against the skin, with a snug elastic fit for mattresses up to 30cm.",https://www.maisondecocon.com/en/products/bamboo-fitted-sheet-coco-white-400tc?variant_sku=8720828225936,https://cdn.shopify.com/s/files/1/0884/0278/8685/files/bamboo-fitted-sheet-coco-white-seam-detail.jpg?v=1786183250,in_stock,141.00 EUR,Boomba Bamboo,new,,8720828225936,bamboo-fitted-sheet-coco-white-400tc
8720618860576,Bamboo Fitted Sheet Coco White 400TC,"A silky-soft 400TC bamboo fitted sheet in radiant Coco White — breathable, hypoallergenic, and cool against the skin, with a snug elastic fit for mattresses up to 30cm.",https://www.maisondecocon.com/en/products/bamboo-fitted-sheet-coco-white-400tc?variant_sku=8720618860576,https://cdn.shopify.com/s/files/1/0884/0278/8685/files/bamboo-fitted-sheet-coco-white-seam-detail.jpg?v=1786183250,in_stock,132.00 EUR,Boomba Bamboo,new,,8720618860576,bamboo-fitted-sheet-coco-white-400tc
8720648154294,Bamboo Fitted Sheet Coco White 400TC,"A silky-soft 400TC bamboo fitted sheet in radiant Coco White — breathable, hypoallergenic, and cool against the skin, with a snug elastic fit for mattresses up to 30cm.",https://www.maisondecocon.com/en/products/bamboo-fitted-sheet-coco-white-400tc?variant_sku=8720648154294,https://cdn.shopify.com/s/files/1/0884/0278/8685/files/bamboo-fitted-sheet-coco-white-seam-detail.jpg?v=1786183250,out_of_stock,156.00 EUR,Boomba Bamboo,new,,8720648154294,bamboo-fitted-sheet-coco-white-400tc
8720828225929,Bamboo Fitted Sheet Coco White 400TC,"A silky-soft 400TC bamboo fitted sheet in radiant Coco White — breathable, hypoallergenic, and cool against the skin, with a snug elastic fit for mattresses up to 30cm.",https://www.maisondecocon.com/en/products/bamboo-fitted-sheet-coco-white-400tc?variant_sku=8720828225929,https://cdn.shopify.com/s/files/1/0884/0278/8685/files/bamboo-fitted-sheet-coco-white-seam-detail.jpg?v=1786183250,in_stock,138.00 EUR,Boomba Bamboo,new,,8720828225929,bamboo-fitted-sheet-coco-white-400tc
8720648154331,Bamboo Fitted Sheet Coco White 400TC,"A silky-soft 400TC bamboo fitted sheet in radiant Coco White — breathable, hypoallergenic, and cool against the skin, with a snug elastic fit for mattresses up to 30cm.",https://www.maisondecocon.com/en/products/bamboo-fitted-sheet-coco-white-400tc?variant_sku=8720648154331,https://cdn.shopify.com/s/files/1/0884/0278/8685/files/bamboo-fitted-sheet-coco-white-seam-detail.jpg?v=1786183250,in_stock,180.00 EUR,Boomba Bamboo,new,,8720648154331,bamboo-fitted-sheet-coco-white-400tc
8720828225493,Bamboo Fitted Sheet Coco White 400TC,"A silky-soft 400TC bamboo fitted sheet in radiant Coco White — breathable, hypoallergenic, and cool against the skin, with a snug elastic fit for mattresses up to 30cm.",https://www.maisondecocon.com/en/products/bamboo-fitted-sheet-coco-white-400tc?variant_sku=8720828225493,https://cdn.shopify.com/s/files/1/0884/0278/8685/files/bamboo-fitted-sheet-coco-white-seam-detail.jpg?v=1786183250,in_stock,123.00 EUR,Boomba Bamboo,new,,8720828225493,bamboo-fitted-sheet-coco-white-400tc
8720648154256,Bamboo Fitted Sheet Coco White 400TC,"A silky-soft 400TC bamboo fitted sheet in radiant Coco White — breathable, hypoallergenic, and cool against the skin, with a snug elastic fit for mattresses up to 30cm.",https://www.maisondecocon.com/en/products/bamboo-fitted-sheet-coco-white-400tc?variant_sku=8720648154256,https://cdn.shopify.com/s/files/1/0884/0278/8685/files/bamboo-fitted-sheet-coco-white-seam-detail.jpg?v=1786183250,out_of_stock,120.00 EUR,Boomba Bamboo,new,,8720648154256,bamboo-fitted-sheet-coco-white-400tc
8720648154287,Bamboo Fitted Sheet Coco White 400TC,"A silky-soft 400TC bamboo fitted sheet in radiant Coco White — breathable, hypoallergenic, and cool against the skin, with a snug elastic fit for mattresses up to 30cm.",https://www.maisondecocon.com/en/products/bamboo-fitted-sheet-coco-white-400tc?variant_sku=8720648154287,https://cdn.shopify.com/s/files/1/0884/0278/8685/files/bamboo-fitted-sheet-coco-white-seam-detail.jpg?v=1786183250,in_stock,147.00 EUR,Boomba Bamboo,new,,8720648154287,bamboo-fitted-sheet-coco-white-400tc
8720648154263,Bamboo Fitted Sheet Coco White 400TC,"A silky-soft 400TC bamboo fitted sheet in radiant Coco White — breathable, hypoallergenic, and cool against the skin, with a snug elastic fit for mattresses up to 30cm.",https://www.maisondecocon.com/en/products/bamboo-fitted-sheet-coco-white-400tc?variant_sku=8720648154263,https://cdn.shopify.com/s/files/1/0884/0278/8685/files/bamboo-fitted-sheet-coco-white-seam-detail.jpg?v=1786183250,out_of_stock,129.00 EUR,Boomba Bamboo,new,,8720648154263,bamboo-fitted-sheet-coco-white-400tc
8720618860583,Bamboo Fitted Sheet Coco White 400TC,"A silky-soft 400TC bamboo fitted sheet in radiant Coco White — breathable, hypoallergenic, and cool against the skin, with a snug elastic fit for mattresses up to 30cm.",https://www.maisondecocon.com/en/products/bamboo-fitted-sheet-coco-white-400tc?variant_sku=8720618860583,https://cdn.shopify.com/s/files/1/0884/0278/8685/files/bamboo-fitted-sheet-coco-white-seam-detail.jpg?v=1786183250,in_stock,135.00 EUR,Boomba Bamboo,new,,8720618860583,bamboo-fitted-sheet-coco-white-400tc
8720828225806,Bamboo Fitted Sheet Coco White 400TC,"A silky-soft 400TC bamboo fitted sheet in radiant Coco White — breathable, hypoallergenic, and cool against the skin, with a snug elastic fit for mattresses up to 30cm.",https://www.maisondecocon.com/en/products/bamboo-fitted-sheet-coco-white-400tc?variant_sku=8720828225806,https://cdn.shopify.com/s/files/1/0884/0278/8685/files/bamboo-fitted-sheet-coco-white-seam-detail.jpg?v=1786183250,in_stock,153.00 EUR,Boomba Bamboo,new,,8720828225806,bamboo-fitted-sheet-coco-white-400tc
8720648154317,Bamboo Fitted Sheet Coco White 400TC,"A silky-soft 400TC bamboo fitted sheet in radiant Coco White — breathable, hypoallergenic, and cool against the skin, with a snug elastic fit for mattresses up to 30cm.",https://www.maisondecocon.com/en/products/bamboo-fitted-sheet-coco-white-400tc?variant_sku=8720648154317,https://cdn.shopify.com/s/files/1/0884/0278/8685/files/bamboo-fitted-sheet-coco-white-seam-detail.jpg?v=1786183250,in_stock,168.00 EUR,Boomba Bamboo,new,,8720648154317,bamboo-fitted-sheet-coco-white-400tc
8720618860446,Bamboo Fitted Sheet for Mattress Topper Sage Green 400TC,"A premium 100% bamboo fitted sheet for mattress toppers up to 10cm in Sage Green - silky-soft 400TC Tanboocel fabric that's breathable and temperature-regulating for a cool night's sleep, all year round.",https://www.maisondecocon.com/en/products/bamboo-fitted-sheet-for-mattress-topper-sage-green-400tc?variant_sku=8720618860446,https://cdn.shopify.com/s/files/1/0884/0278/8685/files/bamboo-fitted-sheet-mattress-topper-sage-green-seam-detail.jpg?v=1786182010,in_stock,132.00 EUR,Boomba Bamboo,new,,8720618860446,bamboo-fitted-sheet-for-mattress-topper-sage-green-400tc
8720618860422,Bamboo Fitted Sheet for Mattress Topper Sage Green 400TC,"A premium 100% bamboo fitted sheet for mattress toppers up to 10cm in Sage Green - silky-soft 400TC Tanboocel fabric that's breathable and temperature-regulating for a cool night's sleep, all year round.",https://www.maisondecocon.com/en/products/bamboo-fitted-sheet-for-mattress-topper-sage-green-400tc?variant_sku=8720618860422,https://cdn.shopify.com/s/files/1/0884/0278/8685/files/bamboo-fitted-sheet-mattress-topper-sage-green-seam-detail.jpg?v=1786182010,in_stock,120.00 EUR,Boomba Bamboo,new,,8720618860422,bamboo-fitted-sheet-for-mattress-topper-sage-green-400tc
8720618860477,Bamboo Fitted Sheet for Mattress Topper Sage Green 400TC,"A premium 100% bamboo fitted sheet for mattress toppers up to 10cm in Sage Green - silky-soft 400TC Tanboocel fabric that's breathable and temperature-regulating for a cool night's sleep, all year round.",https://www.maisondecocon.com/en/products/bamboo-fitted-sheet-for-mattress-topper-sage-green-400tc?variant_sku=8720618860477,https://cdn.shopify.com/s/files/1/0884/0278/8685/files/bamboo-fitted-sheet-mattress-topper-sage-green-seam-detail.jpg?v=1786182010,in_stock,150.00 EUR,Boomba Bamboo,new,,8720618860477,bamboo-fitted-sheet-for-mattress-topper-sage-green-400tc
8720618860484,Bamboo Fitted Sheet for Mattress Topper Sage Green 400TC,"A premium 100% bamboo fitted sheet for mattress toppers up to 10cm in Sage Green - silky-soft 400TC Tanboocel fabric that's breathable and temperature-regulating for a cool night's sleep, all year round.",https://www.maisondecocon.com/en/products/bamboo-fitted-sheet-for-mattress-topper-sage-green-400tc?variant_sku=8720618860484,https://cdn.shopify.com/s/files/1/0884/0278/8685/files/bamboo-fitted-sheet-mattress-topper-sage-green-seam-detail.jpg?v=1786182010,in_stock,156.00 EUR,Boomba Bamboo,new,,8720618860484,bamboo-fitted-sheet-for-mattress-topper-sage-green-400tc
8720618860491,Bamboo Fitted Sheet for Mattress Topper Sage Green 400TC,"A premium 100% bamboo fitted sheet for mattress toppers up to 10cm in Sage Green - silky-soft 400TC Tanboocel fabric that's breathable and temperature-regulating for a cool night's sleep, all year round.",https://www.maisondecocon.com/en/products/bamboo-fitted-sheet-for-mattress-topper-sage-green-400tc?variant_sku=8720618860491,https://cdn.shopify.com/s/files/1/0884/0278/8685/files/bamboo-fitted-sheet-mattress-topper-sage-green-seam-detail.jpg?v=1786182010,in_stock,162.00 EUR,Boomba Bamboo,new,,8720618860491,bamboo-fitted-sheet-for-mattress-topper-sage-green-400tc
8720618860460,Bamboo Fitted Sheet for Mattress Topper Sage Green 400TC,"A premium 100% bamboo fitted sheet for mattress toppers up to 10cm in Sage Green - silky-soft 400TC Tanboocel fabric that's breathable and temperature-regulating for a cool night's sleep, all year round.",https://www.maisondecocon.com/en/products/bamboo-fitted-sheet-for-mattress-topper-sage-green-400tc?variant_sku=8720618860460,https://cdn.shopify.com/s/files/1/0884/0278/8685/files/bamboo-fitted-sheet-mattress-topper-sage-green-seam-detail.jpg?v=1786182010,in_stock,144.00 EUR,Boomba Bamboo,new,,8720618860460,bamboo-fitted-sheet-for-mattress-topper-sage-green-400tc
8720618860453,Bamboo Fitted Sheet for Mattress Topper Sage Green 400TC,"A premium 100% bamboo fitted sheet for mattress toppers up to 10cm in Sage Green - silky-soft 400TC Tanboocel fabric that's breathable and temperature-regulating for a cool night's sleep, all year round.",https://www.maisondecocon.com/en/products/bamboo-fitted-sheet-for-mattress-topper-sage-green-400tc?variant_sku=8720618860453,https://cdn.shopify.com/s/files/1/0884/0278/8685/files/bamboo-fitted-sheet-mattress-topper-sage-green-seam-detail.jpg?v=1786182010,in_stock,138.00 EUR,Boomba Bamboo,new,,8720618860453,bamboo-fitted-sheet-for-mattress-topper-sage-green-400tc
8720618860439,Bamboo Fitted Sheet for Mattress Topper Sage Green 400TC,"A premium 100% bamboo fitted sheet for mattress toppers up to 10cm in Sage Green - silky-soft 400TC Tanboocel fabric that's breathable and temperature-regulating for a cool night's sleep, all year round.",https://www.maisondecocon.com/en/products/bamboo-fitted-sheet-for-mattress-topper-sage-green-400tc?variant_sku=8720618860439,https://cdn.shopify.com/s/files/1/0884/0278/8685/files/bamboo-fitted-sheet-mattress-topper-sage-green-seam-detail.jpg?v=1786182010,in_stock,126.00 EUR,Boomba Bamboo,new,,8720618860439,bamboo-fitted-sheet-for-mattress-topper-sage-green-400tc
6154510884866,Bamboo Fitted Sheet for Mattress Topper Deep Moss 400TC,"A premium 100% bamboo fitted sheet for mattress toppers up to 10cm in Deep Moss - silky-soft 400TC Tanboocel fabric that's breathable and temperature-regulating for a cool night's sleep, all year round.",https://www.maisondecocon.com/en/products/bamboo-fitted-sheet-for-mattress-topper-deep-moss-400tc?variant_sku=6154510884866,https://cdn.shopify.com/s/files/1/0884/0278/8685/files/bamboo-fitted-sheet-mattress-topper-deep-moss-seam-detail.jpg?v=1786182010,in_stock,180.00 EUR,Boomba Bamboo,new,,6154510884866,bamboo-fitted-sheet-for-mattress-topper-deep-moss-400tc
6154510163145,Bamboo Fitted Sheet for Mattress Topper Deep Moss 400TC,"A premium 100% bamboo fitted sheet for mattress toppers up to 10cm in Deep Moss - silky-soft 400TC Tanboocel fabric that's breathable and temperature-regulating for a cool night's sleep, all year round.",https://www.maisondecocon.com/en/products/bamboo-fitted-sheet-for-mattress-topper-deep-moss-400tc?variant_sku=6154510163145,https://cdn.shopify.com/s/files/1/0884/0278/8685/files/bamboo-fitted-sheet-mattress-topper-deep-moss-seam-detail.jpg?v=1786182010,in_stock,144.00 EUR,Boomba Bamboo,new,,6154510163145,bamboo-fitted-sheet-for-mattress-topper-deep-moss-400tc
6154510711780,Bamboo Fitted Sheet for Mattress Topper Deep Moss 400TC,"A premium 100% bamboo fitted sheet for mattress toppers up to 10cm in Deep Moss - silky-soft 400TC Tanboocel fabric that's breathable and temperature-regulating for a cool night's sleep, all year round.",https://www.maisondecocon.com/en/products/bamboo-fitted-sheet-for-mattress-topper-deep-moss-400tc?variant_sku=6154510711780,https://cdn.shopify.com/s/files/1/0884/0278/8685/files/bamboo-fitted-sheet-mattress-topper-deep-moss-seam-detail.jpg?v=1786182010,in_stock,168.00 EUR,Boomba Bamboo,new,,6154510711780,bamboo-fitted-sheet-for-mattress-topper-deep-moss-400tc
6154510653622,Bamboo Fitted Sheet for Mattress Topper Deep Moss 400TC,"A premium 100% bamboo fitted sheet for mattress toppers up to 10cm in Deep Moss - silky-soft 400TC Tanboocel fabric that's breathable and temperature-regulating for a cool night's sleep, all year round.",https://www.maisondecocon.com/en/products/bamboo-fitted-sheet-for-mattress-topper-deep-moss-400tc?variant_sku=6154510653622,https://cdn.shopify.com/s/files/1/0884/0278/8685/files/bamboo-fitted-sheet-mattress-topper-deep-moss-seam-detail.jpg?v=1786182010,in_stock,156.00 EUR,Boomba Bamboo,new,,6154510653622,bamboo-fitted-sheet-for-mattress-topper-deep-moss-400tc
6154510671626,Bamboo Fitted Sheet for Mattress Topper Deep Moss 400TC,"A premium 100% bamboo fitted sheet for mattress toppers up to 10cm in Deep Moss - silky-soft 400TC Tanboocel fabric that's breathable and temperature-regulating for a cool night's sleep, all year round.",https://www.maisondecocon.com/en/products/bamboo-fitted-sheet-for-mattress-topper-deep-moss-400tc?variant_sku=6154510671626,https://cdn.shopify.com/s/files/1/0884/0278/8685/files/bamboo-fitted-sheet-mattress-topper-deep-moss-seam-detail.jpg?v=1786182010,in_stock,162.00 EUR,Boomba Bamboo,new,,6154510671626,bamboo-fitted-sheet-for-mattress-topper-deep-moss-400tc
6154510458470,Bamboo Fitted Sheet for Mattress Topper Deep Moss 400TC,"A premium 100% bamboo fitted sheet for mattress toppers up to 10cm in Deep Moss - silky-soft 400TC Tanboocel fabric that's breathable and temperature-regulating for a cool night's sleep, all year round.",https://www.maisondecocon.com/en/products/bamboo-fitted-sheet-for-mattress-topper-deep-moss-400tc?variant_sku=6154510458470,https://cdn.shopify.com/s/files/1/0884/0278/8685/files/bamboo-fitted-sheet-mattress-topper-deep-moss-seam-detail.jpg?v=1786182010,in_stock,153.00 EUR,Boomba Bamboo,new,,6154510458470,bamboo-fitted-sheet-for-mattress-topper-deep-moss-400tc
6154510372370,Bamboo Fitted Sheet for Mattress Topper Deep Moss 400TC,"A premium 100% bamboo fitted sheet for mattress toppers up to 10cm in Deep Moss - silky-soft 400TC Tanboocel fabric that's breathable and temperature-regulating for a cool night's sleep, all year round.",https://www.maisondecocon.com/en/products/bamboo-fitted-sheet-for-mattress-topper-deep-moss-400tc?variant_sku=6154510372370,https://cdn.shopify.com/s/files/1/0884/0278/8685/files/bamboo-fitted-sheet-mattress-topper-deep-moss-seam-detail.jpg?v=1786182010,in_stock,147.00 EUR,Boomba Bamboo,new,,6154510372370,bamboo-fitted-sheet-for-mattress-topper-deep-moss-400tc
8720828225646,Bamboo Duvet Cover Sage Green 400TC,"A silky-soft 400TC bamboo duvet cover in soothing Sage Green - breathable, hypoallergenic, and available with a Bamboo Button Closure or Tuck-in Strip closure.",https://www.maisondecocon.com/en/products/bamboo-duvet-cover-sage-green-400tc?variant_sku=8720828225646,https://cdn.shopify.com/s/files/1/0884/0278/8685/files/bamboo-duvet-cover-sage-green-bedroom-lifestyle-1.jpg?v=1786136046,out_of_stock,297.00 EUR,Boomba Bamboo,new,,8720828225646,bamboo-duvet-cover-sage-green-400tc
8720828225639,Bamboo Duvet Cover Sage Green 400TC,"A silky-soft 400TC bamboo duvet cover in soothing Sage Green - breathable, hypoallergenic, and available with a Bamboo Button Closure or Tuck-in Strip closure.",https://www.maisondecocon.com/en/products/bamboo-duvet-cover-sage-green-400tc?variant_sku=8720828225639,https://cdn.shopify.com/s/files/1/0884/0278/8685/files/bamboo-duvet-cover-sage-green-bedroom-lifestyle-1.jpg?v=1786136046,in_stock,282.00 EUR,Boomba Bamboo,new,,8720828225639,bamboo-duvet-cover-sage-green-400tc
8720828225677,Bamboo Duvet Cover Sage Green 400TC,"A silky-soft 400TC bamboo duvet cover in soothing Sage Green - breathable, hypoallergenic, and available with a Bamboo Button Closure or Tuck-in Strip closure.",https://www.maisondecocon.com/en/products/bamboo-duvet-cover-sage-green-400tc?variant_sku=8720828225677,https://cdn.shopify.com/s/files/1/0884/0278/8685/files/bamboo-duvet-cover-sage-green-bedroom-lifestyle-1.jpg?v=1786136046,out_of_stock,387.00 EUR,Boomba Bamboo,new,,8720828225677,bamboo-duvet-cover-sage-green-400tc
8720828225691,Bamboo Duvet Cover Sage Green 400TC,"A silky-soft 400TC bamboo duvet cover in soothing Sage Green - breathable, hypoallergenic, and available with a Bamboo Button Closure or Tuck-in Strip closure.",https://www.maisondecocon.com/en/products/bamboo-duvet-cover-sage-green-400tc?variant_sku=8720828225691,https://cdn.shopify.com/s/files/1/0884/0278/8685/files/bamboo-duvet-cover-sage-green-bedroom-lifestyle-1.jpg?v=1786136046,in_stock,267.00 EUR,Boomba Bamboo,new,,8720828225691,bamboo-duvet-cover-sage-green-400tc
8720828225684,Bamboo Duvet Cover Sage Green 400TC,"A silky-soft 400TC bamboo duvet cover in soothing Sage Green - breathable, hypoallergenic, and available with a Bamboo Button Closure or Tuck-in Strip closure.",https://www.maisondecocon.com/en/products/bamboo-duvet-cover-sage-green-400tc?variant_sku=8720828225684,https://cdn.shopify.com/s/files/1/0884/0278/8685/files/bamboo-duvet-cover-sage-green-bedroom-lifestyle-1.jpg?v=1786136046,in_stock,420.00 EUR,Boomba Bamboo,new,,8720828225684,bamboo-duvet-cover-sage-green-400tc
8720618860309,Bamboo Duvet Cover Sage Green 400TC,"A silky-soft 400TC bamboo duvet cover in soothing Sage Green - breathable, hypoallergenic, and available with a Bamboo Button Closure or Tuck-in Strip closure.",https://www.maisondecocon.com/en/products/bamboo-duvet-cover-sage-green-400tc?variant_sku=8720618860309,https://cdn.shopify.com/s/files/1/0884/0278/8685/files/bamboo-duvet-cover-sage-green-bedroom-lifestyle-1.jpg?v=1786136046,in_stock,369.00 EUR,Boomba Bamboo,new,,8720618860309,bamboo-duvet-cover-sage-green-400tc
8720618860293,Bamboo Duvet Cover Sage Green 400TC,"A silky-soft 400TC bamboo duvet cover in soothing Sage Green - breathable, hypoallergenic, and available with a Bamboo Button Closure or Tuck-in Strip closure.",https://www.maisondecocon.com/en/products/bamboo-duvet-cover-sage-green-400tc?variant_sku=8720618860293,https://cdn.shopify.com/s/files/1/0884/0278/8685/files/bamboo-duvet-cover-sage-green-bedroom-lifestyle-1.jpg?v=1786136046,in_stock,318.00 EUR,Boomba Bamboo,new,,8720618860293,bamboo-duvet-cover-sage-green-400tc
8720618860286,Bamboo Duvet Cover Sage Green 400TC,"A silky-soft 400TC bamboo duvet cover in soothing Sage Green - breathable, hypoallergenic, and available with a Bamboo Button Closure or Tuck-in Strip closure.",https://www.maisondecocon.com/en/products/bamboo-duvet-cover-sage-green-400tc?variant_sku=8720618860286,https://cdn.shopify.com/s/files/1/0884/0278/8685/files/bamboo-duvet-cover-sage-green-bedroom-lifestyle-1.jpg?v=1786136046,in_stock,300.00 EUR,Boomba Bamboo,new,,8720618860286,bamboo-duvet-cover-sage-green-400tc
8720828225660,Bamboo Duvet Cover Sage Green 400TC,"A silky-soft 400TC bamboo duvet cover in soothing Sage Green - breathable, hypoallergenic, and available with a Bamboo Button Closure or Tuck-in Strip closure.",https://www.maisondecocon.com/en/products/bamboo-duvet-cover-sage-green-400tc?variant_sku=8720828225660,https://cdn.shopify.com/s/files/1/0884/0278/8685/files/bamboo-duvet-cover-sage-green-bedroom-lifestyle-1.jpg?v=1786136046,in_stock,336.00 EUR,Boomba Bamboo,new,,8720828225660,bamboo-duvet-cover-sage-green-400tc
8720618860279,Bamboo Duvet Cover Sage Green 400TC,"A silky-soft 400TC bamboo duvet cover in soothing Sage Green - breathable, hypoallergenic, and available with a Bamboo Button Closure or Tuck-in Strip closure.",https://www.maisondecocon.com/en/products/bamboo-duvet-cover-sage-green-400tc?variant_sku=8720618860279,https://cdn.shopify.com/s/files/1/0884/0278/8685/files/bamboo-duvet-cover-sage-green-bedroom-lifestyle-1.jpg?v=1786136046,in_stock,258.00 EUR,Boomba Bamboo,new,,8720618860279,bamboo-duvet-cover-sage-green-400tc
8720828225653,Bamboo Duvet Cover Sage Green 400TC,"A silky-soft 400TC bamboo duvet cover in soothing Sage Green - breathable, hypoallergenic, and available with a Bamboo Button Closure or Tuck-in Strip closure.",https://www.maisondecocon.com/en/products/bamboo-duvet-cover-sage-green-400tc?variant_sku=8720828225653,https://cdn.shopify.com/s/files/1/0884/0278/8685/files/bamboo-duvet-cover-sage-green-bedroom-lifestyle-1.jpg?v=1786136046,in_stock,318.00 EUR,Boomba Bamboo,new,,8720828225653,bamboo-duvet-cover-sage-green-400tc
8720618860316,Bamboo Duvet Cover Sage Green 400TC,"A silky-soft 400TC bamboo duvet cover in soothing Sage Green - breathable, hypoallergenic, and available with a Bamboo Button Closure or Tuck-in Strip closure.",https://www.maisondecocon.com/en/products/bamboo-duvet-cover-sage-green-400tc?variant_sku=8720618860316,https://cdn.shopify.com/s/files/1/0884/0278/8685/files/bamboo-duvet-cover-sage-green-bedroom-lifestyle-1.jpg?v=1786136046,in_stock,402.00 EUR,Boomba Bamboo,new,,8720618860316,bamboo-duvet-cover-sage-green-400tc
8720648154683,Bamboo Fitted Sheet for Mattress Topper Soft Taupe 400TC,"A premium 100% bamboo fitted sheet for mattress toppers up to 10cm in Soft Taupe - silky-soft 400TC Tanboocel fabric that's breathable and temperature-regulating for a cool night's sleep, all year round.",https://www.maisondecocon.com/en/products/bamboo-fitted-sheet-for-mattress-topper-soft-taupe-400tc?variant_sku=8720648154683,https://cdn.shopify.com/s/files/1/0884/0278/8685/files/bamboo-fitted-sheet-mattress-topper-soft-taupe-corner-fit.jpg?v=1786182490,out_of_stock,174.00 EUR,Boomba Bamboo,new,,8720648154683,bamboo-fitted-sheet-for-mattress-topper-soft-taupe-400tc
8720648154652,Bamboo Fitted Sheet for Mattress Topper Soft Taupe 400TC,"A premium 100% bamboo fitted sheet for mattress toppers up to 10cm in Soft Taupe - silky-soft 400TC Tanboocel fabric that's breathable and temperature-regulating for a cool night's sleep, all year round.",https://www.maisondecocon.com/en/products/bamboo-fitted-sheet-for-mattress-topper-soft-taupe-400tc?variant_sku=8720648154652,https://cdn.shopify.com/s/files/1/0884/0278/8685/files/bamboo-fitted-sheet-mattress-topper-soft-taupe-corner-fit.jpg?v=1786182490,in_stock,159.00 EUR,Boomba Bamboo,new,,8720648154652,bamboo-fitted-sheet-for-mattress-topper-soft-taupe-400tc
8720648154621,Bamboo Fitted Sheet for Mattress Topper Soft Taupe 400TC,"A premium 100% bamboo fitted sheet for mattress toppers up to 10cm in Soft Taupe - silky-soft 400TC Tanboocel fabric that's breathable and temperature-regulating for a cool night's sleep, all year round.",https://www.maisondecocon.com/en/products/bamboo-fitted-sheet-for-mattress-topper-soft-taupe-400tc?variant_sku=8720648154621,https://cdn.shopify.com/s/files/1/0884/0278/8685/files/bamboo-fitted-sheet-mattress-topper-soft-taupe-corner-fit.jpg?v=1786182490,in_stock,144.00 EUR,Boomba Bamboo,new,,8720648154621,bamboo-fitted-sheet-for-mattress-topper-soft-taupe-400tc
8720648154676,Bamboo Fitted Sheet for Mattress Topper Soft Taupe 400TC,"A premium 100% bamboo fitted sheet for mattress toppers up to 10cm in Soft Taupe - silky-soft 400TC Tanboocel fabric that's breathable and temperature-regulating for a cool night's sleep, all year round.",https://www.maisondecocon.com/en/products/bamboo-fitted-sheet-for-mattress-topper-soft-taupe-400tc?variant_sku=8720648154676,https://cdn.shopify.com/s/files/1/0884/0278/8685/files/bamboo-fitted-sheet-mattress-topper-soft-taupe-corner-fit.jpg?v=1786182490,in_stock,168.00 EUR,Boomba Bamboo,new,,8720648154676,bamboo-fitted-sheet-for-mattress-topper-soft-taupe-400tc
8720648154669,Bamboo Fitted Sheet for Mattress Topper Soft Taupe 400TC,"A premium 100% bamboo fitted sheet for mattress toppers up to 10cm in Soft Taupe - silky-soft 400TC Tanboocel fabric that's breathable and temperature-regulating for a cool night's sleep, all year round.",https://www.maisondecocon.com/en/products/bamboo-fitted-sheet-for-mattress-topper-soft-taupe-400tc?variant_sku=8720648154669,https://cdn.shopify.com/s/files/1/0884/0278/8685/files/bamboo-fitted-sheet-mattress-topper-soft-taupe-corner-fit.jpg?v=1786182490,in_stock,162.00 EUR,Boomba Bamboo,new,,8720648154669,bamboo-fitted-sheet-for-mattress-topper-soft-taupe-400tc
8720648154638,Bamboo Fitted Sheet for Mattress Topper Soft Taupe 400TC,"A premium 100% bamboo fitted sheet for mattress toppers up to 10cm in Soft Taupe - silky-soft 400TC Tanboocel fabric that's breathable and temperature-regulating for a cool night's sleep, all year round.",https://www.maisondecocon.com/en/products/bamboo-fitted-sheet-for-mattress-topper-soft-taupe-400tc?variant_sku=8720648154638,https://cdn.shopify.com/s/files/1/0884/0278/8685/files/bamboo-fitted-sheet-mattress-topper-soft-taupe-corner-fit.jpg?v=1786182490,in_stock,147.00 EUR,Boomba Bamboo,new,,8720648154638,bamboo-fitted-sheet-for-mattress-topper-soft-taupe-400tc
8720648154690,Bamboo Fitted Sheet for Mattress Topper Soft Taupe 400TC,"A premium 100% bamboo fitted sheet for mattress toppers up to 10cm in Soft Taupe - silky-soft 400TC Tanboocel fabric that's breathable and temperature-regulating for a cool night's sleep, all year round.",https://www.maisondecocon.com/en/products/bamboo-fitted-sheet-for-mattress-topper-soft-taupe-400tc?variant_sku=8720648154690,https://cdn.shopify.com/s/files/1/0884/0278/8685/files/bamboo-fitted-sheet-mattress-topper-soft-taupe-corner-fit.jpg?v=1786182490,in_stock,180.00 EUR,Boomba Bamboo,new,,8720648154690,bamboo-fitted-sheet-for-mattress-topper-soft-taupe-400tc
8720648154645,Bamboo Fitted Sheet for Mattress Topper Soft Taupe 400TC,"A premium 100% bamboo fitted sheet for mattress toppers up to 10cm in Soft Taupe - silky-soft 400TC Tanboocel fabric that's breathable and temperature-regulating for a cool night's sleep, all year round.",https://www.maisondecocon.com/en/products/bamboo-fitted-sheet-for-mattress-topper-soft-taupe-400tc?variant_sku=8720648154645,https://cdn.shopify.com/s/files/1/0884/0278/8685/files/bamboo-fitted-sheet-mattress-topper-soft-taupe-corner-fit.jpg?v=1786182490,out_of_stock,156.00 EUR,Boomba Bamboo,new,,8720648154645,bamboo-fitted-sheet-for-mattress-topper-soft-taupe-400tc
6154518089058,Bamboo Duvet Cover Lavender Mist 400TC,"A silky-soft 400TC bamboo duvet cover in calm Lavender Mist - breathable, hypoallergenic, and available with a Bamboo Button Closure or Tuck-in Strip closure.",https://www.maisondecocon.com/en/products/bamboo-duvet-cover-lavender-mist-400tc?variant_sku=6154518089058,https://cdn.shopify.com/s/files/1/0884/0278/8685/files/bamboo-duvet-cover-lavender-mist-bedroom-lifestyle-1.jpg?v=1786136174,in_stock,336.00 EUR,Boomba Bamboo,new,,6154518089058,bamboo-duvet-cover-lavender-mist-400tc
6154516245234,Bamboo Duvet Cover Lavender Mist 400TC,"A silky-soft 400TC bamboo duvet cover in calm Lavender Mist - breathable, hypoallergenic, and available with a Bamboo Button Closure or Tuck-in Strip closure.",https://www.maisondecocon.com/en/products/bamboo-duvet-cover-lavender-mist-400tc?variant_sku=6154516245234,https://cdn.shopify.com/s/files/1/0884/0278/8685/files/bamboo-duvet-cover-lavender-mist-bedroom-lifestyle-1.jpg?v=1786136174,in_stock,267.00 EUR,Boomba Bamboo,new,,6154516245234,bamboo-duvet-cover-lavender-mist-400tc
6154518158129,Bamboo Duvet Cover Lavender Mist 400TC,"A silky-soft 400TC bamboo duvet cover in calm Lavender Mist - breathable, hypoallergenic, and available with a Bamboo Button Closure or Tuck-in Strip closure.",https://www.maisondecocon.com/en/products/bamboo-duvet-cover-lavender-mist-400tc?variant_sku=6154518158129,https://cdn.shopify.com/s/files/1/0884/0278/8685/files/bamboo-duvet-cover-lavender-mist-bedroom-lifestyle-1.jpg?v=1786136174,in_stock,387.00 EUR,Boomba Bamboo,new,,6154518158129,bamboo-duvet-cover-lavender-mist-400tc
6154516770743,Bamboo Duvet Cover Lavender Mist 400TC,"A silky-soft 400TC bamboo duvet cover in calm Lavender Mist - breathable, hypoallergenic, and available with a Bamboo Button Closure or Tuck-in Strip closure.",https://www.maisondecocon.com/en/products/bamboo-duvet-cover-lavender-mist-400tc?variant_sku=6154516770743,https://cdn.shopify.com/s/files/1/0884/0278/8685/files/bamboo-duvet-cover-lavender-mist-bedroom-lifestyle-1.jpg?v=1786136174,in_stock,402.00 EUR,Boomba Bamboo,new,,6154516770743,bamboo-duvet-cover-lavender-mist-400tc
6154518295268,Bamboo Duvet Cover Lavender Mist 400TC,"A silky-soft 400TC bamboo duvet cover in calm Lavender Mist - breathable, hypoallergenic, and available with a Bamboo Button Closure or Tuck-in Strip closure.",https://www.maisondecocon.com/en/products/bamboo-duvet-cover-lavender-mist-400tc?variant_sku=6154518295268,https://cdn.shopify.com/s/files/1/0884/0278/8685/files/bamboo-duvet-cover-lavender-mist-bedroom-lifestyle-1.jpg?v=1786136174,in_stock,420.00 EUR,Boomba Bamboo,new,,6154518295268,bamboo-duvet-cover-lavender-mist-400tc
6154517521573,Bamboo Duvet Cover Lavender Mist 400TC,"A silky-soft 400TC bamboo duvet cover in calm Lavender Mist - breathable, hypoallergenic, and available with a Bamboo Button Closure or Tuck-in Strip closure.",https://www.maisondecocon.com/en/products/bamboo-duvet-cover-lavender-mist-400tc?variant_sku=6154517521573,https://cdn.shopify.com/s/files/1/0884/0278/8685/files/bamboo-duvet-cover-lavender-mist-bedroom-lifestyle-1.jpg?v=1786136174,in_stock,282.00 EUR,Boomba Bamboo,new,,6154517521573,bamboo-duvet-cover-lavender-mist-400tc
6154516397339,Bamboo Duvet Cover Lavender Mist 400TC,"A silky-soft 400TC bamboo duvet cover in calm Lavender Mist - breathable, hypoallergenic, and available with a Bamboo Button Closure or Tuck-in Strip closure.",https://www.maisondecocon.com/en/products/bamboo-duvet-cover-lavender-mist-400tc?variant_sku=6154516397339,https://cdn.shopify.com/s/files/1/0884/0278/8685/files/bamboo-duvet-cover-lavender-mist-bedroom-lifestyle-1.jpg?v=1786136174,in_stock,300.00 EUR,Boomba Bamboo,new,,6154516397339,bamboo-duvet-cover-lavender-mist-400tc
6154517821871,Bamboo Duvet Cover Lavender Mist 400TC,"A silky-soft 400TC bamboo duvet cover in calm Lavender Mist - breathable, hypoallergenic, and available with a Bamboo Button Closure or Tuck-in Strip closure.",https://www.maisondecocon.com/en/products/bamboo-duvet-cover-lavender-mist-400tc?variant_sku=6154517821871,https://cdn.shopify.com/s/files/1/0884/0278/8685/files/bamboo-duvet-cover-lavender-mist-bedroom-lifestyle-1.jpg?v=1786136174,in_stock,297.00 EUR,Boomba Bamboo,new,,6154517821871,bamboo-duvet-cover-lavender-mist-400tc
6154516219228,Bamboo Duvet Cover Lavender Mist 400TC,"A silky-soft 400TC bamboo duvet cover in calm Lavender Mist - breathable, hypoallergenic, and available with a Bamboo Button Closure or Tuck-in Strip closure.",https://www.maisondecocon.com/en/products/bamboo-duvet-cover-lavender-mist-400tc?variant_sku=6154516219228,https://cdn.shopify.com/s/files/1/0884/0278/8685/files/bamboo-duvet-cover-lavender-mist-bedroom-lifestyle-1.jpg?v=1786136174,in_stock,258.00 EUR,Boomba Bamboo,new,,6154516219228,bamboo-duvet-cover-lavender-mist-400tc
6154516527507,Bamboo Duvet Cover Lavender Mist 400TC,"A silky-soft 400TC bamboo duvet cover in calm Lavender Mist - breathable, hypoallergenic, and available with a Bamboo Button Closure or Tuck-in Strip closure.",https://www.maisondecocon.com/en/products/bamboo-duvet-cover-lavender-mist-400tc?variant_sku=6154516527507,https://cdn.shopify.com/s/files/1/0884/0278/8685/files/bamboo-duvet-cover-lavender-mist-bedroom-lifestyle-1.jpg?v=1786136174,in_stock,318.00 EUR,Boomba Bamboo,new,,6154516527507,bamboo-duvet-cover-lavender-mist-400tc
6154516651622,Bamboo Duvet Cover Lavender Mist 400TC,"A silky-soft 400TC bamboo duvet cover in calm Lavender Mist - breathable, hypoallergenic, and available with a Bamboo Button Closure or Tuck-in Strip closure.",https://www.maisondecocon.com/en/products/bamboo-duvet-cover-lavender-mist-400tc?variant_sku=6154516651622,https://cdn.shopify.com/s/files/1/0884/0278/8685/files/bamboo-duvet-cover-lavender-mist-bedroom-lifestyle-1.jpg?v=1786136174,in_stock,369.00 EUR,Boomba Bamboo,new,,6154516651622,bamboo-duvet-cover-lavender-mist-400tc
6154517867855,Bamboo Duvet Cover Lavender Mist 400TC,"A silky-soft 400TC bamboo duvet cover in calm Lavender Mist - breathable, hypoallergenic, and available with a Bamboo Button Closure or Tuck-in Strip closure.",https://www.maisondecocon.com/en/products/bamboo-duvet-cover-lavender-mist-400tc?variant_sku=6154517867855,https://cdn.shopify.com/s/files/1/0884/0278/8685/files/bamboo-duvet-cover-lavender-mist-bedroom-lifestyle-1.jpg?v=1786136174,in_stock,318.00 EUR,Boomba Bamboo,new,,6154517867855,bamboo-duvet-cover-lavender-mist-400tc
8720648154775,Bamboo Duvet Cover Space Blue 400TC,"A silky-soft 400TC bamboo duvet cover in deep Space Blue - breathable, hypoallergenic, and available with a Bamboo Button Closure or Tuck-in Strip closure.",https://www.maisondecocon.com/en/products/bamboo-duvet-cover-space-blue-400tc?variant_sku=8720648154775,https://cdn.shopify.com/s/files/1/0884/0278/8685/files/bamboo-duvet-cover-space-blue-bedroom-lifestyle-1.jpg?v=1786136300,in_stock,402.00 EUR,Boomba Bamboo,new,,8720648154775,bamboo-duvet-cover-space-blue-400tc
8720648154737,Bamboo Duvet Cover Space Blue 400TC,"A silky-soft 400TC bamboo duvet cover in deep Space Blue - breathable, hypoallergenic, and available with a Bamboo Button Closure or Tuck-in Strip closure.",https://www.maisondecocon.com/en/products/bamboo-duvet-cover-space-blue-400tc?variant_sku=8720648154737,https://cdn.shopify.com/s/files/1/0884/0278/8685/files/bamboo-duvet-cover-space-blue-bedroom-lifestyle-1.jpg?v=1786136300,out_of_stock,258.00 EUR,Boomba Bamboo,new,,8720648154737,bamboo-duvet-cover-space-blue-400tc
8720618860750,Bamboo Duvet Cover Space Blue 400TC,"A silky-soft 400TC bamboo duvet cover in deep Space Blue - breathable, hypoallergenic, and available with a Bamboo Button Closure or Tuck-in Strip closure.",https://www.maisondecocon.com/en/products/bamboo-duvet-cover-space-blue-400tc?variant_sku=8720618860750,https://cdn.shopify.com/s/files/1/0884/0278/8685/files/bamboo-duvet-cover-space-blue-bedroom-lifestyle-1.jpg?v=1786136300,in_stock,420.00 EUR,Boomba Bamboo,new,,8720618860750,bamboo-duvet-cover-space-blue-400tc
8720618860729,Bamboo Duvet Cover Space Blue 400TC,"A silky-soft 400TC bamboo duvet cover in deep Space Blue - breathable, hypoallergenic, and available with a Bamboo Button Closure or Tuck-in Strip closure.",https://www.maisondecocon.com/en/products/bamboo-duvet-cover-space-blue-400tc?variant_sku=8720618860729,https://cdn.shopify.com/s/files/1/0884/0278/8685/files/bamboo-duvet-cover-space-blue-bedroom-lifestyle-1.jpg?v=1786136300,in_stock,318.00 EUR,Boomba Bamboo,new,,8720618860729,bamboo-duvet-cover-space-blue-400tc
8720618860736,Bamboo Duvet Cover Space Blue 400TC,"A silky-soft 400TC bamboo duvet cover in deep Space Blue - breathable, hypoallergenic, and available with a Bamboo Button Closure or Tuck-in Strip closure.",https://www.maisondecocon.com/en/products/bamboo-duvet-cover-space-blue-400tc?variant_sku=8720618860736,https://cdn.shopify.com/s/files/1/0884/0278/8685/files/bamboo-duvet-cover-space-blue-bedroom-lifestyle-1.jpg?v=1786136300,in_stock,336.00 EUR,Boomba Bamboo,new,,8720618860736,bamboo-duvet-cover-space-blue-400tc
8720648154768,Bamboo Duvet Cover Space Blue 400TC,"A silky-soft 400TC bamboo duvet cover in deep Space Blue - breathable, hypoallergenic, and available with a Bamboo Button Closure or Tuck-in Strip closure.",https://www.maisondecocon.com/en/products/bamboo-duvet-cover-space-blue-400tc?variant_sku=8720648154768,https://cdn.shopify.com/s/files/1/0884/0278/8685/files/bamboo-duvet-cover-space-blue-bedroom-lifestyle-1.jpg?v=1786136300,in_stock,369.00 EUR,Boomba Bamboo,new,,8720648154768,bamboo-duvet-cover-space-blue-400tc
8720618860699,Bamboo Duvet Cover Space Blue 400TC,"A silky-soft 400TC bamboo duvet cover in deep Space Blue - breathable, hypoallergenic, and available with a Bamboo Button Closure or Tuck-in Strip closure.",https://www.maisondecocon.com/en/products/bamboo-duvet-cover-space-blue-400tc?variant_sku=8720618860699,https://cdn.shopify.com/s/files/1/0884/0278/8685/files/bamboo-duvet-cover-space-blue-bedroom-lifestyle-1.jpg?v=1786136300,in_stock,282.00 EUR,Boomba Bamboo,new,,8720618860699,bamboo-duvet-cover-space-blue-400tc
8720648154744,Bamboo Duvet Cover Space Blue 400TC,"A silky-soft 400TC bamboo duvet cover in deep Space Blue - breathable, hypoallergenic, and available with a Bamboo Button Closure or Tuck-in Strip closure.",https://www.maisondecocon.com/en/products/bamboo-duvet-cover-space-blue-400tc?variant_sku=8720648154744,https://cdn.shopify.com/s/files/1/0884/0278/8685/files/bamboo-duvet-cover-space-blue-bedroom-lifestyle-1.jpg?v=1786136300,in_stock,300.00 EUR,Boomba Bamboo,new,,8720648154744,bamboo-duvet-cover-space-blue-400tc
8720648154751,Bamboo Duvet Cover Space Blue 400TC,"A silky-soft 400TC bamboo duvet cover in deep Space Blue - breathable, hypoallergenic, and available with a Bamboo Button Closure or Tuck-in Strip closure.",https://www.maisondecocon.com/en/products/bamboo-duvet-cover-space-blue-400tc?variant_sku=8720648154751,https://cdn.shopify.com/s/files/1/0884/0278/8685/files/bamboo-duvet-cover-space-blue-bedroom-lifestyle-1.jpg?v=1786136300,in_stock,318.00 EUR,Boomba Bamboo,new,,8720648154751,bamboo-duvet-cover-space-blue-400tc
8720618860682,Bamboo Duvet Cover Space Blue 400TC,"A silky-soft 400TC bamboo duvet cover in deep Space Blue - breathable, hypoallergenic, and available with a Bamboo Button Closure or Tuck-in Strip closure.",https://www.maisondecocon.com/en/products/bamboo-duvet-cover-space-blue-400tc?variant_sku=8720618860682,https://cdn.shopify.com/s/files/1/0884/0278/8685/files/bamboo-duvet-cover-space-blue-bedroom-lifestyle-1.jpg?v=1786136300,in_stock,267.00 EUR,Boomba Bamboo,new,,8720618860682,bamboo-duvet-cover-space-blue-400tc
8720618860743,Bamboo Duvet Cover Space Blue 400TC,"A silky-soft 400TC bamboo duvet cover in deep Space Blue - breathable, hypoallergenic, and available with a Bamboo Button Closure or Tuck-in Strip closure.",https://www.maisondecocon.com/en/products/bamboo-duvet-cover-space-blue-400tc?variant_sku=8720618860743,https://cdn.shopify.com/s/files/1/0884/0278/8685/files/bamboo-duvet-cover-space-blue-bedroom-lifestyle-1.jpg?v=1786136300,in_stock,387.00 EUR,Boomba Bamboo,new,,8720618860743,bamboo-duvet-cover-space-blue-400tc
8720618860712,Bamboo Duvet Cover Space Blue 400TC,"A silky-soft 400TC bamboo duvet cover in deep Space Blue - breathable, hypoallergenic, and available with a Bamboo Button Closure or Tuck-in Strip closure.",https://www.maisondecocon.com/en/products/bamboo-duvet-cover-space-blue-400tc?variant_sku=8720618860712,https://cdn.shopify.com/s/files/1/0884/0278/8685/files/bamboo-duvet-cover-space-blue-bedroom-lifestyle-1.jpg?v=1786136300,in_stock,297.00 EUR,Boomba Bamboo,new,,8720618860712,bamboo-duvet-cover-space-blue-400tc
8720648154508,Bamboo Duvet Cover Soft Taupe 400TC,"A silky-soft 400TC bamboo duvet cover in warm Soft Taupe - breathable, hypoallergenic, and available with a Bamboo Button Closure or Tuck-in Strip closure.",https://www.maisondecocon.com/en/products/bamboo-duvet-cover-soft-taupe-400tc?variant_sku=8720648154508,https://cdn.shopify.com/s/files/1/0884/0278/8685/files/bamboo-duvet-cover-soft-taupe-bedroom-lifestyle-1.jpg?v=1786136464,in_stock,369.00 EUR,Boomba Bamboo,new,,8720648154508,bamboo-duvet-cover-soft-taupe-400tc
8720618860637,Bamboo Duvet Cover Soft Taupe 400TC,"A silky-soft 400TC bamboo duvet cover in warm Soft Taupe - breathable, hypoallergenic, and available with a Bamboo Button Closure or Tuck-in Strip closure.",https://www.maisondecocon.com/en/products/bamboo-duvet-cover-soft-taupe-400tc?variant_sku=8720618860637,https://cdn.shopify.com/s/files/1/0884/0278/8685/files/bamboo-duvet-cover-soft-taupe-bedroom-lifestyle-1.jpg?v=1786136464,in_stock,336.00 EUR,Boomba Bamboo,new,,8720618860637,bamboo-duvet-cover-soft-taupe-400tc
8720618860620,Bamboo Duvet Cover Soft Taupe 400TC,"A silky-soft 400TC bamboo duvet cover in warm Soft Taupe - breathable, hypoallergenic, and available with a Bamboo Button Closure or Tuck-in Strip closure.",https://www.maisondecocon.com/en/products/bamboo-duvet-cover-soft-taupe-400tc?variant_sku=8720618860620,https://cdn.shopify.com/s/files/1/0884/0278/8685/files/bamboo-duvet-cover-soft-taupe-bedroom-lifestyle-1.jpg?v=1786136464,in_stock,318.00 EUR,Boomba Bamboo,new,,8720618860620,bamboo-duvet-cover-soft-taupe-400tc
8720648154478,Bamboo Duvet Cover Soft Taupe 400TC,"A silky-soft 400TC bamboo duvet cover in warm Soft Taupe - breathable, hypoallergenic, and available with a Bamboo Button Closure or Tuck-in Strip closure.",https://www.maisondecocon.com/en/products/bamboo-duvet-cover-soft-taupe-400tc?variant_sku=8720648154478,https://cdn.shopify.com/s/files/1/0884/0278/8685/files/bamboo-duvet-cover-soft-taupe-bedroom-lifestyle-1.jpg?v=1786136464,in_stock,258.00 EUR,Boomba Bamboo,new,,8720648154478,bamboo-duvet-cover-soft-taupe-400tc
8720618860644,Bamboo Duvet Cover Soft Taupe 400TC,"A silky-soft 400TC bamboo duvet cover in warm Soft Taupe - breathable, hypoallergenic, and available with a Bamboo Button Closure or Tuck-in Strip closure.",https://www.maisondecocon.com/en/products/bamboo-duvet-cover-soft-taupe-400tc?variant_sku=8720618860644,https://cdn.shopify.com/s/files/1/0884/0278/8685/files/bamboo-duvet-cover-soft-taupe-bedroom-lifestyle-1.jpg?v=1786136464,in_stock,387.00 EUR,Boomba Bamboo,new,,8720618860644,bamboo-duvet-cover-soft-taupe-400tc
8720618860613,Bamboo Duvet Cover Soft Taupe 400TC,"A silky-soft 400TC bamboo duvet cover in warm Soft Taupe - breathable, hypoallergenic, and available with a Bamboo Button Closure or Tuck-in Strip closure.",https://www.maisondecocon.com/en/products/bamboo-duvet-cover-soft-taupe-400tc?variant_sku=8720618860613,https://cdn.shopify.com/s/files/1/0884/0278/8685/files/bamboo-duvet-cover-soft-taupe-bedroom-lifestyle-1.jpg?v=1786136464,in_stock,297.00 EUR,Boomba Bamboo,new,,8720618860613,bamboo-duvet-cover-soft-taupe-400tc
8720618860606,Bamboo Duvet Cover Soft Taupe 400TC,"A silky-soft 400TC bamboo duvet cover in warm Soft Taupe - breathable, hypoallergenic, and available with a Bamboo Button Closure or Tuck-in Strip closure.",https://www.maisondecocon.com/en/products/bamboo-duvet-cover-soft-taupe-400tc?variant_sku=8720618860606,https://cdn.shopify.com/s/files/1/0884/0278/8685/files/bamboo-duvet-cover-soft-taupe-bedroom-lifestyle-1.jpg?v=1786136464,in_stock,282.00 EUR,Boomba Bamboo,new,,8720618860606,bamboo-duvet-cover-soft-taupe-400tc
8720648154485,Bamboo Duvet Cover Soft Taupe 400TC,"A silky-soft 400TC bamboo duvet cover in warm Soft Taupe - breathable, hypoallergenic, and available with a Bamboo Button Closure or Tuck-in Strip closure.",https://www.maisondecocon.com/en/products/bamboo-duvet-cover-soft-taupe-400tc?variant_sku=8720648154485,https://cdn.shopify.com/s/files/1/0884/0278/8685/files/bamboo-duvet-cover-soft-taupe-bedroom-lifestyle-1.jpg?v=1786136464,in_stock,300.00 EUR,Boomba Bamboo,new,,8720648154485,bamboo-duvet-cover-soft-taupe-400tc
8720618860651,Bamboo Duvet Cover Soft Taupe 400TC,"A silky-soft 400TC bamboo duvet cover in warm Soft Taupe - breathable, hypoallergenic, and available with a Bamboo Button Closure or Tuck-in Strip closure.",https://www.maisondecocon.com/en/products/bamboo-duvet-cover-soft-taupe-400tc?variant_sku=8720618860651,https://cdn.shopify.com/s/files/1/0884/0278/8685/files/bamboo-duvet-cover-soft-taupe-bedroom-lifestyle-1.jpg?v=1786136464,in_stock,420.00 EUR,Boomba Bamboo,new,,8720618860651,bamboo-duvet-cover-soft-taupe-400tc
8720618860590,Bamboo Duvet Cover Soft Taupe 400TC,"A silky-soft 400TC bamboo duvet cover in warm Soft Taupe - breathable, hypoallergenic, and available with a Bamboo Button Closure or Tuck-in Strip closure.",https://www.maisondecocon.com/en/products/bamboo-duvet-cover-soft-taupe-400tc?variant_sku=8720618860590,https://cdn.shopify.com/s/files/1/0884/0278/8685/files/bamboo-duvet-cover-soft-taupe-bedroom-lifestyle-1.jpg?v=1786136464,in_stock,267.00 EUR,Boomba Bamboo,new,,8720618860590,bamboo-duvet-cover-soft-taupe-400tc
8720648154515,Bamboo Duvet Cover Soft Taupe 400TC,"A silky-soft 400TC bamboo duvet cover in warm Soft Taupe - breathable, hypoallergenic, and available with a Bamboo Button Closure or Tuck-in Strip closure.",https://www.maisondecocon.com/en/products/bamboo-duvet-cover-soft-taupe-400tc?variant_sku=8720648154515,https://cdn.shopify.com/s/files/1/0884/0278/8685/files/bamboo-duvet-cover-soft-taupe-bedroom-lifestyle-1.jpg?v=1786136464,in_stock,402.00 EUR,Boomba Bamboo,new,,8720648154515,bamboo-duvet-cover-soft-taupe-400tc
8720648154492,Bamboo Duvet Cover Soft Taupe 400TC,"A silky-soft 400TC bamboo duvet cover in warm Soft Taupe - breathable, hypoallergenic, and available with a Bamboo Button Closure or Tuck-in Strip closure.",https://www.maisondecocon.com/en/products/bamboo-duvet-cover-soft-taupe-400tc?variant_sku=8720648154492,https://cdn.shopify.com/s/files/1/0884/0278/8685/files/bamboo-duvet-cover-soft-taupe-bedroom-lifestyle-1.jpg?v=1786136464,in_stock,318.00 EUR,Boomba Bamboo,new,,8720648154492,bamboo-duvet-cover-soft-taupe-400tc
6154511529513,Bamboo Duvet Cover Deep Moss 400TC,"A silky-soft 400TC bamboo duvet cover in rich Deep Moss - breathable, hypoallergenic, and available with a Bamboo Button Closure or Tuck-in Strip closure.",https://www.maisondecocon.com/en/products/bamboo-duvet-cover-deep-moss-400tc?variant_sku=6154511529513,https://cdn.shopify.com/s/files/1/0884/0278/8685/files/bamboo-duvet-cover-deep-moss-bedroom-lifestyle-1.jpg?v=1786136656,in_stock,300.00 EUR,Boomba Bamboo,new,,6154511529513,bamboo-duvet-cover-deep-moss-400tc
6154511275236,Bamboo Duvet Cover Deep Moss 400TC,"A silky-soft 400TC bamboo duvet cover in rich Deep Moss - breathable, hypoallergenic, and available with a Bamboo Button Closure or Tuck-in Strip closure.",https://www.maisondecocon.com/en/products/bamboo-duvet-cover-deep-moss-400tc?variant_sku=6154511275236,https://cdn.shopify.com/s/files/1/0884/0278/8685/files/bamboo-duvet-cover-deep-moss-bedroom-lifestyle-1.jpg?v=1786136656,in_stock,258.00 EUR,Boomba Bamboo,new,,6154511275236,bamboo-duvet-cover-deep-moss-400tc
6154512077020,Bamboo Duvet Cover Deep Moss 400TC,"A silky-soft 400TC bamboo duvet cover in rich Deep Moss - breathable, hypoallergenic, and available with a Bamboo Button Closure or Tuck-in Strip closure.",https://www.maisondecocon.com/en/products/bamboo-duvet-cover-deep-moss-400tc?variant_sku=6154512077020,https://cdn.shopify.com/s/files/1/0884/0278/8685/files/bamboo-duvet-cover-deep-moss-bedroom-lifestyle-1.jpg?v=1786136656,in_stock,282.00 EUR,Boomba Bamboo,new,,6154512077020,bamboo-duvet-cover-deep-moss-400tc
6154512267230,Bamboo Duvet Cover Deep Moss 400TC,"A silky-soft 400TC bamboo duvet cover in rich Deep Moss - breathable, hypoallergenic, and available with a Bamboo Button Closure or Tuck-in Strip closure.",https://www.maisondecocon.com/en/products/bamboo-duvet-cover-deep-moss-400tc?variant_sku=6154512267230,https://cdn.shopify.com/s/files/1/0884/0278/8685/files/bamboo-duvet-cover-deep-moss-bedroom-lifestyle-1.jpg?v=1786136656,in_stock,336.00 EUR,Boomba Bamboo,new,,6154512267230,bamboo-duvet-cover-deep-moss-400tc
6154512390341,Bamboo Duvet Cover Deep Moss 400TC,"A silky-soft 400TC bamboo duvet cover in rich Deep Moss - breathable, hypoallergenic, and available with a Bamboo Button Closure or Tuck-in Strip closure.",https://www.maisondecocon.com/en/products/bamboo-duvet-cover-deep-moss-400tc?variant_sku=6154512390341,https://cdn.shopify.com/s/files/1/0884/0278/8685/files/bamboo-duvet-cover-deep-moss-bedroom-lifestyle-1.jpg?v=1786136656,in_stock,420.00 EUR,Boomba Bamboo,new,,6154512390341,bamboo-duvet-cover-deep-moss-400tc
6154511344314,Bamboo Duvet Cover Deep Moss 400TC,"A silky-soft 400TC bamboo duvet cover in rich Deep Moss - breathable, hypoallergenic, and available with a Bamboo Button Closure or Tuck-in Strip closure.",https://www.maisondecocon.com/en/products/bamboo-duvet-cover-deep-moss-400tc?variant_sku=6154511344314,https://cdn.shopify.com/s/files/1/0884/0278/8685/files/bamboo-duvet-cover-deep-moss-bedroom-lifestyle-1.jpg?v=1786136656,in_stock,267.00 EUR,Boomba Bamboo,new,,6154511344314,bamboo-duvet-cover-deep-moss-400tc
6154512219246,Bamboo Duvet Cover Deep Moss 400TC,"A silky-soft 400TC bamboo duvet cover in rich Deep Moss - breathable, hypoallergenic, and available with a Bamboo Button Closure or Tuck-in Strip closure.",https://www.maisondecocon.com/en/products/bamboo-duvet-cover-deep-moss-400tc?variant_sku=6154512219246,https://cdn.shopify.com/s/files/1/0884/0278/8685/files/bamboo-duvet-cover-deep-moss-bedroom-lifestyle-1.jpg?v=1786136656,in_stock,318.00 EUR,Boomba Bamboo,new,,6154512219246,bamboo-duvet-cover-deep-moss-400tc
6154511546527,Bamboo Duvet Cover Deep Moss 400TC,"A silky-soft 400TC bamboo duvet cover in rich Deep Moss - breathable, hypoallergenic, and available with a Bamboo Button Closure or Tuck-in Strip closure.",https://www.maisondecocon.com/en/products/bamboo-duvet-cover-deep-moss-400tc?variant_sku=6154511546527,https://cdn.shopify.com/s/files/1/0884/0278/8685/files/bamboo-duvet-cover-deep-moss-bedroom-lifestyle-1.jpg?v=1786136656,in_stock,318.00 EUR,Boomba Bamboo,new,,6154511546527,bamboo-duvet-cover-deep-moss-400tc
6154512115180,Bamboo Duvet Cover Deep Moss 400TC,"A silky-soft 400TC bamboo duvet cover in rich Deep Moss - breathable, hypoallergenic, and available with a Bamboo Button Closure or Tuck-in Strip closure.",https://www.maisondecocon.com/en/products/bamboo-duvet-cover-deep-moss-400tc?variant_sku=6154512115180,https://cdn.shopify.com/s/files/1/0884/0278/8685/files/bamboo-duvet-cover-deep-moss-bedroom-lifestyle-1.jpg?v=1786136656,out_of_stock,297.00 EUR,Boomba Bamboo,new,,6154512115180,bamboo-duvet-cover-deep-moss-400tc
6154511567577,Bamboo Duvet Cover Deep Moss 400TC,"A silky-soft 400TC bamboo duvet cover in rich Deep Moss - breathable, hypoallergenic, and available with a Bamboo Button Closure or Tuck-in Strip closure.",https://www.maisondecocon.com/en/products/bamboo-duvet-cover-deep-moss-400tc?variant_sku=6154511567577,https://cdn.shopify.com/s/files/1/0884/0278/8685/files/bamboo-duvet-cover-deep-moss-bedroom-lifestyle-1.jpg?v=1786136656,in_stock,369.00 EUR,Boomba Bamboo,new,,6154511567577,bamboo-duvet-cover-deep-moss-400tc
6154511734733,Bamboo Duvet Cover Deep Moss 400TC,"A silky-soft 400TC bamboo duvet cover in rich Deep Moss - breathable, hypoallergenic, and available with a Bamboo Button Closure or Tuck-in Strip closure.",https://www.maisondecocon.com/en/products/bamboo-duvet-cover-deep-moss-400tc?variant_sku=6154511734733,https://cdn.shopify.com/s/files/1/0884/0278/8685/files/bamboo-duvet-cover-deep-moss-bedroom-lifestyle-1.jpg?v=1786136656,in_stock,402.00 EUR,Boomba Bamboo,new,,6154511734733,bamboo-duvet-cover-deep-moss-400tc
6154512333379,Bamboo Duvet Cover Deep Moss 400TC,"A silky-soft 400TC bamboo duvet cover in rich Deep Moss - breathable, hypoallergenic, and available with a Bamboo Button Closure or Tuck-in Strip closure.",https://www.maisondecocon.com/en/products/bamboo-duvet-cover-deep-moss-400tc?variant_sku=6154512333379,https://cdn.shopify.com/s/files/1/0884/0278/8685/files/bamboo-duvet-cover-deep-moss-bedroom-lifestyle-1.jpg?v=1786136656,in_stock,387.00 EUR,Boomba Bamboo,new,,6154512333379,bamboo-duvet-cover-deep-moss-400tc
8720618860255,Bamboo Pillowcases Sage Green 400TC – Set of 2,"Give your bedroom a natural, harmonious finish with these 400TC bamboo pillowcases in soft Sage Green - silky-smooth, hypoallergenic, and gentle on skin and hair.",https://www.maisondecocon.com/en/products/bamboo-pillowcases-sage-green-400tc?variant_sku=8720618860255,https://cdn.shopify.com/s/files/1/0884/0278/8685/files/bamboo-pillowcases-sage-green-bench-lifestyle.jpg?v=1786130554,in_stock,96.00 EUR,Boomba Bamboo,new,,8720618860255,bamboo-pillowcases-sage-green-400tc
8720618860262,Bamboo Pillowcases Sage Green 400TC – Set of 2,"Give your bedroom a natural, harmonious finish with these 400TC bamboo pillowcases in soft Sage Green - silky-smooth, hypoallergenic, and gentle on skin and hair.",https://www.maisondecocon.com/en/products/bamboo-pillowcases-sage-green-400tc?variant_sku=8720618860262,https://cdn.shopify.com/s/files/1/0884/0278/8685/files/bamboo-pillowcases-sage-green-bench-lifestyle.jpg?v=1786130554,in_stock,99.00 EUR,Boomba Bamboo,new,,8720618860262,bamboo-pillowcases-sage-green-400tc
8720618860248,Bamboo Pillowcases Sage Green 400TC – Set of 2,"Give your bedroom a natural, harmonious finish with these 400TC bamboo pillowcases in soft Sage Green - silky-smooth, hypoallergenic, and gentle on skin and hair.",https://www.maisondecocon.com/en/products/bamboo-pillowcases-sage-green-400tc?variant_sku=8720618860248,https://cdn.shopify.com/s/files/1/0884/0278/8685/files/bamboo-pillowcases-sage-green-bench-lifestyle.jpg?v=1786130554,in_stock,93.00 EUR,Boomba Bamboo,new,,8720618860248,bamboo-pillowcases-sage-green-400tc
8720648154560,Bamboo Fitted Sheet Soft Taupe 400TC,"A silky-soft 400TC bamboo fitted sheet in elegant Soft Taupe - breathable, hypoallergenic, and cool against the skin, with a snug elastic fit for mattresses up to 30cm.",https://www.maisondecocon.com/en/products/bamboo-fitted-sheet-soft-taupe-400tc?variant_sku=8720648154560,https://cdn.shopify.com/s/files/1/0884/0278/8685/files/bamboo-fitted-sheet-soft-taupe-seam-detail.jpg?v=1786183469,out_of_stock,159.00 EUR,Boomba Bamboo,new,,8720648154560,bamboo-fitted-sheet-soft-taupe-400tc
8720828225820,Bamboo Fitted Sheet Soft Taupe 400TC,"A silky-soft 400TC bamboo fitted sheet in elegant Soft Taupe - breathable, hypoallergenic, and cool against the skin, with a snug elastic fit for mattresses up to 30cm.",https://www.maisondecocon.com/en/products/bamboo-fitted-sheet-soft-taupe-400tc?variant_sku=8720828225820,https://cdn.shopify.com/s/files/1/0884/0278/8685/files/bamboo-fitted-sheet-soft-taupe-seam-detail.jpg?v=1786183469,in_stock,156.00 EUR,Boomba Bamboo,new,,8720828225820,bamboo-fitted-sheet-soft-taupe-400tc
8720648154614,Bamboo Fitted Sheet Soft Taupe 400TC,"A silky-soft 400TC bamboo fitted sheet in elegant Soft Taupe - breathable, hypoallergenic, and cool against the skin, with a snug elastic fit for mattresses up to 30cm.",https://www.maisondecocon.com/en/products/bamboo-fitted-sheet-soft-taupe-400tc?variant_sku=8720648154614,https://cdn.shopify.com/s/files/1/0884/0278/8685/files/bamboo-fitted-sheet-soft-taupe-seam-detail.jpg?v=1786183469,out_of_stock,180.00 EUR,Boomba Bamboo,new,,8720648154614,bamboo-fitted-sheet-soft-taupe-400tc
8720648154584,Bamboo Fitted Sheet Soft Taupe 400TC,"A silky-soft 400TC bamboo fitted sheet in elegant Soft Taupe - breathable, hypoallergenic, and cool against the skin, with a snug elastic fit for mattresses up to 30cm.",https://www.maisondecocon.com/en/products/bamboo-fitted-sheet-soft-taupe-400tc?variant_sku=8720648154584,https://cdn.shopify.com/s/files/1/0884/0278/8685/files/bamboo-fitted-sheet-soft-taupe-seam-detail.jpg?v=1786183469,in_stock,165.00 EUR,Boomba Bamboo,new,,8720648154584,bamboo-fitted-sheet-soft-taupe-400tc
8720648154553,Bamboo Fitted Sheet Soft Taupe 400TC,"A silky-soft 400TC bamboo fitted sheet in elegant Soft Taupe - breathable, hypoallergenic, and cool against the skin, with a snug elastic fit for mattresses up to 30cm.",https://www.maisondecocon.com/en/products/bamboo-fitted-sheet-soft-taupe-400tc?variant_sku=8720648154553,https://cdn.shopify.com/s/files/1/0884/0278/8685/files/bamboo-fitted-sheet-soft-taupe-seam-detail.jpg?v=1786183469,out_of_stock,147.00 EUR,Boomba Bamboo,new,,8720648154553,bamboo-fitted-sheet-soft-taupe-400tc
8720618860675,Bamboo Fitted Sheet Soft Taupe 400TC,"A silky-soft 400TC bamboo fitted sheet in elegant Soft Taupe - breathable, hypoallergenic, and cool against the skin, with a snug elastic fit for mattresses up to 30cm.",https://www.maisondecocon.com/en/products/bamboo-fitted-sheet-soft-taupe-400tc?variant_sku=8720618860675,https://cdn.shopify.com/s/files/1/0884/0278/8685/files/bamboo-fitted-sheet-soft-taupe-seam-detail.jpg?v=1786183469,out_of_stock,135.00 EUR,Boomba Bamboo,new,,8720618860675,bamboo-fitted-sheet-soft-taupe-400tc
8720828225516,Bamboo Fitted Sheet Soft Taupe 400TC,"A silky-soft 400TC bamboo fitted sheet in elegant Soft Taupe - breathable, hypoallergenic, and cool against the skin, with a snug elastic fit for mattresses up to 30cm.",https://www.maisondecocon.com/en/products/bamboo-fitted-sheet-soft-taupe-400tc?variant_sku=8720828225516,https://cdn.shopify.com/s/files/1/0884/0278/8685/files/bamboo-fitted-sheet-soft-taupe-seam-detail.jpg?v=1786183469,in_stock,123.00 EUR,Boomba Bamboo,new,,8720828225516,bamboo-fitted-sheet-soft-taupe-400tc
8720648154539,Bamboo Fitted Sheet Soft Taupe 400TC,"A silky-soft 400TC bamboo fitted sheet in elegant Soft Taupe - breathable, hypoallergenic, and cool against the skin, with a snug elastic fit for mattresses up to 30cm.",https://www.maisondecocon.com/en/products/bamboo-fitted-sheet-soft-taupe-400tc?variant_sku=8720648154539,https://cdn.shopify.com/s/files/1/0884/0278/8685/files/bamboo-fitted-sheet-soft-taupe-seam-detail.jpg?v=1786183469,out_of_stock,129.00 EUR,Boomba Bamboo,new,,8720648154539,bamboo-fitted-sheet-soft-taupe-400tc
8720648154522,Bamboo Fitted Sheet Soft Taupe 400TC,"A silky-soft 400TC bamboo fitted sheet in elegant Soft Taupe - breathable, hypoallergenic, and cool against the skin, with a snug elastic fit for mattresses up to 30cm.",https://www.maisondecocon.com/en/products/bamboo-fitted-sheet-soft-taupe-400tc?variant_sku=8720648154522,https://cdn.shopify.com/s/files/1/0884/0278/8685/files/bamboo-fitted-sheet-soft-taupe-seam-detail.jpg?v=1786183469,in_stock,120.00 EUR,Boomba Bamboo,new,,8720648154522,bamboo-fitted-sheet-soft-taupe-400tc
8720648154546,Bamboo Fitted Sheet Soft Taupe 400TC,"A silky-soft 400TC bamboo fitted sheet in elegant Soft Taupe - breathable, hypoallergenic, and cool against the skin, with a snug elastic fit for mattresses up to 30cm.",https://www.maisondecocon.com/en/products/bamboo-fitted-sheet-soft-taupe-400tc?variant_sku=8720648154546,https://cdn.shopify.com/s/files/1/0884/0278/8685/files/bamboo-fitted-sheet-soft-taupe-seam-detail.jpg?v=1786183469,out_of_stock,144.00 EUR,Boomba Bamboo,new,,8720648154546,bamboo-fitted-sheet-soft-taupe-400tc
8720618860668,Bamboo Fitted Sheet Soft Taupe 400TC,"A silky-soft 400TC bamboo fitted sheet in elegant Soft Taupe - breathable, hypoallergenic, and cool against the skin, with a snug elastic fit for mattresses up to 30cm.",https://www.maisondecocon.com/en/products/bamboo-fitted-sheet-soft-taupe-400tc?variant_sku=8720618860668,https://cdn.shopify.com/s/files/1/0884/0278/8685/files/bamboo-fitted-sheet-soft-taupe-seam-detail.jpg?v=1786183469,out_of_stock,132.00 EUR,Boomba Bamboo,new,,8720618860668,bamboo-fitted-sheet-soft-taupe-400tc
8720648154577,Bamboo Fitted Sheet Soft Taupe 400TC,"A silky-soft 400TC bamboo fitted sheet in elegant Soft Taupe - breathable, hypoallergenic, and cool against the skin, with a snug elastic fit for mattresses up to 30cm.",https://www.maisondecocon.com/en/products/bamboo-fitted-sheet-soft-taupe-400tc?variant_sku=8720648154577,https://cdn.shopify.com/s/files/1/0884/0278/8685/files/bamboo-fitted-sheet-soft-taupe-seam-detail.jpg?v=1786183469,in_stock,162.00 EUR,Boomba Bamboo,new,,8720648154577,bamboo-fitted-sheet-soft-taupe-400tc
8720648154591,Bamboo Fitted Sheet Soft Taupe 400TC,"A silky-soft 400TC bamboo fitted sheet in elegant Soft Taupe - breathable, hypoallergenic, and cool against the skin, with a snug elastic fit for mattresses up to 30cm.",https://www.maisondecocon.com/en/products/bamboo-fitted-sheet-soft-taupe-400tc?variant_sku=8720648154591,https://cdn.shopify.com/s/files/1/0884/0278/8685/files/bamboo-fitted-sheet-soft-taupe-seam-detail.jpg?v=1786183469,in_stock,168.00 EUR,Boomba Bamboo,new,,8720648154591,bamboo-fitted-sheet-soft-taupe-400tc
4444448014050,1-Person Bamboo Bedding Set Cuddle Pink 400TC,"A warm, romantic 400TC bamboo bedding set for one in Cuddle Pink - breathable, hypoallergenic, and gentle on skin for a hotel-worthy night's sleep.",https://www.maisondecocon.com/en/products/1-person-bamboo-bedding-set-cuddle-pink-400tc?variant_sku=4444448014050,https://cdn.shopify.com/s/files/1/0884/0278/8685/files/bamboo-bedding-set-cuddle-pink-1-person-bedroom-lifestyle.jpg?v=1786137986,in_stock,483.00 EUR,Boomba Bamboo,new,,4444448014050,1-person-bamboo-bedding-set-cuddle-pink-400tc
4444449014050,1-Person Bamboo Bedding Set Cuddle Pink 400TC,"A warm, romantic 400TC bamboo bedding set for one in Cuddle Pink - breathable, hypoallergenic, and gentle on skin for a hotel-worthy night's sleep.",https://www.maisondecocon.com/en/products/1-person-bamboo-bedding-set-cuddle-pink-400tc?variant_sku=4444449014050,https://cdn.shopify.com/s/files/1/0884/0278/8685/files/bamboo-bedding-set-cuddle-pink-1-person-bedroom-lifestyle.jpg?v=1786137986,in_stock,492.00 EUR,Boomba Bamboo,new,,4444449014050,1-person-bamboo-bedding-set-cuddle-pink-400tc
8720828225790,Bamboo Fitted Sheet Sage Green 400TC,"A silky-soft 400TC bamboo fitted sheet in soft Sage Green — breathable, hypoallergenic, and cool against the skin, with a snug elastic fit for mattresses up to 30cm.",https://www.maisondecocon.com/en/products/bamboo-fitted-sheet-sage-green-400tc?variant_sku=8720828225790,https://cdn.shopify.com/s/files/1/0884/0278/8685/files/bamboo-fitted-sheet-sage-green-seam-detail.jpg?v=1786181871,in_stock,132.00 EUR,Boomba Bamboo,new,,8720828225790,bamboo-fitted-sheet-sage-green-400tc
8720828225783,Bamboo Fitted Sheet Sage Green 400TC,"A silky-soft 400TC bamboo fitted sheet in soft Sage Green — breathable, hypoallergenic, and cool against the skin, with a snug elastic fit for mattresses up to 30cm.",https://www.maisondecocon.com/en/products/bamboo-fitted-sheet-sage-green-400tc?variant_sku=8720828225783,https://cdn.shopify.com/s/files/1/0884/0278/8685/files/bamboo-fitted-sheet-sage-green-seam-detail.jpg?v=1786181871,in_stock,126.00 EUR,Boomba Bamboo,new,,8720828225783,bamboo-fitted-sheet-sage-green-400tc
8720618860354,Bamboo Fitted Sheet Sage Green 400TC,"A silky-soft 400TC bamboo fitted sheet in soft Sage Green — breathable, hypoallergenic, and cool against the skin, with a snug elastic fit for mattresses up to 30cm.",https://www.maisondecocon.com/en/products/bamboo-fitted-sheet-sage-green-400tc?variant_sku=8720618860354,https://cdn.shopify.com/s/files/1/0884/0278/8685/files/bamboo-fitted-sheet-sage-green-seam-detail.jpg?v=1786181871,in_stock,147.00 EUR,Boomba Bamboo,new,,8720618860354,bamboo-fitted-sheet-sage-green-400tc
8720618860392,Bamboo Fitted Sheet Sage Green 400TC,"A silky-soft 400TC bamboo fitted sheet in soft Sage Green — breathable, hypoallergenic, and cool against the skin, with a snug elastic fit for mattresses up to 30cm.",https://www.maisondecocon.com/en/products/bamboo-fitted-sheet-sage-green-400tc?variant_sku=8720618860392,https://cdn.shopify.com/s/files/1/0884/0278/8685/files/bamboo-fitted-sheet-sage-green-seam-detail.jpg?v=1786181871,in_stock,168.00 EUR,Boomba Bamboo,new,,8720618860392,bamboo-fitted-sheet-sage-green-400tc
8720618860347,Bamboo Fitted Sheet Sage Green 400TC,"A silky-soft 400TC bamboo fitted sheet in soft Sage Green — breathable, hypoallergenic, and cool against the skin, with a snug elastic fit for mattresses up to 30cm.",https://www.maisondecocon.com/en/products/bamboo-fitted-sheet-sage-green-400tc?variant_sku=8720618860347,https://cdn.shopify.com/s/files/1/0884/0278/8685/files/bamboo-fitted-sheet-sage-green-seam-detail.jpg?v=1786181871,in_stock,144.00 EUR,Boomba Bamboo,new,,8720618860347,bamboo-fitted-sheet-sage-green-400tc
8720618860378,Bamboo Fitted Sheet Sage Green 400TC,"A silky-soft 400TC bamboo fitted sheet in soft Sage Green — breathable, hypoallergenic, and cool against the skin, with a snug elastic fit for mattresses up to 30cm.",https://www.maisondecocon.com/en/products/bamboo-fitted-sheet-sage-green-400tc?variant_sku=8720618860378,https://cdn.shopify.com/s/files/1/0884/0278/8685/files/bamboo-fitted-sheet-sage-green-seam-detail.jpg?v=1786181871,out_of_stock,159.00 EUR,Boomba Bamboo,new,,8720618860378,bamboo-fitted-sheet-sage-green-400tc
8720618860361,Bamboo Fitted Sheet Sage Green 400TC,"A silky-soft 400TC bamboo fitted sheet in soft Sage Green — breathable, hypoallergenic, and cool against the skin, with a snug elastic fit for mattresses up to 30cm.",https://www.maisondecocon.com/en/products/bamboo-fitted-sheet-sage-green-400tc?variant_sku=8720618860361,https://cdn.shopify.com/s/files/1/0884/0278/8685/files/bamboo-fitted-sheet-sage-green-seam-detail.jpg?v=1786181871,out_of_stock,156.00 EUR,Boomba Bamboo,new,,8720618860361,bamboo-fitted-sheet-sage-green-400tc
8720828225905,Bamboo Fitted Sheet Sage Green 400TC,"A silky-soft 400TC bamboo fitted sheet in soft Sage Green — breathable, hypoallergenic, and cool against the skin, with a snug elastic fit for mattresses up to 30cm.",https://www.maisondecocon.com/en/products/bamboo-fitted-sheet-sage-green-400tc?variant_sku=8720828225905,https://cdn.shopify.com/s/files/1/0884/0278/8685/files/bamboo-fitted-sheet-sage-green-seam-detail.jpg?v=1786181871,in_stock,150.00 EUR,Boomba Bamboo,new,,8720828225905,bamboo-fitted-sheet-sage-green-400tc
8720618860385,Bamboo Fitted Sheet Sage Green 400TC,"A silky-soft 400TC bamboo fitted sheet in soft Sage Green — breathable, hypoallergenic, and cool against the skin, with a snug elastic fit for mattresses up to 30cm.",https://www.maisondecocon.com/en/products/bamboo-fitted-sheet-sage-green-400tc?variant_sku=8720618860385,https://cdn.shopify.com/s/files/1/0884/0278/8685/files/bamboo-fitted-sheet-sage-green-seam-detail.jpg?v=1786181871,out_of_stock,162.00 EUR,Boomba Bamboo,new,,8720618860385,bamboo-fitted-sheet-sage-green-400tc
8720618860323,Bamboo Fitted Sheet Sage Green 400TC,"A silky-soft 400TC bamboo fitted sheet in soft Sage Green — breathable, hypoallergenic, and cool against the skin, with a snug elastic fit for mattresses up to 30cm.",https://www.maisondecocon.com/en/products/bamboo-fitted-sheet-sage-green-400tc?variant_sku=8720618860323,https://cdn.shopify.com/s/files/1/0884/0278/8685/files/bamboo-fitted-sheet-sage-green-seam-detail.jpg?v=1786181871,in_stock,120.00 EUR,Boomba Bamboo,new,,8720618860323,bamboo-fitted-sheet-sage-green-400tc
8720618860415,Bamboo Fitted Sheet Sage Green 400TC,"A silky-soft 400TC bamboo fitted sheet in soft Sage Green — breathable, hypoallergenic, and cool against the skin, with a snug elastic fit for mattresses up to 30cm.",https://www.maisondecocon.com/en/products/bamboo-fitted-sheet-sage-green-400tc?variant_sku=8720618860415,https://cdn.shopify.com/s/files/1/0884/0278/8685/files/bamboo-fitted-sheet-sage-green-seam-detail.jpg?v=1786181871,in_stock,180.00 EUR,Boomba Bamboo,new,,8720618860415,bamboo-fitted-sheet-sage-green-400tc
8720618860330,Bamboo Fitted Sheet Sage Green 400TC,"A silky-soft 400TC bamboo fitted sheet in soft Sage Green — breathable, hypoallergenic, and cool against the skin, with a snug elastic fit for mattresses up to 30cm.",https://www.maisondecocon.com/en/products/bamboo-fitted-sheet-sage-green-400tc?variant_sku=8720618860330,https://cdn.shopify.com/s/files/1/0884/0278/8685/files/bamboo-fitted-sheet-sage-green-seam-detail.jpg?v=1786181871,in_stock,129.00 EUR,Boomba Bamboo,new,,8720618860330,bamboo-fitted-sheet-sage-green-400tc
8720828225257,Bamboo Fitted Sheet Sky Blue 400TC,"A silky-soft 400TC bamboo fitted sheet in soft Sky Blue - breathable, hypoallergenic, and cool against the skin, with a snug elastic fit for mattresses up to 30cm.",https://www.maisondecocon.com/en/products/bamboo-fitted-sheet-sky-blue-400tc?variant_sku=8720828225257,https://cdn.shopify.com/s/files/1/0884/0278/8685/files/bamboo-fitted-sheet-sky-blue-corner-detail.jpg?v=1786181969,in_stock,144.00 EUR,Boomba Bamboo,new,,8720828225257,bamboo-fitted-sheet-sky-blue-400tc
8720828225530,Bamboo Fitted Sheet Sky Blue 400TC,"A silky-soft 400TC bamboo fitted sheet in soft Sky Blue - breathable, hypoallergenic, and cool against the skin, with a snug elastic fit for mattresses up to 30cm.",https://www.maisondecocon.com/en/products/bamboo-fitted-sheet-sky-blue-400tc?variant_sku=8720828225530,https://cdn.shopify.com/s/files/1/0884/0278/8685/files/bamboo-fitted-sheet-sky-blue-corner-detail.jpg?v=1786181969,in_stock,123.00 EUR,Boomba Bamboo,new,,8720828225530,bamboo-fitted-sheet-sky-blue-400tc
8720828225240,Bamboo Fitted Sheet Sky Blue 400TC,"A silky-soft 400TC bamboo fitted sheet in soft Sky Blue - breathable, hypoallergenic, and cool against the skin, with a snug elastic fit for mattresses up to 30cm.",https://www.maisondecocon.com/en/products/bamboo-fitted-sheet-sky-blue-400tc?variant_sku=8720828225240,https://cdn.shopify.com/s/files/1/0884/0278/8685/files/bamboo-fitted-sheet-sky-blue-corner-detail.jpg?v=1786181969,in_stock,135.00 EUR,Boomba Bamboo,new,,8720828225240,bamboo-fitted-sheet-sky-blue-400tc
8720828225295,Bamboo Fitted Sheet Sky Blue 400TC,"A silky-soft 400TC bamboo fitted sheet in soft Sky Blue - breathable, hypoallergenic, and cool against the skin, with a snug elastic fit for mattresses up to 30cm.",https://www.maisondecocon.com/en/products/bamboo-fitted-sheet-sky-blue-400tc?variant_sku=8720828225295,https://cdn.shopify.com/s/files/1/0884/0278/8685/files/bamboo-fitted-sheet-sky-blue-corner-detail.jpg?v=1786181969,in_stock,162.00 EUR,Boomba Bamboo,new,,8720828225295,bamboo-fitted-sheet-sky-blue-400tc
8720828225318,Bamboo Fitted Sheet Sky Blue 400TC,"A silky-soft 400TC bamboo fitted sheet in soft Sky Blue - breathable, hypoallergenic, and cool against the skin, with a snug elastic fit for mattresses up to 30cm.",https://www.maisondecocon.com/en/products/bamboo-fitted-sheet-sky-blue-400tc?variant_sku=8720828225318,https://cdn.shopify.com/s/files/1/0884/0278/8685/files/bamboo-fitted-sheet-sky-blue-corner-detail.jpg?v=1786181969,in_stock,174.00 EUR,Boomba Bamboo,new,,8720828225318,bamboo-fitted-sheet-sky-blue-400tc
8720828225219,Bamboo Fitted Sheet Sky Blue 400TC,"A silky-soft 400TC bamboo fitted sheet in soft Sky Blue - breathable, hypoallergenic, and cool against the skin, with a snug elastic fit for mattresses up to 30cm.",https://www.maisondecocon.com/en/products/bamboo-fitted-sheet-sky-blue-400tc?variant_sku=8720828225219,https://cdn.shopify.com/s/files/1/0884/0278/8685/files/bamboo-fitted-sheet-sky-blue-corner-detail.jpg?v=1786181969,in_stock,120.00 EUR,Boomba Bamboo,new,,8720828225219,bamboo-fitted-sheet-sky-blue-400tc
8720828225325,Bamboo Fitted Sheet Sky Blue 400TC,"A silky-soft 400TC bamboo fitted sheet in soft Sky Blue - breathable, hypoallergenic, and cool against the skin, with a snug elastic fit for mattresses up to 30cm.",https://www.maisondecocon.com/en/products/bamboo-fitted-sheet-sky-blue-400tc?variant_sku=8720828225325,https://cdn.shopify.com/s/files/1/0884/0278/8685/files/bamboo-fitted-sheet-sky-blue-corner-detail.jpg?v=1786181969,in_stock,180.00 EUR,Boomba Bamboo,new,,8720828225325,bamboo-fitted-sheet-sky-blue-400tc
8720828225226,Bamboo Fitted Sheet Sky Blue 400TC,"A silky-soft 400TC bamboo fitted sheet in soft Sky Blue - breathable, hypoallergenic, and cool against the skin, with a snug elastic fit for mattresses up to 30cm.",https://www.maisondecocon.com/en/products/bamboo-fitted-sheet-sky-blue-400tc?variant_sku=8720828225226,https://cdn.shopify.com/s/files/1/0884/0278/8685/files/bamboo-fitted-sheet-sky-blue-corner-detail.jpg?v=1786181969,in_stock,129.00 EUR,Boomba Bamboo,new,,8720828225226,bamboo-fitted-sheet-sky-blue-400tc
8022025,Bamboo Fitted Sheet Sky Blue 400TC,"A silky-soft 400TC bamboo fitted sheet in soft Sky Blue - breathable, hypoallergenic, and cool against the skin, with a snug elastic fit for mattresses up to 30cm.",https://www.maisondecocon.com/en/products/bamboo-fitted-sheet-sky-blue-400tc?variant_sku=8022025,https://cdn.shopify.com/s/files/1/0884/0278/8685/files/bamboo-fitted-sheet-sky-blue-corner-detail.jpg?v=1786181969,out_of_stock,126.00 EUR,Boomba Bamboo,new,,8022025,bamboo-fitted-sheet-sky-blue-400tc
8720828225288,Bamboo Fitted Sheet Sky Blue 400TC,"A silky-soft 400TC bamboo fitted sheet in soft Sky Blue - breathable, hypoallergenic, and cool against the skin, with a snug elastic fit for mattresses up to 30cm.",https://www.maisondecocon.com/en/products/bamboo-fitted-sheet-sky-blue-400tc?variant_sku=8720828225288,https://cdn.shopify.com/s/files/1/0884/0278/8685/files/bamboo-fitted-sheet-sky-blue-corner-detail.jpg?v=1786181969,in_stock,159.00 EUR,Boomba Bamboo,new,,8720828225288,bamboo-fitted-sheet-sky-blue-400tc
8720828225868,Bamboo Fitted Sheet Sky Blue 400TC,"A silky-soft 400TC bamboo fitted sheet in soft Sky Blue - breathable, hypoallergenic, and cool against the skin, with a snug elastic fit for mattresses up to 30cm.",https://www.maisondecocon.com/en/products/bamboo-fitted-sheet-sky-blue-400tc?variant_sku=8720828225868,https://cdn.shopify.com/s/files/1/0884/0278/8685/files/bamboo-fitted-sheet-sky-blue-corner-detail.jpg?v=1786181969,in_stock,153.00 EUR,Boomba Bamboo,new,,8720828225868,bamboo-fitted-sheet-sky-blue-400tc
8720828225264,Bamboo Fitted Sheet Sky Blue 400TC,"A silky-soft 400TC bamboo fitted sheet in soft Sky Blue - breathable, hypoallergenic, and cool against the skin, with a snug elastic fit for mattresses up to 30cm.",https://www.maisondecocon.com/en/products/bamboo-fitted-sheet-sky-blue-400tc?variant_sku=8720828225264,https://cdn.shopify.com/s/files/1/0884/0278/8685/files/bamboo-fitted-sheet-sky-blue-corner-detail.jpg?v=1786181969,in_stock,147.00 EUR,Boomba Bamboo,new,,8720828225264,bamboo-fitted-sheet-sky-blue-400tc
8720828225233,Bamboo Fitted Sheet Sky Blue 400TC,"A silky-soft 400TC bamboo fitted sheet in soft Sky Blue - breathable, hypoallergenic, and cool against the skin, with a snug elastic fit for mattresses up to 30cm.",https://www.maisondecocon.com/en/products/bamboo-fitted-sheet-sky-blue-400tc?variant_sku=8720828225233,https://cdn.shopify.com/s/files/1/0884/0278/8685/files/bamboo-fitted-sheet-sky-blue-corner-detail.jpg?v=1786181969,in_stock,132.00 EUR,Boomba Bamboo,new,,8720828225233,bamboo-fitted-sheet-sky-blue-400tc
8720828225301,Bamboo Fitted Sheet Sky Blue 400TC,"A silky-soft 400TC bamboo fitted sheet in soft Sky Blue - breathable, hypoallergenic, and cool against the skin, with a snug elastic fit for mattresses up to 30cm.",https://www.maisondecocon.com/en/products/bamboo-fitted-sheet-sky-blue-400tc?variant_sku=8720828225301,https://cdn.shopify.com/s/files/1/0884/0278/8685/files/bamboo-fitted-sheet-sky-blue-corner-detail.jpg?v=1786181969,in_stock,168.00 EUR,Boomba Bamboo,new,,8720828225301,bamboo-fitted-sheet-sky-blue-400tc
8720828225271,Bamboo Fitted Sheet Sky Blue 400TC,"A silky-soft 400TC bamboo fitted sheet in soft Sky Blue - breathable, hypoallergenic, and cool against the skin, with a snug elastic fit for mattresses up to 30cm.",https://www.maisondecocon.com/en/products/bamboo-fitted-sheet-sky-blue-400tc?variant_sku=8720828225271,https://cdn.shopify.com/s/files/1/0884/0278/8685/files/bamboo-fitted-sheet-sky-blue-corner-detail.jpg?v=1786181969,in_stock,156.00 EUR,Boomba Bamboo,new,,8720828225271,bamboo-fitted-sheet-sky-blue-400tc
7777776020060,2-Person Bamboo Bedding Set Deep Moss 400TC,"A rich, natural 400TC bamboo bedding set for two in Deep Moss - breathable, hypoallergenic, and gentle on skin for a hotel-worthy night's sleep.",https://www.maisondecocon.com/en/products/2-person-bamboo-bedding-set-deep-moss-400tc?variant_sku=7777776020060,https://cdn.shopify.com/s/files/1/0884/0278/8685/files/bamboo-bedding-set-deep-moss-2-person-bedroom-lifestyle.jpg?v=1786137534,in_stock,564.00 EUR,Boomba Bamboo,new,,7777776020060,2-person-bamboo-bedding-set-deep-moss-400tc
77777720026060,2-Person Bamboo Bedding Set Deep Moss 400TC,"A rich, natural 400TC bamboo bedding set for two in Deep Moss - breathable, hypoallergenic, and gentle on skin for a hotel-worthy night's sleep.",https://www.maisondecocon.com/en/products/2-person-bamboo-bedding-set-deep-moss-400tc?variant_sku=77777720026060,https://cdn.shopify.com/s/files/1/0884/0278/8685/files/bamboo-bedding-set-deep-moss-2-person-bedroom-lifestyle.jpg?v=1786137534,in_stock,669.00 EUR,Boomba Bamboo,new,,77777720026060,2-person-bamboo-bedding-set-deep-moss-400tc
7777774020060,2-Person Bamboo Bedding Set Deep Moss 400TC,"A rich, natural 400TC bamboo bedding set for two in Deep Moss - breathable, hypoallergenic, and gentle on skin for a hotel-worthy night's sleep.",https://www.maisondecocon.com/en/products/2-person-bamboo-bedding-set-deep-moss-400tc?variant_sku=7777774020060,https://cdn.shopify.com/s/files/1/0884/0278/8685/files/bamboo-bedding-set-deep-moss-2-person-bedroom-lifestyle.jpg?v=1786137534,in_stock,561.00 EUR,Boomba Bamboo,new,,7777774020060,2-person-bamboo-bedding-set-deep-moss-400tc
7777778024060,2-Person Bamboo Bedding Set Deep Moss 400TC,"A rich, natural 400TC bamboo bedding set for two in Deep Moss - breathable, hypoallergenic, and gentle on skin for a hotel-worthy night's sleep.",https://www.maisondecocon.com/en/products/2-person-bamboo-bedding-set-deep-moss-400tc?variant_sku=7777778024060,https://cdn.shopify.com/s/files/1/0884/0278/8685/files/bamboo-bedding-set-deep-moss-2-person-bedroom-lifestyle.jpg?v=1786137534,in_stock,642.00 EUR,Boomba Bamboo,new,,7777778024060,2-person-bamboo-bedding-set-deep-moss-400tc
9999994020060,2-Person Bamboo Bedding Set Coffee Brown 400TC,"A warm, deep 400TC bamboo bedding set for two in Coffee Brown - breathable, hypoallergenic, and gentle on skin for a hotel-worthy night's sleep.",https://www.maisondecocon.com/en/products/2-person-bamboo-bedding-set-coffee-brown-400tc?variant_sku=9999994020060,https://cdn.shopify.com/s/files/1/0884/0278/8685/files/bamboo-bedding-set-coffee-brown-2-person-bedroom-chair.jpg?v=1786137332,in_stock,561.00 EUR,Boomba Bamboo,new,,9999994020060,2-person-bamboo-bedding-set-coffee-brown-400tc
9999998024060,2-Person Bamboo Bedding Set Coffee Brown 400TC,"A warm, deep 400TC bamboo bedding set for two in Coffee Brown - breathable, hypoallergenic, and gentle on skin for a hotel-worthy night's sleep.",https://www.maisondecocon.com/en/products/2-person-bamboo-bedding-set-coffee-brown-400tc?variant_sku=9999998024060,https://cdn.shopify.com/s/files/1/0884/0278/8685/files/bamboo-bedding-set-coffee-brown-2-person-bedroom-chair.jpg?v=1786137332,in_stock,642.00 EUR,Boomba Bamboo,new,,9999998024060,2-person-bamboo-bedding-set-coffee-brown-400tc
99999920026060,2-Person Bamboo Bedding Set Coffee Brown 400TC,"A warm, deep 400TC bamboo bedding set for two in Coffee Brown - breathable, hypoallergenic, and gentle on skin for a hotel-worthy night's sleep.",https://www.maisondecocon.com/en/products/2-person-bamboo-bedding-set-coffee-brown-400tc?variant_sku=99999920026060,https://cdn.shopify.com/s/files/1/0884/0278/8685/files/bamboo-bedding-set-coffee-brown-2-person-bedroom-chair.jpg?v=1786137332,in_stock,669.00 EUR,Boomba Bamboo,new,,99999920026060,2-person-bamboo-bedding-set-coffee-brown-400tc
9999996020060,2-Person Bamboo Bedding Set Coffee Brown 400TC,"A warm, deep 400TC bamboo bedding set for two in Coffee Brown - breathable, hypoallergenic, and gentle on skin for a hotel-worthy night's sleep.",https://www.maisondecocon.com/en/products/2-person-bamboo-bedding-set-coffee-brown-400tc?variant_sku=9999996020060,https://cdn.shopify.com/s/files/1/0884/0278/8685/files/bamboo-bedding-set-coffee-brown-2-person-bedroom-chair.jpg?v=1786137332,in_stock,564.00 EUR,Boomba Bamboo,new,,9999996020060,2-person-bamboo-bedding-set-coffee-brown-400tc
8720648154454,Bamboo Pillowcases Soft Taupe 400TC – Set of 2,"Give your bedroom a warm, elegant finish with these 400TC bamboo pillowcases in neutral Soft Taupe - silky-smooth, hypoallergenic, and gentle on skin and hair.",https://www.maisondecocon.com/en/products/bamboo-pillowcases-soft-taupe-400tc?variant_sku=8720648154454,https://cdn.shopify.com/s/files/1/0884/0278/8685/files/bamboo-pillowcases-soft-taupe-bench-lifestyle.jpg?v=1786130269,in_stock,96.00 EUR,Boomba Bamboo,new,,8720648154454,bamboo-pillowcases-soft-taupe-400tc
8720648154447,Bamboo Pillowcases Soft Taupe 400TC – Set of 2,"Give your bedroom a warm, elegant finish with these 400TC bamboo pillowcases in neutral Soft Taupe - silky-smooth, hypoallergenic, and gentle on skin and hair.",https://www.maisondecocon.com/en/products/bamboo-pillowcases-soft-taupe-400tc?variant_sku=8720648154447,https://cdn.shopify.com/s/files/1/0884/0278/8685/files/bamboo-pillowcases-soft-taupe-bench-lifestyle.jpg?v=1786130269,in_stock,93.00 EUR,Boomba Bamboo,new,,8720648154447,bamboo-pillowcases-soft-taupe-400tc
8720648154461,Bamboo Pillowcases Soft Taupe 400TC – Set of 2,"Give your bedroom a warm, elegant finish with these 400TC bamboo pillowcases in neutral Soft Taupe - silky-smooth, hypoallergenic, and gentle on skin and hair.",https://www.maisondecocon.com/en/products/bamboo-pillowcases-soft-taupe-400tc?variant_sku=8720648154461,https://cdn.shopify.com/s/files/1/0884/0278/8685/files/bamboo-pillowcases-soft-taupe-bench-lifestyle.jpg?v=1786130269,in_stock,99.00 EUR,Boomba Bamboo,new,,8720648154461,bamboo-pillowcases-soft-taupe-400tc
8888889014050,1-Person Bamboo Bedding Set Lavender Mist 400TC,"A soft, serene 400TC bamboo bedding set for one in Lavender Mist - breathable, hypoallergenic, and gentle on skin for a hotel-worthy night's sleep.",https://www.maisondecocon.com/en/products/1-person-bamboo-bedding-set-lavender-mist-400tc?variant_sku=8888889014050,https://cdn.shopify.com/s/files/1/0884/0278/8685/files/bamboo-bedding-set-lavender-mist-1-person-bedroom-lifestyle.jpg?v=1786136942,in_stock,492.00 EUR,Boomba Bamboo,new,,8888889014050,1-person-bamboo-bedding-set-lavender-mist-400tc
8888888014050,1-Person Bamboo Bedding Set Lavender Mist 400TC,"A soft, serene 400TC bamboo bedding set for one in Lavender Mist - breathable, hypoallergenic, and gentle on skin for a hotel-worthy night's sleep.",https://www.maisondecocon.com/en/products/1-person-bamboo-bedding-set-lavender-mist-400tc?variant_sku=8888888014050,https://cdn.shopify.com/s/files/1/0884/0278/8685/files/bamboo-bedding-set-lavender-mist-1-person-bedroom-lifestyle.jpg?v=1786136942,in_stock,483.00 EUR,Boomba Bamboo,new,,8888888014050,1-person-bamboo-bedding-set-lavender-mist-400tc
8720618860095,Bamboo Fitted Sheet Cuddle Pink 400TC,"A silky-soft 400TC bamboo fitted sheet in soft Cuddle Pink — breathable, hypoallergenic, and cool against the skin, with a snug elastic fit for mattresses up to 30cm.",https://www.maisondecocon.com/en/products/bamboo-fitted-sheet-cuddle-pink-400tc?variant_sku=8720618860095,https://cdn.shopify.com/s/files/1/0884/0278/8685/files/bamboo-fitted-sheet-cuddle-pink-corner-detail.jpg?v=1786182085,in_stock,147.00 EUR,Boomba Bamboo,new,,8720618860095,bamboo-fitted-sheet-cuddle-pink-400tc
8720618860101,Bamboo Fitted Sheet Cuddle Pink 400TC,"A silky-soft 400TC bamboo fitted sheet in soft Cuddle Pink — breathable, hypoallergenic, and cool against the skin, with a snug elastic fit for mattresses up to 30cm.",https://www.maisondecocon.com/en/products/bamboo-fitted-sheet-cuddle-pink-400tc?variant_sku=8720618860101,https://cdn.shopify.com/s/files/1/0884/0278/8685/files/bamboo-fitted-sheet-cuddle-pink-corner-detail.jpg?v=1786182085,in_stock,156.00 EUR,Boomba Bamboo,new,,8720618860101,bamboo-fitted-sheet-cuddle-pink-400tc
8720618860064,Bamboo Fitted Sheet Cuddle Pink 400TC,"A silky-soft 400TC bamboo fitted sheet in soft Cuddle Pink — breathable, hypoallergenic, and cool against the skin, with a snug elastic fit for mattresses up to 30cm.",https://www.maisondecocon.com/en/products/bamboo-fitted-sheet-cuddle-pink-400tc?variant_sku=8720618860064,https://cdn.shopify.com/s/files/1/0884/0278/8685/files/bamboo-fitted-sheet-cuddle-pink-corner-detail.jpg?v=1786182085,in_stock,120.00 EUR,Boomba Bamboo,new,,8720618860064,bamboo-fitted-sheet-cuddle-pink-400tc
8721161968016,Bamboo Fitted Sheet Cuddle Pink 400TC,"A silky-soft 400TC bamboo fitted sheet in soft Cuddle Pink — breathable, hypoallergenic, and cool against the skin, with a snug elastic fit for mattresses up to 30cm.",https://www.maisondecocon.com/en/products/bamboo-fitted-sheet-cuddle-pink-400tc?variant_sku=8721161968016,https://cdn.shopify.com/s/files/1/0884/0278/8685/files/bamboo-fitted-sheet-cuddle-pink-corner-detail.jpg?v=1786182085,in_stock,135.00 EUR,Boomba Bamboo,new,,8721161968016,bamboo-fitted-sheet-cuddle-pink-400tc
8721161968009,Bamboo Fitted Sheet Cuddle Pink 400TC,"A silky-soft 400TC bamboo fitted sheet in soft Cuddle Pink — breathable, hypoallergenic, and cool against the skin, with a snug elastic fit for mattresses up to 30cm.",https://www.maisondecocon.com/en/products/bamboo-fitted-sheet-cuddle-pink-400tc?variant_sku=8721161968009,https://cdn.shopify.com/s/files/1/0884/0278/8685/files/bamboo-fitted-sheet-cuddle-pink-corner-detail.jpg?v=1786182085,in_stock,126.00 EUR,Boomba Bamboo,new,,8721161968009,bamboo-fitted-sheet-cuddle-pink-400tc
8720618860125,Bamboo Fitted Sheet Cuddle Pink 400TC,"A silky-soft 400TC bamboo fitted sheet in soft Cuddle Pink — breathable, hypoallergenic, and cool against the skin, with a snug elastic fit for mattresses up to 30cm.",https://www.maisondecocon.com/en/products/bamboo-fitted-sheet-cuddle-pink-400tc?variant_sku=8720618860125,https://cdn.shopify.com/s/files/1/0884/0278/8685/files/bamboo-fitted-sheet-cuddle-pink-corner-detail.jpg?v=1786182085,in_stock,159.00 EUR,Boomba Bamboo,new,,8720618860125,bamboo-fitted-sheet-cuddle-pink-400tc
8720618860071,Bamboo Fitted Sheet Cuddle Pink 400TC,"A silky-soft 400TC bamboo fitted sheet in soft Cuddle Pink — breathable, hypoallergenic, and cool against the skin, with a snug elastic fit for mattresses up to 30cm.",https://www.maisondecocon.com/en/products/bamboo-fitted-sheet-cuddle-pink-400tc?variant_sku=8720618860071,https://cdn.shopify.com/s/files/1/0884/0278/8685/files/bamboo-fitted-sheet-cuddle-pink-corner-detail.jpg?v=1786182085,in_stock,129.00 EUR,Boomba Bamboo,new,,8720618860071,bamboo-fitted-sheet-cuddle-pink-400tc
8720618860132,Bamboo Fitted Sheet Cuddle Pink 400TC,"A silky-soft 400TC bamboo fitted sheet in soft Cuddle Pink — breathable, hypoallergenic, and cool against the skin, with a snug elastic fit for mattresses up to 30cm.",https://www.maisondecocon.com/en/products/bamboo-fitted-sheet-cuddle-pink-400tc?variant_sku=8720618860132,https://cdn.shopify.com/s/files/1/0884/0278/8685/files/bamboo-fitted-sheet-cuddle-pink-corner-detail.jpg?v=1786182085,in_stock,162.00 EUR,Boomba Bamboo,new,,8720618860132,bamboo-fitted-sheet-cuddle-pink-400tc
8720618860088,Bamboo Fitted Sheet Cuddle Pink 400TC,"A silky-soft 400TC bamboo fitted sheet in soft Cuddle Pink — breathable, hypoallergenic, and cool against the skin, with a snug elastic fit for mattresses up to 30cm.",https://www.maisondecocon.com/en/products/bamboo-fitted-sheet-cuddle-pink-400tc?variant_sku=8720618860088,https://cdn.shopify.com/s/files/1/0884/0278/8685/files/bamboo-fitted-sheet-cuddle-pink-corner-detail.jpg?v=1786182085,in_stock,144.00 EUR,Boomba Bamboo,new,,8720618860088,bamboo-fitted-sheet-cuddle-pink-400tc
8721161968047,Bamboo Fitted Sheet Cuddle Pink 400TC,"A silky-soft 400TC bamboo fitted sheet in soft Cuddle Pink — breathable, hypoallergenic, and cool against the skin, with a snug elastic fit for mattresses up to 30cm.",https://www.maisondecocon.com/en/products/bamboo-fitted-sheet-cuddle-pink-400tc?variant_sku=8721161968047,https://cdn.shopify.com/s/files/1/0884/0278/8685/files/bamboo-fitted-sheet-cuddle-pink-corner-detail.jpg?v=1786182085,in_stock,153.00 EUR,Boomba Bamboo,new,,8721161968047,bamboo-fitted-sheet-cuddle-pink-400tc
8720618860156,Bamboo Fitted Sheet Cuddle Pink 400TC,"A silky-soft 400TC bamboo fitted sheet in soft Cuddle Pink — breathable, hypoallergenic, and cool against the skin, with a snug elastic fit for mattresses up to 30cm.",https://www.maisondecocon.com/en/products/bamboo-fitted-sheet-cuddle-pink-400tc?variant_sku=8720618860156,https://cdn.shopify.com/s/files/1/0884/0278/8685/files/bamboo-fitted-sheet-cuddle-pink-corner-detail.jpg?v=1786182085,in_stock,180.00 EUR,Boomba Bamboo,new,,8720618860156,bamboo-fitted-sheet-cuddle-pink-400tc
8721161968030,Bamboo Fitted Sheet Cuddle Pink 400TC,"A silky-soft 400TC bamboo fitted sheet in soft Cuddle Pink — breathable, hypoallergenic, and cool against the skin, with a snug elastic fit for mattresses up to 30cm.",https://www.maisondecocon.com/en/products/bamboo-fitted-sheet-cuddle-pink-400tc?variant_sku=8721161968030,https://cdn.shopify.com/s/files/1/0884/0278/8685/files/bamboo-fitted-sheet-cuddle-pink-corner-detail.jpg?v=1786182085,in_stock,141.00 EUR,Boomba Bamboo,new,,8721161968030,bamboo-fitted-sheet-cuddle-pink-400tc
8720618860149,Bamboo Fitted Sheet Cuddle Pink 400TC,"A silky-soft 400TC bamboo fitted sheet in soft Cuddle Pink — breathable, hypoallergenic, and cool against the skin, with a snug elastic fit for mattresses up to 30cm.",https://www.maisondecocon.com/en/products/bamboo-fitted-sheet-cuddle-pink-400tc?variant_sku=8720618860149,https://cdn.shopify.com/s/files/1/0884/0278/8685/files/bamboo-fitted-sheet-cuddle-pink-corner-detail.jpg?v=1786182085,in_stock,174.00 EUR,Boomba Bamboo,new,,8720618860149,bamboo-fitted-sheet-cuddle-pink-400tc
8721161968023,Bamboo Fitted Sheet Cuddle Pink 400TC,"A silky-soft 400TC bamboo fitted sheet in soft Cuddle Pink — breathable, hypoallergenic, and cool against the skin, with a snug elastic fit for mattresses up to 30cm.",https://www.maisondecocon.com/en/products/bamboo-fitted-sheet-cuddle-pink-400tc?variant_sku=8721161968023,https://cdn.shopify.com/s/files/1/0884/0278/8685/files/bamboo-fitted-sheet-cuddle-pink-corner-detail.jpg?v=1786182085,in_stock,138.00 EUR,Boomba Bamboo,new,,8721161968023,bamboo-fitted-sheet-cuddle-pink-400tc
8720648154799,Bamboo Fitted Sheet Space Blue 400TC,"A silky-soft 400TC bamboo fitted sheet in deep Space Blue — breathable, hypoallergenic, and cool against the skin, with a snug elastic fit for mattresses up to 30cm.",https://www.maisondecocon.com/en/products/bamboo-fitted-sheet-space-blue-400tc?variant_sku=8720648154799,https://cdn.shopify.com/s/files/1/0884/0278/8685/files/bamboo-fitted-sheet-space-blue-corner-detail.jpg?v=1786182178,in_stock,129.00 EUR,Boomba Bamboo,new,,8720648154799,bamboo-fitted-sheet-space-blue-400tc
8720648154850,Bamboo Fitted Sheet Space Blue 400TC,"A silky-soft 400TC bamboo fitted sheet in deep Space Blue — breathable, hypoallergenic, and cool against the skin, with a snug elastic fit for mattresses up to 30cm.",https://www.maisondecocon.com/en/products/bamboo-fitted-sheet-space-blue-400tc?variant_sku=8720648154850,https://cdn.shopify.com/s/files/1/0884/0278/8685/files/bamboo-fitted-sheet-space-blue-corner-detail.jpg?v=1786182178,in_stock,168.00 EUR,Boomba Bamboo,new,,8720648154850,bamboo-fitted-sheet-space-blue-400tc
8720648154874,Bamboo Fitted Sheet Space Blue 400TC,"A silky-soft 400TC bamboo fitted sheet in deep Space Blue — breathable, hypoallergenic, and cool against the skin, with a snug elastic fit for mattresses up to 30cm.",https://www.maisondecocon.com/en/products/bamboo-fitted-sheet-space-blue-400tc?variant_sku=8720648154874,https://cdn.shopify.com/s/files/1/0884/0278/8685/files/bamboo-fitted-sheet-space-blue-corner-detail.jpg?v=1786182178,in_stock,180.00 EUR,Boomba Bamboo,new,,8720648154874,bamboo-fitted-sheet-space-blue-400tc
8720648154812,Bamboo Fitted Sheet Space Blue 400TC,"A silky-soft 400TC bamboo fitted sheet in deep Space Blue — breathable, hypoallergenic, and cool against the skin, with a snug elastic fit for mattresses up to 30cm.",https://www.maisondecocon.com/en/products/bamboo-fitted-sheet-space-blue-400tc?variant_sku=8720648154812,https://cdn.shopify.com/s/files/1/0884/0278/8685/files/bamboo-fitted-sheet-space-blue-corner-detail.jpg?v=1786182178,in_stock,147.00 EUR,Boomba Bamboo,new,,8720648154812,bamboo-fitted-sheet-space-blue-400tc
8720618860774,Bamboo Fitted Sheet Space Blue 400TC,"A silky-soft 400TC bamboo fitted sheet in deep Space Blue — breathable, hypoallergenic, and cool against the skin, with a snug elastic fit for mattresses up to 30cm.",https://www.maisondecocon.com/en/products/bamboo-fitted-sheet-space-blue-400tc?variant_sku=8720618860774,https://cdn.shopify.com/s/files/1/0884/0278/8685/files/bamboo-fitted-sheet-space-blue-corner-detail.jpg?v=1786182178,in_stock,135.00 EUR,Boomba Bamboo,new,,8720618860774,bamboo-fitted-sheet-space-blue-400tc
8720648154782,Bamboo Fitted Sheet Space Blue 400TC,"A silky-soft 400TC bamboo fitted sheet in deep Space Blue — breathable, hypoallergenic, and cool against the skin, with a snug elastic fit for mattresses up to 30cm.",https://www.maisondecocon.com/en/products/bamboo-fitted-sheet-space-blue-400tc?variant_sku=8720648154782,https://cdn.shopify.com/s/files/1/0884/0278/8685/files/bamboo-fitted-sheet-space-blue-corner-detail.jpg?v=1786182178,in_stock,120.00 EUR,Boomba Bamboo,new,,8720648154782,bamboo-fitted-sheet-space-blue-400tc
8720648154805,Bamboo Fitted Sheet Space Blue 400TC,"A silky-soft 400TC bamboo fitted sheet in deep Space Blue — breathable, hypoallergenic, and cool against the skin, with a snug elastic fit for mattresses up to 30cm.",https://www.maisondecocon.com/en/products/bamboo-fitted-sheet-space-blue-400tc?variant_sku=8720648154805,https://cdn.shopify.com/s/files/1/0884/0278/8685/files/bamboo-fitted-sheet-space-blue-corner-detail.jpg?v=1786182178,in_stock,144.00 EUR,Boomba Bamboo,new,,8720648154805,bamboo-fitted-sheet-space-blue-400tc
8720648154843,Bamboo Fitted Sheet Space Blue 400TC,"A silky-soft 400TC bamboo fitted sheet in deep Space Blue — breathable, hypoallergenic, and cool against the skin, with a snug elastic fit for mattresses up to 30cm.",https://www.maisondecocon.com/en/products/bamboo-fitted-sheet-space-blue-400tc?variant_sku=8720648154843,https://cdn.shopify.com/s/files/1/0884/0278/8685/files/bamboo-fitted-sheet-space-blue-corner-detail.jpg?v=1786182178,out_of_stock,162.00 EUR,Boomba Bamboo,new,,8720648154843,bamboo-fitted-sheet-space-blue-400tc
8720648154829,Bamboo Fitted Sheet Space Blue 400TC,"A silky-soft 400TC bamboo fitted sheet in deep Space Blue — breathable, hypoallergenic, and cool against the skin, with a snug elastic fit for mattresses up to 30cm.",https://www.maisondecocon.com/en/products/bamboo-fitted-sheet-space-blue-400tc?variant_sku=8720648154829,https://cdn.shopify.com/s/files/1/0884/0278/8685/files/bamboo-fitted-sheet-space-blue-corner-detail.jpg?v=1786182178,in_stock,156.00 EUR,Boomba Bamboo,new,,8720648154829,bamboo-fitted-sheet-space-blue-400tc
8720648154867,Bamboo Fitted Sheet Space Blue 400TC,"A silky-soft 400TC bamboo fitted sheet in deep Space Blue — breathable, hypoallergenic, and cool against the skin, with a snug elastic fit for mattresses up to 30cm.",https://www.maisondecocon.com/en/products/bamboo-fitted-sheet-space-blue-400tc?variant_sku=8720648154867,https://cdn.shopify.com/s/files/1/0884/0278/8685/files/bamboo-fitted-sheet-space-blue-corner-detail.jpg?v=1786182178,in_stock,174.00 EUR,Boomba Bamboo,new,,8720648154867,bamboo-fitted-sheet-space-blue-400tc
8720828225523,Bamboo Fitted Sheet Space Blue 400TC,"A silky-soft 400TC bamboo fitted sheet in deep Space Blue — breathable, hypoallergenic, and cool against the skin, with a snug elastic fit for mattresses up to 30cm.",https://www.maisondecocon.com/en/products/bamboo-fitted-sheet-space-blue-400tc?variant_sku=8720828225523,https://cdn.shopify.com/s/files/1/0884/0278/8685/files/bamboo-fitted-sheet-space-blue-corner-detail.jpg?v=1786182178,in_stock,123.00 EUR,Boomba Bamboo,new,,8720828225523,bamboo-fitted-sheet-space-blue-400tc
6154515711761,Bamboo Fitted Sheet for Mattress Topper Lavender Mist 400TC,"A premium 100% bamboo fitted sheet for mattress toppers up to 10cm in Lavender Mist - silky-soft 400TC Tanboocel fabric that's breathable and temperature-regulating for a cool night's sleep, all year round.",https://www.maisondecocon.com/en/products/bamboo-fitted-sheet-for-mattress-topper-lavender-mist-400tc?variant_sku=6154515711761,https://cdn.shopify.com/s/files/1/0884/0278/8685/files/bamboo-fitted-sheet-mattress-topper-lavender-mist-seam-detail.jpg?v=1786182117,in_stock,162.00 EUR,Boomba Bamboo,new,,6154515711761,bamboo-fitted-sheet-for-mattress-topper-lavender-mist-400tc
6154515470408,Bamboo Fitted Sheet for Mattress Topper Lavender Mist 400TC,"A premium 100% bamboo fitted sheet for mattress toppers up to 10cm in Lavender Mist - silky-soft 400TC Tanboocel fabric that's breathable and temperature-regulating for a cool night's sleep, all year round.",https://www.maisondecocon.com/en/products/bamboo-fitted-sheet-for-mattress-topper-lavender-mist-400tc?variant_sku=6154515470408,https://cdn.shopify.com/s/files/1/0884/0278/8685/files/bamboo-fitted-sheet-mattress-topper-lavender-mist-seam-detail.jpg?v=1786182117,in_stock,153.00 EUR,Boomba Bamboo,new,,6154515470408,bamboo-fitted-sheet-for-mattress-topper-lavender-mist-400tc
6154514951960,Bamboo Fitted Sheet for Mattress Topper Lavender Mist 400TC,"A premium 100% bamboo fitted sheet for mattress toppers up to 10cm in Lavender Mist - silky-soft 400TC Tanboocel fabric that's breathable and temperature-regulating for a cool night's sleep, all year round.",https://www.maisondecocon.com/en/products/bamboo-fitted-sheet-for-mattress-topper-lavender-mist-400tc?variant_sku=6154514951960,https://cdn.shopify.com/s/files/1/0884/0278/8685/files/bamboo-fitted-sheet-mattress-topper-lavender-mist-seam-detail.jpg?v=1786182117,in_stock,144.00 EUR,Boomba Bamboo,new,,6154514951960,bamboo-fitted-sheet-for-mattress-topper-lavender-mist-400tc
6154515743779,Bamboo Fitted Sheet for Mattress Topper Lavender Mist 400TC,"A premium 100% bamboo fitted sheet for mattress toppers up to 10cm in Lavender Mist - silky-soft 400TC Tanboocel fabric that's breathable and temperature-regulating for a cool night's sleep, all year round.",https://www.maisondecocon.com/en/products/bamboo-fitted-sheet-for-mattress-topper-lavender-mist-400tc?variant_sku=6154515743779,https://cdn.shopify.com/s/files/1/0884/0278/8685/files/bamboo-fitted-sheet-mattress-topper-lavender-mist-seam-detail.jpg?v=1786182117,in_stock,168.00 EUR,Boomba Bamboo,new,,6154515743779,bamboo-fitted-sheet-for-mattress-topper-lavender-mist-400tc
6154515066045,Bamboo Fitted Sheet for Mattress Topper Lavender Mist 400TC,"A premium 100% bamboo fitted sheet for mattress toppers up to 10cm in Lavender Mist - silky-soft 400TC Tanboocel fabric that's breathable and temperature-regulating for a cool night's sleep, all year round.",https://www.maisondecocon.com/en/products/bamboo-fitted-sheet-for-mattress-topper-lavender-mist-400tc?variant_sku=6154515066045,https://cdn.shopify.com/s/files/1/0884/0278/8685/files/bamboo-fitted-sheet-mattress-topper-lavender-mist-seam-detail.jpg?v=1786182117,in_stock,147.00 EUR,Boomba Bamboo,new,,6154515066045,bamboo-fitted-sheet-for-mattress-topper-lavender-mist-400tc
6154515764743,Bamboo Fitted Sheet for Mattress Topper Lavender Mist 400TC,"A premium 100% bamboo fitted sheet for mattress toppers up to 10cm in Lavender Mist - silky-soft 400TC Tanboocel fabric that's breathable and temperature-regulating for a cool night's sleep, all year round.",https://www.maisondecocon.com/en/products/bamboo-fitted-sheet-for-mattress-topper-lavender-mist-400tc?variant_sku=6154515764743,https://cdn.shopify.com/s/files/1/0884/0278/8685/files/bamboo-fitted-sheet-mattress-topper-lavender-mist-seam-detail.jpg?v=1786182117,in_stock,180.00 EUR,Boomba Bamboo,new,,6154515764743,bamboo-fitted-sheet-for-mattress-topper-lavender-mist-400tc
6154515584518,Bamboo Fitted Sheet for Mattress Topper Lavender Mist 400TC,"A premium 100% bamboo fitted sheet for mattress toppers up to 10cm in Lavender Mist - silky-soft 400TC Tanboocel fabric that's breathable and temperature-regulating for a cool night's sleep, all year round.",https://www.maisondecocon.com/en/products/bamboo-fitted-sheet-for-mattress-topper-lavender-mist-400tc?variant_sku=6154515584518,https://cdn.shopify.com/s/files/1/0884/0278/8685/files/bamboo-fitted-sheet-mattress-topper-lavender-mist-seam-detail.jpg?v=1786182117,in_stock,156.00 EUR,Boomba Bamboo,new,,6154515584518,bamboo-fitted-sheet-for-mattress-topper-lavender-mist-400tc
8720828225158,Bamboo Duvet Cover Sky Blue 400TC,"A silky-soft 400TC bamboo duvet cover in fresh Sky Blue - breathable, hypoallergenic, and available with a Bamboo Button Closure or Tuck-in Strip closure.",https://www.maisondecocon.com/en/products/bamboo-duvet-cover-sky-blue-400tc?variant_sku=8720828225158,https://cdn.shopify.com/s/files/1/0884/0278/8685/files/bamboo-duvet-cover-sky-blue-bedroom-lifestyle-1.jpg?v=1786136909,in_stock,282.00 EUR,Boomba Bamboo,new,,8720828225158,bamboo-duvet-cover-sky-blue-400tc
8720828225097,Bamboo Duvet Cover Sky Blue 400TC,"A silky-soft 400TC bamboo duvet cover in fresh Sky Blue - breathable, hypoallergenic, and available with a Bamboo Button Closure or Tuck-in Strip closure.",https://www.maisondecocon.com/en/products/bamboo-duvet-cover-sky-blue-400tc?variant_sku=8720828225097,https://cdn.shopify.com/s/files/1/0884/0278/8685/files/bamboo-duvet-cover-sky-blue-bedroom-lifestyle-1.jpg?v=1786136909,in_stock,258.00 EUR,Boomba Bamboo,new,,8720828225097,bamboo-duvet-cover-sky-blue-400tc
8720828225165,Bamboo Duvet Cover Sky Blue 400TC,"A silky-soft 400TC bamboo duvet cover in fresh Sky Blue - breathable, hypoallergenic, and available with a Bamboo Button Closure or Tuck-in Strip closure.",https://www.maisondecocon.com/en/products/bamboo-duvet-cover-sky-blue-400tc?variant_sku=8720828225165,https://cdn.shopify.com/s/files/1/0884/0278/8685/files/bamboo-duvet-cover-sky-blue-bedroom-lifestyle-1.jpg?v=1786136909,in_stock,297.00 EUR,Boomba Bamboo,new,,8720828225165,bamboo-duvet-cover-sky-blue-400tc
8720828225103,Bamboo Duvet Cover Sky Blue 400TC,"A silky-soft 400TC bamboo duvet cover in fresh Sky Blue - breathable, hypoallergenic, and available with a Bamboo Button Closure or Tuck-in Strip closure.",https://www.maisondecocon.com/en/products/bamboo-duvet-cover-sky-blue-400tc?variant_sku=8720828225103,https://cdn.shopify.com/s/files/1/0884/0278/8685/files/bamboo-duvet-cover-sky-blue-bedroom-lifestyle-1.jpg?v=1786136909,in_stock,267.00 EUR,Boomba Bamboo,new,,8720828225103,bamboo-duvet-cover-sky-blue-400tc
8720828225172,Bamboo Duvet Cover Sky Blue 400TC,"A silky-soft 400TC bamboo duvet cover in fresh Sky Blue - breathable, hypoallergenic, and available with a Bamboo Button Closure or Tuck-in Strip closure.",https://www.maisondecocon.com/en/products/bamboo-duvet-cover-sky-blue-400tc?variant_sku=8720828225172,https://cdn.shopify.com/s/files/1/0884/0278/8685/files/bamboo-duvet-cover-sky-blue-bedroom-lifestyle-1.jpg?v=1786136909,in_stock,318.00 EUR,Boomba Bamboo,new,,8720828225172,bamboo-duvet-cover-sky-blue-400tc
8720828225110,Bamboo Duvet Cover Sky Blue 400TC,"A silky-soft 400TC bamboo duvet cover in fresh Sky Blue - breathable, hypoallergenic, and available with a Bamboo Button Closure or Tuck-in Strip closure.",https://www.maisondecocon.com/en/products/bamboo-duvet-cover-sky-blue-400tc?variant_sku=8720828225110,https://cdn.shopify.com/s/files/1/0884/0278/8685/files/bamboo-duvet-cover-sky-blue-bedroom-lifestyle-1.jpg?v=1786136909,in_stock,300.00 EUR,Boomba Bamboo,new,,8720828225110,bamboo-duvet-cover-sky-blue-400tc
8720828225189,Bamboo Duvet Cover Sky Blue 400TC,"A silky-soft 400TC bamboo duvet cover in fresh Sky Blue - breathable, hypoallergenic, and available with a Bamboo Button Closure or Tuck-in Strip closure.",https://www.maisondecocon.com/en/products/bamboo-duvet-cover-sky-blue-400tc?variant_sku=8720828225189,https://cdn.shopify.com/s/files/1/0884/0278/8685/files/bamboo-duvet-cover-sky-blue-bedroom-lifestyle-1.jpg?v=1786136909,in_stock,336.00 EUR,Boomba Bamboo,new,,8720828225189,bamboo-duvet-cover-sky-blue-400tc
8720828225127,Bamboo Duvet Cover Sky Blue 400TC,"A silky-soft 400TC bamboo duvet cover in fresh Sky Blue - breathable, hypoallergenic, and available with a Bamboo Button Closure or Tuck-in Strip closure.",https://www.maisondecocon.com/en/products/bamboo-duvet-cover-sky-blue-400tc?variant_sku=8720828225127,https://cdn.shopify.com/s/files/1/0884/0278/8685/files/bamboo-duvet-cover-sky-blue-bedroom-lifestyle-1.jpg?v=1786136909,in_stock,318.00 EUR,Boomba Bamboo,new,,8720828225127,bamboo-duvet-cover-sky-blue-400tc
8720828225196,Bamboo Duvet Cover Sky Blue 400TC,"A silky-soft 400TC bamboo duvet cover in fresh Sky Blue - breathable, hypoallergenic, and available with a Bamboo Button Closure or Tuck-in Strip closure.",https://www.maisondecocon.com/en/products/bamboo-duvet-cover-sky-blue-400tc?variant_sku=8720828225196,https://cdn.shopify.com/s/files/1/0884/0278/8685/files/bamboo-duvet-cover-sky-blue-bedroom-lifestyle-1.jpg?v=1786136909,in_stock,387.00 EUR,Boomba Bamboo,new,,8720828225196,bamboo-duvet-cover-sky-blue-400tc
8720828225134,Bamboo Duvet Cover Sky Blue 400TC,"A silky-soft 400TC bamboo duvet cover in fresh Sky Blue - breathable, hypoallergenic, and available with a Bamboo Button Closure or Tuck-in Strip closure.",https://www.maisondecocon.com/en/products/bamboo-duvet-cover-sky-blue-400tc?variant_sku=8720828225134,https://cdn.shopify.com/s/files/1/0884/0278/8685/files/bamboo-duvet-cover-sky-blue-bedroom-lifestyle-1.jpg?v=1786136909,in_stock,369.00 EUR,Boomba Bamboo,new,,8720828225134,bamboo-duvet-cover-sky-blue-400tc
8720828225202,Bamboo Duvet Cover Sky Blue 400TC,"A silky-soft 400TC bamboo duvet cover in fresh Sky Blue - breathable, hypoallergenic, and available with a Bamboo Button Closure or Tuck-in Strip closure.",https://www.maisondecocon.com/en/products/bamboo-duvet-cover-sky-blue-400tc?variant_sku=8720828225202,https://cdn.shopify.com/s/files/1/0884/0278/8685/files/bamboo-duvet-cover-sky-blue-bedroom-lifestyle-1.jpg?v=1786136909,in_stock,420.00 EUR,Boomba Bamboo,new,,8720828225202,bamboo-duvet-cover-sky-blue-400tc
8720828225141,Bamboo Duvet Cover Sky Blue 400TC,"A silky-soft 400TC bamboo duvet cover in fresh Sky Blue - breathable, hypoallergenic, and available with a Bamboo Button Closure or Tuck-in Strip closure.",https://www.maisondecocon.com/en/products/bamboo-duvet-cover-sky-blue-400tc?variant_sku=8720828225141,https://cdn.shopify.com/s/files/1/0884/0278/8685/files/bamboo-duvet-cover-sky-blue-bedroom-lifestyle-1.jpg?v=1786136909,in_stock,402.00 EUR,Boomba Bamboo,new,,8720828225141,bamboo-duvet-cover-sky-blue-400tc
8720618860040,Bamboo Duvet Cover Cuddle Pink 400TC,"A silky-soft 400TC bamboo duvet cover in soft Cuddle Pink - breathable, hypoallergenic, and available with a Bamboo Button Closure or Tuck-in Strip closure.",https://www.maisondecocon.com/en/products/bamboo-duvet-cover-cuddle-pink-400tc?variant_sku=8720618860040,https://cdn.shopify.com/s/files/1/0884/0278/8685/files/bamboo-duvet-cover-cuddle-pink-bedroom-lifestyle-3.jpg?v=1786137069,in_stock,369.00 EUR,Boomba Bamboo,new,,8720618860040,bamboo-duvet-cover-cuddle-pink-400tc
8720618860033,Bamboo Duvet Cover Cuddle Pink 400TC,"A silky-soft 400TC bamboo duvet cover in soft Cuddle Pink - breathable, hypoallergenic, and available with a Bamboo Button Closure or Tuck-in Strip closure.",https://www.maisondecocon.com/en/products/bamboo-duvet-cover-cuddle-pink-400tc?variant_sku=8720618860033,https://cdn.shopify.com/s/files/1/0884/0278/8685/files/bamboo-duvet-cover-cuddle-pink-bedroom-lifestyle-3.jpg?v=1786137069,out_of_stock,318.00 EUR,Boomba Bamboo,new,,8720618860033,bamboo-duvet-cover-cuddle-pink-400tc
8720828225950,Bamboo Duvet Cover Cuddle Pink 400TC,"A silky-soft 400TC bamboo duvet cover in soft Cuddle Pink - breathable, hypoallergenic, and available with a Bamboo Button Closure or Tuck-in Strip closure.",https://www.maisondecocon.com/en/products/bamboo-duvet-cover-cuddle-pink-400tc?variant_sku=8720828225950,https://cdn.shopify.com/s/files/1/0884/0278/8685/files/bamboo-duvet-cover-cuddle-pink-bedroom-lifestyle-3.jpg?v=1786137069,in_stock,297.00 EUR,Boomba Bamboo,new,,8720828225950,bamboo-duvet-cover-cuddle-pink-400tc
8720618860019,Bamboo Duvet Cover Cuddle Pink 400TC,"A silky-soft 400TC bamboo duvet cover in soft Cuddle Pink - breathable, hypoallergenic, and available with a Bamboo Button Closure or Tuck-in Strip closure.",https://www.maisondecocon.com/en/products/bamboo-duvet-cover-cuddle-pink-400tc?variant_sku=8720618860019,https://cdn.shopify.com/s/files/1/0884/0278/8685/files/bamboo-duvet-cover-cuddle-pink-bedroom-lifestyle-3.jpg?v=1786137069,in_stock,258.00 EUR,Boomba Bamboo,new,,8720618860019,bamboo-duvet-cover-cuddle-pink-400tc
8720828225981,Bamboo Duvet Cover Cuddle Pink 400TC,"A silky-soft 400TC bamboo duvet cover in soft Cuddle Pink - breathable, hypoallergenic, and available with a Bamboo Button Closure or Tuck-in Strip closure.",https://www.maisondecocon.com/en/products/bamboo-duvet-cover-cuddle-pink-400tc?variant_sku=8720828225981,https://cdn.shopify.com/s/files/1/0884/0278/8685/files/bamboo-duvet-cover-cuddle-pink-bedroom-lifestyle-3.jpg?v=1786137069,in_stock,387.00 EUR,Boomba Bamboo,new,,8720828225981,bamboo-duvet-cover-cuddle-pink-400tc
8720828225998,Bamboo Duvet Cover Cuddle Pink 400TC,"A silky-soft 400TC bamboo duvet cover in soft Cuddle Pink - breathable, hypoallergenic, and available with a Bamboo Button Closure or Tuck-in Strip closure.",https://www.maisondecocon.com/en/products/bamboo-duvet-cover-cuddle-pink-400tc?variant_sku=8720828225998,https://cdn.shopify.com/s/files/1/0884/0278/8685/files/bamboo-duvet-cover-cuddle-pink-bedroom-lifestyle-3.jpg?v=1786137069,in_stock,420.00 EUR,Boomba Bamboo,new,,8720828225998,bamboo-duvet-cover-cuddle-pink-400tc
8720828225714,Bamboo Duvet Cover Cuddle Pink 400TC,"A silky-soft 400TC bamboo duvet cover in soft Cuddle Pink - breathable, hypoallergenic, and available with a Bamboo Button Closure or Tuck-in Strip closure.",https://www.maisondecocon.com/en/products/bamboo-duvet-cover-cuddle-pink-400tc?variant_sku=8720828225714,https://cdn.shopify.com/s/files/1/0884/0278/8685/files/bamboo-duvet-cover-cuddle-pink-bedroom-lifestyle-3.jpg?v=1786137069,in_stock,267.00 EUR,Boomba Bamboo,new,,8720828225714,bamboo-duvet-cover-cuddle-pink-400tc
8720618860057,Bamboo Duvet Cover Cuddle Pink 400TC,"A silky-soft 400TC bamboo duvet cover in soft Cuddle Pink - breathable, hypoallergenic, and available with a Bamboo Button Closure or Tuck-in Strip closure.",https://www.maisondecocon.com/en/products/bamboo-duvet-cover-cuddle-pink-400tc?variant_sku=8720618860057,https://cdn.shopify.com/s/files/1/0884/0278/8685/files/bamboo-duvet-cover-cuddle-pink-bedroom-lifestyle-3.jpg?v=1786137069,in_stock,402.00 EUR,Boomba Bamboo,new,,8720618860057,bamboo-duvet-cover-cuddle-pink-400tc
8720618860026,Bamboo Duvet Cover Cuddle Pink 400TC,"A silky-soft 400TC bamboo duvet cover in soft Cuddle Pink - breathable, hypoallergenic, and available with a Bamboo Button Closure or Tuck-in Strip closure.",https://www.maisondecocon.com/en/products/bamboo-duvet-cover-cuddle-pink-400tc?variant_sku=8720618860026,https://cdn.shopify.com/s/files/1/0884/0278/8685/files/bamboo-duvet-cover-cuddle-pink-bedroom-lifestyle-3.jpg?v=1786137069,in_stock,300.00 EUR,Boomba Bamboo,new,,8720618860026,bamboo-duvet-cover-cuddle-pink-400tc
8720828225967,Bamboo Duvet Cover Cuddle Pink 400TC,"A silky-soft 400TC bamboo duvet cover in soft Cuddle Pink - breathable, hypoallergenic, and available with a Bamboo Button Closure or Tuck-in Strip closure.",https://www.maisondecocon.com/en/products/bamboo-duvet-cover-cuddle-pink-400tc?variant_sku=8720828225967,https://cdn.shopify.com/s/files/1/0884/0278/8685/files/bamboo-duvet-cover-cuddle-pink-bedroom-lifestyle-3.jpg?v=1786137069,in_stock,318.00 EUR,Boomba Bamboo,new,,8720828225967,bamboo-duvet-cover-cuddle-pink-400tc
8720828225974,Bamboo Duvet Cover Cuddle Pink 400TC,"A silky-soft 400TC bamboo duvet cover in soft Cuddle Pink - breathable, hypoallergenic, and available with a Bamboo Button Closure or Tuck-in Strip closure.",https://www.maisondecocon.com/en/products/bamboo-duvet-cover-cuddle-pink-400tc?variant_sku=8720828225974,https://cdn.shopify.com/s/files/1/0884/0278/8685/files/bamboo-duvet-cover-cuddle-pink-bedroom-lifestyle-3.jpg?v=1786137069,in_stock,336.00 EUR,Boomba Bamboo,new,,8720828225974,bamboo-duvet-cover-cuddle-pink-400tc
8720828225943,Bamboo Duvet Cover Cuddle Pink 400TC,"A silky-soft 400TC bamboo duvet cover in soft Cuddle Pink - breathable, hypoallergenic, and available with a Bamboo Button Closure or Tuck-in Strip closure.",https://www.maisondecocon.com/en/products/bamboo-duvet-cover-cuddle-pink-400tc?variant_sku=8720828225943,https://cdn.shopify.com/s/files/1/0884/0278/8685/files/bamboo-duvet-cover-cuddle-pink-bedroom-lifestyle-3.jpg?v=1786137069,in_stock,282.00 EUR,Boomba Bamboo,new,,8720828225943,bamboo-duvet-cover-cuddle-pink-400tc
6154524493443,Bamboo Duvet Cover Coffee Brown 400TC,"A silky-soft 400TC bamboo duvet cover in rich Coffee Brown - breathable, hypoallergenic, and available with a Bamboo Button Closure or Tuck-in Strip closure.",https://www.maisondecocon.com/en/products/bamboo-duvet-cover-coffee-brown-400tc?variant_sku=6154524493443,https://cdn.shopify.com/s/files/1/0884/0278/8685/files/bamboo-duvet-cover-coffee-brown-bedroom-lifestyle-1.jpg?v=1786173283,in_stock,369.00 EUR,Boomba Bamboo,new,,6154524493443,bamboo-duvet-cover-coffee-brown-400tc
6154528330300,Bamboo Duvet Cover Coffee Brown 400TC,"A silky-soft 400TC bamboo duvet cover in rich Coffee Brown - breathable, hypoallergenic, and available with a Bamboo Button Closure or Tuck-in Strip closure.",https://www.maisondecocon.com/en/products/bamboo-duvet-cover-coffee-brown-400tc?variant_sku=6154528330300,https://cdn.shopify.com/s/files/1/0884/0278/8685/files/bamboo-duvet-cover-coffee-brown-bedroom-lifestyle-1.jpg?v=1786173283,in_stock,387.00 EUR,Boomba Bamboo,new,,6154528330300,bamboo-duvet-cover-coffee-brown-400tc
6154523922968,Bamboo Duvet Cover Coffee Brown 400TC,"A silky-soft 400TC bamboo duvet cover in rich Coffee Brown - breathable, hypoallergenic, and available with a Bamboo Button Closure or Tuck-in Strip closure.",https://www.maisondecocon.com/en/products/bamboo-duvet-cover-coffee-brown-400tc?variant_sku=6154523922968,https://cdn.shopify.com/s/files/1/0884/0278/8685/files/bamboo-duvet-cover-coffee-brown-bedroom-lifestyle-1.jpg?v=1786173283,in_stock,258.00 EUR,Boomba Bamboo,new,,6154523922968,bamboo-duvet-cover-coffee-brown-400tc
6154527839897,Bamboo Duvet Cover Coffee Brown 400TC,"A silky-soft 400TC bamboo duvet cover in rich Coffee Brown - breathable, hypoallergenic, and available with a Bamboo Button Closure or Tuck-in Strip closure.",https://www.maisondecocon.com/en/products/bamboo-duvet-cover-coffee-brown-400tc?variant_sku=6154527839897,https://cdn.shopify.com/s/files/1/0884/0278/8685/files/bamboo-duvet-cover-coffee-brown-bedroom-lifestyle-1.jpg?v=1786173283,in_stock,336.00 EUR,Boomba Bamboo,new,,6154527839897,bamboo-duvet-cover-coffee-brown-400tc
6154524176131,Bamboo Duvet Cover Coffee Brown 400TC,"A silky-soft 400TC bamboo duvet cover in rich Coffee Brown - breathable, hypoallergenic, and available with a Bamboo Button Closure or Tuck-in Strip closure.",https://www.maisondecocon.com/en/products/bamboo-duvet-cover-coffee-brown-400tc?variant_sku=6154524176131,https://cdn.shopify.com/s/files/1/0884/0278/8685/files/bamboo-duvet-cover-coffee-brown-bedroom-lifestyle-1.jpg?v=1786173283,in_stock,300.00 EUR,Boomba Bamboo,new,,6154524176131,bamboo-duvet-cover-coffee-brown-400tc
6154525616674,Bamboo Duvet Cover Coffee Brown 400TC,"A silky-soft 400TC bamboo duvet cover in rich Coffee Brown - breathable, hypoallergenic, and available with a Bamboo Button Closure or Tuck-in Strip closure.",https://www.maisondecocon.com/en/products/bamboo-duvet-cover-coffee-brown-400tc?variant_sku=6154525616674,https://cdn.shopify.com/s/files/1/0884/0278/8685/files/bamboo-duvet-cover-coffee-brown-bedroom-lifestyle-1.jpg?v=1786173283,in_stock,282.00 EUR,Boomba Bamboo,new,,6154525616674,bamboo-duvet-cover-coffee-brown-400tc
6154524942958,Bamboo Duvet Cover Coffee Brown 400TC,"A silky-soft 400TC bamboo duvet cover in rich Coffee Brown - breathable, hypoallergenic, and available with a Bamboo Button Closure or Tuck-in Strip closure.",https://www.maisondecocon.com/en/products/bamboo-duvet-cover-coffee-brown-400tc?variant_sku=6154524942958,https://cdn.shopify.com/s/files/1/0884/0278/8685/files/bamboo-duvet-cover-coffee-brown-bedroom-lifestyle-1.jpg?v=1786173283,in_stock,402.00 EUR,Boomba Bamboo,new,,6154524942958,bamboo-duvet-cover-coffee-brown-400tc
6154526759790,Bamboo Duvet Cover Coffee Brown 400TC,"A silky-soft 400TC bamboo duvet cover in rich Coffee Brown - breathable, hypoallergenic, and available with a Bamboo Button Closure or Tuck-in Strip closure.",https://www.maisondecocon.com/en/products/bamboo-duvet-cover-coffee-brown-400tc?variant_sku=6154526759790,https://cdn.shopify.com/s/files/1/0884/0278/8685/files/bamboo-duvet-cover-coffee-brown-bedroom-lifestyle-1.jpg?v=1786173283,in_stock,318.00 EUR,Boomba Bamboo,new,,6154526759790,bamboo-duvet-cover-coffee-brown-400tc
6154524268232,Bamboo Duvet Cover Coffee Brown 400TC,"A silky-soft 400TC bamboo duvet cover in rich Coffee Brown - breathable, hypoallergenic, and available with a Bamboo Button Closure or Tuck-in Strip closure.",https://www.maisondecocon.com/en/products/bamboo-duvet-cover-coffee-brown-400tc?variant_sku=6154524268232,https://cdn.shopify.com/s/files/1/0884/0278/8685/files/bamboo-duvet-cover-coffee-brown-bedroom-lifestyle-1.jpg?v=1786173283,in_stock,318.00 EUR,Boomba Bamboo,new,,6154524268232,bamboo-duvet-cover-coffee-brown-400tc
6154524020052,Bamboo Duvet Cover Coffee Brown 400TC,"A silky-soft 400TC bamboo duvet cover in rich Coffee Brown - breathable, hypoallergenic, and available with a Bamboo Button Closure or Tuck-in Strip closure.",https://www.maisondecocon.com/en/products/bamboo-duvet-cover-coffee-brown-400tc?variant_sku=6154524020052,https://cdn.shopify.com/s/files/1/0884/0278/8685/files/bamboo-duvet-cover-coffee-brown-bedroom-lifestyle-1.jpg?v=1786173283,in_stock,267.00 EUR,Boomba Bamboo,new,,6154524020052,bamboo-duvet-cover-coffee-brown-400tc
6154528590551,Bamboo Duvet Cover Coffee Brown 400TC,"A silky-soft 400TC bamboo duvet cover in rich Coffee Brown - breathable, hypoallergenic, and available with a Bamboo Button Closure or Tuck-in Strip closure.",https://www.maisondecocon.com/en/products/bamboo-duvet-cover-coffee-brown-400tc?variant_sku=6154528590551,https://cdn.shopify.com/s/files/1/0884/0278/8685/files/bamboo-duvet-cover-coffee-brown-bedroom-lifestyle-1.jpg?v=1786173283,in_stock,420.00 EUR,Boomba Bamboo,new,,6154528590551,bamboo-duvet-cover-coffee-brown-400tc
6154526598511,Bamboo Duvet Cover Coffee Brown 400TC,"A silky-soft 400TC bamboo duvet cover in rich Coffee Brown - breathable, hypoallergenic, and available with a Bamboo Button Closure or Tuck-in Strip closure.",https://www.maisondecocon.com/en/products/bamboo-duvet-cover-coffee-brown-400tc?variant_sku=6154526598511,https://cdn.shopify.com/s/files/1/0884/0278/8685/files/bamboo-duvet-cover-coffee-brown-bedroom-lifestyle-1.jpg?v=1786173283,in_stock,297.00 EUR,Boomba Bamboo,new,,6154526598511,bamboo-duvet-cover-coffee-brown-400tc
6154523589574,Bamboo Pillowcases Coffee Brown 400TC – Set of 2,"Give your bedroom a warm, cozy finish with these 400TC bamboo pillowcases in rich Coffee Brown - silky-smooth, hypoallergenic, and gentle on skin and hair.",https://www.maisondecocon.com/en/products/bamboo-pillowcases-coffee-brown-400tc?variant_sku=6154523589574,https://cdn.shopify.com/s/files/1/0884/0278/8685/files/bamboo-pillowcases-coffee-brown-bedroom-lifestyle.jpg?v=1786130014,in_stock,90.00 EUR,Boomba Bamboo,new,,6154523589574,bamboo-pillowcases-coffee-brown-400tc
6154523886840,Bamboo Pillowcases Coffee Brown 400TC – Set of 2,"Give your bedroom a warm, cozy finish with these 400TC bamboo pillowcases in rich Coffee Brown - silky-smooth, hypoallergenic, and gentle on skin and hair.",https://www.maisondecocon.com/en/products/bamboo-pillowcases-coffee-brown-400tc?variant_sku=6154523886840,https://cdn.shopify.com/s/files/1/0884/0278/8685/files/bamboo-pillowcases-coffee-brown-bedroom-lifestyle.jpg?v=1786130014,in_stock,99.00 EUR,Boomba Bamboo,new,,6154523886840,bamboo-pillowcases-coffee-brown-400tc
6154523652667,Bamboo Pillowcases Coffee Brown 400TC – Set of 2,"Give your bedroom a warm, cozy finish with these 400TC bamboo pillowcases in rich Coffee Brown - silky-smooth, hypoallergenic, and gentle on skin and hair.",https://www.maisondecocon.com/en/products/bamboo-pillowcases-coffee-brown-400tc?variant_sku=6154523652667,https://cdn.shopify.com/s/files/1/0884/0278/8685/files/bamboo-pillowcases-coffee-brown-bedroom-lifestyle.jpg?v=1786130014,in_stock,93.00 EUR,Boomba Bamboo,new,,6154523652667,bamboo-pillowcases-coffee-brown-400tc
8720648154911,Bamboo Fitted Sheet for Mattress Topper Space Blue 400TC,"A premium 100% bamboo fitted sheet for mattress toppers up to 10cm in Space Blue - silky-soft 400TC Tanboocel fabric that's breathable and temperature-regulating for a cool night's sleep, all year round.",https://www.maisondecocon.com/en/products/bamboo-fitted-sheet-for-mattress-topper-space-blue-400tc?variant_sku=8720648154911,https://cdn.shopify.com/s/files/1/0884/0278/8685/files/bamboo-fitted-sheet-mattress-topper-space-blue-corner-fit.jpg?v=1786182719,in_stock,159.00 EUR,Boomba Bamboo,new,,8720648154911,bamboo-fitted-sheet-for-mattress-topper-space-blue-400tc
8720648154942,Bamboo Fitted Sheet for Mattress Topper Space Blue 400TC,"A premium 100% bamboo fitted sheet for mattress toppers up to 10cm in Space Blue - silky-soft 400TC Tanboocel fabric that's breathable and temperature-regulating for a cool night's sleep, all year round.",https://www.maisondecocon.com/en/products/bamboo-fitted-sheet-for-mattress-topper-space-blue-400tc?variant_sku=8720648154942,https://cdn.shopify.com/s/files/1/0884/0278/8685/files/bamboo-fitted-sheet-mattress-topper-space-blue-corner-fit.jpg?v=1786182719,in_stock,174.00 EUR,Boomba Bamboo,new,,8720648154942,bamboo-fitted-sheet-for-mattress-topper-space-blue-400tc
8720648154881,Bamboo Fitted Sheet for Mattress Topper Space Blue 400TC,"A premium 100% bamboo fitted sheet for mattress toppers up to 10cm in Space Blue - silky-soft 400TC Tanboocel fabric that's breathable and temperature-regulating for a cool night's sleep, all year round.",https://www.maisondecocon.com/en/products/bamboo-fitted-sheet-for-mattress-topper-space-blue-400tc?variant_sku=8720648154881,https://cdn.shopify.com/s/files/1/0884/0278/8685/files/bamboo-fitted-sheet-mattress-topper-space-blue-corner-fit.jpg?v=1786182719,in_stock,144.00 EUR,Boomba Bamboo,new,,8720648154881,bamboo-fitted-sheet-for-mattress-topper-space-blue-400tc
8720648154959,Bamboo Fitted Sheet for Mattress Topper Space Blue 400TC,"A premium 100% bamboo fitted sheet for mattress toppers up to 10cm in Space Blue - silky-soft 400TC Tanboocel fabric that's breathable and temperature-regulating for a cool night's sleep, all year round.",https://www.maisondecocon.com/en/products/bamboo-fitted-sheet-for-mattress-topper-space-blue-400tc?variant_sku=8720648154959,https://cdn.shopify.com/s/files/1/0884/0278/8685/files/bamboo-fitted-sheet-mattress-topper-space-blue-corner-fit.jpg?v=1786182719,in_stock,180.00 EUR,Boomba Bamboo,new,,8720648154959,bamboo-fitted-sheet-for-mattress-topper-space-blue-400tc
8720648154898,Bamboo Fitted Sheet for Mattress Topper Space Blue 400TC,"A premium 100% bamboo fitted sheet for mattress toppers up to 10cm in Space Blue - silky-soft 400TC Tanboocel fabric that's breathable and temperature-regulating for a cool night's sleep, all year round.",https://www.maisondecocon.com/en/products/bamboo-fitted-sheet-for-mattress-topper-space-blue-400tc?variant_sku=8720648154898,https://cdn.shopify.com/s/files/1/0884/0278/8685/files/bamboo-fitted-sheet-mattress-topper-space-blue-corner-fit.jpg?v=1786182719,in_stock,147.00 EUR,Boomba Bamboo,new,,8720648154898,bamboo-fitted-sheet-for-mattress-topper-space-blue-400tc
8720648154904,Bamboo Fitted Sheet for Mattress Topper Space Blue 400TC,"A premium 100% bamboo fitted sheet for mattress toppers up to 10cm in Space Blue - silky-soft 400TC Tanboocel fabric that's breathable and temperature-regulating for a cool night's sleep, all year round.",https://www.maisondecocon.com/en/products/bamboo-fitted-sheet-for-mattress-topper-space-blue-400tc?variant_sku=8720648154904,https://cdn.shopify.com/s/files/1/0884/0278/8685/files/bamboo-fitted-sheet-mattress-topper-space-blue-corner-fit.jpg?v=1786182719,in_stock,156.00 EUR,Boomba Bamboo,new,,8720648154904,bamboo-fitted-sheet-for-mattress-topper-space-blue-400tc
8720648154935,Bamboo Fitted Sheet for Mattress Topper Space Blue 400TC,"A premium 100% bamboo fitted sheet for mattress toppers up to 10cm in Space Blue - silky-soft 400TC Tanboocel fabric that's breathable and temperature-regulating for a cool night's sleep, all year round.",https://www.maisondecocon.com/en/products/bamboo-fitted-sheet-for-mattress-topper-space-blue-400tc?variant_sku=8720648154935,https://cdn.shopify.com/s/files/1/0884/0278/8685/files/bamboo-fitted-sheet-mattress-topper-space-blue-corner-fit.jpg?v=1786182719,in_stock,168.00 EUR,Boomba Bamboo,new,,8720648154935,bamboo-fitted-sheet-for-mattress-topper-space-blue-400tc
8720648154928,Bamboo Fitted Sheet for Mattress Topper Space Blue 400TC,"A premium 100% bamboo fitted sheet for mattress toppers up to 10cm in Space Blue - silky-soft 400TC Tanboocel fabric that's breathable and temperature-regulating for a cool night's sleep, all year round.",https://www.maisondecocon.com/en/products/bamboo-fitted-sheet-for-mattress-topper-space-blue-400tc?variant_sku=8720648154928,https://cdn.shopify.com/s/files/1/0884/0278/8685/files/bamboo-fitted-sheet-mattress-topper-space-blue-corner-fit.jpg?v=1786182719,in_stock,162.00 EUR,Boomba Bamboo,new,,8720648154928,bamboo-fitted-sheet-for-mattress-topper-space-blue-400tc
8720618860200,Bamboo Fitted Sheet for Mattress Topper Cuddle Pink 400TC,"A premium 100% bamboo fitted sheet for mattress toppers up to 10cm in Cuddle Pink - silky-soft 400TC Tanboocel fabric that's breathable and temperature-regulating for a cool night's sleep, all year round.",https://www.maisondecocon.com/en/products/bamboo-fitted-sheet-for-mattress-topper-cuddle-pink-400tc?variant_sku=8720618860200,https://cdn.shopify.com/s/files/1/0884/0278/8685/files/bamboo-fitted-sheet-mattress-topper-cuddle-pink-corner-detail.jpg?v=1786133940,in_stock,162.00 EUR,Boomba Bamboo,new,,8720618860200,bamboo-fitted-sheet-for-mattress-topper-cuddle-pink-400tc
8720618860217,Bamboo Fitted Sheet for Mattress Topper Cuddle Pink 400TC,"A premium 100% bamboo fitted sheet for mattress toppers up to 10cm in Cuddle Pink - silky-soft 400TC Tanboocel fabric that's breathable and temperature-regulating for a cool night's sleep, all year round.",https://www.maisondecocon.com/en/products/bamboo-fitted-sheet-for-mattress-topper-cuddle-pink-400tc?variant_sku=8720618860217,https://cdn.shopify.com/s/files/1/0884/0278/8685/files/bamboo-fitted-sheet-mattress-topper-cuddle-pink-corner-detail.jpg?v=1786133940,in_stock,168.00 EUR,Boomba Bamboo,new,,8720618860217,bamboo-fitted-sheet-for-mattress-topper-cuddle-pink-400tc
8720618860170,Bamboo Fitted Sheet for Mattress Topper Cuddle Pink 400TC,"A premium 100% bamboo fitted sheet for mattress toppers up to 10cm in Cuddle Pink - silky-soft 400TC Tanboocel fabric that's breathable and temperature-regulating for a cool night's sleep, all year round.",https://www.maisondecocon.com/en/products/bamboo-fitted-sheet-for-mattress-topper-cuddle-pink-400tc?variant_sku=8720618860170,https://cdn.shopify.com/s/files/1/0884/0278/8685/files/bamboo-fitted-sheet-mattress-topper-cuddle-pink-corner-detail.jpg?v=1786133940,in_stock,147.00 EUR,Boomba Bamboo,new,,8720618860170,bamboo-fitted-sheet-for-mattress-topper-cuddle-pink-400tc
8720618860163,Bamboo Fitted Sheet for Mattress Topper Cuddle Pink 400TC,"A premium 100% bamboo fitted sheet for mattress toppers up to 10cm in Cuddle Pink - silky-soft 400TC Tanboocel fabric that's breathable and temperature-regulating for a cool night's sleep, all year round.",https://www.maisondecocon.com/en/products/bamboo-fitted-sheet-for-mattress-topper-cuddle-pink-400tc?variant_sku=8720618860163,https://cdn.shopify.com/s/files/1/0884/0278/8685/files/bamboo-fitted-sheet-mattress-topper-cuddle-pink-corner-detail.jpg?v=1786133940,in_stock,144.00 EUR,Boomba Bamboo,new,,8720618860163,bamboo-fitted-sheet-for-mattress-topper-cuddle-pink-400tc
8720618860187,Bamboo Fitted Sheet for Mattress Topper Cuddle Pink 400TC,"A premium 100% bamboo fitted sheet for mattress toppers up to 10cm in Cuddle Pink - silky-soft 400TC Tanboocel fabric that's breathable and temperature-regulating for a cool night's sleep, all year round.",https://www.maisondecocon.com/en/products/bamboo-fitted-sheet-for-mattress-topper-cuddle-pink-400tc?variant_sku=8720618860187,https://cdn.shopify.com/s/files/1/0884/0278/8685/files/bamboo-fitted-sheet-mattress-topper-cuddle-pink-corner-detail.jpg?v=1786133940,in_stock,156.00 EUR,Boomba Bamboo,new,,8720618860187,bamboo-fitted-sheet-for-mattress-topper-cuddle-pink-400tc
8720618860224,Bamboo Fitted Sheet for Mattress Topper Cuddle Pink 400TC,"A premium 100% bamboo fitted sheet for mattress toppers up to 10cm in Cuddle Pink - silky-soft 400TC Tanboocel fabric that's breathable and temperature-regulating for a cool night's sleep, all year round.",https://www.maisondecocon.com/en/products/bamboo-fitted-sheet-for-mattress-topper-cuddle-pink-400tc?variant_sku=8720618860224,https://cdn.shopify.com/s/files/1/0884/0278/8685/files/bamboo-fitted-sheet-mattress-topper-cuddle-pink-corner-detail.jpg?v=1786133940,in_stock,174.00 EUR,Boomba Bamboo,new,,8720618860224,bamboo-fitted-sheet-for-mattress-topper-cuddle-pink-400tc
8720618860194,Bamboo Fitted Sheet for Mattress Topper Cuddle Pink 400TC,"A premium 100% bamboo fitted sheet for mattress toppers up to 10cm in Cuddle Pink - silky-soft 400TC Tanboocel fabric that's breathable and temperature-regulating for a cool night's sleep, all year round.",https://www.maisondecocon.com/en/products/bamboo-fitted-sheet-for-mattress-topper-cuddle-pink-400tc?variant_sku=8720618860194,https://cdn.shopify.com/s/files/1/0884/0278/8685/files/bamboo-fitted-sheet-mattress-topper-cuddle-pink-corner-detail.jpg?v=1786133940,in_stock,159.00 EUR,Boomba Bamboo,new,,8720618860194,bamboo-fitted-sheet-for-mattress-topper-cuddle-pink-400tc
8720618860231,Bamboo Fitted Sheet for Mattress Topper Cuddle Pink 400TC,"A premium 100% bamboo fitted sheet for mattress toppers up to 10cm in Cuddle Pink - silky-soft 400TC Tanboocel fabric that's breathable and temperature-regulating for a cool night's sleep, all year round.",https://www.maisondecocon.com/en/products/bamboo-fitted-sheet-for-mattress-topper-cuddle-pink-400tc?variant_sku=8720618860231,https://cdn.shopify.com/s/files/1/0884/0278/8685/files/bamboo-fitted-sheet-mattress-topper-cuddle-pink-corner-detail.jpg?v=1786133940,in_stock,180.00 EUR,Boomba Bamboo,new,,8720618860231,bamboo-fitted-sheet-for-mattress-topper-cuddle-pink-400tc
6666668014050,1-Person Bamboo Bedding Set Sky Blue 400TC,"A fresh, light 400TC bamboo bedding set for one in Sky Blue - breathable, hypoallergenic, and gentle on skin for a hotel-worthy night's sleep.",https://www.maisondecocon.com/en/products/1-person-bamboo-bedding-set-sky-blue-400tc?variant_sku=6666668014050,https://cdn.shopify.com/s/files/1/0884/0278/8685/files/bamboo-bedding-set-sky-blue-1-person-bedroom-lifestyle.jpg?v=1786136328,in_stock,483.00 EUR,Boomba Bamboo,new,,6666668014050,1-person-bamboo-bedding-set-sky-blue-400tc
6666669014050,1-Person Bamboo Bedding Set Sky Blue 400TC,"A fresh, light 400TC bamboo bedding set for one in Sky Blue - breathable, hypoallergenic, and gentle on skin for a hotel-worthy night's sleep.",https://www.maisondecocon.com/en/products/1-person-bamboo-bedding-set-sky-blue-400tc?variant_sku=6666669014050,https://cdn.shopify.com/s/files/1/0884/0278/8685/files/bamboo-bedding-set-sky-blue-1-person-bedroom-lifestyle.jpg?v=1786136328,in_stock,492.00 EUR,Boomba Bamboo,new,,6666669014050,1-person-bamboo-bedding-set-sky-blue-400tc
1111118014050,1-Person Bamboo Bedding Set Soft Taupe 400TC,"A warm, elegant 400TC bamboo bedding set for one in Soft Taupe - breathable, hypoallergenic, and gentle on skin for a hotel-worthy night's sleep.",https://www.maisondecocon.com/en/products/1-person-bamboo-bedding-set-soft-taupe-400tc?variant_sku=1111118014050,https://cdn.shopify.com/s/files/1/0884/0278/8685/files/bamboo-bedding-set-soft-taupe-1-person-bedroom-lifestyle.jpg?v=1786109315,in_stock,483.00 EUR,Boomba Bamboo,new,,1111118014050,1-person-bamboo-bedding-set-soft-taupe-400tc
1111119014050,1-Person Bamboo Bedding Set Soft Taupe 400TC,"A warm, elegant 400TC bamboo bedding set for one in Soft Taupe - breathable, hypoallergenic, and gentle on skin for a hotel-worthy night's sleep.",https://www.maisondecocon.com/en/products/1-person-bamboo-bedding-set-soft-taupe-400tc?variant_sku=1111119014050,https://cdn.shopify.com/s/files/1/0884/0278/8685/files/bamboo-bedding-set-soft-taupe-1-person-bedroom-lifestyle.jpg?v=1786109315,out_of_stock,492.00 EUR,Boomba Bamboo,new,,1111119014050,1-person-bamboo-bedding-set-soft-taupe-400tc
2222228014050,1-Person Bamboo Bedding Set Space Blue 400TC,"A deep, modern 400TC bamboo bedding set for one in Space Blue - breathable, hypoallergenic, and gentle on skin for a hotel-worthy night's sleep.",https://www.maisondecocon.com/en/products/1-person-bamboo-bedding-set-space-blue-400tc?variant_sku=2222228014050,https://cdn.shopify.com/s/files/1/0884/0278/8685/files/bamboo-bedding-set-space-blue-1-person-bedroom-lifestyle.jpg?v=1786108831,in_stock,483.00 EUR,Boomba Bamboo,new,,2222228014050,1-person-bamboo-bedding-set-space-blue-400tc
2222229014050,1-Person Bamboo Bedding Set Space Blue 400TC,"A deep, modern 400TC bamboo bedding set for one in Space Blue - breathable, hypoallergenic, and gentle on skin for a hotel-worthy night's sleep.",https://www.maisondecocon.com/en/products/1-person-bamboo-bedding-set-space-blue-400tc?variant_sku=2222229014050,https://cdn.shopify.com/s/files/1/0884/0278/8685/files/bamboo-bedding-set-space-blue-1-person-bedroom-lifestyle.jpg?v=1786108831,in_stock,492.00 EUR,Boomba Bamboo,new,,2222229014050,1-person-bamboo-bedding-set-space-blue-400tc
7777778014050,1-Person Bamboo Bedding Set Deep Moss 400TC,"A rich, luxuriously soft 400TC bamboo bedding set for one in deep, natural Deep Moss - breathable, hypoallergenic, and gentle on skin for a hotel-worthy night's sleep.",https://www.maisondecocon.com/en/products/1-person-bamboo-bedding-set-deep-moss-400tc?variant_sku=7777778014050,https://cdn.shopify.com/s/files/1/0884/0278/8685/files/bamboo-bedding-set-deep-moss-1-person-bedroom-lifestyle.jpg?v=1786108261,in_stock,483.00 EUR,Boomba Bamboo,new,,7777778014050,1-person-bamboo-bedding-set-deep-moss-400tc
77777719014050,1-Person Bamboo Bedding Set Deep Moss 400TC,"A rich, luxuriously soft 400TC bamboo bedding set for one in deep, natural Deep Moss - breathable, hypoallergenic, and gentle on skin for a hotel-worthy night's sleep.",https://www.maisondecocon.com/en/products/1-person-bamboo-bedding-set-deep-moss-400tc?variant_sku=77777719014050,https://cdn.shopify.com/s/files/1/0884/0278/8685/files/bamboo-bedding-set-deep-moss-1-person-bedroom-lifestyle.jpg?v=1786108261,in_stock,492.00 EUR,Boomba Bamboo,new,,77777719014050,1-person-bamboo-bedding-set-deep-moss-400tc
6666614020060,2-Person Bamboo Bedding Set Sky Blue 400TC,"A fresh, light 400TC bamboo bedding set for two in Sky Blue — breathable, hypoallergenic, and gentle on skin for a hotel-worthy night's sleep.",https://www.maisondecocon.com/en/products/2-person-bamboo-bedding-set-sky-blue-400tc?variant_sku=6666614020060,https://cdn.shopify.com/s/files/1/0884/0278/8685/files/bamboo-bedding-set-sky-blue-2-person-bedroom-lifestyle.jpg?v=1786106661,in_stock,561.00 EUR,Boomba Bamboo,new,,6666614020060,2-person-bamboo-bedding-set-sky-blue-400tc
6666620026060,2-Person Bamboo Bedding Set Sky Blue 400TC,"A fresh, light 400TC bamboo bedding set for two in Sky Blue — breathable, hypoallergenic, and gentle on skin for a hotel-worthy night's sleep.",https://www.maisondecocon.com/en/products/2-person-bamboo-bedding-set-sky-blue-400tc?variant_sku=6666620026060,https://cdn.shopify.com/s/files/1/0884/0278/8685/files/bamboo-bedding-set-sky-blue-2-person-bedroom-lifestyle.jpg?v=1786106661,in_stock,669.00 EUR,Boomba Bamboo,new,,6666620026060,2-person-bamboo-bedding-set-sky-blue-400tc
6666618024060,2-Person Bamboo Bedding Set Sky Blue 400TC,"A fresh, light 400TC bamboo bedding set for two in Sky Blue — breathable, hypoallergenic, and gentle on skin for a hotel-worthy night's sleep.",https://www.maisondecocon.com/en/products/2-person-bamboo-bedding-set-sky-blue-400tc?variant_sku=6666618024060,https://cdn.shopify.com/s/files/1/0884/0278/8685/files/bamboo-bedding-set-sky-blue-2-person-bedroom-lifestyle.jpg?v=1786106661,in_stock,642.00 EUR,Boomba Bamboo,new,,6666618024060,2-person-bamboo-bedding-set-sky-blue-400tc
6666616020060,2-Person Bamboo Bedding Set Sky Blue 400TC,"A fresh, light 400TC bamboo bedding set for two in Sky Blue — breathable, hypoallergenic, and gentle on skin for a hotel-worthy night's sleep.",https://www.maisondecocon.com/en/products/2-person-bamboo-bedding-set-sky-blue-400tc?variant_sku=6666616020060,https://cdn.shopify.com/s/files/1/0884/0278/8685/files/bamboo-bedding-set-sky-blue-2-person-bedroom-lifestyle.jpg?v=1786106661,in_stock,564.00 EUR,Boomba Bamboo,new,,6666616020060,2-person-bamboo-bedding-set-sky-blue-400tc
4444420026060,2-Person Bamboo Bedding Set Cuddle Pink 400TC,"A warm, cozy 400TC bamboo bedding set for two in Cuddle Pink - breathable, hypoallergenic, and gentle on skin for a hotel-worthy night's sleep.",https://www.maisondecocon.com/en/products/2-person-bamboo-bedding-set-cuddle-pink-400tc?variant_sku=4444420026060,https://cdn.shopify.com/s/files/1/0884/0278/8685/files/bamboo-bedding-set-cuddle-pink-2-person-bedroom-lifestyle.jpg?v=1786105518,in_stock,669.00 EUR,Boomba Bamboo,new,,4444420026060,2-person-bamboo-bedding-set-cuddle-pink-400tc
4444414020060,2-Person Bamboo Bedding Set Cuddle Pink 400TC,"A warm, cozy 400TC bamboo bedding set for two in Cuddle Pink - breathable, hypoallergenic, and gentle on skin for a hotel-worthy night's sleep.",https://www.maisondecocon.com/en/products/2-person-bamboo-bedding-set-cuddle-pink-400tc?variant_sku=4444414020060,https://cdn.shopify.com/s/files/1/0884/0278/8685/files/bamboo-bedding-set-cuddle-pink-2-person-bedroom-lifestyle.jpg?v=1786105518,out_of_stock,561.00 EUR,Boomba Bamboo,new,,4444414020060,2-person-bamboo-bedding-set-cuddle-pink-400tc
4444416020060,2-Person Bamboo Bedding Set Cuddle Pink 400TC,"A warm, cozy 400TC bamboo bedding set for two in Cuddle Pink - breathable, hypoallergenic, and gentle on skin for a hotel-worthy night's sleep.",https://www.maisondecocon.com/en/products/2-person-bamboo-bedding-set-cuddle-pink-400tc?variant_sku=4444416020060,https://cdn.shopify.com/s/files/1/0884/0278/8685/files/bamboo-bedding-set-cuddle-pink-2-person-bedroom-lifestyle.jpg?v=1786105518,out_of_stock,564.00 EUR,Boomba Bamboo,new,,4444416020060,2-person-bamboo-bedding-set-cuddle-pink-400tc
4444418024060,2-Person Bamboo Bedding Set Cuddle Pink 400TC,"A warm, cozy 400TC bamboo bedding set for two in Cuddle Pink - breathable, hypoallergenic, and gentle on skin for a hotel-worthy night's sleep.",https://www.maisondecocon.com/en/products/2-person-bamboo-bedding-set-cuddle-pink-400tc?variant_sku=4444418024060,https://cdn.shopify.com/s/files/1/0884/0278/8685/files/bamboo-bedding-set-cuddle-pink-2-person-bedroom-lifestyle.jpg?v=1786105518,in_stock,642.00 EUR,Boomba Bamboo,new,,4444418024060,2-person-bamboo-bedding-set-cuddle-pink-400tc
3333318024060,2-Person Bamboo Bedding Set Sage Green 400TC,"A natural, restful 400TC bamboo bedding set for two in Sage Green - breathable, hypoallergenic, and gentle on skin for a hotel-worthy night's sleep.",https://www.maisondecocon.com/en/products/2-person-bamboo-bedding-set-sage-green-400tc?variant_sku=3333318024060,https://cdn.shopify.com/s/files/1/0884/0278/8685/files/bamboo-bedding-set-sage-green-2-person-bedroom-lifestyle.jpg?v=1786105890,out_of_stock,642.00 EUR,Boomba Bamboo,new,,3333318024060,2-person-bamboo-bedding-set-sage-green-400tc
3333314020060,2-Person Bamboo Bedding Set Sage Green 400TC,"A natural, restful 400TC bamboo bedding set for two in Sage Green - breathable, hypoallergenic, and gentle on skin for a hotel-worthy night's sleep.",https://www.maisondecocon.com/en/products/2-person-bamboo-bedding-set-sage-green-400tc?variant_sku=3333314020060,https://cdn.shopify.com/s/files/1/0884/0278/8685/files/bamboo-bedding-set-sage-green-2-person-bedroom-lifestyle.jpg?v=1786105890,in_stock,561.00 EUR,Boomba Bamboo,new,,3333314020060,2-person-bamboo-bedding-set-sage-green-400tc
3333316020060,2-Person Bamboo Bedding Set Sage Green 400TC,"A natural, restful 400TC bamboo bedding set for two in Sage Green - breathable, hypoallergenic, and gentle on skin for a hotel-worthy night's sleep.",https://www.maisondecocon.com/en/products/2-person-bamboo-bedding-set-sage-green-400tc?variant_sku=3333316020060,https://cdn.shopify.com/s/files/1/0884/0278/8685/files/bamboo-bedding-set-sage-green-2-person-bedroom-lifestyle.jpg?v=1786105890,in_stock,564.00 EUR,Boomba Bamboo,new,,3333316020060,2-person-bamboo-bedding-set-sage-green-400tc
3333200026060,2-Person Bamboo Bedding Set Sage Green 400TC,"A natural, restful 400TC bamboo bedding set for two in Sage Green - breathable, hypoallergenic, and gentle on skin for a hotel-worthy night's sleep.",https://www.maisondecocon.com/en/products/2-person-bamboo-bedding-set-sage-green-400tc?variant_sku=3333200026060,https://cdn.shopify.com/s/files/1/0884/0278/8685/files/bamboo-bedding-set-sage-green-2-person-bedroom-lifestyle.jpg?v=1786105890,in_stock,669.00 EUR,Boomba Bamboo,new,,3333200026060,2-person-bamboo-bedding-set-sage-green-400tc
8888886020060,2-Person Bamboo Bedding Set Lavender Mist 400TC,"A soft, serene 400TC bamboo bedding set for two in Lavender Mist - breathable, hypoallergenic, and gentle on skin for a hotel-worthy night's sleep.",https://www.maisondecocon.com/en/products/2-person-bamboo-bedding-set-lavender-mist-400tc?variant_sku=8888886020060,https://cdn.shopify.com/s/files/1/0884/0278/8685/files/bamboo-bedding-set-lavender-mist-2-person-bedroom-lifestyle.jpg?v=1786104978,in_stock,564.00 EUR,Boomba Bamboo,new,,8888886020060,2-person-bamboo-bedding-set-lavender-mist-400tc
8888888024060,2-Person Bamboo Bedding Set Lavender Mist 400TC,"A soft, serene 400TC bamboo bedding set for two in Lavender Mist - breathable, hypoallergenic, and gentle on skin for a hotel-worthy night's sleep.",https://www.maisondecocon.com/en/products/2-person-bamboo-bedding-set-lavender-mist-400tc?variant_sku=8888888024060,https://cdn.shopify.com/s/files/1/0884/0278/8685/files/bamboo-bedding-set-lavender-mist-2-person-bedroom-lifestyle.jpg?v=1786104978,in_stock,642.00 EUR,Boomba Bamboo,new,,8888888024060,2-person-bamboo-bedding-set-lavender-mist-400tc
8888884020060,2-Person Bamboo Bedding Set Lavender Mist 400TC,"A soft, serene 400TC bamboo bedding set for two in Lavender Mist - breathable, hypoallergenic, and gentle on skin for a hotel-worthy night's sleep.",https://www.maisondecocon.com/en/products/2-person-bamboo-bedding-set-lavender-mist-400tc?variant_sku=8888884020060,https://cdn.shopify.com/s/files/1/0884/0278/8685/files/bamboo-bedding-set-lavender-mist-2-person-bedroom-lifestyle.jpg?v=1786104978,in_stock,561.00 EUR,Boomba Bamboo,new,,8888884020060,2-person-bamboo-bedding-set-lavender-mist-400tc
88888820026060,2-Person Bamboo Bedding Set Lavender Mist 400TC,"A soft, serene 400TC bamboo bedding set for two in Lavender Mist - breathable, hypoallergenic, and gentle on skin for a hotel-worthy night's sleep.",https://www.maisondecocon.com/en/products/2-person-bamboo-bedding-set-lavender-mist-400tc?variant_sku=88888820026060,https://cdn.shopify.com/s/files/1/0884/0278/8685/files/bamboo-bedding-set-lavender-mist-2-person-bedroom-lifestyle.jpg?v=1786104978,in_stock,669.00 EUR,Boomba Bamboo,new,,88888820026060,2-person-bamboo-bedding-set-lavender-mist-400tc
2222218024060,2-Person Bamboo Bedding Set Space Blue 400TC,"A deep, modern 400TC bamboo bedding set for two in Space Blue - breathable, hypoallergenic, and gentle on skin for a hotel-worthy night's sleep.",https://www.maisondecocon.com/en/products/2-person-bamboo-bedding-set-space-blue-400tc?variant_sku=2222218024060,https://cdn.shopify.com/s/files/1/0884/0278/8685/files/bamboo-bedding-set-space-blue-2-person-bedroom-lifestyle.jpg?v=1786104405,in_stock,642.00 EUR,Boomba Bamboo,new,,2222218024060,2-person-bamboo-bedding-set-space-blue-400tc
2222216020060,2-Person Bamboo Bedding Set Space Blue 400TC,"A deep, modern 400TC bamboo bedding set for two in Space Blue - breathable, hypoallergenic, and gentle on skin for a hotel-worthy night's sleep.",https://www.maisondecocon.com/en/products/2-person-bamboo-bedding-set-space-blue-400tc?variant_sku=2222216020060,https://cdn.shopify.com/s/files/1/0884/0278/8685/files/bamboo-bedding-set-space-blue-2-person-bedroom-lifestyle.jpg?v=1786104405,in_stock,564.00 EUR,Boomba Bamboo,new,,2222216020060,2-person-bamboo-bedding-set-space-blue-400tc
2222220026060,2-Person Bamboo Bedding Set Space Blue 400TC,"A deep, modern 400TC bamboo bedding set for two in Space Blue - breathable, hypoallergenic, and gentle on skin for a hotel-worthy night's sleep.",https://www.maisondecocon.com/en/products/2-person-bamboo-bedding-set-space-blue-400tc?variant_sku=2222220026060,https://cdn.shopify.com/s/files/1/0884/0278/8685/files/bamboo-bedding-set-space-blue-2-person-bedroom-lifestyle.jpg?v=1786104405,in_stock,669.00 EUR,Boomba Bamboo,new,,2222220026060,2-person-bamboo-bedding-set-space-blue-400tc
2222214020060,2-Person Bamboo Bedding Set Space Blue 400TC,"A deep, modern 400TC bamboo bedding set for two in Space Blue - breathable, hypoallergenic, and gentle on skin for a hotel-worthy night's sleep.",https://www.maisondecocon.com/en/products/2-person-bamboo-bedding-set-space-blue-400tc?variant_sku=2222214020060,https://cdn.shopify.com/s/files/1/0884/0278/8685/files/bamboo-bedding-set-space-blue-2-person-bedroom-lifestyle.jpg?v=1786104405,in_stock,561.00 EUR,Boomba Bamboo,new,,2222214020060,2-person-bamboo-bedding-set-space-blue-400tc
1111118024060,2-Person Bamboo Bedding Set Soft Taupe 400TC,"A warm, elegant 400TC bamboo bedding set for two in Soft Taupe - breathable, hypoallergenic, and gentle on skin for a hotel-worthy night's sleep.",https://www.maisondecocon.com/en/products/2-person-bamboo-bedding-set-soft-taupe-400tc?variant_sku=1111118024060,https://cdn.shopify.com/s/files/1/0884/0278/8685/files/bamboo-bedding-set-soft-taupe-2-person-bedroom-lifestyle.jpg?v=1786103879,out_of_stock,642.00 EUR,Boomba Bamboo,new,,1111118024060,2-person-bamboo-bedding-set-soft-taupe-400tc
1111116020060,2-Person Bamboo Bedding Set Soft Taupe 400TC,"A warm, elegant 400TC bamboo bedding set for two in Soft Taupe - breathable, hypoallergenic, and gentle on skin for a hotel-worthy night's sleep.",https://www.maisondecocon.com/en/products/2-person-bamboo-bedding-set-soft-taupe-400tc?variant_sku=1111116020060,https://cdn.shopify.com/s/files/1/0884/0278/8685/files/bamboo-bedding-set-soft-taupe-2-person-bedroom-lifestyle.jpg?v=1786103879,out_of_stock,564.00 EUR,Boomba Bamboo,new,,1111116020060,2-person-bamboo-bedding-set-soft-taupe-400tc
1111120026060,2-Person Bamboo Bedding Set Soft Taupe 400TC,"A warm, elegant 400TC bamboo bedding set for two in Soft Taupe - breathable, hypoallergenic, and gentle on skin for a hotel-worthy night's sleep.",https://www.maisondecocon.com/en/products/2-person-bamboo-bedding-set-soft-taupe-400tc?variant_sku=1111120026060,https://cdn.shopify.com/s/files/1/0884/0278/8685/files/bamboo-bedding-set-soft-taupe-2-person-bedroom-lifestyle.jpg?v=1786103879,in_stock,669.00 EUR,Boomba Bamboo,new,,1111120026060,2-person-bamboo-bedding-set-soft-taupe-400tc
1111114020060,2-Person Bamboo Bedding Set Soft Taupe 400TC,"A warm, elegant 400TC bamboo bedding set for two in Soft Taupe - breathable, hypoallergenic, and gentle on skin for a hotel-worthy night's sleep.",https://www.maisondecocon.com/en/products/2-person-bamboo-bedding-set-soft-taupe-400tc?variant_sku=1111114020060,https://cdn.shopify.com/s/files/1/0884/0278/8685/files/bamboo-bedding-set-soft-taupe-2-person-bedroom-lifestyle.jpg?v=1786103879,out_of_stock,561.00 EUR,Boomba Bamboo,new,,1111114020060,2-person-bamboo-bedding-set-soft-taupe-400tc
5555518024060,2-Person Bamboo Bedding Set Coco White 400TC,"A luxuriously soft 400TC bamboo bedding set for two in fresh, timeless Coco White - breathable, hypoallergenic, and gentle on skin for a hotel-worthy night's sleep.",https://www.maisondecocon.com/en/products/white-bamboo-bedding-set-2-person-400tc-tanboocel-coco-white?variant_sku=5555518024060,https://cdn.shopify.com/s/files/1/0884/0278/8685/files/bamboo-bedding-set-coco-white-2-person-window-lifestyle.jpg?v=1786099507,out_of_stock,642.00 EUR,Boomba Bamboo,new,,5555518024060,white-bamboo-bedding-set-2-person-400tc-tanboocel-coco-white
5555516020060,2-Person Bamboo Bedding Set Coco White 400TC,"A luxuriously soft 400TC bamboo bedding set for two in fresh, timeless Coco White - breathable, hypoallergenic, and gentle on skin for a hotel-worthy night's sleep.",https://www.maisondecocon.com/en/products/white-bamboo-bedding-set-2-person-400tc-tanboocel-coco-white?variant_sku=5555516020060,https://cdn.shopify.com/s/files/1/0884/0278/8685/files/bamboo-bedding-set-coco-white-2-person-window-lifestyle.jpg?v=1786099507,in_stock,564.00 EUR,Boomba Bamboo,new,,5555516020060,white-bamboo-bedding-set-2-person-400tc-tanboocel-coco-white
5555520026060,2-Person Bamboo Bedding Set Coco White 400TC,"A luxuriously soft 400TC bamboo bedding set for two in fresh, timeless Coco White - breathable, hypoallergenic, and gentle on skin for a hotel-worthy night's sleep.",https://www.maisondecocon.com/en/products/white-bamboo-bedding-set-2-person-400tc-tanboocel-coco-white?variant_sku=5555520026060,https://cdn.shopify.com/s/files/1/0884/0278/8685/files/bamboo-bedding-set-coco-white-2-person-window-lifestyle.jpg?v=1786099507,in_stock,669.00 EUR,Boomba Bamboo,new,,5555520026060,white-bamboo-bedding-set-2-person-400tc-tanboocel-coco-white
5555514020060,2-Person Bamboo Bedding Set Coco White 400TC,"A luxuriously soft 400TC bamboo bedding set for two in fresh, timeless Coco White - breathable, hypoallergenic, and gentle on skin for a hotel-worthy night's sleep.",https://www.maisondecocon.com/en/products/white-bamboo-bedding-set-2-person-400tc-tanboocel-coco-white?variant_sku=5555514020060,https://cdn.shopify.com/s/files/1/0884/0278/8685/files/bamboo-bedding-set-coco-white-2-person-window-lifestyle.jpg?v=1786099507,in_stock,561.00 EUR,Boomba Bamboo,new,,5555514020060,white-bamboo-bedding-set-2-person-400tc-tanboocel-coco-white
3333338014050,1-Person Bamboo Bedding Set Sage Green 400TC,"A luxuriously soft 400TC bamboo bedding set for one in soothing Sage Green — breathable, hypoallergenic, and gentle on skin for a hotel-worthy night's sleep.",https://www.maisondecocon.com/en/products/light-green-bamboo-bedding-set-1-person-400tc-tanboocel-sage-green?variant_sku=3333338014050,https://cdn.shopify.com/s/files/1/0884/0278/8685/files/bamboo-bedding-set-sage-green-1-person-bedroom-lifestyle.jpg?v=1786098283,in_stock,483.00 EUR,Boomba Bamboo,new,,3333338014050,light-green-bamboo-bedding-set-1-person-400tc-tanboocel-sage-green
3333339014050,1-Person Bamboo Bedding Set Sage Green 400TC,"A luxuriously soft 400TC bamboo bedding set for one in soothing Sage Green — breathable, hypoallergenic, and gentle on skin for a hotel-worthy night's sleep.",https://www.maisondecocon.com/en/products/light-green-bamboo-bedding-set-1-person-400tc-tanboocel-sage-green?variant_sku=3333339014050,https://cdn.shopify.com/s/files/1/0884/0278/8685/files/bamboo-bedding-set-sage-green-1-person-bedroom-lifestyle.jpg?v=1786098283,in_stock,492.00 EUR,Boomba Bamboo,new,,3333339014050,light-green-bamboo-bedding-set-1-person-400tc-tanboocel-sage-green
8720828225356,Bamboo Fitted Sheet for Mattress Topper Sky Blue 400TC,"A premium 100% bamboo fitted sheet for mattress toppers up to 10cm in Sky Blue - silky-soft 400TC Tanboocel fabric that's breathable and temperature-regulating for a cool night's sleep, all year round.",https://www.maisondecocon.com/en/products/bamboo-fitted-sheet-for-mattress-topper-sky-blue-400tc?variant_sku=8720828225356,https://cdn.shopify.com/s/files/1/0884/0278/8685/files/bamboo-fitted-sheet-mattress-topper-sky-blue-seam-detail.jpg?v=1786097156,in_stock,156.00 EUR,Boomba Bamboo,new,,8720828225356,bamboo-fitted-sheet-for-mattress-topper-sky-blue-400tc
8720828225363,Bamboo Fitted Sheet for Mattress Topper Sky Blue 400TC,"A premium 100% bamboo fitted sheet for mattress toppers up to 10cm in Sky Blue - silky-soft 400TC Tanboocel fabric that's breathable and temperature-regulating for a cool night's sleep, all year round.",https://www.maisondecocon.com/en/products/bamboo-fitted-sheet-for-mattress-topper-sky-blue-400tc?variant_sku=8720828225363,https://cdn.shopify.com/s/files/1/0884/0278/8685/files/bamboo-fitted-sheet-mattress-topper-sky-blue-seam-detail.jpg?v=1786097156,in_stock,159.00 EUR,Boomba Bamboo,new,,8720828225363,bamboo-fitted-sheet-for-mattress-topper-sky-blue-400tc
8720828225400,Bamboo Fitted Sheet for Mattress Topper Sky Blue 400TC,"A premium 100% bamboo fitted sheet for mattress toppers up to 10cm in Sky Blue - silky-soft 400TC Tanboocel fabric that's breathable and temperature-regulating for a cool night's sleep, all year round.",https://www.maisondecocon.com/en/products/bamboo-fitted-sheet-for-mattress-topper-sky-blue-400tc?variant_sku=8720828225400,https://cdn.shopify.com/s/files/1/0884/0278/8685/files/bamboo-fitted-sheet-mattress-topper-sky-blue-seam-detail.jpg?v=1786097156,in_stock,180.00 EUR,Boomba Bamboo,new,,8720828225400,bamboo-fitted-sheet-for-mattress-topper-sky-blue-400tc
8720828225387,Bamboo Fitted Sheet for Mattress Topper Sky Blue 400TC,"A premium 100% bamboo fitted sheet for mattress toppers up to 10cm in Sky Blue - silky-soft 400TC Tanboocel fabric that's breathable and temperature-regulating for a cool night's sleep, all year round.",https://www.maisondecocon.com/en/products/bamboo-fitted-sheet-for-mattress-topper-sky-blue-400tc?variant_sku=8720828225387,https://cdn.shopify.com/s/files/1/0884/0278/8685/files/bamboo-fitted-sheet-mattress-topper-sky-blue-seam-detail.jpg?v=1786097156,in_stock,168.00 EUR,Boomba Bamboo,new,,8720828225387,bamboo-fitted-sheet-for-mattress-topper-sky-blue-400tc
8720828225394,Bamboo Fitted Sheet for Mattress Topper Sky Blue 400TC,"A premium 100% bamboo fitted sheet for mattress toppers up to 10cm in Sky Blue - silky-soft 400TC Tanboocel fabric that's breathable and temperature-regulating for a cool night's sleep, all year round.",https://www.maisondecocon.com/en/products/bamboo-fitted-sheet-for-mattress-topper-sky-blue-400tc?variant_sku=8720828225394,https://cdn.shopify.com/s/files/1/0884/0278/8685/files/bamboo-fitted-sheet-mattress-topper-sky-blue-seam-detail.jpg?v=1786097156,in_stock,174.00 EUR,Boomba Bamboo,new,,8720828225394,bamboo-fitted-sheet-for-mattress-topper-sky-blue-400tc
8720828225332,Bamboo Fitted Sheet for Mattress Topper Sky Blue 400TC,"A premium 100% bamboo fitted sheet for mattress toppers up to 10cm in Sky Blue - silky-soft 400TC Tanboocel fabric that's breathable and temperature-regulating for a cool night's sleep, all year round.",https://www.maisondecocon.com/en/products/bamboo-fitted-sheet-for-mattress-topper-sky-blue-400tc?variant_sku=8720828225332,https://cdn.shopify.com/s/files/1/0884/0278/8685/files/bamboo-fitted-sheet-mattress-topper-sky-blue-seam-detail.jpg?v=1786097156,in_stock,144.00 EUR,Boomba Bamboo,new,,8720828225332,bamboo-fitted-sheet-for-mattress-topper-sky-blue-400tc
8720828225370,Bamboo Fitted Sheet for Mattress Topper Sky Blue 400TC,"A premium 100% bamboo fitted sheet for mattress toppers up to 10cm in Sky Blue - silky-soft 400TC Tanboocel fabric that's breathable and temperature-regulating for a cool night's sleep, all year round.",https://www.maisondecocon.com/en/products/bamboo-fitted-sheet-for-mattress-topper-sky-blue-400tc?variant_sku=8720828225370,https://cdn.shopify.com/s/files/1/0884/0278/8685/files/bamboo-fitted-sheet-mattress-topper-sky-blue-seam-detail.jpg?v=1786097156,in_stock,162.00 EUR,Boomba Bamboo,new,,8720828225370,bamboo-fitted-sheet-for-mattress-topper-sky-blue-400tc
8720828225349,Bamboo Fitted Sheet for Mattress Topper Sky Blue 400TC,"A premium 100% bamboo fitted sheet for mattress toppers up to 10cm in Sky Blue - silky-soft 400TC Tanboocel fabric that's breathable and temperature-regulating for a cool night's sleep, all year round.",https://www.maisondecocon.com/en/products/bamboo-fitted-sheet-for-mattress-topper-sky-blue-400tc?variant_sku=8720828225349,https://cdn.shopify.com/s/files/1/0884/0278/8685/files/bamboo-fitted-sheet-mattress-topper-sky-blue-seam-detail.jpg?v=1786097156,in_stock,147.00 EUR,Boomba Bamboo,new,,8720828225349,bamboo-fitted-sheet-for-mattress-topper-sky-blue-400tc
