id,title,description,link,image_link,additional_image_link,availability,price,brand,condition,gtin,mpn,item_group_id,color,size,material
7194,Polsterbett Bremen – Similicuir Mink 180×200,"Lit double au design moderne doté d'une tête de lit originale en similicuir couleur vison et d'une structure en bois teinte noyer foncé. Une pièce maîtresse pour votre chambre, apportant une atmosphère élégante et chaleureuse. Comprend un sommier confortable en bois recouvert d'un tissu antidérapant marron. Le revêtement en similicuir de ce lit devient l'élément central de votre pièce, apportant douceur et style à votre espace repos.",https://www.maisondecocon.com/fr/products/lit-rembourre-bremen-similicuir-mink-180x200?variant_sku=7194,https://cdn.shopify.com/s/files/1/0884/0278/8685/files/bremen-polsterbett-180x200-kunstleder-mink-hauptansicht.jpg?v=1784121549,"https://cdn.shopify.com/s/files/1/0884/0278/8685/files/bremen-polsterbett-180x200-kunstleder-mink-draufsicht.jpg?v=1784121549,https://cdn.shopify.com/s/files/1/0884/0278/8685/files/bremen-polsterbett-180x200-kunstleder-mink-frontalansicht.jpg?v=1784121549,https://cdn.shopify.com/s/files/1/0884/0278/8685/files/bremen-polsterbett-180x200-kunstleder-mink-frontalansicht-2.jpg?v=1784121549,https://cdn.shopify.com/s/files/1/0884/0278/8685/files/bremen-polsterbett-180x200-kunstleder-mink-detailansicht.jpg?v=1784121549,https://cdn.shopify.com/s/files/1/0884/0278/8685/files/bremen-polsterbett-180x200-kunstleder-mink-seitenansicht.jpg?v=1784121549,https://cdn.shopify.com/s/files/1/0884/0278/8685/files/bremen-polsterbett-180x200-kunstleder-mink-rueckansicht.jpg?v=1784121549,https://cdn.shopify.com/s/files/1/0884/0278/8685/files/bremen-polsterbett-180x200-kunstleder-mink-rahmenansicht.jpg?v=1784121549,https://cdn.shopify.com/s/files/1/0884/0278/8685/files/bremen-polsterbett-180x200-massskizze.jpg?v=1784122205",in_stock,2210.00 EUR,Ángel Cerdá S.L.,new,,7194,bremen-upholstered-bed-mink-leatherette-180x200,,,Leatherette headboard (90% Vinyl and 10% Polyester); Wood in dark walnut colour legs
7211,Lit capitonné Dortmund en tissu bleu-gris 180×200,"La tête de lit et la structure du Dortmund sont recouvertes d'un tissu gris-bleuté clair — une teinte fraîche et polyvalente qui s'accorde aussi bien avec du bois chaud qu'avec un linge de lit blanc immaculé. Les pieds en acier inoxydable poli assombri lui apportent une touche légèrement industrielle, sans jamais tomber dans le froid ou le clinique. Le sommier en bois de pin qui l'accompagne est conçu pour un usage quotidien, et avec ses 180×200 cm, il s'adapte à la plupart des chambres doubles sans en surcharger l'espace.",https://www.maisondecocon.com/fr/products/lit-capitonne-dortmund-tissu-bleu-gris-180x200?variant_sku=7211,https://cdn.shopify.com/s/files/1/0884/0278/8685/files/dortmund-polsterbett-180x200-stoff-blaugrau-hauptansicht.jpg?v=1784121549,"https://cdn.shopify.com/s/files/1/0884/0278/8685/files/dortmund-polsterbett-180x200-stoff-blaugrau-draufsicht.jpg?v=1784121549,https://cdn.shopify.com/s/files/1/0884/0278/8685/files/dortmund-polsterbett-180x200-stoff-blaugrau-detailansicht.jpg?v=1784121549,https://cdn.shopify.com/s/files/1/0884/0278/8685/files/dortmund-polsterbett-180x200-stoff-blaugrau-seitenansicht.jpg?v=1784121549,https://cdn.shopify.com/s/files/1/0884/0278/8685/files/dortmund-polsterbett-180x200-stoff-blaugrau-frontalansicht.jpg?v=1784121549,https://cdn.shopify.com/s/files/1/0884/0278/8685/files/dortmund-polsterbett-180x200-stoff-blaugrau-rueckansicht.jpg?v=1784121549,https://cdn.shopify.com/s/files/1/0884/0278/8685/files/dortmund-polsterbett-180x200-stoff-blaugrau-seitenansicht-2.jpg?v=1784121549,https://cdn.shopify.com/s/files/1/0884/0278/8685/files/dortmund-polsterbett-180x200-stoff-blaugrau-rahmenansicht.jpg?v=1784121549,https://cdn.shopify.com/s/files/1/0884/0278/8685/files/dortmund-polsterbett-180x200-massskizze.jpg?v=1784122205",in_stock,2110.00 EUR,Ángel Cerdá S.L.,new,8435631041962,7211,dortmund-upholstered-bed-fabric-blue-grey-180x200,,,Fabric headboard (100% Polyester); Darkened polished stainless steel legs
7174,Lit capitonné Hamburg en similicuir marron 180×200,"Lit double au design moderne doté d'une tête de lit originale en tissu écru et d'une structure en similicuir marron, complété par des pieds en acier inoxydable noir. Une pièce maîtresse pour votre chambre, apportant une atmosphère élégante et chaleureuse. Comprend un sommier confortable en bois de pin. Son garnissage capitonné lui confère cette allure distinctive et exclusive recherchée pour votre espace repos.",https://www.maisondecocon.com/fr/products/lit-capitonne-hamburg-similicuir-marron-180x200?variant_sku=7174,https://cdn.shopify.com/s/files/1/0884/0278/8685/files/hamburg-polsterbett-180x200-stoff-braun-hauptansicht.jpg?v=1784121549,"https://cdn.shopify.com/s/files/1/0884/0278/8685/files/hamburg-polsterbett-180x200-stoff-braun-hauptansicht-2.jpg?v=1784121549,https://cdn.shopify.com/s/files/1/0884/0278/8685/files/hamburg-polsterbett-180x200-stoff-braun-detailansicht.jpg?v=1784121549,https://cdn.shopify.com/s/files/1/0884/0278/8685/files/hamburg-polsterbett-180x200-stoff-braun-frontalansicht.jpg?v=1784121549,https://cdn.shopify.com/s/files/1/0884/0278/8685/files/hamburg-polsterbett-180x200-stoff-braun-rueckansicht.jpg?v=1784121549,https://cdn.shopify.com/s/files/1/0884/0278/8685/files/hamburg-polsterbett-180x200-stoff-braun-seitenansicht.jpg?v=1784121549,https://cdn.shopify.com/s/files/1/0884/0278/8685/files/hamburg-polsterbett-180x200-stoff-braun-rahmenansicht.jpg?v=1784121549,https://cdn.shopify.com/s/files/1/0884/0278/8685/files/hamburg-polsterbett-180x200-massskizze.jpg?v=1784122205",in_stock,1740.00 EUR,Ángel Cerdá S.L.,new,8435631033530,7174,hamburg-upholstered-bed-leatherette-brown-180x200,,,Fabric headboard (100% Polyester / 90% Vinyl and 10% Polyester); Black stainless steel legs
7156,Lit capitonné Berlin en tissu gris clair 180×200,"Le tissu gris clair habille entièrement la tête de lit et la structure du Berlin — une teinte neutre qui paraît apaisante plutôt que fade, et qui s'accorde aussi bien avec des couleurs discrètes qu'avec des touches plus affirmées dans le reste de la pièce. Les pieds en acier inoxydable poli assombri apportent juste assez de contraste pour que la silhouette ne se fonde pas dans le mur. En dessous, un sommier en bois de pin accueille le matelas dans un format standard de 180×200 cm — aucune surprise au montage, aucune proportion inhabituelle à anticiper.",https://www.maisondecocon.com/fr/products/lit-capitonne-berlin-tissu-gris-clair-180x200?variant_sku=7156,https://cdn.shopify.com/s/files/1/0884/0278/8685/files/berlin-polsterbett-180x200-stoff-hellgrau-hauptansicht.jpg?v=1784121549,"https://cdn.shopify.com/s/files/1/0884/0278/8685/files/berlin-polsterbett-180x200-stoff-hellgrau-frontalansicht.jpg?v=1784121549,https://cdn.shopify.com/s/files/1/0884/0278/8685/files/berlin-polsterbett-180x200-stoff-hellgrau-draufsicht.jpg?v=1784121655,https://cdn.shopify.com/s/files/1/0884/0278/8685/files/berlin-polsterbett-180x200-stoff-hellgrau-detailansicht.jpg?v=1784121655,https://cdn.shopify.com/s/files/1/0884/0278/8685/files/berlin-polsterbett-180x200-stoff-hellgrau-frontalansicht-2.jpg?v=1784121655,https://cdn.shopify.com/s/files/1/0884/0278/8685/files/berlin-polsterbett-180x200-stoff-hellgrau-seitenansicht.jpg?v=1784121655,https://cdn.shopify.com/s/files/1/0884/0278/8685/files/berlin-polsterbett-180x200-stoff-hellgrau-rueckansicht.jpg?v=1784121655,https://cdn.shopify.com/s/files/1/0884/0278/8685/files/berlin-polsterbett-180x200-stoff-hellgrau-rahmenansicht.jpg?v=1784121655,https://cdn.shopify.com/s/files/1/0884/0278/8685/files/berlin-polsterbett-180x200-massskizze.jpg?v=1784122205",in_stock,1980.00 EUR,Ángel Cerdá S.L.,new,8435631028826,7156,berlin-upholstered-bed-fabric-light-grey-180x200,,,Fabric headboard (100% Polyester / 90% Vinyl and 10% Polyester); Darkened polished stainless steel legs
7160,Lit capitonné Munich en tissu gris clair 180×200,"Le Munich reprend le même tissu gris clair que ses homologues de la gamme, mais opte pour des pieds en acier inoxydable peint en époxy noir plutôt qu'en métal poli — un rendu mat et peu réfléchissant, idéal pour les pièces où l'on préfère que la structure du lit ne capte pas la lumière. Un sommier en bois de pin soutient le matelas, au format 180×200 cm.",https://www.maisondecocon.com/fr/products/lit-capitonne-munich-tissu-gris-clair-180x200?variant_sku=7160,https://cdn.shopify.com/s/files/1/0884/0278/8685/files/Muenchen-180x200-Polsterbett-Kunstleder-LINA-color-hellgrau-main.jpg?v=1768675563,"https://cdn.shopify.com/s/files/1/0884/0278/8685/files/Muenchen-180x200-Polsterbett-Kunstleder-LINA-color-hellgrau-top.jpg?v=1768675568,https://cdn.shopify.com/s/files/1/0884/0278/8685/files/Muenchen-180x200-Polsterbett-Kunstleder-LINA-color-hellgrau-front-02.jpg?v=1768675571,https://cdn.shopify.com/s/files/1/0884/0278/8685/files/Muenchen-180x200-Polsterbett-Kunstleder-LINA-color-hellgrau-side-02.jpg?v=1768675571,https://cdn.shopify.com/s/files/1/0884/0278/8685/files/Muenchen-180x200-Polsterbett-Kunstleder-LINA-color-hellgrau-front.jpg?v=1768675574,https://cdn.shopify.com/s/files/1/0884/0278/8685/files/Muenchen-180x200-Polsterbett-Kunstleder-LINA-color-hellgrau-back.jpg?v=1768675575,https://cdn.shopify.com/s/files/1/0884/0278/8685/files/Muenchen-180x200-Polsterbett-Kunstleder-LINA-color-hellgrau-side.jpg?v=1768675578,https://cdn.shopify.com/s/files/1/0884/0278/8685/files/Muenchen-180x200-Polsterbett-Kunstleder-LINA-color-hellgrau-frame.jpg?v=1768675579,https://cdn.shopify.com/s/files/1/0884/0278/8685/files/munich-polsterbett-180x200-massskizze.jpg?v=1784122205",in_stock,1190.00 EUR,Ángel Cerdá S.L.,new,8435631028864,7160,munich-upholstered-bed-fabric-light-grey-180x200,,,"Fabric upholstery, 100% Polyester, with polyurethane foam padding (25 kg/m³); black epoxy-coated steel legs"
7131,Oreiller Saarland en mousse à mémoire de forme viscoélastique – Parfum lavande | 75×35×15 cm,"L'oreiller Saarland associe un cœur viscoélastique perforé à une housse parfumée à la lavande pour un confort à la fois soutenant et respirant. Conçu pour épouser la forme de la tête et de la nuque tout en restant frais toute la nuit, il constitue un choix réfléchi pour des nuits reposantes et parfumées.",https://www.maisondecocon.com/fr/products/saarland-oreiller-viscoelastique-lavande-75x35x15?variant_sku=7131,https://cdn.shopify.com/s/files/1/0884/0278/8685/files/Saarland-Premium-Visco-Kopfkissen.jpg?v=1768675591,https://cdn.shopify.com/s/files/1/0884/0278/8685/files/Saarland-Premium-Visco-Kopfkissen-mit-verpackungsbox.jpg?v=1768675593,in_stock,60.00 EUR,Ángel Cerdá S.L.,new,,7131,saarland-premium-visco-kopfkissen,,,"White, lavender-scented cover"
7218,Lit capitonné Nuremberg en similicuir mink 180×200,"Le similicuir couleur vison recouvre la tête de lit et la structure du Nuremberg, avec des pieds en bois teinte noyer assortie plutôt que les pieds en acier utilisés ailleurs dans la gamme — l'ensemble reste ainsi dans une même famille de teintes chaudes, sans contraste entre tissu et métal. Sommier à lattes en bois de pin, au format 180×200 cm.",https://www.maisondecocon.com/fr/products/lit-capitonne-nuremberg-similicuir-mink-180x200?variant_sku=7218,https://cdn.shopify.com/s/files/1/0884/0278/8685/files/nuremberg-polsterbett-180x200-kunstleder-mink-hauptansicht.jpg?v=1784121655,"https://cdn.shopify.com/s/files/1/0884/0278/8685/files/nuremberg-polsterbett-180x200-kunstleder-mink-draufsicht.jpg?v=1784121655,https://cdn.shopify.com/s/files/1/0884/0278/8685/files/nuremberg-polsterbett-180x200-kunstleder-mink-detailansicht.jpg?v=1784121655,https://cdn.shopify.com/s/files/1/0884/0278/8685/files/nuremberg-polsterbett-180x200-kunstleder-mink-frontalansicht.jpg?v=1784121655,https://cdn.shopify.com/s/files/1/0884/0278/8685/files/nuremberg-polsterbett-180x200-kunstleder-mink-frontalansicht-2.jpg?v=1784121655,https://cdn.shopify.com/s/files/1/0884/0278/8685/files/nuremberg-polsterbett-180x200-kunstleder-mink-frontalansicht-3.jpg?v=1784121655,https://cdn.shopify.com/s/files/1/0884/0278/8685/files/nuremberg-polsterbett-180x200-kunstleder-mink-seitenansicht.jpg?v=1784121655,https://cdn.shopify.com/s/files/1/0884/0278/8685/files/nuremberg-polsterbett-180x200-kunstleder-mink-rueckansicht.jpg?v=1784121655,https://cdn.shopify.com/s/files/1/0884/0278/8685/files/nuremberg-polsterbett-180x200-kunstleder-mink-rahmenansicht.jpg?v=1784121655,https://cdn.shopify.com/s/files/1/0884/0278/8685/files/nuremberg-polsterbett-180x200-massskizze.jpg?v=1784122205",in_stock,2930.00 EUR,Ángel Cerdá S.L.,new,8435631043638,7218,nuremberg-upholstered-bed-leatherette-mink-180x200,,,Leatherette headboard (90% Vinyl and 10% Polyester); Walnut coloured wood legs
7155,Lit capitonné Cologne en tissu gris chaud 180×200,"Les pieds du Cologne sont en bois teinte wengé plutôt qu'en acier comme sur plusieurs autres lits de la collection — une teinte profonde, presque noire, qui ancre la tête de lit et la structure en tissu gris dans un esprit plus chaleureux et plus traditionnel. Un choix pertinent pour les chambres déjà pensées autour de meubles en bois plutôt que d'accents métalliques. Le sommier est en bois de pin, au format 180×200 cm.",https://www.maisondecocon.com/fr/products/lit-capitonne-cologne-tissu-gris-chaud-180x200?variant_sku=7155,https://cdn.shopify.com/s/files/1/0884/0278/8685/files/cologne-polsterbett-180x200-stoff-warmgrau-hauptansicht.jpg?v=1784121655,"https://cdn.shopify.com/s/files/1/0884/0278/8685/files/cologne-polsterbett-180x200-stoff-warmgrau-frontalansicht.jpg?v=1784121655,https://cdn.shopify.com/s/files/1/0884/0278/8685/files/cologne-polsterbett-180x200-stoff-warmgrau-draufsicht.jpg?v=1784121655,https://cdn.shopify.com/s/files/1/0884/0278/8685/files/cologne-polsterbett-180x200-stoff-warmgrau-frontalansicht-2.jpg?v=1784121656,https://cdn.shopify.com/s/files/1/0884/0278/8685/files/cologne-polsterbett-180x200-stoff-warmgrau-detailansicht.jpg?v=1784121656,https://cdn.shopify.com/s/files/1/0884/0278/8685/files/cologne-polsterbett-180x200-stoff-warmgrau-seitenansicht.jpg?v=1784121656,https://cdn.shopify.com/s/files/1/0884/0278/8685/files/cologne-polsterbett-180x200-stoff-warmgrau-rahmenansicht.jpg?v=1784121656,https://cdn.shopify.com/s/files/1/0884/0278/8685/files/cologne-polsterbett-180x200-massskizze.jpg?v=1784122205",in_stock,2380.00 EUR,Ángel Cerdá S.L.,new,8435631028819,7155,cologne-upholstered-bed-fabric-warm-grey-180x200,,,Fabric headboard (100% Polyester); Wood in wenge colour legs
7157,Lit capitonné Düsseldorf en similicuir crème 180×200,"Le similicuir crème enveloppe la tête de lit et la structure du Düsseldorf, lui conférant une surface plus claire et plus réfléchissante que les lits en tissu de la gamme — plus facile à essuyer aussi, un vrai atout si la chambre sert également de chambre d'amis. Les pieds en acier inoxydable noir évitent que l'ensemble ne paraisse trop pâle. Sommier en bois de pin inclus, au format 180×200 cm.",https://www.maisondecocon.com/fr/products/lit-capitonne-dusseldorf-similicuir-creme-180x200?variant_sku=7157,https://cdn.shopify.com/s/files/1/0884/0278/8685/files/Duesseldorf-180x200-Polsterbett-Kunstleder-LENO-color-mink-main.jpg?v=1768675633,"https://cdn.shopify.com/s/files/1/0884/0278/8685/files/Duesseldorf-180x200-Polsterbett-Kunstleder-LENO-color-mink-top.jpg?v=1768675637,https://cdn.shopify.com/s/files/1/0884/0278/8685/files/Duesseldorf-180x200-Polsterbett-Kunstleder-LENO-color-mink-front-02.jpg?v=1768675639,https://cdn.shopify.com/s/files/1/0884/0278/8685/files/Duesseldorf-180x200-Polsterbett-Kunstleder-LENO-color-mink-front.jpg?v=1768675641,https://cdn.shopify.com/s/files/1/0884/0278/8685/files/Duesseldorf-180x200-Polsterbett-Kunstleder-LENO-color-mink-detail.jpg?v=1768675642,https://cdn.shopify.com/s/files/1/0884/0278/8685/files/Duesseldorf-180x200-Polsterbett-Kunstleder-LENO-color-mink-side.jpg?v=1768675644,https://cdn.shopify.com/s/files/1/0884/0278/8685/files/Duesseldorf-180x200-Polsterbett-Kunstleder-LENO-color-mink-back.jpg?v=1768675646,https://cdn.shopify.com/s/files/1/0884/0278/8685/files/Duesseldorf-180x200-Polsterbett-Kunstleder-LENO-color-mink-frame.jpg?v=1768675647,https://cdn.shopify.com/s/files/1/0884/0278/8685/files/duesseldorf-polsterbett-180x200-massskizze.jpg?v=1784122205",in_stock,1650.00 EUR,Ángel Cerdá S.L.,new,8435631028833,7157,duesseldorf-upholstered-bed-leatherette-cream-180x200,,,Leatherette headboard (90% Vinyl and 10% Polyester); Black stainless steel legs
7161,Lit capitonné Augsburg en tissu gris clair 180×200,"L'Augsburg partage le même tissu gris clair et les mêmes pieds en acier inoxydable peint en époxy noir que le Munich — les mêmes matériaux, sur le même sommier en bois de pin au format 180×200 cm. Si vous hésitez entre les deux, la différence tient surtout à la couture de la tête de lit et aux proportions plutôt qu'aux matériaux : choisissez selon la silhouette qui convient le mieux à votre pièce. Revêtement en tissu sur l'ensemble du lit, facile à entretenir d'un simple coup d'aspirateur ou de brosse.",https://www.maisondecocon.com/fr/products/lit-capitonne-augsburg-tissu-gris-clair-180x200?variant_sku=7161,https://cdn.shopify.com/s/files/1/0884/0278/8685/files/augsburg-polsterbett-180x200-stoff-hellgrau-hauptansicht.jpg?v=1784122205,"https://cdn.shopify.com/s/files/1/0884/0278/8685/files/augsburg-polsterbett-180x200-stoff-hellgrau-frontalansicht.jpg?v=1784122205,https://cdn.shopify.com/s/files/1/0884/0278/8685/files/augsburg-polsterbett-180x200-stoff-hellgrau-draufsicht.jpg?v=1784122205,https://cdn.shopify.com/s/files/1/0884/0278/8685/files/augsburg-polsterbett-180x200-stoff-hellgrau-frontalansicht-2.jpg?v=1784122205,https://cdn.shopify.com/s/files/1/0884/0278/8685/files/augsburg-polsterbett-180x200-stoff-hellgrau-detailansicht.jpg?v=1784122205,https://cdn.shopify.com/s/files/1/0884/0278/8685/files/augsburg-polsterbett-180x200-stoff-hellgrau-seitenansicht.jpg?v=1784122205,https://cdn.shopify.com/s/files/1/0884/0278/8685/files/augsburg-polsterbett-180x200-stoff-hellgrau-rueckansicht.jpg?v=1784122205,https://cdn.shopify.com/s/files/1/0884/0278/8685/files/augsburg-polsterbett-180x200-stoff-hellgrau-rahmenansicht.jpg?v=1784122205,https://cdn.shopify.com/s/files/1/0884/0278/8685/files/augsburg-polsterbett-180x200-massskizze.jpg?v=1784122205",in_stock,2190.00 EUR,Ángel Cerdá S.L.,new,8435631028871,7161,augsburg-upholstered-bed-fabric-light-grey-180x200,,,"Fabric upholstery, 100% Polyester, with polyurethane foam padding (25 kg/m³); black epoxy-coated steel legs"
7014,Lit capitonné Leipzig en similicuir mink 160×200,"Le Leipzig est proposé au format 160×200 cm plutôt qu'au format standard 180×200 cm utilisé par la majorité de cette collection — un point à vérifier par rapport à votre chambre et à votre linge de lit existant avant de commander, car des draps ou surmatelas achetés pour le format plus large ne conviendront pas. Le similicuir couleur vison recouvre la tête de lit et la structure, avec des pieds en acier inoxydable poli assombri en dessous. Sommier en bois de pin inclus.",https://www.maisondecocon.com/fr/products/lit-capitonne-leipzig-similicuir-mink-160x200?variant_sku=7014,https://cdn.shopify.com/s/files/1/0884/0278/8685/files/Leipzig-160x200-Polsterbett-Kunstleder-LENO-color-mink-main.jpg?v=1768675670,"https://cdn.shopify.com/s/files/1/0884/0278/8685/files/Leipzig-160x200-Polsterbett-Kunstleder-LENO-color-mink-top.jpg?v=1768675673,https://cdn.shopify.com/s/files/1/0884/0278/8685/files/Leipzig-160x200-Polsterbett-Kunstleder-LENO-color-mink-detail.jpg?v=1768675676,https://cdn.shopify.com/s/files/1/0884/0278/8685/files/Leipzig-160x200-Polsterbett-Kunstleder-LENO-color-mink-top-02.jpg?v=1768675679,https://cdn.shopify.com/s/files/1/0884/0278/8685/files/Leipzig-160x200-Polsterbett-Kunstleder-LENO-color-mink-side-02.jpg?v=1768675683,https://cdn.shopify.com/s/files/1/0884/0278/8685/files/Leipzig-160x200-Polsterbett-Kunstleder-LENO-color-mink-side-03.jpg?v=1768675683,https://cdn.shopify.com/s/files/1/0884/0278/8685/files/Leipzig-160x200-Polsterbett-Kunstleder-LENO-color-mink-front.jpg?v=1768675685,https://cdn.shopify.com/s/files/1/0884/0278/8685/files/Leipzig-160x200-Polsterbett-Kunstleder-LENO-color-mink-side.jpg?v=1768675686,https://cdn.shopify.com/s/files/1/0884/0278/8685/files/Leipzig-160x200-Polsterbett-Kunstleder-LENO-color-mink-back.jpg?v=1768675689,https://cdn.shopify.com/s/files/1/0884/0278/8685/files/leipzig-polsterbett-160x200-massskizze.jpg?v=1784122205",in_stock,1360.00 EUR,Ángel Cerdá S.L.,new,8435631004004,7014,leipzig-upholstered-bed-mink-leatherette-160x200,,,Leatherette headboard (90% Vinyl and 10% Polyester); Darkened polished stainless steel legs
7159,Lit capitonné Bochum en similicuir marron noisette 180×200,"Le similicuir marron chocolat donne au Bochum une base plus sombre et plus riche que les similicuirs crème et vison proposés ailleurs dans la gamme. Les pieds sont en bois plaqué en noyer naturel — le même traitement que sur le Hannover — ce qui adoucit l'allure générale par rapport aux lits à pieds en acier de la collection. Sommier en bois de pin, format matelas 180×200 cm.",https://www.maisondecocon.com/fr/products/lit-capitonne-bochum-similicuir-marron-noisette-180x200?variant_sku=7159,https://cdn.shopify.com/s/files/1/0884/0278/8685/files/bochum-polsterbett-180x200-kunstleder-nussbraun-hauptansicht.jpg?v=1784121656,"https://cdn.shopify.com/s/files/1/0884/0278/8685/files/bochum-polsterbett-180x200-kunstleder-nussbraun-frontalansicht.jpg?v=1784121656,https://cdn.shopify.com/s/files/1/0884/0278/8685/files/bochum-polsterbett-180x200-kunstleder-nussbraun-draufsicht.jpg?v=1784121656,https://cdn.shopify.com/s/files/1/0884/0278/8685/files/bochum-polsterbett-180x200-kunstleder-nussbraun-frontalansicht-2.jpg?v=1784184591,https://cdn.shopify.com/s/files/1/0884/0278/8685/files/bochum-polsterbett-180x200-kunstleder-nussbraun-rueckansicht.jpg?v=1784184591,https://cdn.shopify.com/s/files/1/0884/0278/8685/files/bochum-polsterbett-180x200-kunstleder-nussbraun-seitenansicht.jpg?v=1784184591,https://cdn.shopify.com/s/files/1/0884/0278/8685/files/bochum-polsterbett-180x200-kunstleder-nussbraun-rahmenansicht.jpg?v=1784184591,https://cdn.shopify.com/s/files/1/0884/0278/8685/files/bochum-polsterbett-180x200-massskizze.jpg?v=1784122205",in_stock,1910.00 EUR,Ángel Cerdá S.L.,new,8435631028857,7159,bochum-upholstered-bed-leatherette-hazelnut-brown-180x200,,,Leatherette headboard (90% Vinyl and 10% Polyester); 0.5 mm thick natural walnut veneered wood legs
7145,Lit capitonné Bonn en tissu gris 180×200,"Le Bonn opte pour une teinte plus sombre que les lits en tissu gris clair de la collection — une tête de lit et une structure en tissu gris foncé qui ressortent davantage sur des murs clairs, avec des pieds en acier inoxydable noir qui s'accordent à l'ensemble plutôt que d'y créer un contraste. Sommier en bois de pin, au format 180×200 cm.",https://www.maisondecocon.com/fr/products/lit-capitonne-bonn-tissu-gris-180x200?variant_sku=7145,https://cdn.shopify.com/s/files/1/0884/0278/8685/files/bonn-polsterbett-180x200-stoff-grau-hauptansicht.jpg?v=1784184472,"https://cdn.shopify.com/s/files/1/0884/0278/8685/files/bonn-polsterbett-180x200-stoff-grau-draufsicht.jpg?v=1784184510,https://cdn.shopify.com/s/files/1/0884/0278/8685/files/bonn-polsterbett-180x200-stoff-grau-frontalansicht-2.jpg?v=1784184510,https://cdn.shopify.com/s/files/1/0884/0278/8685/files/bonn-polsterbett-180x200-stoff-grau-frontalansicht.jpg?v=1784184510,https://cdn.shopify.com/s/files/1/0884/0278/8685/files/bonn-polsterbett-180x200-stoff-grau-detailansicht.jpg?v=1784184510,https://cdn.shopify.com/s/files/1/0884/0278/8685/files/bonn-polsterbett-180x200-stoff-grau-seitenansicht.jpg?v=1784184510,https://cdn.shopify.com/s/files/1/0884/0278/8685/files/bonn-polsterbett-180x200-stoff-grau-rueckansicht.jpg?v=1784184510,https://cdn.shopify.com/s/files/1/0884/0278/8685/files/bonn-polsterbett-180x200-stoff-grau-rahmenansicht.jpg?v=1784184510,https://cdn.shopify.com/s/files/1/0884/0278/8685/files/bonn-polsterbett-180x200-massskizze.jpg?v=1784122205",in_stock,1910.00 EUR,Ángel Cerdá S.L.,new,8435631039525,7145,bonn-upholstered-bed-fabric-grey-180x200,,,Fabric headboard (100% Polyester / 90% Vinyl and 10% Polyester); Black stainless steel legs
7169,Lit capitonné Mannheim en similicuir gris 160×200,"Le Mannheim mélange les matériaux plutôt que d'en utiliser un seul : une tête de lit en similicuir gris foncé, une structure en bois plaqué noyer et des pieds en MDF noir — trois finitions différentes qui cohabitent, à la différence de l'approche mono-matériau adoptée par la plupart des lits de cette collection. Sommier à lattes en bois de pin. Avec ses 160×200 cm, il correspond au format le plus étroit des deux largeurs de matelas utilisées dans la gamme.",https://www.maisondecocon.com/fr/products/lit-capitonne-mannheim-similicuir-gris-160x200?variant_sku=7169,https://cdn.shopify.com/s/files/1/0884/0278/8685/files/mannheim-polsterbett-160x200-kunstleder-grau-hauptansicht.jpg?v=1784184543,"https://cdn.shopify.com/s/files/1/0884/0278/8685/files/mannheim-polsterbett-160x200-kunstleder-grau-draufsicht.jpg?v=1784184543,https://cdn.shopify.com/s/files/1/0884/0278/8685/files/mannheim-polsterbett-160x200-kunstleder-grau-frontalansicht-2.jpg?v=1784184543,https://cdn.shopify.com/s/files/1/0884/0278/8685/files/mannheim-polsterbett-160x200-kunstleder-grau-detailansicht.jpg?v=1784184543,https://cdn.shopify.com/s/files/1/0884/0278/8685/files/mannheim-polsterbett-160x200-kunstleder-grau-seitenansicht.jpg?v=1784184543,https://cdn.shopify.com/s/files/1/0884/0278/8685/files/mannheim-polsterbett-160x200-kunstleder-grau-frontalansicht.jpg?v=1784184543,https://cdn.shopify.com/s/files/1/0884/0278/8685/files/mannheim-polsterbett-160x200-kunstleder-grau-rahmenansicht.jpg?v=1784184543,https://cdn.shopify.com/s/files/1/0884/0278/8685/files/mannheim-polsterbett-160x200-massskizze.jpg?v=1784184543",in_stock,1710.00 EUR,Ángel Cerdá S.L.,new,8435631033011,7169,mannheim-upholstered-bed-leatherette-grey-160x200,,,Leatherette headboard (90% Vinyl and 10% Polyester); MDF wood lacquered in black colour legs
7173,Lit capitonné Hannover en tissu gris 180×200,"Le Hannover associe une tête de lit et une structure en tissu gris à des pieds en bois plaqué noyer — la même finition que sur le Bochum, mais ici associée à du tissu plutôt qu'à du similicuir. Une option intermédiaire pour celles et ceux qui souhaitent la chaleur de pieds en bois sans opter pour une tête de lit en similicuir. Sommier en bois de pin, 180×200 cm.",https://www.maisondecocon.com/fr/products/lit-capitonne-hannover-tissu-gris-180x200?variant_sku=7173,https://cdn.shopify.com/s/files/1/0884/0278/8685/files/hannover-polsterbett-180x200-stoff-grau-hauptansicht.jpg?v=1784184571,"https://cdn.shopify.com/s/files/1/0884/0278/8685/files/hannover-polsterbett-180x200-stoff-grau-draufsicht.jpg?v=1784184571,https://cdn.shopify.com/s/files/1/0884/0278/8685/files/hannover-polsterbett-180x200-stoff-grau-hauptansicht-2.jpg?v=1784184571,https://cdn.shopify.com/s/files/1/0884/0278/8685/files/hannover-polsterbett-180x200-stoff-grau-detailansicht.jpg?v=1784184571,https://cdn.shopify.com/s/files/1/0884/0278/8685/files/hannover-polsterbett-180x200-stoff-grau-frontalansicht.jpg?v=1784184571,https://cdn.shopify.com/s/files/1/0884/0278/8685/files/hannover-polsterbett-180x200-stoff-grau-rueckansicht.jpg?v=1784184571,https://cdn.shopify.com/s/files/1/0884/0278/8685/files/hannover-polsterbett-180x200-stoff-grau-seitenansicht.jpg?v=1784121903,https://cdn.shopify.com/s/files/1/0884/0278/8685/files/hannover-polsterbett-180x200-stoff-grau-rahmenansicht.jpg?v=1784121903,https://cdn.shopify.com/s/files/1/0884/0278/8685/files/hannover-polsterbett-180x200-massskizze.jpg?v=1784122205",in_stock,2190.00 EUR,Ángel Cerdá S.L.,new,8435631033523,7173,hannover-upholstered-bed-fabric-grey-180x200,,,Fabric headboard (100% Polyester); 0.5 mm thick natural walnut veneered wood legs
7175,Lit capitonné Kiel en bois noyer gris 180×200,"Lit double au design moderne doté d'une tête de lit originale et d'une structure en plaqué noyer naturel, complété par des pieds en bois MDF noir pour créer un espace chaleureux. Ses coussins intégrés en tissu gris offrent un confort supplémentaire. Comprend un sommier à lattes confortable en bois de pin. Compatible avec un matelas de 180 x 200 cm. Ses étagères intégrées servent également de tables de chevet pratiques.",https://www.maisondecocon.com/fr/products/lit-capitonne-kiel-bois-noyer-gris-180x200?variant_sku=7175,https://cdn.shopify.com/s/files/1/0884/0278/8685/files/kiel-polsterbett-180x200-stoff-und-holz-walnussgrau-hauptansicht.jpg?v=1784121903,"https://cdn.shopify.com/s/files/1/0884/0278/8685/files/kiel-polsterbett-180x200-stoff-und-holz-walnussgrau-frontalansicht.jpg?v=1784121903,https://cdn.shopify.com/s/files/1/0884/0278/8685/files/kiel-polsterbett-180x200-stoff-und-holz-walnussgrau-detailansicht.jpg?v=1784121903,https://cdn.shopify.com/s/files/1/0884/0278/8685/files/kiel-polsterbett-180x200-stoff-und-holz-walnussgrau-frontalansicht-2.jpg?v=1784121903,https://cdn.shopify.com/s/files/1/0884/0278/8685/files/kiel-polsterbett-180x200-stoff-und-holz-walnussgrau-hauptansicht-2.jpg?v=1784121903,https://cdn.shopify.com/s/files/1/0884/0278/8685/files/kiel-polsterbett-180x200-stoff-und-holz-walnussgrau-seitenansicht.jpg?v=1784121903,https://cdn.shopify.com/s/files/1/0884/0278/8685/files/kiel-polsterbett-180x200-stoff-und-holz-walnussgrau-rahmenansicht.jpg?v=1784121903,https://cdn.shopify.com/s/files/1/0884/0278/8685/files/kiel-polsterbett-180x200-massskizze.jpg?v=1784122205",in_stock,1870.00 EUR,Ángel Cerdá S.L.,new,8435631034131,7175,kiel-upholstered-bed-wood-walnut-grey-180x200,,,Grey polyester fabric upholstery over natural walnut veneer wood; black MDF legs.
7148,Lit capitonné Karlsruhe en similicuir vert foncé 180×200,"Le vert foncé est la couleur de tête de lit la moins répandue de cette collection — la majorité de la gamme reste dans les gris, les bruns et les crèmes, ce qui fait du Karlsruhe un choix qui se démarque si vous souhaitez un lit avec plus de présence colorée. La structure est en bois plaqué en noyer naturel, ce qui lui confère une base plus chaleureuse que les lits à pieds en acier alentour. Sommier en bois de pin, au format 180×200 cm.",https://www.maisondecocon.com/fr/products/lit-capitonne-karlsruhe-similicuir-vert-fonce-180x200?variant_sku=7148,https://cdn.shopify.com/s/files/1/0884/0278/8685/files/karlsruhe-polsterbett-180x200-kunstleder-dunkelgruen-hauptansicht.jpg?v=1784122038,"https://cdn.shopify.com/s/files/1/0884/0278/8685/files/karlsruhe-polsterbett-180x200-kunstleder-dunkelgruen-frontalansicht.jpg?v=1784122102,https://cdn.shopify.com/s/files/1/0884/0278/8685/files/karlsruhe-polsterbett-180x200-kunstleder-dunkelgruen-hauptansicht-2.jpg?v=1784122103,https://cdn.shopify.com/s/files/1/0884/0278/8685/files/karlsruhe-polsterbett-180x200-kunstleder-dunkelgruen-detailansicht.jpg?v=1784122103,https://cdn.shopify.com/s/files/1/0884/0278/8685/files/karlsruhe-polsterbett-180x200-kunstleder-dunkelgruen-frontalansicht-2.jpg?v=1784122103,https://cdn.shopify.com/s/files/1/0884/0278/8685/files/karlsruhe-polsterbett-180x200-kunstleder-dunkelgruen-seitenansicht.jpg?v=1784122103,https://cdn.shopify.com/s/files/1/0884/0278/8685/files/karlsruhe-polsterbett-180x200-kunstleder-dunkelgruen-rueckansicht.jpg?v=1784122103,https://cdn.shopify.com/s/files/1/0884/0278/8685/files/karlsruhe-polsterbett-180x200-kunstleder-dunkelgruen-rahmenansicht.jpg?v=1784122103,https://cdn.shopify.com/s/files/1/0884/0278/8685/files/karlsruhe-polsterbett-180x200-massskizze.jpg?v=1784122205",in_stock,1940.00 EUR,Ángel Cerdá S.L.,new,8435631027539,7148,karlsruhe-upholstered-bed-leatherette-dark-green-180x200,,,Leatherette headboard (90% Vinyl and 10% Polyester); 0.5 mm thick natural walnut veneered wood legs
7158,Lit capitonné Wiesbaden en similicuir marron 180×200,"Le similicuir marron recouvre la tête de lit et la structure du Wiesbaden — une teinte intermédiaire, entre le similicuir crème plus clair et les options marron chocolat plus sombres proposées ailleurs dans la gamme. Les pieds en acier inoxydable peint en époxy noir gardent une base discrète plutôt que d'attirer le regard. Sommier en bois de pin, 180×200 cm.",https://www.maisondecocon.com/fr/products/lit-capitonne-wiesbaden-similicuir-marron-180x200?variant_sku=7158,https://cdn.shopify.com/s/files/1/0884/0278/8685/files/wiesbaden-polsterbett-180x200-kunstleder-braun-hauptansicht.jpg?v=1784121903,"https://cdn.shopify.com/s/files/1/0884/0278/8685/files/wiesbaden-polsterbett-180x200-kunstleder-braun-frontalansicht.jpg?v=1784121903,https://cdn.shopify.com/s/files/1/0884/0278/8685/files/wiesbaden-polsterbett-180x200-kunstleder-braun-draufsicht.jpg?v=1784121903,https://cdn.shopify.com/s/files/1/0884/0278/8685/files/wiesbaden-polsterbett-180x200-kunstleder-braun-hauptansicht-2.jpg?v=1784121903,https://cdn.shopify.com/s/files/1/0884/0278/8685/files/wiesbaden-polsterbett-180x200-kunstleder-braun-frontalansicht-2.jpg?v=1784121903,https://cdn.shopify.com/s/files/1/0884/0278/8685/files/wiesbaden-polsterbett-180x200-kunstleder-braun-seitenansicht.jpg?v=1784121903,https://cdn.shopify.com/s/files/1/0884/0278/8685/files/wiesbaden-polsterbett-180x200-kunstleder-braun-rueckansicht.jpg?v=1784121903,https://cdn.shopify.com/s/files/1/0884/0278/8685/files/wiesbaden-polsterbett-180x200-kunstleder-braun-rahmenansicht.jpg?v=1784121903,https://cdn.shopify.com/s/files/1/0884/0278/8685/files/wiesbaden-polsterbett-180x200-massskizze.jpg?v=1784122205",in_stock,1530.00 EUR,Ángel Cerdá S.L.,new,8435631028840,7158,wiesbaden-upholstered-bed-leatherette-brown-180x200,,,Leatherette headboard (90% Vinyl and 10% Polyester); Black epoxy painted stainless steel legs
7177,Lit capitonné Münster en tissu gris 160×200,"Le Münster partage son tissu gris, sa structure plaquée noyer et son sommier en pin avec le Frankfurt — mais sa tête de lit est plus sobre : un panneau capitonné classique, sans sangles ni coussins, culminant à 74 cm de hauteur. C'est le plus discret des deux, si vous préférez que la tête de lit ne capte pas le regard. L'un des quatre seuls lits de la collection au format 160×200 cm, plus étroit que le format 180×200 cm plus courant — à vérifier par rapport à votre matelas et à votre literie actuels avant de commander.",https://www.maisondecocon.com/fr/products/lit-capitonne-muenster-tissu-gris-160x200?variant_sku=7177,https://cdn.shopify.com/s/files/1/0884/0278/8685/files/muenster-polsterbett-160x200-stoff-grau-hauptansicht.jpg?v=1784122132,"https://cdn.shopify.com/s/files/1/0884/0278/8685/files/muenster-polsterbett-160x200-stoff-grau-draufsicht.jpg?v=1784122132,https://cdn.shopify.com/s/files/1/0884/0278/8685/files/muenster-polsterbett-160x200-stoff-grau-detailansicht.jpg?v=1784122132,https://cdn.shopify.com/s/files/1/0884/0278/8685/files/muenster-polsterbett-160x200-stoff-grau-seitenansicht.jpg?v=1784122132,https://cdn.shopify.com/s/files/1/0884/0278/8685/files/muenster-polsterbett-160x200-stoff-grau-detailansicht-2.jpg?v=1784122132,https://cdn.shopify.com/s/files/1/0884/0278/8685/files/muenster-polsterbett-160x200-stoff-grau-frontalansicht.jpg?v=1784122132,https://cdn.shopify.com/s/files/1/0884/0278/8685/files/muenster-polsterbett-160x200-stoff-grau-seitenansicht-2.jpg?v=1784122132,https://cdn.shopify.com/s/files/1/0884/0278/8685/files/muenster-polsterbett-160x200-stoff-grau-frontalansicht-2.jpg?v=1784122132,https://cdn.shopify.com/s/files/1/0884/0278/8685/files/muenster-polsterbett-160x200-stoff-grau-rueckansicht.jpg?v=1784122132,https://cdn.shopify.com/s/files/1/0884/0278/8685/files/muenster-polsterbett-160x200-massskizze.jpg?v=1784122205",in_stock,1420.00 EUR,Ángel Cerdá S.L.,new,8435631034599,7177,muenster-upholstered-bed-fabric-grey-160x200,,,Fabric headboard (100% Polyester); 0.5 mm thick natural walnut veneered wood legs
7179,Lit capitonné Frankfurt en tissu gris chaud 160×200,"Comme le Münster, le Frankfurt associe un tissu gris à une structure en bois plaquée noyer sur un sommier en pin — mais sa tête de lit est la plus décorative des deux : le même panneau capitonné, agrémenté de deux coussins cylindriques maintenus par des sangles en cuir, pour un rendu plus travaillé. Il est plus haut dans l'ensemble (110 cm contre 98 cm pour le Münster) pour pouvoir les accueillir. Format matelas 160×200 cm, l'un des quatre lits de la collection construits autour de cette largeur plus étroite — à confirmer par rapport à votre literie actuelle avant de commander.",https://www.maisondecocon.com/fr/products/lit-capitonne-frankfurt-tissu-gris-chaud-160x200?variant_sku=7179,https://cdn.shopify.com/s/files/1/0884/0278/8685/files/frankfurt-polsterbett-160x200-stoff-warmgrau-hauptansicht.jpg?v=1784121966,"https://cdn.shopify.com/s/files/1/0884/0278/8685/files/frankfurt-polsterbett-160x200-stoff-warmgrau-hauptansicht-2.jpg?v=1784121966,https://cdn.shopify.com/s/files/1/0884/0278/8685/files/frankfurt-polsterbett-160x200-stoff-warmgrau-draufsicht.jpg?v=1784121966,https://cdn.shopify.com/s/files/1/0884/0278/8685/files/frankfurt-polsterbett-160x200-stoff-warmgrau-detailansicht.jpg?v=1784121966,https://cdn.shopify.com/s/files/1/0884/0278/8685/files/frankfurt-polsterbett-160x200-stoff-warmgrau-frontalansicht.jpg?v=1784121966,https://cdn.shopify.com/s/files/1/0884/0278/8685/files/frankfurt-polsterbett-160x200-stoff-warmgrau-frontalansicht-2.jpg?v=1784121966,https://cdn.shopify.com/s/files/1/0884/0278/8685/files/frankfurt-polsterbett-160x200-stoff-warmgrau-seitenansicht.jpg?v=1784121966,https://cdn.shopify.com/s/files/1/0884/0278/8685/files/frankfurt-polsterbett-160x200-stoff-warmgrau-rueckansicht.jpg?v=1784121966,https://cdn.shopify.com/s/files/1/0884/0278/8685/files/frankfurt-polsterbett-160x200-stoff-warmgrau-rahmenansicht.jpg?v=1784121966,https://cdn.shopify.com/s/files/1/0884/0278/8685/files/frankfurt-polsterbett-160x200-massskizze.jpg?v=1784122226",in_stock,1760.00 EUR,Ángel Cerdá S.L.,new,8435631034612,7179,frankfurt-upholstered-bed-fabric-warm-grey-160x200,,,Fabric headboard (100% Polyester); 0.5 mm thick natural walnut veneered wood legs
7154,Lit Capitonné Stuttgart Cuir Synthétique Gris Vison 180×200,"La tête de lit du Stuttgart est construite en deux couches : un grand panneau arrière en similicuir couleur vison, devant lequel viennent se poser deux coussins carrés cousus en tissu gris — un rendu plus sculptural que les têtes de lit mono-matière du reste de la gamme. Les pieds sont en chrome foncé. Sommier en bois de pin, 180×200 cm, 100 kg au total.",https://www.maisondecocon.com/fr/products/stuttgart-lit-capitonne-cuir-gris-vison-180x200?variant_sku=7154,https://cdn.shopify.com/s/files/1/0884/0278/8685/files/Stuttgart-180x200-Polsterbett-MaterialMix-LENO-color-mink-grau-main.jpg?v=1768659900,"https://cdn.shopify.com/s/files/1/0884/0278/8685/files/Stuttgart-180x200-Polsterbett-MaterialMix-LENO-color-mink-grau-main-02.jpg?v=1768659832,https://cdn.shopify.com/s/files/1/0884/0278/8685/files/Stuttgart-180x200-Polsterbett-MaterialMix-LENO-color-mink-grau-side-03.jpg?v=1768660008,https://cdn.shopify.com/s/files/1/0884/0278/8685/files/Stuttgart-180x200-Polsterbett-MaterialMix-LENO-color-mink-grau-detail.jpg?v=1768660080,https://cdn.shopify.com/s/files/1/0884/0278/8685/files/Stuttgart-180x200-Polsterbett-MaterialMix-LENO-color-mink-grau-front.jpg?v=1768660094,https://cdn.shopify.com/s/files/1/0884/0278/8685/files/Stuttgart-180x200-Polsterbett-MaterialMix-LENO-color-mink-grau-side-02.jpg?v=1768660045,https://cdn.shopify.com/s/files/1/0884/0278/8685/files/Stuttgart-180x200-Polsterbett-MaterialMix-LENO-color-mink-grau-back.jpg?v=1768659938,https://cdn.shopify.com/s/files/1/0884/0278/8685/files/Stuttgart-180x200-Polsterbett-MaterialMix-LENO-color-mink-grau-frame.jpg?v=1768659868,https://cdn.shopify.com/s/files/1/0884/0278/8685/files/stuttgart-polsterbett-180x200-massskizze.jpg?v=1784122226",in_stock,1990.00 EUR,Ángel Cerdá S.L.,new,8435631028802,7154,stuttgart-upholstered-bed-leatherette-mink-grey-180x200,,,Leatherette headboard (100% Polyester / 90% Vinyl and 10% Polyester); Dark chrome legs
7178,Lit en Bois Essen Noyer 160×200,"Lit double au design moderne avec tête de lit et structure originales en bois plaqué noyer naturel, pour créer un espace chaleureux et personnel, sans renoncer au plus grand confort. Comprend un sommier confortable en bois de pin.Grâce à son design simple et linéaire, vous créerez une atmosphère détendue et confortable pour votre repos. Tous nos lits sont fabriqués avec des matériaux de la plus haute qualité, avec une structure interne en bois de pin naturel.",https://www.maisondecocon.com/fr/products/essen-lit-bois-noyer-160x200?variant_sku=7178,https://cdn.shopify.com/s/files/1/0884/0278/8685/files/essen-holzbett-160x200-holz-walnuss-hauptansicht.jpg?v=1784121966,"https://cdn.shopify.com/s/files/1/0884/0278/8685/files/essen-holzbett-160x200-holz-walnuss-hauptansicht-2.jpg?v=1784121966,https://cdn.shopify.com/s/files/1/0884/0278/8685/files/essen-holzbett-160x200-holz-walnuss-hauptansicht-3.jpg?v=1784121966,https://cdn.shopify.com/s/files/1/0884/0278/8685/files/essen-holzbett-160x200-holz-walnuss-detailansicht.jpg?v=1784121966,https://cdn.shopify.com/s/files/1/0884/0278/8685/files/essen-holzbett-160x200-holz-walnuss-frontalansicht.jpg?v=1784121966,https://cdn.shopify.com/s/files/1/0884/0278/8685/files/essen-holzbett-160x200-holz-walnuss-seitenansicht.jpg?v=1784121966,https://cdn.shopify.com/s/files/1/0884/0278/8685/files/essen-holzbett-160x200-holz-walnuss-rueckansicht.jpg?v=1784121966,https://cdn.shopify.com/s/files/1/0884/0278/8685/files/essen-holzbett-160x200-massskizze.jpg?v=1784122226",in_stock,920.00 EUR,Ángel Cerdá S.L.,new,8435631034605,7178,essen-wood-bed-walnut-160x200,,,0.5 mm thick natural walnut veneered wood headboard
7123,Lit Capitonné Bielefeld Cuir Synthétique Brun-Gris 180×200,"Comme le Stuttgart, le Bielefeld reprend la même tête de lit à deux couches — un grand panneau arrière en similicuir devant lequel se posent deux coussins en tissu gris — mais dans un similicuir brun rouille plus chaud plutôt que couleur vison, sur des pieds en acier inoxydable classique plutôt qu'en chrome foncé. Sommier en bois de pin, 180×200 cm, 87 kg au total — nettement plus léger que le Stuttgart malgré un design identique.",https://www.maisondecocon.com/fr/products/bielefeld-lit-capitonne-cuir-brun-gris-180x200?variant_sku=7123,https://cdn.shopify.com/s/files/1/0884/0278/8685/files/Bielefeld-180x200-Polsterbett-MaterialMix-LENO-color-braun-grau-main.jpg?v=1768664371,"https://cdn.shopify.com/s/files/1/0884/0278/8685/files/Bielefeld-180x200-Polsterbett-MaterialMix-LENO-color-braun-grau-main-02.jpg?v=1768664584,https://cdn.shopify.com/s/files/1/0884/0278/8685/files/Bielefeld-180x200-Polsterbett-MaterialMix-LENO-color-braun-grau-detail-02.jpg?v=1768664516,https://cdn.shopify.com/s/files/1/0884/0278/8685/files/Bielefeld-180x200-Polsterbett-MaterialMix-LENO-color-braun-grau-front.jpg?v=1768664551,https://cdn.shopify.com/s/files/1/0884/0278/8685/files/Bielefeld-180x200-Polsterbett-MaterialMix-LENO-color-braun-grau-detail.jpg?v=1768664487,https://cdn.shopify.com/s/files/1/0884/0278/8685/files/Bielefeld-180x200-Polsterbett-MaterialMix-LENO-color-braun-grau-side.jpg?v=1768664649,https://cdn.shopify.com/s/files/1/0884/0278/8685/files/Bielefeld-180x200-Polsterbett-MaterialMix-LENO-color-braun-grau-back.jpg?v=1768664451,https://cdn.shopify.com/s/files/1/0884/0278/8685/files/bielefeld-polsterbett-180x200-massskizze.jpg?v=1784122226",in_stock,1670.00 EUR,Ángel Cerdá S.L.,new,8435631019688,7123,bielefeld-upholstered-bed-leatherette-brown-grey-180x200,,,Leatherette headboard (100% Polyester / 90% Vinyl and 10% Polyester); Stainless steel legs
7221,Lit rembourré Dresden en tissu gris foncé 180 × 200,"La tête de lit et le cadre du modèle Dresden sont recouverts d’un tissu gris foncé — une teinte polyvalente et contemporaine qui apporte une touche de sérénité à la plupart des palettes de couleurs des chambres à coucher existantes, sans pour autant s’imposer de manière trop marquée. Les pieds en acier inoxydable noir confèrent à l’ensemble une ligne épurée et sobre. Le sommier à lattes en pin situé en dessous soutient la surface de couchage de 180 × 200 cm sur un encombrement total de 200 × 237 cm. D’un poids de 80 kg une fois assemblé, ce cadre de lit double simple s’adapte à la plupart des agencements de chambre sans nécessiter d’espace supplémentaire au sol.",https://www.maisondecocon.com/fr/products/lit-capitonne-dresden-180x200?variant_sku=7221,https://cdn.shopify.com/s/files/1/0884/0278/8685/files/dresden-polsterbett-180x200-stoff-dunkelgrau-hauptansicht.jpg?v=1784203583,"https://cdn.shopify.com/s/files/1/0884/0278/8685/files/dresden-polsterbett-180x200-stoff-dunkelgrau-hauptansicht-2.jpg?v=1784203583,https://cdn.shopify.com/s/files/1/0884/0278/8685/files/dresden-polsterbett-180x200-stoff-dunkelgrau-frontalansicht.jpg?v=1784203583,https://cdn.shopify.com/s/files/1/0884/0278/8685/files/dresden-polsterbett-180x200-stoff-dunkelgrau-draufsicht.jpg?v=1784203583,https://cdn.shopify.com/s/files/1/0884/0278/8685/files/dresden-polsterbett-180x200-stoff-dunkelgrau-rueckansicht.jpg?v=1784203584,https://cdn.shopify.com/s/files/1/0884/0278/8685/files/dresden-polsterbett-180x200-stoff-dunkelgrau-seitenansicht.jpg?v=1784203584,https://cdn.shopify.com/s/files/1/0884/0278/8685/files/dresden-polsterbett-180x200-stoff-dunkelgrau-detailansicht.jpg?v=1784203584,https://cdn.shopify.com/s/files/1/0884/0278/8685/files/dresden-polsterbett-180x200-stoff-dunkelgrau-rahmenansicht.jpg?v=1784203584,https://cdn.shopify.com/s/files/1/0884/0278/8685/files/dresden-polsterbett-180x200-massskizze.jpg?v=1784203628",out_of_stock,1330.00 EUR,Ángel Cerdá S.L.,new,8435631040651,7221,dresden-upholstered-180x200,,,Fabric
7222,Lit Capitonné Duisburg 180×200,"Le modèle « Duisburg » associe une tête de lit et un cadre en tissu gris clair à des finitions en bois teinté noyer, le tout reposant sur des pieds en acier inoxydable noir — une version plus sobre, mêlant les matériaux, qui se situe à mi-chemin entre les lits entièrement en tissu et ceux à pieds en bois de la gamme. Construit sur un sommier à lattes en pin, avec un encombrement total de 212 × 247 cm autour d’une surface de couchage de 180 × 200 cm, le cadre assemblé pèse 97 kg : prévoyez de le transporter à deux dans la chambre.",https://www.maisondecocon.com/fr/products/lit-capitonne-duisburg-180x200?variant_sku=7222,https://cdn.shopify.com/s/files/1/0884/0278/8685/files/duisburg-polsterbett-180x200-stoff-hellgrau-hauptansicht.jpg?v=1784203750,"https://cdn.shopify.com/s/files/1/0884/0278/8685/files/duisburg-polsterbett-180x200-stoff-hellgrau-draufsicht.jpg?v=1784203750,https://cdn.shopify.com/s/files/1/0884/0278/8685/files/duisburg-polsterbett-180x200-stoff-hellgrau-frontalansicht.jpg?v=1784203751,https://cdn.shopify.com/s/files/1/0884/0278/8685/files/duisburg-polsterbett-180x200-stoff-hellgrau-hauptansicht-2.jpg?v=1784203751,https://cdn.shopify.com/s/files/1/0884/0278/8685/files/duisburg-polsterbett-180x200-stoff-hellgrau-rueckansicht.jpg?v=1784203751,https://cdn.shopify.com/s/files/1/0884/0278/8685/files/duisburg-polsterbett-180x200-stoff-hellgrau-detailansicht.jpg?v=1784203751,https://cdn.shopify.com/s/files/1/0884/0278/8685/files/duisburg-polsterbett-180x200-stoff-hellgrau-seitenansicht.jpg?v=1784203751,https://cdn.shopify.com/s/files/1/0884/0278/8685/files/duisburg-polsterbett-180x200-stoff-hellgrau-rahmenansicht.jpg?v=1784203751,https://cdn.shopify.com/s/files/1/0884/0278/8685/files/duisburg-polsterbett-180x200-massskizze.jpg?v=1784203787",out_of_stock,1710.00 EUR,Ángel Cerdá S.L.,new,8435631044864,7222,duisburg-upholstered-bed-fabric-light-grey-180x200,,,Fabric
7223,Lit capitonné Wuppertal velours marron crème 180×200,"Le modèle Wuppertal associe une tête de lit marron veloutée à une structure en similicuir crème, mêlant ainsi le velours et le similicuir au sein d’un même meuble plutôt que d’utiliser un seul matériau sur l’ensemble — une option texturée et plus habillée parmi les lits en tissu et en similicuir proposés ailleurs dans la gamme. Le sommier à lattes en pin supporte la surface de couchage de 180 × 200 cm sur un encombrement au sol de 222 × 229 cm. Avec un poids de 120 kg une fois assemblé et une tête de lit de 86 cm de haut, il s’agit d’un meuble imposant : prévoyez un passage suffisamment large dans l’embrasure de la porte et prévoyez de le transporter à deux avant sa livraison.",https://www.maisondecocon.com/fr/products/lit-capitonne-wuppertal-velours-marron-creme-180x200?variant_sku=7223,https://cdn.shopify.com/s/files/1/0884/0278/8685/files/wuppertal-polsterbett-180x200-samt-kunstleder-creme-braun-hauptansicht.jpg?v=1784203933,"https://cdn.shopify.com/s/files/1/0884/0278/8685/files/wuppertal-polsterbett-180x200-samt-kunstleder-creme-braun-hauptansicht-2.jpg?v=1784203933,https://cdn.shopify.com/s/files/1/0884/0278/8685/files/wuppertal-polsterbett-180x200-samt-kunstleder-creme-braun-frontalansicht.jpg?v=1784203934,https://cdn.shopify.com/s/files/1/0884/0278/8685/files/wuppertal-polsterbett-180x200-samt-kunstleder-creme-braun-draufsicht.jpg?v=1784203934,https://cdn.shopify.com/s/files/1/0884/0278/8685/files/wuppertal-polsterbett-180x200-samt-kunstleder-creme-braun-rueckansicht.jpg?v=1784203934,https://cdn.shopify.com/s/files/1/0884/0278/8685/files/wuppertal-polsterbett-180x200-samt-kunstleder-creme-braun-frontalansicht-2.jpg?v=1784203934,https://cdn.shopify.com/s/files/1/0884/0278/8685/files/wuppertal-polsterbett-180x200-samt-kunstleder-creme-braun-detailansicht.jpg?v=1784203934,https://cdn.shopify.com/s/files/1/0884/0278/8685/files/wuppertal-polsterbett-180x200-samt-kunstleder-creme-braun-seitenansicht.jpg?v=1784203934,https://cdn.shopify.com/s/files/1/0884/0278/8685/files/wuppertal-polsterbett-180x200-samt-kunstleder-creme-braun-rahmenansicht.jpg?v=1784203934,https://cdn.shopify.com/s/files/1/0884/0278/8685/files/wuppertal-polsterbett-180x200-massskizze.jpg?v=1784203961",out_of_stock,1580.00 EUR,Ángel Cerdá S.L.,new,8435631044871,7223,wuppertal-upholstered-bed-velvet-brown-cream-180x200,,,Velvet & Leatherette
7224,Lit capitonné Braunschweig tissu beige gris 160×200,"Le modèle Braunschweig associe une tête de lit en tissu beige et gris, des finitions en placage de noyer et des pieds en acier inoxydable aux reflets dorés, pour un rendu chaleureux et légèrement plus raffiné. Conçu autour d’une surface de couchage plus étroite de 160 × 200 cm — l’une des quatre dimensions de la gamme — reposant sur un sommier à lattes en pin, son encombrement de 170 × 215 cm convient parfaitement aux chambres où une largeur standard de 180 cm serait trop étroite.",https://www.maisondecocon.com/fr/products/lit-capitonne-braunschweig-tissu-beige-gris-160x200?variant_sku=7224,https://cdn.shopify.com/s/files/1/0884/0278/8685/files/braunschweig-polsterbett-160x200-stoff-beige-grau-hauptansicht.jpg?v=1784204088,"https://cdn.shopify.com/s/files/1/0884/0278/8685/files/braunschweig-polsterbett-160x200-stoff-beige-grau-draufsicht.jpg?v=1784204088,https://cdn.shopify.com/s/files/1/0884/0278/8685/files/braunschweig-polsterbett-160x200-stoff-beige-grau-frontalansicht.jpg?v=1784204088,https://cdn.shopify.com/s/files/1/0884/0278/8685/files/braunschweig-polsterbett-160x200-stoff-beige-grau-hauptansicht-2.jpg?v=1784204088,https://cdn.shopify.com/s/files/1/0884/0278/8685/files/braunschweig-polsterbett-160x200-stoff-beige-grau-detailansicht.jpg?v=1784204088,https://cdn.shopify.com/s/files/1/0884/0278/8685/files/braunschweig-polsterbett-160x200-stoff-beige-grau-seitenansicht.jpg?v=1784204088,https://cdn.shopify.com/s/files/1/0884/0278/8685/files/braunschweig-polsterbett-160x200-stoff-beige-grau-rahmenansicht.jpg?v=1784204088,https://cdn.shopify.com/s/files/1/0884/0278/8685/files/braunschweig-polsterbett-160x200-massskizze.jpg?v=1784204131",in_stock,1320.00 EUR,Ángel Cerdá S.L.,new,8435631044932,7224,braunschweig-upholstered-bed-fabric-beige-grey-160x200,,,Fabric
7236,Lit capitonné Freiburg en similicuir sable 180×200,"Le modèle « Freiburg » associe une tête de lit en similicuir aux teintes sable à un bois aux nuances chaudes de noyer — avec des pieds et des finitions en bois sur l’ensemble du meuble, contrairement aux pieds en acier utilisés ailleurs dans la gamme, pour une silhouette plus douce et plus traditionnelle. Le sommier à lattes en pin soutient la surface de couchage de 180 × 200 cm sur un encombrement au sol de 195 × 223 cm. Avec un poids de 123 kg une fois assemblé, il s’agit d’un meuble imposant ; prévoyez donc de le transporter à deux et vérifiez votre voie d’accès avant sa livraison.",https://www.maisondecocon.com/fr/products/lit-capitonne-freiburg-similicuir-sable-180x200?variant_sku=7236,https://cdn.shopify.com/s/files/1/0884/0278/8685/files/freiburg-polsterbett-180x200-kunstleder-sand-hauptansicht.jpg?v=1784204269,"https://cdn.shopify.com/s/files/1/0884/0278/8685/files/freiburg-polsterbett-180x200-kunstleder-sand-draufsicht.jpg?v=1784204269,https://cdn.shopify.com/s/files/1/0884/0278/8685/files/freiburg-polsterbett-180x200-kunstleder-sand-frontalansicht.jpg?v=1784204269,https://cdn.shopify.com/s/files/1/0884/0278/8685/files/freiburg-polsterbett-180x200-kunstleder-sand-frontalansicht-2.jpg?v=1784204269,https://cdn.shopify.com/s/files/1/0884/0278/8685/files/freiburg-polsterbett-180x200-kunstleder-sand-detailansicht.jpg?v=1784204269,https://cdn.shopify.com/s/files/1/0884/0278/8685/files/freiburg-polsterbett-180x200-kunstleder-sand-seitenansicht.jpg?v=1784204269,https://cdn.shopify.com/s/files/1/0884/0278/8685/files/freiburg-polsterbett-180x200-kunstleder-sand-rahmenansicht.jpg?v=1784204269,https://cdn.shopify.com/s/files/1/0884/0278/8685/files/freiburg-polsterbett-180x200-massskizze.jpg?v=1784204307",in_stock,2660.00 EUR,Ángel Cerdá S.L.,new,8435631047629,7236,freiburg-upholstered-bed-leatherette-sand-180x200,,,Leatherette
7198,Lit Capitonné Aachen Cuir Synthétique Crème 180×200,"Le modèle Aachen associe un cadre en similicuir crème à des touches de bois aux teintes chaudes de noyer, pour créer une ambiance intemporelle et apaisante, digne d'une galerie d'art — ses pieds sont entièrement en bois plutôt qu'en acier, ce qui confère à l'ensemble une silhouette plus douce. Sa tête de lit mesure 94 cm de haut, ce qui en fait l'une des plus hautes de cette gamme alliant similicuir et bois. Le sommier à lattes en pin supporte la surface de couchage de 180 × 200 cm sur un encombrement au sol de 221 × 216 cm. Avec un poids de 70 kg une fois assemblé, ce meuble est relativement facile à déplacer et à monter.",https://www.maisondecocon.com/fr/products/lit-capitonne-aachen-cuir-synthetique-creme-180x200?variant_sku=7198,https://cdn.shopify.com/s/files/1/0884/0278/8685/files/aachen-polsterbett-180x200-kunstleder-creme-hauptansicht.jpg?v=1784204487,"https://cdn.shopify.com/s/files/1/0884/0278/8685/files/aachen-polsterbett-180x200-kunstleder-creme-hauptansicht-2.jpg?v=1784204487,https://cdn.shopify.com/s/files/1/0884/0278/8685/files/aachen-polsterbett-180x200-kunstleder-creme-frontalansicht.jpg?v=1784204487,https://cdn.shopify.com/s/files/1/0884/0278/8685/files/aachen-polsterbett-180x200-kunstleder-creme-frontalansicht-2.jpg?v=1784204487,https://cdn.shopify.com/s/files/1/0884/0278/8685/files/aachen-polsterbett-180x200-kunstleder-creme-rueckansicht.jpg?v=1784204487,https://cdn.shopify.com/s/files/1/0884/0278/8685/files/aachen-polsterbett-180x200-kunstleder-creme-detailansicht.jpg?v=1784204487,https://cdn.shopify.com/s/files/1/0884/0278/8685/files/aachen-polsterbett-180x200-kunstleder-creme-seitenansicht.jpg?v=1784204487,https://cdn.shopify.com/s/files/1/0884/0278/8685/files/aachen-polsterbett-180x200-kunstleder-creme-rahmenansicht.jpg?v=1784204487,https://cdn.shopify.com/s/files/1/0884/0278/8685/files/aachen-polsterbett-180x200-massskizze.jpg?v=1784204535",out_of_stock,1890.00 EUR,Ángel Cerdá S.L.,new,8435631045779,7198,aachen-upholstered-bed-leatherette-cream-180x200,,,Leatherette
7229,Matelas Hybride Thuringia Premium en Latex Naturel 160×200,"Conçu pour un confort de sommeil équilibré, le matelas hybride Thuringia (160x200 cm) associe harmonieusement latex naturel et ressorts ensachés indépendants pour offrir le parfait équilibre entre soutien adaptatif et soulagement de la pression.",https://www.maisondecocon.com/fr/products/thuringia-matelas-hybride-premium-latex-naturel-160x200?variant_sku=7229,https://cdn.shopify.com/s/files/1/0884/0278/8685/files/thuringia-matratze-160x200-grau-hauptansicht.jpg?v=1784204704,"https://cdn.shopify.com/s/files/1/0884/0278/8685/files/thuringia-matratze-180x200-grau-draufsicht.jpg?v=1784208916,https://cdn.shopify.com/s/files/1/0884/0278/8685/files/thuringia-matratze-180x200-grau-frontalansicht.jpg?v=1784208916,https://cdn.shopify.com/s/files/1/0884/0278/8685/files/thuringia-matratze-180x200-grau-frontalansicht-2.jpg?v=1784208916,https://cdn.shopify.com/s/files/1/0884/0278/8685/files/thuringia-matratze-180x200-grau-detailansicht-2.jpg?v=1784208916,https://cdn.shopify.com/s/files/1/0884/0278/8685/files/thuringia-matratze-180x200-massskizze.jpg?v=1784208916",in_stock,720.00 EUR,Ángel Cerdá S.L.,new,8435631045083,7229,thuringia-premium-hybrid-natural-latex-mattress-160x200,,160x200 cm,Grey cover
7231,Matelas Hybride Hesse Premium en Latex Naturel 160×200,"Conçue pour un soulagement ciblé des points de pression, le matelas hybride Hesse (160x200 cm) associe harmonieusement latex naturel et système de ressorts ensachés indépendants à 7 zones, pour un soutien sur mesure et un confort de sommeil exceptionnel.",https://www.maisondecocon.com/fr/products/hesse-matelas-hybride-premium-latex-naturel-160x200?variant_sku=7231,https://cdn.shopify.com/s/files/1/0884/0278/8685/files/hesse-matratze-160x200-weiss-hauptansicht.jpg?v=1784204855,"https://cdn.shopify.com/s/files/1/0884/0278/8685/files/hesse-matratze-180x200-weiss-frontalansicht-2.jpg?v=1784208934,https://cdn.shopify.com/s/files/1/0884/0278/8685/files/hesse-matratze-180x200-weiss-frontalansicht.jpg?v=1784208934,https://cdn.shopify.com/s/files/1/0884/0278/8685/files/hesse-matratze-180x200-weiss-draufsicht.jpg?v=1784208934,https://cdn.shopify.com/s/files/1/0884/0278/8685/files/hesse-matratze-180x200-weiss-detailansicht-2.jpg?v=1784208934,https://cdn.shopify.com/s/files/1/0884/0278/8685/files/hesse-matratze-180x200-massskizze.jpg?v=1784208934",in_stock,950.00 EUR,Ángel Cerdá S.L.,new,8435631045106,7231,hesse-premium-hybrid-natural-latex-mattress-160x200,,160x200 cm,White cover
7233,Matelas en latex naturel hybride « Saxony Premium » 160 × 200,"Conçu pour offrir un confort de sommeil exceptionnel, le matelas Saxony Hybrid (160 x 200 cm) allie avec brio le latex naturel à des mini-ressorts réactifs et à un système de ressorts ensachés indépendants à 7 zones, afin de vous offrir un soutien multicouche inégalé.",https://www.maisondecocon.com/fr/products/saxony-matelas-hybride-premium-latex-naturel-160x200?variant_sku=7233,https://cdn.shopify.com/s/files/1/0884/0278/8685/files/saxony-matratze-160x200-weiss-hauptansicht.jpg?v=1784205003,"https://cdn.shopify.com/s/files/1/0884/0278/8685/files/saxony-matratze-180x200-weiss-draufsicht.jpg?v=1784208949,https://cdn.shopify.com/s/files/1/0884/0278/8685/files/saxony-matratze-180x200-weiss-frontalansicht.jpg?v=1784208949,https://cdn.shopify.com/s/files/1/0884/0278/8685/files/saxony-matratze-180x200-weiss-frontalansicht-2.jpg?v=1784208949,https://cdn.shopify.com/s/files/1/0884/0278/8685/files/saxony-matratze-180x200-weiss-detailansicht-2.jpg?v=1784208949,https://cdn.shopify.com/s/files/1/0884/0278/8685/files/saxony-matratze-180x200-massskizze.jpg?v=1784208949",in_stock,1230.00 EUR,Ángel Cerdá S.L.,new,8435631045120,7233,saxony-premium-hybrid-natural-latex-mattress-160x200,,160x200 cm,White cover
7235,"Matelas en latex naturel hybride haut de gamme Brandenburg, 160 × 200","Conçu pour une expérience de sommeil rafraîchissante, le matelas hybride Brandenburg (160x200 cm) associe latex naturel et système de mini-ressorts ensachés Cooltex dans une finition signature bleu et blanc, offrant des propriétés rafraîchissantes avancées et un confort parfaitement équilibré.",https://www.maisondecocon.com/fr/products/brandenburg-matelas-hybride-premium-latex-naturel-160x200?variant_sku=7235,https://cdn.shopify.com/s/files/1/0884/0278/8685/files/brandenburg-matratze-160x200-blau-weiss-hauptansicht.jpg?v=1784205138,"https://cdn.shopify.com/s/files/1/0884/0278/8685/files/brandenburg-matratze-180x200-blau-weiss-frontalansicht-2.jpg?v=1784208966,https://cdn.shopify.com/s/files/1/0884/0278/8685/files/brandenburg-matratze-180x200-blau-weiss-frontalansicht.jpg?v=1784208966,https://cdn.shopify.com/s/files/1/0884/0278/8685/files/brandenburg-matratze-180x200-blau-weiss-draufsicht.jpg?v=1784208966,https://cdn.shopify.com/s/files/1/0884/0278/8685/files/brandenburg-matratze-180x200-blau-weiss-detailansicht-2.jpg?v=1784208966,https://cdn.shopify.com/s/files/1/0884/0278/8685/files/brandenburg-matratze-180x200-massskizze.jpg?v=1784208966",out_of_stock,2280.00 EUR,Ángel Cerdá S.L.,new,8435631045144,7235,brandenburg-premium-hybrid-natural-latex-mattress-160x200,,160x200 cm,Blue and White cover
7244,Matelas en latex naturel hybride Westphalia Premium 160 × 200,"Conçu pour une expérience de sommeil rafraîchissante, le matelas hybride Westphalia (160x200 cm) associe latex naturel et système de mini-ressorts ensachés Cooltex dans une élégante finition beige, offrant des propriétés rafraîchissantes avancées et un confort parfaitement équilibré.",https://www.maisondecocon.com/fr/products/westphalia-matelas-hybride-premium-latex-naturel-160x200?variant_sku=7244,https://cdn.shopify.com/s/files/1/0884/0278/8685/files/westphalia-matratze-160x200-beige-hauptansicht.jpg?v=1784205330,"https://cdn.shopify.com/s/files/1/0884/0278/8685/files/westphalia-matratze-180x200-beige-draufsicht.jpg?v=1784208982,https://cdn.shopify.com/s/files/1/0884/0278/8685/files/westphalia-matratze-180x200-beige-frontalansicht.jpg?v=1784208982,https://cdn.shopify.com/s/files/1/0884/0278/8685/files/westphalia-matratze-180x200-beige-detailansicht.jpg?v=1784208982,https://cdn.shopify.com/s/files/1/0884/0278/8685/files/westphalia-matratze-180x200-beige-detailansicht-2.jpg?v=1784208982,https://cdn.shopify.com/s/files/1/0884/0278/8685/files/westphalia-matratze-180x200-massskizze.jpg?v=1784208982",in_stock,2280.00 EUR,Ángel Cerdá S.L.,new,8435631053132,7244,westphalia-premium-hybrid-natural-latex-mattress-160x200,,160x200 cm,Beige cover
7228,Matelas Hybride Thuringia Premium en Latex Naturel 180×200,"Conçu pour un confort de sommeil équilibré, le matelas hybride Thuringia (180x200 cm) associe harmonieusement latex naturel et ressorts ensachés indépendants pour offrir le parfait équilibre entre soutien adaptatif et soulagement de la pression.",https://www.maisondecocon.com/fr/products/thuringia-matelas-hybride-premium-latex-naturel-180x200?variant_sku=7228,https://cdn.shopify.com/s/files/1/0884/0278/8685/files/thuringia-matratze-160x200-grau-hauptansicht.jpg?v=1784204704,"https://cdn.shopify.com/s/files/1/0884/0278/8685/files/thuringia-matratze-180x200-grau-draufsicht.jpg?v=1784208916,https://cdn.shopify.com/s/files/1/0884/0278/8685/files/thuringia-matratze-180x200-grau-frontalansicht.jpg?v=1784208916,https://cdn.shopify.com/s/files/1/0884/0278/8685/files/thuringia-matratze-180x200-grau-frontalansicht-2.jpg?v=1784208916,https://cdn.shopify.com/s/files/1/0884/0278/8685/files/thuringia-matratze-180x200-grau-detailansicht-2.jpg?v=1784208916,https://cdn.shopify.com/s/files/1/0884/0278/8685/files/thuringia-matratze-180x200-massskizze.jpg?v=1784208916",out_of_stock,760.00 EUR,Ángel Cerdá S.L.,new,8435631045076,7228,thuringia-premium-hybrid-natural-latex-mattress-180x200,,180x200 cm,Grey cover
7230,Matelas Hybride Hesse Premium en Latex Naturel 180×200,"Conçue pour un soulagement ciblé des points de pression, le matelas hybride Hesse (180x200 cm) associe harmonieusement latex naturel et système de ressorts ensachés indépendants à 7 zones, pour un soutien sur mesure et un confort de sommeil exceptionnel.",https://www.maisondecocon.com/fr/products/hesse-matelas-hybride-premium-latex-naturel-180x200?variant_sku=7230,https://cdn.shopify.com/s/files/1/0884/0278/8685/files/hesse-matratze-160x200-weiss-hauptansicht.jpg?v=1784204855,"https://cdn.shopify.com/s/files/1/0884/0278/8685/files/hesse-matratze-180x200-weiss-frontalansicht-2.jpg?v=1784208934,https://cdn.shopify.com/s/files/1/0884/0278/8685/files/hesse-matratze-180x200-weiss-frontalansicht.jpg?v=1784208934,https://cdn.shopify.com/s/files/1/0884/0278/8685/files/hesse-matratze-180x200-weiss-draufsicht.jpg?v=1784208934,https://cdn.shopify.com/s/files/1/0884/0278/8685/files/hesse-matratze-180x200-weiss-detailansicht-2.jpg?v=1784208934,https://cdn.shopify.com/s/files/1/0884/0278/8685/files/hesse-matratze-180x200-massskizze.jpg?v=1784208934",out_of_stock,1000.00 EUR,Ángel Cerdá S.L.,new,8435631045090,7230,hesse-premium-hybrid-natural-latex-mattress-180x200,,180x200 cm,White cover
7232,Matelas en latex naturel hybride Saxony Premium 180 × 200,"Conçu pour un confort de sommeil exceptionnel, le matelas hybride Saxony (180x200 cm) associe avec maîtrise latex naturel, mini-ressorts réactifs et système de ressorts ensachés indépendants à 7 zones, pour un soutien multicouche inégalé.",https://www.maisondecocon.com/fr/products/saxony-matelas-hybride-premium-latex-naturel-180x200?variant_sku=7232,https://cdn.shopify.com/s/files/1/0884/0278/8685/files/saxony-matratze-160x200-weiss-hauptansicht.jpg?v=1784205003,"https://cdn.shopify.com/s/files/1/0884/0278/8685/files/saxony-matratze-180x200-weiss-draufsicht.jpg?v=1784208949,https://cdn.shopify.com/s/files/1/0884/0278/8685/files/saxony-matratze-180x200-weiss-frontalansicht.jpg?v=1784208949,https://cdn.shopify.com/s/files/1/0884/0278/8685/files/saxony-matratze-180x200-weiss-frontalansicht-2.jpg?v=1784208949,https://cdn.shopify.com/s/files/1/0884/0278/8685/files/saxony-matratze-180x200-weiss-detailansicht-2.jpg?v=1784208949,https://cdn.shopify.com/s/files/1/0884/0278/8685/files/saxony-matratze-180x200-massskizze.jpg?v=1784208949",out_of_stock,1320.00 EUR,Ángel Cerdá S.L.,new,8435631045113,7232,saxony-premium-hybrid-natural-latex-mattress-180x200,,180x200 cm,White cover
7234,"Matelas en latex naturel hybride haut de gamme Brandenburg, 180 × 200","Conçu pour une expérience de sommeil rafraîchissante, le matelas hybride Brandenburg (180x200 cm) associe latex naturel et système de mini-ressorts ensachés Cooltex dans une finition signature bleu et blanc, offrant des propriétés rafraîchissantes avancées et un confort parfaitement équilibré.",https://www.maisondecocon.com/fr/products/brandenburg-matelas-hybride-premium-latex-naturel-180x200?variant_sku=7234,https://cdn.shopify.com/s/files/1/0884/0278/8685/files/brandenburg-matratze-160x200-blau-weiss-hauptansicht.jpg?v=1784205138,"https://cdn.shopify.com/s/files/1/0884/0278/8685/files/brandenburg-matratze-180x200-blau-weiss-frontalansicht-2.jpg?v=1784208966,https://cdn.shopify.com/s/files/1/0884/0278/8685/files/brandenburg-matratze-180x200-blau-weiss-frontalansicht.jpg?v=1784208966,https://cdn.shopify.com/s/files/1/0884/0278/8685/files/brandenburg-matratze-180x200-blau-weiss-draufsicht.jpg?v=1784208966,https://cdn.shopify.com/s/files/1/0884/0278/8685/files/brandenburg-matratze-180x200-blau-weiss-detailansicht-2.jpg?v=1784208966,https://cdn.shopify.com/s/files/1/0884/0278/8685/files/brandenburg-matratze-180x200-massskizze.jpg?v=1784208966",out_of_stock,2340.00 EUR,Ángel Cerdá S.L.,new,8435631045137,7234,brandenburg-premium-hybrid-natural-latex-mattress-180x200,,180x200 cm,Blue and White cover
7243,Matelas en latex naturel hybride Westphalia Premium 180 × 200,"Conçu pour une expérience de sommeil rafraîchissante, le matelas hybride Westphalia (180x200 cm) associe latex naturel et système de mini-ressorts ensachés Cooltex dans une élégante finition beige, offrant des propriétés rafraîchissantes avancées et un confort parfaitement équilibré.",https://www.maisondecocon.com/fr/products/westphalia-matelas-hybride-premium-latex-naturel-180x200?variant_sku=7243,https://cdn.shopify.com/s/files/1/0884/0278/8685/files/westphalia-matratze-160x200-beige-hauptansicht.jpg?v=1784205330,"https://cdn.shopify.com/s/files/1/0884/0278/8685/files/westphalia-matratze-180x200-beige-draufsicht.jpg?v=1784208982,https://cdn.shopify.com/s/files/1/0884/0278/8685/files/westphalia-matratze-180x200-beige-frontalansicht.jpg?v=1784208982,https://cdn.shopify.com/s/files/1/0884/0278/8685/files/westphalia-matratze-180x200-beige-detailansicht.jpg?v=1784208982,https://cdn.shopify.com/s/files/1/0884/0278/8685/files/westphalia-matratze-180x200-beige-detailansicht-2.jpg?v=1784208982,https://cdn.shopify.com/s/files/1/0884/0278/8685/files/westphalia-matratze-180x200-massskizze.jpg?v=1784208982",out_of_stock,2340.00 EUR,Ángel Cerdá S.L.,new,8435631053125,7243,westphalia-premium-hybrid-natural-latex-mattress-180x200,,180x200 cm,Beige cover
M12602207VS,Housse de couette en sergé Tencel™ - Blanche,"Plongez dans une literie qui respire avec vous. Notre housse de couette en sergé Tencel™ blanche apporte une élégance douce et mate à votre chambre à coucher : un luxe discret, sans brillance.",https://www.maisondecocon.com/fr/products/tencel-twill-duvet-cover-white?variant_sku=M12602207VS,https://cdn.shopify.com/s/files/1/0884/0278/8685/files/Tencel_Twill_Duvet_Cover_in_White_styled_on_a_bed_with_a_neutral_headboard_and_sheer_curtains.png?v=1785835255,https://cdn.shopify.com/s/files/1/0884/0278/8685/files/tencel-twill-duvet-cover-white-lifestyle-02.png?v=1785835240,in_stock,239.95 EUR,Coco & Cici,new,8721184401835,M12602207VS,tencel-twill-duvet-cover-white,,260x220 + 2 pillowcases 60x70,"100% Tencel™ Lyocell, Twill weave"
M11402207VS,Housse de couette en sergé Tencel™ - Blanche,"Plongez dans une literie qui respire avec vous. Notre housse de couette en sergé Tencel™ blanche apporte une élégance douce et mate à votre chambre à coucher : un luxe discret, sans brillance.",https://www.maisondecocon.com/fr/products/tencel-twill-duvet-cover-white?variant_sku=M11402207VS,https://cdn.shopify.com/s/files/1/0884/0278/8685/files/Tencel_Twill_Duvet_Cover_in_White_styled_on_a_bed_with_a_neutral_headboard_and_sheer_curtains.png?v=1785835255,https://cdn.shopify.com/s/files/1/0884/0278/8685/files/tencel-twill-duvet-cover-white-lifestyle-02.png?v=1785835240,in_stock,139.95 EUR,Coco & Cici,new,8721184403914,M11402207VS,tencel-twill-duvet-cover-white,,140x220 + 1 pillowcase 60x70,"100% Tencel™ Lyocell, Twill weave"
M12002007VS,Housse de couette en sergé Tencel™ - Blanche,"Plongez dans une literie qui respire avec vous. Notre housse de couette en sergé Tencel™ blanche apporte une élégance douce et mate à votre chambre à coucher : un luxe discret, sans brillance.",https://www.maisondecocon.com/fr/products/tencel-twill-duvet-cover-white?variant_sku=M12002007VS,https://cdn.shopify.com/s/files/1/0884/0278/8685/files/Tencel_Twill_Duvet_Cover_in_White_styled_on_a_bed_with_a_neutral_headboard_and_sheer_curtains.png?v=1785835255,https://cdn.shopify.com/s/files/1/0884/0278/8685/files/tencel-twill-duvet-cover-white-lifestyle-02.png?v=1785835240,in_stock,179.95 EUR,Coco & Cici,new,8721184401804,M12002007VS,tencel-twill-duvet-cover-white,,200x200 + 2 pillowcases 60x70,"100% Tencel™ Lyocell, Twill weave"
M11402007VS,Housse de couette en sergé Tencel™ - Blanche,"Plongez dans une literie qui respire avec vous. Notre housse de couette en sergé Tencel™ blanche apporte une élégance douce et mate à votre chambre à coucher : un luxe discret, sans brillance.",https://www.maisondecocon.com/fr/products/tencel-twill-duvet-cover-white?variant_sku=M11402007VS,https://cdn.shopify.com/s/files/1/0884/0278/8685/files/Tencel_Twill_Duvet_Cover_in_White_styled_on_a_bed_with_a_neutral_headboard_and_sheer_curtains.png?v=1785835255,https://cdn.shopify.com/s/files/1/0884/0278/8685/files/tencel-twill-duvet-cover-white-lifestyle-02.png?v=1785835240,in_stock,129.95 EUR,Coco & Cici,new,8721184401781,M11402007VS,tencel-twill-duvet-cover-white,,140x200 + 1 pillowcase 60x70,"100% Tencel™ Lyocell, Twill weave"
M12402207VS,Housse de couette en sergé Tencel™ - Blanche,"Plongez dans une literie qui respire avec vous. Notre housse de couette en sergé Tencel™ blanche apporte une élégance douce et mate à votre chambre à coucher : un luxe discret, sans brillance.",https://www.maisondecocon.com/fr/products/tencel-twill-duvet-cover-white?variant_sku=M12402207VS,https://cdn.shopify.com/s/files/1/0884/0278/8685/files/Tencel_Twill_Duvet_Cover_in_White_styled_on_a_bed_with_a_neutral_headboard_and_sheer_curtains.png?v=1785835255,https://cdn.shopify.com/s/files/1/0884/0278/8685/files/tencel-twill-duvet-cover-white-lifestyle-02.png?v=1785835240,in_stock,219.95 EUR,Coco & Cici,new,8721184401828,M12402207VS,tencel-twill-duvet-cover-white,,240x220 + 2 pillowcases 60x70,"100% Tencel™ Lyocell, Twill weave"
M12002207VS,Housse de couette en sergé Tencel™ - Blanche,"Plongez dans une literie qui respire avec vous. Notre housse de couette en sergé Tencel™ blanche apporte une élégance douce et mate à votre chambre à coucher : un luxe discret, sans brillance.",https://www.maisondecocon.com/fr/products/tencel-twill-duvet-cover-white?variant_sku=M12002207VS,https://cdn.shopify.com/s/files/1/0884/0278/8685/files/Tencel_Twill_Duvet_Cover_in_White_styled_on_a_bed_with_a_neutral_headboard_and_sheer_curtains.png?v=1785835255,https://cdn.shopify.com/s/files/1/0884/0278/8685/files/tencel-twill-duvet-cover-white-lifestyle-02.png?v=1785835240,in_stock,189.95 EUR,Coco & Cici,new,8721184401811,M12002207VS,tencel-twill-duvet-cover-white,,200x220 + 2 pillowcases 60x70,"100% Tencel™ Lyocell, Twill weave"
B12002003,"Housse de couette en bambou, jaune ocre","Pour mieux dormir, rien de plus simple. Notre housse de couette Eco Bamboo, couleur jaune ocre, est douce, respirante et très facile d'entretien : une solution douce et durable pour commencer à mieux dormir.",https://www.maisondecocon.com/fr/products/bamboo-duvet-cover-ocher-yellow?variant_sku=B12002003,https://cdn.shopify.com/s/files/1/0884/0278/8685/files/bamboo-duvet-cover-ocher-yellow-folded-01.png?v=1785840894,"https://cdn.shopify.com/s/files/1/0884/0278/8685/files/bamboo-duvet-cover-ocher-yellow-styled-01.jpg?v=1785841017,https://cdn.shopify.com/s/files/1/0884/0278/8685/files/bamboo-duvet-cover-ocher-yellow-lifestyle-01.jpg?v=1785841031,https://cdn.shopify.com/s/files/1/0884/0278/8685/files/bamboo-duvet-cover-ocher-yellow-lifestyle-02.jpg?v=1785841044,https://cdn.shopify.com/s/files/1/0884/0278/8685/files/bamboo-duvet-cover-ocher-yellow-lifestyle-03.jpg?v=1785841059,https://cdn.shopify.com/s/files/1/0884/0278/8685/files/bamboo-duvet-cover-ocher-yellow-lifestyle-04.png?v=1785841084,https://cdn.shopify.com/s/files/1/0884/0278/8685/files/bamboo-duvet-cover-ocher-yellow-detail-zipper.jpg?v=1785841100",out_of_stock,169.95 EUR,Coco & Cici,new,6091016460487,B12002003,bamboo-duvet-cover-ocher-yellow,,200x200 + 2 kussenslopen 60x70,100% Eco Bamboo fibre
B12002203,"Housse de couette en bambou, jaune ocre","Pour mieux dormir, rien de plus simple. Notre housse de couette Eco Bamboo, couleur jaune ocre, est douce, respirante et très facile d'entretien : une solution douce et durable pour commencer à mieux dormir.",https://www.maisondecocon.com/fr/products/bamboo-duvet-cover-ocher-yellow?variant_sku=B12002203,https://cdn.shopify.com/s/files/1/0884/0278/8685/files/bamboo-duvet-cover-ocher-yellow-folded-01.png?v=1785840894,"https://cdn.shopify.com/s/files/1/0884/0278/8685/files/bamboo-duvet-cover-ocher-yellow-styled-01.jpg?v=1785841017,https://cdn.shopify.com/s/files/1/0884/0278/8685/files/bamboo-duvet-cover-ocher-yellow-lifestyle-01.jpg?v=1785841031,https://cdn.shopify.com/s/files/1/0884/0278/8685/files/bamboo-duvet-cover-ocher-yellow-lifestyle-02.jpg?v=1785841044,https://cdn.shopify.com/s/files/1/0884/0278/8685/files/bamboo-duvet-cover-ocher-yellow-lifestyle-03.jpg?v=1785841059,https://cdn.shopify.com/s/files/1/0884/0278/8685/files/bamboo-duvet-cover-ocher-yellow-lifestyle-04.png?v=1785841084,https://cdn.shopify.com/s/files/1/0884/0278/8685/files/bamboo-duvet-cover-ocher-yellow-detail-zipper.jpg?v=1785841100",out_of_stock,169.95 EUR,Coco & Cici,new,6091016585548,B12002203,bamboo-duvet-cover-ocher-yellow,,200x220 + 2 kussenslopen 60x70,100% Eco Bamboo fibre
B12602203,"Housse de couette en bambou, jaune ocre","Pour mieux dormir, rien de plus simple. Notre housse de couette Eco Bamboo, couleur jaune ocre, est douce, respirante et très facile d'entretien : une solution douce et durable pour commencer à mieux dormir.",https://www.maisondecocon.com/fr/products/bamboo-duvet-cover-ocher-yellow?variant_sku=B12602203,https://cdn.shopify.com/s/files/1/0884/0278/8685/files/bamboo-duvet-cover-ocher-yellow-folded-01.png?v=1785840894,"https://cdn.shopify.com/s/files/1/0884/0278/8685/files/bamboo-duvet-cover-ocher-yellow-styled-01.jpg?v=1785841017,https://cdn.shopify.com/s/files/1/0884/0278/8685/files/bamboo-duvet-cover-ocher-yellow-lifestyle-01.jpg?v=1785841031,https://cdn.shopify.com/s/files/1/0884/0278/8685/files/bamboo-duvet-cover-ocher-yellow-lifestyle-02.jpg?v=1785841044,https://cdn.shopify.com/s/files/1/0884/0278/8685/files/bamboo-duvet-cover-ocher-yellow-lifestyle-03.jpg?v=1785841059,https://cdn.shopify.com/s/files/1/0884/0278/8685/files/bamboo-duvet-cover-ocher-yellow-lifestyle-04.png?v=1785841084,https://cdn.shopify.com/s/files/1/0884/0278/8685/files/bamboo-duvet-cover-ocher-yellow-detail-zipper.jpg?v=1785841100",out_of_stock,209.95 EUR,Coco & Cici,new,6091016828898,B12602203,bamboo-duvet-cover-ocher-yellow,,260x220 + 2 kussenslopen  60x70,100% Eco Bamboo fibre
B11402203,"Housse de couette en bambou, jaune ocre","Pour mieux dormir, rien de plus simple. Notre housse de couette Eco Bamboo, couleur jaune ocre, est douce, respirante et très facile d'entretien : une solution douce et durable pour commencer à mieux dormir.",https://www.maisondecocon.com/fr/products/bamboo-duvet-cover-ocher-yellow?variant_sku=B11402203,https://cdn.shopify.com/s/files/1/0884/0278/8685/files/bamboo-duvet-cover-ocher-yellow-folded-01.png?v=1785840894,"https://cdn.shopify.com/s/files/1/0884/0278/8685/files/bamboo-duvet-cover-ocher-yellow-styled-01.jpg?v=1785841017,https://cdn.shopify.com/s/files/1/0884/0278/8685/files/bamboo-duvet-cover-ocher-yellow-lifestyle-01.jpg?v=1785841031,https://cdn.shopify.com/s/files/1/0884/0278/8685/files/bamboo-duvet-cover-ocher-yellow-lifestyle-02.jpg?v=1785841044,https://cdn.shopify.com/s/files/1/0884/0278/8685/files/bamboo-duvet-cover-ocher-yellow-lifestyle-03.jpg?v=1785841059,https://cdn.shopify.com/s/files/1/0884/0278/8685/files/bamboo-duvet-cover-ocher-yellow-lifestyle-04.png?v=1785841084,https://cdn.shopify.com/s/files/1/0884/0278/8685/files/bamboo-duvet-cover-ocher-yellow-detail-zipper.jpg?v=1785841100",out_of_stock,109.95 EUR,Coco & Cici,new,6091016451447,B11402203,bamboo-duvet-cover-ocher-yellow,,140x220 + 1 kussensloop 60x70,100% Eco Bamboo fibre
B12402203,"Housse de couette en bambou, jaune ocre","Pour mieux dormir, rien de plus simple. Notre housse de couette Eco Bamboo, couleur jaune ocre, est douce, respirante et très facile d'entretien : une solution douce et durable pour commencer à mieux dormir.",https://www.maisondecocon.com/fr/products/bamboo-duvet-cover-ocher-yellow?variant_sku=B12402203,https://cdn.shopify.com/s/files/1/0884/0278/8685/files/bamboo-duvet-cover-ocher-yellow-folded-01.png?v=1785840894,"https://cdn.shopify.com/s/files/1/0884/0278/8685/files/bamboo-duvet-cover-ocher-yellow-styled-01.jpg?v=1785841017,https://cdn.shopify.com/s/files/1/0884/0278/8685/files/bamboo-duvet-cover-ocher-yellow-lifestyle-01.jpg?v=1785841031,https://cdn.shopify.com/s/files/1/0884/0278/8685/files/bamboo-duvet-cover-ocher-yellow-lifestyle-02.jpg?v=1785841044,https://cdn.shopify.com/s/files/1/0884/0278/8685/files/bamboo-duvet-cover-ocher-yellow-lifestyle-03.jpg?v=1785841059,https://cdn.shopify.com/s/files/1/0884/0278/8685/files/bamboo-duvet-cover-ocher-yellow-lifestyle-04.png?v=1785841084,https://cdn.shopify.com/s/files/1/0884/0278/8685/files/bamboo-duvet-cover-ocher-yellow-detail-zipper.jpg?v=1785841100",out_of_stock,199.95 EUR,Coco & Cici,new,6091016773716,B12402203,bamboo-duvet-cover-ocher-yellow,,240x220 + 2 kussenslopen  60x70,100% Eco Bamboo fibre
B11402003,"Housse de couette en bambou, jaune ocre","Pour mieux dormir, rien de plus simple. Notre housse de couette Eco Bamboo, couleur jaune ocre, est douce, respirante et très facile d'entretien : une solution douce et durable pour commencer à mieux dormir.",https://www.maisondecocon.com/fr/products/bamboo-duvet-cover-ocher-yellow?variant_sku=B11402003,https://cdn.shopify.com/s/files/1/0884/0278/8685/files/bamboo-duvet-cover-ocher-yellow-folded-01.png?v=1785840894,"https://cdn.shopify.com/s/files/1/0884/0278/8685/files/bamboo-duvet-cover-ocher-yellow-styled-01.jpg?v=1785841017,https://cdn.shopify.com/s/files/1/0884/0278/8685/files/bamboo-duvet-cover-ocher-yellow-lifestyle-01.jpg?v=1785841031,https://cdn.shopify.com/s/files/1/0884/0278/8685/files/bamboo-duvet-cover-ocher-yellow-lifestyle-02.jpg?v=1785841044,https://cdn.shopify.com/s/files/1/0884/0278/8685/files/bamboo-duvet-cover-ocher-yellow-lifestyle-03.jpg?v=1785841059,https://cdn.shopify.com/s/files/1/0884/0278/8685/files/bamboo-duvet-cover-ocher-yellow-lifestyle-04.png?v=1785841084,https://cdn.shopify.com/s/files/1/0884/0278/8685/files/bamboo-duvet-cover-ocher-yellow-detail-zipper.jpg?v=1785841100",out_of_stock,109.95 EUR,Coco & Cici,new,6091016424472,B11402003,bamboo-duvet-cover-ocher-yellow,,140x200 + 1 kussensloop 60x70,100% Eco Bamboo fibre
12602207,"Housse de couette en TENCEL™ Sateen, rose Terra","Réveillez-vous comme si vous étiez encore en vacances. Notre housse de couette en satin de Tencel™ couleur « Terra Pink » apporte à votre chambre une douceur soyeuse et lumineuse, avec un éclat naturel qui s'adoucit magnifiquement au fil des utilisations.",https://www.maisondecocon.com/fr/products/tencel-sateen-duvet-cover-terra-pink?variant_sku=12602207,https://cdn.shopify.com/s/files/1/0884/0278/8685/files/tencel-sateen-duvet-cover-terra-pink-folded-01.jpg?v=1785849687,"https://cdn.shopify.com/s/files/1/0884/0278/8685/files/tencel-sateen-duvet-cover-terra-pink-styled-01.jpg?v=1785849678,https://cdn.shopify.com/s/files/1/0884/0278/8685/files/tencel-sateen-duvet-cover-terra-pink-lifestyle-01.jpg?v=1785849669,https://cdn.shopify.com/s/files/1/0884/0278/8685/files/tencel-sateen-duvet-cover-terra-pink-texture-01.jpg?v=1785849697,https://cdn.shopify.com/s/files/1/0884/0278/8685/files/tencel-sateen-duvet-cover-terra-pink-detail-01.jpg?v=1785849709,https://cdn.shopify.com/s/files/1/0884/0278/8685/files/tencel-sateen-duvet-cover-terra-pink-lifestyle-02.jpg?v=1785849717,https://cdn.shopify.com/s/files/1/0884/0278/8685/files/tencel-sateen-duvet-cover-terra-pink-detail-tag.jpg?v=1785849728",in_stock,269.95 EUR,Coco & Cici,new,7423603046078,12602207,tencel-sateen-duvet-cover-terra-pink,,,"100% Tencel™ Lyocell, Sateen weave"
M280802,"Taie d'oreiller en sergé Tencel™, beige","Complétez votre parure avec une touche de douceur assortie. Notre taie d'oreiller en sergé Tencel™ beige offre le même confort mat et durable que nos housses de couette : un luxe discret, un oreiller à la fois.",https://www.maisondecocon.com/fr/products/tencel-twill-pillowcase-beige?variant_sku=M280802,https://cdn.shopify.com/s/files/1/0884/0278/8685/files/tencel-twill-pillowcase-beige-styled-01.jpg?v=1785849569,"https://cdn.shopify.com/s/files/1/0884/0278/8685/files/tencel-twill-pillowcase-beige-lifestyle-01.jpg?v=1785849588,https://cdn.shopify.com/s/files/1/0884/0278/8685/files/tencel-twill-pillowcase-beige-lifestyle-02.jpg?v=1785849597,https://cdn.shopify.com/s/files/1/0884/0278/8685/files/tencel-twill-pillowcase-beige-texture-01.jpg?v=1785849607,https://cdn.shopify.com/s/files/1/0884/0278/8685/files/tencel-twill-pillowcase-beige-detail-01.jpg?v=1785849615",in_stock,37.95 EUR,Coco & Cici,new,8721184401743,M280802,tencel-twill-pillowcase-beige,,1 pillowcase 80x80,100% Tencel™ Lyocell
M2507022,"Taie d'oreiller en sergé Tencel™, beige","Complétez votre parure avec une touche de douceur assortie. Notre taie d'oreiller en sergé Tencel™ beige offre le même confort mat et durable que nos housses de couette : un luxe discret, un oreiller à la fois.",https://www.maisondecocon.com/fr/products/tencel-twill-pillowcase-beige?variant_sku=M2507022,https://cdn.shopify.com/s/files/1/0884/0278/8685/files/tencel-twill-pillowcase-beige-styled-01.jpg?v=1785849569,"https://cdn.shopify.com/s/files/1/0884/0278/8685/files/tencel-twill-pillowcase-beige-lifestyle-01.jpg?v=1785849588,https://cdn.shopify.com/s/files/1/0884/0278/8685/files/tencel-twill-pillowcase-beige-lifestyle-02.jpg?v=1785849597,https://cdn.shopify.com/s/files/1/0884/0278/8685/files/tencel-twill-pillowcase-beige-texture-01.jpg?v=1785849607,https://cdn.shopify.com/s/files/1/0884/0278/8685/files/tencel-twill-pillowcase-beige-detail-01.jpg?v=1785849615",in_stock,29.95 EUR,Coco & Cici,new,6097748493472,M2507022,tencel-twill-pillowcase-beige,,1 pillowcase 50x70 without valance,100% Tencel™ Lyocell
M240802,"Taie d'oreiller en sergé Tencel™, beige","Complétez votre parure avec une touche de douceur assortie. Notre taie d'oreiller en sergé Tencel™ beige offre le même confort mat et durable que nos housses de couette : un luxe discret, un oreiller à la fois.",https://www.maisondecocon.com/fr/products/tencel-twill-pillowcase-beige?variant_sku=M240802,https://cdn.shopify.com/s/files/1/0884/0278/8685/files/tencel-twill-pillowcase-beige-styled-01.jpg?v=1785849569,"https://cdn.shopify.com/s/files/1/0884/0278/8685/files/tencel-twill-pillowcase-beige-lifestyle-01.jpg?v=1785849588,https://cdn.shopify.com/s/files/1/0884/0278/8685/files/tencel-twill-pillowcase-beige-lifestyle-02.jpg?v=1785849597,https://cdn.shopify.com/s/files/1/0884/0278/8685/files/tencel-twill-pillowcase-beige-texture-01.jpg?v=1785849607,https://cdn.shopify.com/s/files/1/0884/0278/8685/files/tencel-twill-pillowcase-beige-detail-01.jpg?v=1785849615",in_stock,32.95 EUR,Coco & Cici,new,8721184401675,M240802,tencel-twill-pillowcase-beige,,1 pillowcase 40x80,100% Tencel™ Lyocell
M260702,"Taie d'oreiller en sergé Tencel™, beige","Complétez votre parure avec une touche de douceur assortie. Notre taie d'oreiller en sergé Tencel™ beige offre le même confort mat et durable que nos housses de couette : un luxe discret, un oreiller à la fois.",https://www.maisondecocon.com/fr/products/tencel-twill-pillowcase-beige?variant_sku=M260702,https://cdn.shopify.com/s/files/1/0884/0278/8685/files/tencel-twill-pillowcase-beige-styled-01.jpg?v=1785849569,"https://cdn.shopify.com/s/files/1/0884/0278/8685/files/tencel-twill-pillowcase-beige-lifestyle-01.jpg?v=1785849588,https://cdn.shopify.com/s/files/1/0884/0278/8685/files/tencel-twill-pillowcase-beige-lifestyle-02.jpg?v=1785849597,https://cdn.shopify.com/s/files/1/0884/0278/8685/files/tencel-twill-pillowcase-beige-texture-01.jpg?v=1785849607,https://cdn.shopify.com/s/files/1/0884/0278/8685/files/tencel-twill-pillowcase-beige-detail-01.jpg?v=1785849615",in_stock,32.95 EUR,Coco & Cici,new,6097749265214,M260702,tencel-twill-pillowcase-beige,,1 pillowcase 60x70,100% Tencel™ Lyocell
M265652,"Taie d'oreiller en sergé Tencel™, beige","Complétez votre parure avec une touche de douceur assortie. Notre taie d'oreiller en sergé Tencel™ beige offre le même confort mat et durable que nos housses de couette : un luxe discret, un oreiller à la fois.",https://www.maisondecocon.com/fr/products/tencel-twill-pillowcase-beige?variant_sku=M265652,https://cdn.shopify.com/s/files/1/0884/0278/8685/files/tencel-twill-pillowcase-beige-styled-01.jpg?v=1785849569,"https://cdn.shopify.com/s/files/1/0884/0278/8685/files/tencel-twill-pillowcase-beige-lifestyle-01.jpg?v=1785849588,https://cdn.shopify.com/s/files/1/0884/0278/8685/files/tencel-twill-pillowcase-beige-lifestyle-02.jpg?v=1785849597,https://cdn.shopify.com/s/files/1/0884/0278/8685/files/tencel-twill-pillowcase-beige-texture-01.jpg?v=1785849607,https://cdn.shopify.com/s/files/1/0884/0278/8685/files/tencel-twill-pillowcase-beige-detail-01.jpg?v=1785849615",in_stock,32.95 EUR,Coco & Cici,new,8721184401736,M265652,tencel-twill-pillowcase-beige,,1 pillowcase 65x65,100% Tencel™ Lyocell
M250602,"Taie d'oreiller en sergé Tencel™, beige","Complétez votre parure avec une touche de douceur assortie. Notre taie d'oreiller en sergé Tencel™ beige offre le même confort mat et durable que nos housses de couette : un luxe discret, un oreiller à la fois.",https://www.maisondecocon.com/fr/products/tencel-twill-pillowcase-beige?variant_sku=M250602,https://cdn.shopify.com/s/files/1/0884/0278/8685/files/tencel-twill-pillowcase-beige-styled-01.jpg?v=1785849569,"https://cdn.shopify.com/s/files/1/0884/0278/8685/files/tencel-twill-pillowcase-beige-lifestyle-01.jpg?v=1785849588,https://cdn.shopify.com/s/files/1/0884/0278/8685/files/tencel-twill-pillowcase-beige-lifestyle-02.jpg?v=1785849597,https://cdn.shopify.com/s/files/1/0884/0278/8685/files/tencel-twill-pillowcase-beige-texture-01.jpg?v=1785849607,https://cdn.shopify.com/s/files/1/0884/0278/8685/files/tencel-twill-pillowcase-beige-detail-01.jpg?v=1785849615",in_stock,29.95 EUR,Coco & Cici,new,6097749117179,M250602,tencel-twill-pillowcase-beige,,1 pillowcase 50x60,100% Tencel™ Lyocell
M2507522,"Taie d'oreiller en sergé Tencel™, beige","Complétez votre parure avec une touche de douceur assortie. Notre taie d'oreiller en sergé Tencel™ beige offre le même confort mat et durable que nos housses de couette : un luxe discret, un oreiller à la fois.",https://www.maisondecocon.com/fr/products/tencel-twill-pillowcase-beige?variant_sku=M2507522,https://cdn.shopify.com/s/files/1/0884/0278/8685/files/tencel-twill-pillowcase-beige-styled-01.jpg?v=1785849569,"https://cdn.shopify.com/s/files/1/0884/0278/8685/files/tencel-twill-pillowcase-beige-lifestyle-01.jpg?v=1785849588,https://cdn.shopify.com/s/files/1/0884/0278/8685/files/tencel-twill-pillowcase-beige-lifestyle-02.jpg?v=1785849597,https://cdn.shopify.com/s/files/1/0884/0278/8685/files/tencel-twill-pillowcase-beige-texture-01.jpg?v=1785849607,https://cdn.shopify.com/s/files/1/0884/0278/8685/files/tencel-twill-pillowcase-beige-detail-01.jpg?v=1785849615",in_stock,36.95 EUR,Coco & Cici,new,8721184401767,M2507522,tencel-twill-pillowcase-beige,,1 pillowcase 50x75 without Volant,100% Tencel™ Lyocell
M2607022,"Taie d'oreiller en sergé Tencel™, beige","Complétez votre parure avec une touche de douceur assortie. Notre taie d'oreiller en sergé Tencel™ beige offre le même confort mat et durable que nos housses de couette : un luxe discret, un oreiller à la fois.",https://www.maisondecocon.com/fr/products/tencel-twill-pillowcase-beige?variant_sku=M2607022,https://cdn.shopify.com/s/files/1/0884/0278/8685/files/tencel-twill-pillowcase-beige-styled-01.jpg?v=1785849569,"https://cdn.shopify.com/s/files/1/0884/0278/8685/files/tencel-twill-pillowcase-beige-lifestyle-01.jpg?v=1785849588,https://cdn.shopify.com/s/files/1/0884/0278/8685/files/tencel-twill-pillowcase-beige-lifestyle-02.jpg?v=1785849597,https://cdn.shopify.com/s/files/1/0884/0278/8685/files/tencel-twill-pillowcase-beige-texture-01.jpg?v=1785849607,https://cdn.shopify.com/s/files/1/0884/0278/8685/files/tencel-twill-pillowcase-beige-detail-01.jpg?v=1785849615",in_stock,29.95 EUR,Coco & Cici,new,6097748637616,M2607022,tencel-twill-pillowcase-beige,,1 pillowcase 60x70 without valance,100% Tencel™ Lyocell
4200200AS,Couette Tencel™ « Quatre Saisons »,"Conçue pour toutes les saisons. Notre couette Tencel™ Four Seasons associe une couette d'été plus légère à une couette de printemps/automne, qui s'assemblent pour l'hiver : un seul système de couette, pour un confort tout au long de l'année.",https://www.maisondecocon.com/fr/products/tencel-four-seasons-duvet?variant_sku=4200200AS,https://cdn.shopify.com/s/files/1/0884/0278/8685/files/tencel-four-seasons-duvet-folded-elephant-01.png?v=1785850675,"https://cdn.shopify.com/s/files/1/0884/0278/8685/files/tencel-four-seasons-duvet-lifestyle-shake-01.jpg?v=1785850722,https://cdn.shopify.com/s/files/1/0884/0278/8685/files/tencel-four-seasons-duvet-lifestyle-wrapped-01.png?v=1785850732,https://cdn.shopify.com/s/files/1/0884/0278/8685/files/tencel-four-seasons-duvet-flat-ties-01.jpg?v=1785850743,https://cdn.shopify.com/s/files/1/0884/0278/8685/files/tencel-four-seasons-duvet-detail-ties-01.jpg?v=1785850753,https://cdn.shopify.com/s/files/1/0884/0278/8685/files/tencel-four-seasons-duvet-lifestyle-cuddled-01.png?v=1785850774,https://cdn.shopify.com/s/files/1/0884/0278/8685/files/tencel-four-seasons-duvet-texture-01.jpg?v=1785850784,https://cdn.shopify.com/s/files/1/0884/0278/8685/files/tencel-four-seasons-duvet-canvas-bag-01.jpg?v=1785850794",in_stock,599.00 EUR,Coco & Cici,new,8721184406342,4200200AS,tencel-four-seasons-duvet,,,100% Tencel™ Lyocell (shell and filling)
4240220AS,Couette Tencel™ « Quatre Saisons »,"Conçue pour toutes les saisons. Notre couette Tencel™ Four Seasons associe une couette d'été plus légère à une couette de printemps/automne, qui s'assemblent pour l'hiver : un seul système de couette, pour un confort tout au long de l'année.",https://www.maisondecocon.com/fr/products/tencel-four-seasons-duvet?variant_sku=4240220AS,https://cdn.shopify.com/s/files/1/0884/0278/8685/files/tencel-four-seasons-duvet-folded-elephant-01.png?v=1785850675,"https://cdn.shopify.com/s/files/1/0884/0278/8685/files/tencel-four-seasons-duvet-lifestyle-shake-01.jpg?v=1785850722,https://cdn.shopify.com/s/files/1/0884/0278/8685/files/tencel-four-seasons-duvet-lifestyle-wrapped-01.png?v=1785850732,https://cdn.shopify.com/s/files/1/0884/0278/8685/files/tencel-four-seasons-duvet-flat-ties-01.jpg?v=1785850743,https://cdn.shopify.com/s/files/1/0884/0278/8685/files/tencel-four-seasons-duvet-detail-ties-01.jpg?v=1785850753,https://cdn.shopify.com/s/files/1/0884/0278/8685/files/tencel-four-seasons-duvet-lifestyle-cuddled-01.png?v=1785850774,https://cdn.shopify.com/s/files/1/0884/0278/8685/files/tencel-four-seasons-duvet-texture-01.jpg?v=1785850784,https://cdn.shopify.com/s/files/1/0884/0278/8685/files/tencel-four-seasons-duvet-canvas-bag-01.jpg?v=1785850794",in_stock,679.00 EUR,Coco & Cici,new,7423607345337,4240220AS,tencel-four-seasons-duvet,,,100% Tencel™ Lyocell (shell and filling)
4140200AS,Couette Tencel™ « Quatre Saisons »,"Conçue pour toutes les saisons. Notre couette Tencel™ Four Seasons associe une couette d'été plus légère à une couette de printemps/automne, qui s'assemblent pour l'hiver : un seul système de couette, pour un confort tout au long de l'année.",https://www.maisondecocon.com/fr/products/tencel-four-seasons-duvet?variant_sku=4140200AS,https://cdn.shopify.com/s/files/1/0884/0278/8685/files/tencel-four-seasons-duvet-folded-elephant-01.png?v=1785850675,"https://cdn.shopify.com/s/files/1/0884/0278/8685/files/tencel-four-seasons-duvet-lifestyle-shake-01.jpg?v=1785850722,https://cdn.shopify.com/s/files/1/0884/0278/8685/files/tencel-four-seasons-duvet-lifestyle-wrapped-01.png?v=1785850732,https://cdn.shopify.com/s/files/1/0884/0278/8685/files/tencel-four-seasons-duvet-flat-ties-01.jpg?v=1785850743,https://cdn.shopify.com/s/files/1/0884/0278/8685/files/tencel-four-seasons-duvet-detail-ties-01.jpg?v=1785850753,https://cdn.shopify.com/s/files/1/0884/0278/8685/files/tencel-four-seasons-duvet-lifestyle-cuddled-01.png?v=1785850774,https://cdn.shopify.com/s/files/1/0884/0278/8685/files/tencel-four-seasons-duvet-texture-01.jpg?v=1785850784,https://cdn.shopify.com/s/files/1/0884/0278/8685/files/tencel-four-seasons-duvet-canvas-bag-01.jpg?v=1785850794",in_stock,419.00 EUR,Coco & Cici,new,7423626999917,4140200AS,tencel-four-seasons-duvet,,,100% Tencel™ Lyocell (shell and filling)
4200220AS,Couette Tencel™ « Quatre Saisons »,"Conçue pour toutes les saisons. Notre couette Tencel™ Four Seasons associe une couette d'été plus légère à une couette de printemps/automne, qui s'assemblent pour l'hiver : un seul système de couette, pour un confort tout au long de l'année.",https://www.maisondecocon.com/fr/products/tencel-four-seasons-duvet?variant_sku=4200220AS,https://cdn.shopify.com/s/files/1/0884/0278/8685/files/tencel-four-seasons-duvet-folded-elephant-01.png?v=1785850675,"https://cdn.shopify.com/s/files/1/0884/0278/8685/files/tencel-four-seasons-duvet-lifestyle-shake-01.jpg?v=1785850722,https://cdn.shopify.com/s/files/1/0884/0278/8685/files/tencel-four-seasons-duvet-lifestyle-wrapped-01.png?v=1785850732,https://cdn.shopify.com/s/files/1/0884/0278/8685/files/tencel-four-seasons-duvet-flat-ties-01.jpg?v=1785850743,https://cdn.shopify.com/s/files/1/0884/0278/8685/files/tencel-four-seasons-duvet-detail-ties-01.jpg?v=1785850753,https://cdn.shopify.com/s/files/1/0884/0278/8685/files/tencel-four-seasons-duvet-lifestyle-cuddled-01.png?v=1785850774,https://cdn.shopify.com/s/files/1/0884/0278/8685/files/tencel-four-seasons-duvet-texture-01.jpg?v=1785850784,https://cdn.shopify.com/s/files/1/0884/0278/8685/files/tencel-four-seasons-duvet-canvas-bag-01.jpg?v=1785850794",in_stock,599.00 EUR,Coco & Cici,new,7423606679655,4200220AS,tencel-four-seasons-duvet,,,100% Tencel™ Lyocell (shell and filling)
4260220AS,Couette Tencel™ « Quatre Saisons »,"Conçue pour toutes les saisons. Notre couette Tencel™ Four Seasons associe une couette d'été plus légère à une couette de printemps/automne, qui s'assemblent pour l'hiver : un seul système de couette, pour un confort tout au long de l'année.",https://www.maisondecocon.com/fr/products/tencel-four-seasons-duvet?variant_sku=4260220AS,https://cdn.shopify.com/s/files/1/0884/0278/8685/files/tencel-four-seasons-duvet-folded-elephant-01.png?v=1785850675,"https://cdn.shopify.com/s/files/1/0884/0278/8685/files/tencel-four-seasons-duvet-lifestyle-shake-01.jpg?v=1785850722,https://cdn.shopify.com/s/files/1/0884/0278/8685/files/tencel-four-seasons-duvet-lifestyle-wrapped-01.png?v=1785850732,https://cdn.shopify.com/s/files/1/0884/0278/8685/files/tencel-four-seasons-duvet-flat-ties-01.jpg?v=1785850743,https://cdn.shopify.com/s/files/1/0884/0278/8685/files/tencel-four-seasons-duvet-detail-ties-01.jpg?v=1785850753,https://cdn.shopify.com/s/files/1/0884/0278/8685/files/tencel-four-seasons-duvet-lifestyle-cuddled-01.png?v=1785850774,https://cdn.shopify.com/s/files/1/0884/0278/8685/files/tencel-four-seasons-duvet-texture-01.jpg?v=1785850784,https://cdn.shopify.com/s/files/1/0884/0278/8685/files/tencel-four-seasons-duvet-canvas-bag-01.jpg?v=1785850794",in_stock,749.00 EUR,Coco & Cici,new,7423607355329,4260220AS,tencel-four-seasons-duvet,,,100% Tencel™ Lyocell (shell and filling)
4140220AS,Couette Tencel™ « Quatre Saisons »,"Conçue pour toutes les saisons. Notre couette Tencel™ Four Seasons associe une couette d'été plus légère à une couette de printemps/automne, qui s'assemblent pour l'hiver : un seul système de couette, pour un confort tout au long de l'année.",https://www.maisondecocon.com/fr/products/tencel-four-seasons-duvet?variant_sku=4140220AS,https://cdn.shopify.com/s/files/1/0884/0278/8685/files/tencel-four-seasons-duvet-folded-elephant-01.png?v=1785850675,"https://cdn.shopify.com/s/files/1/0884/0278/8685/files/tencel-four-seasons-duvet-lifestyle-shake-01.jpg?v=1785850722,https://cdn.shopify.com/s/files/1/0884/0278/8685/files/tencel-four-seasons-duvet-lifestyle-wrapped-01.png?v=1785850732,https://cdn.shopify.com/s/files/1/0884/0278/8685/files/tencel-four-seasons-duvet-flat-ties-01.jpg?v=1785850743,https://cdn.shopify.com/s/files/1/0884/0278/8685/files/tencel-four-seasons-duvet-detail-ties-01.jpg?v=1785850753,https://cdn.shopify.com/s/files/1/0884/0278/8685/files/tencel-four-seasons-duvet-lifestyle-cuddled-01.png?v=1785850774,https://cdn.shopify.com/s/files/1/0884/0278/8685/files/tencel-four-seasons-duvet-texture-01.jpg?v=1785850784,https://cdn.shopify.com/s/files/1/0884/0278/8685/files/tencel-four-seasons-duvet-canvas-bag-01.jpg?v=1785850794",in_stock,419.00 EUR,Coco & Cici,new,7423607361337,4140220AS,tencel-four-seasons-duvet,,,100% Tencel™ Lyocell (shell and filling)
4260240AS,Couette Tencel™ « Quatre Saisons »,"Conçue pour toutes les saisons. Notre couette Tencel™ Four Seasons associe une couette d'été plus légère à une couette de printemps/automne, qui s'assemblent pour l'hiver : un seul système de couette, pour un confort tout au long de l'année.",https://www.maisondecocon.com/fr/products/tencel-four-seasons-duvet?variant_sku=4260240AS,https://cdn.shopify.com/s/files/1/0884/0278/8685/files/tencel-four-seasons-duvet-folded-elephant-01.png?v=1785850675,"https://cdn.shopify.com/s/files/1/0884/0278/8685/files/tencel-four-seasons-duvet-lifestyle-shake-01.jpg?v=1785850722,https://cdn.shopify.com/s/files/1/0884/0278/8685/files/tencel-four-seasons-duvet-lifestyle-wrapped-01.png?v=1785850732,https://cdn.shopify.com/s/files/1/0884/0278/8685/files/tencel-four-seasons-duvet-flat-ties-01.jpg?v=1785850743,https://cdn.shopify.com/s/files/1/0884/0278/8685/files/tencel-four-seasons-duvet-detail-ties-01.jpg?v=1785850753,https://cdn.shopify.com/s/files/1/0884/0278/8685/files/tencel-four-seasons-duvet-lifestyle-cuddled-01.png?v=1785850774,https://cdn.shopify.com/s/files/1/0884/0278/8685/files/tencel-four-seasons-duvet-texture-01.jpg?v=1785850784,https://cdn.shopify.com/s/files/1/0884/0278/8685/files/tencel-four-seasons-duvet-canvas-bag-01.jpg?v=1785850794",out_of_stock,819.00 EUR,Coco & Cici,new,8721184406359,4260240AS,tencel-four-seasons-duvet,,,100% Tencel™ Lyocell (shell and filling)
M12402202VS,Housse de couette en twill Tencel™ - Beige,"Plongez dans une literie qui respire avec vous. Notre housse de couette en sergé Tencel™ de couleur beige apporte une élégance douce et mate à votre chambre à coucher : un luxe discret, sans brillance.",https://www.maisondecocon.com/fr/products/tencel-twill-duvet-cover-beige?variant_sku=M12402202VS,https://cdn.shopify.com/s/files/1/0884/0278/8685/files/tencel-twill-duvet-cover-beige-styled-01.jpg?v=1785853222,"https://cdn.shopify.com/s/files/1/0884/0278/8685/files/tencel-twill-duvet-cover-beige-lifestyle-01.png?v=1785853147,https://cdn.shopify.com/s/files/1/0884/0278/8685/files/tencel-twill-duvet-cover-beige-lifestyle-02.jpg?v=1785853161,https://cdn.shopify.com/s/files/1/0884/0278/8685/files/tencel-twill-duvet-cover-beige-lifestyle-03.jpg?v=1785853192,https://cdn.shopify.com/s/files/1/0884/0278/8685/files/tencel-twill-duvet-cover-beige-lifestyle-04.jpg?v=1785853203,https://cdn.shopify.com/s/files/1/0884/0278/8685/files/tencel-twill-duvet-cover-beige-lifestyle-05.png?v=1785853214,https://cdn.shopify.com/s/files/1/0884/0278/8685/files/tencel-twill-duvet-cover-beige-styled-02.jpg?v=1785853232,https://cdn.shopify.com/s/files/1/0884/0278/8685/files/tencel-twill-duvet-cover-beige-texture-01.jpg?v=1785853262,https://cdn.shopify.com/s/files/1/0884/0278/8685/files/tencel-twill-duvet-cover-beige-texture-02.jpg?v=1785853294",out_of_stock,219.95 EUR,Coco & Cici,new,8721184403839,M12402202VS,tencel-twill-duvet-cover-beige,,240x220 + 2 pillowcases 60x70,"100% Tencel™ Lyocell, Twill weave"
M12002202VS,Housse de couette en twill Tencel™ - Beige,"Plongez dans une literie qui respire avec vous. Notre housse de couette en sergé Tencel™ de couleur beige apporte une élégance douce et mate à votre chambre à coucher : un luxe discret, sans brillance.",https://www.maisondecocon.com/fr/products/tencel-twill-duvet-cover-beige?variant_sku=M12002202VS,https://cdn.shopify.com/s/files/1/0884/0278/8685/files/tencel-twill-duvet-cover-beige-styled-01.jpg?v=1785853222,"https://cdn.shopify.com/s/files/1/0884/0278/8685/files/tencel-twill-duvet-cover-beige-lifestyle-01.png?v=1785853147,https://cdn.shopify.com/s/files/1/0884/0278/8685/files/tencel-twill-duvet-cover-beige-lifestyle-02.jpg?v=1785853161,https://cdn.shopify.com/s/files/1/0884/0278/8685/files/tencel-twill-duvet-cover-beige-lifestyle-03.jpg?v=1785853192,https://cdn.shopify.com/s/files/1/0884/0278/8685/files/tencel-twill-duvet-cover-beige-lifestyle-04.jpg?v=1785853203,https://cdn.shopify.com/s/files/1/0884/0278/8685/files/tencel-twill-duvet-cover-beige-lifestyle-05.png?v=1785853214,https://cdn.shopify.com/s/files/1/0884/0278/8685/files/tencel-twill-duvet-cover-beige-styled-02.jpg?v=1785853232,https://cdn.shopify.com/s/files/1/0884/0278/8685/files/tencel-twill-duvet-cover-beige-texture-01.jpg?v=1785853262,https://cdn.shopify.com/s/files/1/0884/0278/8685/files/tencel-twill-duvet-cover-beige-texture-02.jpg?v=1785853294",in_stock,189.95 EUR,Coco & Cici,new,8721184401644,M12002202VS,tencel-twill-duvet-cover-beige,,200x220 + 2 pillowcases 60x70,"100% Tencel™ Lyocell, Twill weave"
M12602202VS,Housse de couette en twill Tencel™ - Beige,"Plongez dans une literie qui respire avec vous. Notre housse de couette en sergé Tencel™ de couleur beige apporte une élégance douce et mate à votre chambre à coucher : un luxe discret, sans brillance.",https://www.maisondecocon.com/fr/products/tencel-twill-duvet-cover-beige?variant_sku=M12602202VS,https://cdn.shopify.com/s/files/1/0884/0278/8685/files/tencel-twill-duvet-cover-beige-styled-01.jpg?v=1785853222,"https://cdn.shopify.com/s/files/1/0884/0278/8685/files/tencel-twill-duvet-cover-beige-lifestyle-01.png?v=1785853147,https://cdn.shopify.com/s/files/1/0884/0278/8685/files/tencel-twill-duvet-cover-beige-lifestyle-02.jpg?v=1785853161,https://cdn.shopify.com/s/files/1/0884/0278/8685/files/tencel-twill-duvet-cover-beige-lifestyle-03.jpg?v=1785853192,https://cdn.shopify.com/s/files/1/0884/0278/8685/files/tencel-twill-duvet-cover-beige-lifestyle-04.jpg?v=1785853203,https://cdn.shopify.com/s/files/1/0884/0278/8685/files/tencel-twill-duvet-cover-beige-lifestyle-05.png?v=1785853214,https://cdn.shopify.com/s/files/1/0884/0278/8685/files/tencel-twill-duvet-cover-beige-styled-02.jpg?v=1785853232,https://cdn.shopify.com/s/files/1/0884/0278/8685/files/tencel-twill-duvet-cover-beige-texture-01.jpg?v=1785853262,https://cdn.shopify.com/s/files/1/0884/0278/8685/files/tencel-twill-duvet-cover-beige-texture-02.jpg?v=1785853294",in_stock,239.95 EUR,Coco & Cici,new,8721184405031,M12602202VS,tencel-twill-duvet-cover-beige,,260x220 + 2 pillowcases 60x70,"100% Tencel™ Lyocell, Twill weave"
M11402002VS,Housse de couette en twill Tencel™ - Beige,"Plongez dans une literie qui respire avec vous. Notre housse de couette en sergé Tencel™ de couleur beige apporte une élégance douce et mate à votre chambre à coucher : un luxe discret, sans brillance.",https://www.maisondecocon.com/fr/products/tencel-twill-duvet-cover-beige?variant_sku=M11402002VS,https://cdn.shopify.com/s/files/1/0884/0278/8685/files/tencel-twill-duvet-cover-beige-styled-01.jpg?v=1785853222,"https://cdn.shopify.com/s/files/1/0884/0278/8685/files/tencel-twill-duvet-cover-beige-lifestyle-01.png?v=1785853147,https://cdn.shopify.com/s/files/1/0884/0278/8685/files/tencel-twill-duvet-cover-beige-lifestyle-02.jpg?v=1785853161,https://cdn.shopify.com/s/files/1/0884/0278/8685/files/tencel-twill-duvet-cover-beige-lifestyle-03.jpg?v=1785853192,https://cdn.shopify.com/s/files/1/0884/0278/8685/files/tencel-twill-duvet-cover-beige-lifestyle-04.jpg?v=1785853203,https://cdn.shopify.com/s/files/1/0884/0278/8685/files/tencel-twill-duvet-cover-beige-lifestyle-05.png?v=1785853214,https://cdn.shopify.com/s/files/1/0884/0278/8685/files/tencel-twill-duvet-cover-beige-styled-02.jpg?v=1785853232,https://cdn.shopify.com/s/files/1/0884/0278/8685/files/tencel-twill-duvet-cover-beige-texture-01.jpg?v=1785853262,https://cdn.shopify.com/s/files/1/0884/0278/8685/files/tencel-twill-duvet-cover-beige-texture-02.jpg?v=1785853294",out_of_stock,129.95 EUR,Coco & Cici,new,8721184403808,M11402002VS,tencel-twill-duvet-cover-beige,,140x200 + 1 pillowcase 60x70,"100% Tencel™ Lyocell, Twill weave"
M12002002VS,Housse de couette en twill Tencel™ - Beige,"Plongez dans une literie qui respire avec vous. Notre housse de couette en sergé Tencel™ de couleur beige apporte une élégance douce et mate à votre chambre à coucher : un luxe discret, sans brillance.",https://www.maisondecocon.com/fr/products/tencel-twill-duvet-cover-beige?variant_sku=M12002002VS,https://cdn.shopify.com/s/files/1/0884/0278/8685/files/tencel-twill-duvet-cover-beige-styled-01.jpg?v=1785853222,"https://cdn.shopify.com/s/files/1/0884/0278/8685/files/tencel-twill-duvet-cover-beige-lifestyle-01.png?v=1785853147,https://cdn.shopify.com/s/files/1/0884/0278/8685/files/tencel-twill-duvet-cover-beige-lifestyle-02.jpg?v=1785853161,https://cdn.shopify.com/s/files/1/0884/0278/8685/files/tencel-twill-duvet-cover-beige-lifestyle-03.jpg?v=1785853192,https://cdn.shopify.com/s/files/1/0884/0278/8685/files/tencel-twill-duvet-cover-beige-lifestyle-04.jpg?v=1785853203,https://cdn.shopify.com/s/files/1/0884/0278/8685/files/tencel-twill-duvet-cover-beige-lifestyle-05.png?v=1785853214,https://cdn.shopify.com/s/files/1/0884/0278/8685/files/tencel-twill-duvet-cover-beige-styled-02.jpg?v=1785853232,https://cdn.shopify.com/s/files/1/0884/0278/8685/files/tencel-twill-duvet-cover-beige-texture-01.jpg?v=1785853262,https://cdn.shopify.com/s/files/1/0884/0278/8685/files/tencel-twill-duvet-cover-beige-texture-02.jpg?v=1785853294",out_of_stock,179.95 EUR,Coco & Cici,new,8721184403815,M12002002VS,tencel-twill-duvet-cover-beige,,200x200 + 2 pillowcases 60x70,"100% Tencel™ Lyocell, Twill weave"
M11402202VS,Housse de couette en twill Tencel™ - Beige,"Plongez dans une literie qui respire avec vous. Notre housse de couette en sergé Tencel™ de couleur beige apporte une élégance douce et mate à votre chambre à coucher : un luxe discret, sans brillance.",https://www.maisondecocon.com/fr/products/tencel-twill-duvet-cover-beige?variant_sku=M11402202VS,https://cdn.shopify.com/s/files/1/0884/0278/8685/files/tencel-twill-duvet-cover-beige-styled-01.jpg?v=1785853222,"https://cdn.shopify.com/s/files/1/0884/0278/8685/files/tencel-twill-duvet-cover-beige-lifestyle-01.png?v=1785853147,https://cdn.shopify.com/s/files/1/0884/0278/8685/files/tencel-twill-duvet-cover-beige-lifestyle-02.jpg?v=1785853161,https://cdn.shopify.com/s/files/1/0884/0278/8685/files/tencel-twill-duvet-cover-beige-lifestyle-03.jpg?v=1785853192,https://cdn.shopify.com/s/files/1/0884/0278/8685/files/tencel-twill-duvet-cover-beige-lifestyle-04.jpg?v=1785853203,https://cdn.shopify.com/s/files/1/0884/0278/8685/files/tencel-twill-duvet-cover-beige-lifestyle-05.png?v=1785853214,https://cdn.shopify.com/s/files/1/0884/0278/8685/files/tencel-twill-duvet-cover-beige-styled-02.jpg?v=1785853232,https://cdn.shopify.com/s/files/1/0884/0278/8685/files/tencel-twill-duvet-cover-beige-texture-01.jpg?v=1785853262,https://cdn.shopify.com/s/files/1/0884/0278/8685/files/tencel-twill-duvet-cover-beige-texture-02.jpg?v=1785853294",in_stock,139.95 EUR,Coco & Cici,new,8721184406250,M11402202VS,tencel-twill-duvet-cover-beige,,140x220 + 1 pillowcase 60x70,"100% Tencel™ Lyocell, Twill weave"
12002004,"Housse de couette en Tencel™ satiné, couleur taupe","Réveillez-vous comme si vous étiez encore en vacances. Notre housse de couette en satin de Tencel™ couleur taupe apporte à votre chambre une douceur soyeuse et lumineuse, avec un éclat naturel qui s'adoucit magnifiquement au fil des utilisations.",https://www.maisondecocon.com/fr/products/tencel-sateen-duvet-cover-taupe?variant_sku=12002004,https://cdn.shopify.com/s/files/1/0884/0278/8685/files/tencel-sateen-duvet-cover-taupe-styled-01.jpg?v=1785853807,"https://cdn.shopify.com/s/files/1/0884/0278/8685/files/tencel-sateen-duvet-cover-taupe-lifestyle-01.jpg?v=1785853815,https://cdn.shopify.com/s/files/1/0884/0278/8685/files/tencel-sateen-duvet-cover-taupe-lifestyle-02.jpg?v=1785853823,https://cdn.shopify.com/s/files/1/0884/0278/8685/files/tencel-sateen-duvet-cover-taupe-detail-01.jpg?v=1785853833,https://cdn.shopify.com/s/files/1/0884/0278/8685/files/tencel-sateen-duvet-cover-taupe-texture-01.jpg?v=1785853845,https://cdn.shopify.com/s/files/1/0884/0278/8685/files/tencel-sateen-duvet-cover-taupe-texture-02.jpg?v=1785853855",in_stock,229.95 EUR,Coco & Cici,new,6011404047083,12002004,tencel-sateen-duvet-cover-taupe,,200x200 + 2 pillowcases 60x70,"100% Tencel™ Lyocell, Sateen weave"
12602204VS,"Housse de couette en Tencel™ satiné, couleur taupe","Réveillez-vous comme si vous étiez encore en vacances. Notre housse de couette en satin de Tencel™ couleur taupe apporte à votre chambre une douceur soyeuse et lumineuse, avec un éclat naturel qui s'adoucit magnifiquement au fil des utilisations.",https://www.maisondecocon.com/fr/products/tencel-sateen-duvet-cover-taupe?variant_sku=12602204VS,https://cdn.shopify.com/s/files/1/0884/0278/8685/files/tencel-sateen-duvet-cover-taupe-styled-01.jpg?v=1785853807,"https://cdn.shopify.com/s/files/1/0884/0278/8685/files/tencel-sateen-duvet-cover-taupe-lifestyle-01.jpg?v=1785853815,https://cdn.shopify.com/s/files/1/0884/0278/8685/files/tencel-sateen-duvet-cover-taupe-lifestyle-02.jpg?v=1785853823,https://cdn.shopify.com/s/files/1/0884/0278/8685/files/tencel-sateen-duvet-cover-taupe-detail-01.jpg?v=1785853833,https://cdn.shopify.com/s/files/1/0884/0278/8685/files/tencel-sateen-duvet-cover-taupe-texture-01.jpg?v=1785853845,https://cdn.shopify.com/s/files/1/0884/0278/8685/files/tencel-sateen-duvet-cover-taupe-texture-02.jpg?v=1785853855",out_of_stock,269.95 EUR,Coco & Cici,new,8721184402009,12602204VS,tencel-sateen-duvet-cover-taupe,,260x220 + 2 pillowcases 60x70,"100% Tencel™ Lyocell, Sateen weave"
11402204VS,"Housse de couette en Tencel™ satiné, couleur taupe","Réveillez-vous comme si vous étiez encore en vacances. Notre housse de couette en satin de Tencel™ couleur taupe apporte à votre chambre une douceur soyeuse et lumineuse, avec un éclat naturel qui s'adoucit magnifiquement au fil des utilisations.",https://www.maisondecocon.com/fr/products/tencel-sateen-duvet-cover-taupe?variant_sku=11402204VS,https://cdn.shopify.com/s/files/1/0884/0278/8685/files/tencel-sateen-duvet-cover-taupe-styled-01.jpg?v=1785853807,"https://cdn.shopify.com/s/files/1/0884/0278/8685/files/tencel-sateen-duvet-cover-taupe-lifestyle-01.jpg?v=1785853815,https://cdn.shopify.com/s/files/1/0884/0278/8685/files/tencel-sateen-duvet-cover-taupe-lifestyle-02.jpg?v=1785853823,https://cdn.shopify.com/s/files/1/0884/0278/8685/files/tencel-sateen-duvet-cover-taupe-detail-01.jpg?v=1785853833,https://cdn.shopify.com/s/files/1/0884/0278/8685/files/tencel-sateen-duvet-cover-taupe-texture-01.jpg?v=1785853845,https://cdn.shopify.com/s/files/1/0884/0278/8685/files/tencel-sateen-duvet-cover-taupe-texture-02.jpg?v=1785853855",out_of_stock,159.95 EUR,Coco & Cici,new,8721184403617,11402204VS,tencel-sateen-duvet-cover-taupe,,140x220 + 1 pillowcase 60x70,"100% Tencel™ Lyocell, Sateen weave"
12402204VS,"Housse de couette en Tencel™ satiné, couleur taupe","Réveillez-vous comme si vous étiez encore en vacances. Notre housse de couette en satin de Tencel™ couleur taupe apporte à votre chambre une douceur soyeuse et lumineuse, avec un éclat naturel qui s'adoucit magnifiquement au fil des utilisations.",https://www.maisondecocon.com/fr/products/tencel-sateen-duvet-cover-taupe?variant_sku=12402204VS,https://cdn.shopify.com/s/files/1/0884/0278/8685/files/tencel-sateen-duvet-cover-taupe-styled-01.jpg?v=1785853807,"https://cdn.shopify.com/s/files/1/0884/0278/8685/files/tencel-sateen-duvet-cover-taupe-lifestyle-01.jpg?v=1785853815,https://cdn.shopify.com/s/files/1/0884/0278/8685/files/tencel-sateen-duvet-cover-taupe-lifestyle-02.jpg?v=1785853823,https://cdn.shopify.com/s/files/1/0884/0278/8685/files/tencel-sateen-duvet-cover-taupe-detail-01.jpg?v=1785853833,https://cdn.shopify.com/s/files/1/0884/0278/8685/files/tencel-sateen-duvet-cover-taupe-texture-01.jpg?v=1785853845,https://cdn.shopify.com/s/files/1/0884/0278/8685/files/tencel-sateen-duvet-cover-taupe-texture-02.jpg?v=1785853855",out_of_stock,249.95 EUR,Coco & Cici,new,8721184403730,12402204VS,tencel-sateen-duvet-cover-taupe,,240x220 + 2 pillowcases 60x70,"100% Tencel™ Lyocell, Sateen weave"
12002204VS,"Housse de couette en Tencel™ satiné, couleur taupe","Réveillez-vous comme si vous étiez encore en vacances. Notre housse de couette en satin de Tencel™ couleur taupe apporte à votre chambre une douceur soyeuse et lumineuse, avec un éclat naturel qui s'adoucit magnifiquement au fil des utilisations.",https://www.maisondecocon.com/fr/products/tencel-sateen-duvet-cover-taupe?variant_sku=12002204VS,https://cdn.shopify.com/s/files/1/0884/0278/8685/files/tencel-sateen-duvet-cover-taupe-styled-01.jpg?v=1785853807,"https://cdn.shopify.com/s/files/1/0884/0278/8685/files/tencel-sateen-duvet-cover-taupe-lifestyle-01.jpg?v=1785853815,https://cdn.shopify.com/s/files/1/0884/0278/8685/files/tencel-sateen-duvet-cover-taupe-lifestyle-02.jpg?v=1785853823,https://cdn.shopify.com/s/files/1/0884/0278/8685/files/tencel-sateen-duvet-cover-taupe-detail-01.jpg?v=1785853833,https://cdn.shopify.com/s/files/1/0884/0278/8685/files/tencel-sateen-duvet-cover-taupe-texture-01.jpg?v=1785853845,https://cdn.shopify.com/s/files/1/0884/0278/8685/files/tencel-sateen-duvet-cover-taupe-texture-02.jpg?v=1785853855",out_of_stock,229.95 EUR,Coco & Cici,new,8721184401989,12002204VS,tencel-sateen-duvet-cover-taupe,,200x220 + 2 pillowcases 60x70,"100% Tencel™ Lyocell, Sateen weave"
11402004VS,"Housse de couette en Tencel™ satiné, couleur taupe","Réveillez-vous comme si vous étiez encore en vacances. Notre housse de couette en satin de Tencel™ couleur taupe apporte à votre chambre une douceur soyeuse et lumineuse, avec un éclat naturel qui s'adoucit magnifiquement au fil des utilisations.",https://www.maisondecocon.com/fr/products/tencel-sateen-duvet-cover-taupe?variant_sku=11402004VS,https://cdn.shopify.com/s/files/1/0884/0278/8685/files/tencel-sateen-duvet-cover-taupe-styled-01.jpg?v=1785853807,"https://cdn.shopify.com/s/files/1/0884/0278/8685/files/tencel-sateen-duvet-cover-taupe-lifestyle-01.jpg?v=1785853815,https://cdn.shopify.com/s/files/1/0884/0278/8685/files/tencel-sateen-duvet-cover-taupe-lifestyle-02.jpg?v=1785853823,https://cdn.shopify.com/s/files/1/0884/0278/8685/files/tencel-sateen-duvet-cover-taupe-detail-01.jpg?v=1785853833,https://cdn.shopify.com/s/files/1/0884/0278/8685/files/tencel-sateen-duvet-cover-taupe-texture-01.jpg?v=1785853845,https://cdn.shopify.com/s/files/1/0884/0278/8685/files/tencel-sateen-duvet-cover-taupe-texture-02.jpg?v=1785853855",out_of_stock,159.95 EUR,Coco & Cici,new,6011403911927,11402004VS,tencel-sateen-duvet-cover-taupe,,140x200 + 1 pillowcase 60x70,"100% Tencel™ Lyocell, Sateen weave"
M12002001,Housse de couette en sergé Tencel™ - Pêche,"Plongez dans une literie qui respire avec vous. Notre housse de couette en sergé Tencel™ couleur pêche apporte une élégance douce et mate à votre chambre à coucher : un luxe discret, sans brillance.",https://www.maisondecocon.com/fr/products/tencel-twill-duvet-cover-peach?variant_sku=M12002001,https://cdn.shopify.com/s/files/1/0884/0278/8685/files/tencel-twill-duvet-cover-peach-styled-01.jpg?v=1785854821,"https://cdn.shopify.com/s/files/1/0884/0278/8685/files/tencel-twill-duvet-cover-peach-lifestyle-01.jpg?v=1785854831,https://cdn.shopify.com/s/files/1/0884/0278/8685/files/tencel-twill-duvet-cover-peach-lifestyle-02.jpg?v=1785854842,https://cdn.shopify.com/s/files/1/0884/0278/8685/files/tencel-twill-duvet-cover-peach-lifestyle-03.jpg?v=1785854855,https://cdn.shopify.com/s/files/1/0884/0278/8685/files/tencel-twill-duvet-cover-peach-detail-01.jpg?v=1785854866,https://cdn.shopify.com/s/files/1/0884/0278/8685/files/tencel-twill-duvet-cover-peach-detail-02.jpg?v=1785854875,https://cdn.shopify.com/s/files/1/0884/0278/8685/files/tencel-twill-duvet-cover-peach-texture-01.jpg?v=1785854886,https://cdn.shopify.com/s/files/1/0884/0278/8685/files/tencel-twill-duvet-cover-peach-texture-02.jpg?v=1785854902",in_stock,179.95 EUR,Coco & Cici,new,6097756993940,M12002001,tencel-twill-duvet-cover-peach,,200x200 + 2 pillowcases 60x70,"100% Tencel™ Lyocell, Twill weave"
M12002201,Housse de couette en sergé Tencel™ - Pêche,"Plongez dans une literie qui respire avec vous. Notre housse de couette en sergé Tencel™ couleur pêche apporte une élégance douce et mate à votre chambre à coucher : un luxe discret, sans brillance.",https://www.maisondecocon.com/fr/products/tencel-twill-duvet-cover-peach?variant_sku=M12002201,https://cdn.shopify.com/s/files/1/0884/0278/8685/files/tencel-twill-duvet-cover-peach-styled-01.jpg?v=1785854821,"https://cdn.shopify.com/s/files/1/0884/0278/8685/files/tencel-twill-duvet-cover-peach-lifestyle-01.jpg?v=1785854831,https://cdn.shopify.com/s/files/1/0884/0278/8685/files/tencel-twill-duvet-cover-peach-lifestyle-02.jpg?v=1785854842,https://cdn.shopify.com/s/files/1/0884/0278/8685/files/tencel-twill-duvet-cover-peach-lifestyle-03.jpg?v=1785854855,https://cdn.shopify.com/s/files/1/0884/0278/8685/files/tencel-twill-duvet-cover-peach-detail-01.jpg?v=1785854866,https://cdn.shopify.com/s/files/1/0884/0278/8685/files/tencel-twill-duvet-cover-peach-detail-02.jpg?v=1785854875,https://cdn.shopify.com/s/files/1/0884/0278/8685/files/tencel-twill-duvet-cover-peach-texture-01.jpg?v=1785854886,https://cdn.shopify.com/s/files/1/0884/0278/8685/files/tencel-twill-duvet-cover-peach-texture-02.jpg?v=1785854902",in_stock,189.95 EUR,Coco & Cici,new,6097756784746,M12002201,tencel-twill-duvet-cover-peach,,200x220 + 2 pillowcases 60x70,"100% Tencel™ Lyocell, Twill weave"
M11402001,Housse de couette en sergé Tencel™ - Pêche,"Plongez dans une literie qui respire avec vous. Notre housse de couette en sergé Tencel™ couleur pêche apporte une élégance douce et mate à votre chambre à coucher : un luxe discret, sans brillance.",https://www.maisondecocon.com/fr/products/tencel-twill-duvet-cover-peach?variant_sku=M11402001,https://cdn.shopify.com/s/files/1/0884/0278/8685/files/tencel-twill-duvet-cover-peach-styled-01.jpg?v=1785854821,"https://cdn.shopify.com/s/files/1/0884/0278/8685/files/tencel-twill-duvet-cover-peach-lifestyle-01.jpg?v=1785854831,https://cdn.shopify.com/s/files/1/0884/0278/8685/files/tencel-twill-duvet-cover-peach-lifestyle-02.jpg?v=1785854842,https://cdn.shopify.com/s/files/1/0884/0278/8685/files/tencel-twill-duvet-cover-peach-lifestyle-03.jpg?v=1785854855,https://cdn.shopify.com/s/files/1/0884/0278/8685/files/tencel-twill-duvet-cover-peach-detail-01.jpg?v=1785854866,https://cdn.shopify.com/s/files/1/0884/0278/8685/files/tencel-twill-duvet-cover-peach-detail-02.jpg?v=1785854875,https://cdn.shopify.com/s/files/1/0884/0278/8685/files/tencel-twill-duvet-cover-peach-texture-01.jpg?v=1785854886,https://cdn.shopify.com/s/files/1/0884/0278/8685/files/tencel-twill-duvet-cover-peach-texture-02.jpg?v=1785854902",out_of_stock,129.95 EUR,Coco & Cici,new,6097757420476,M11402001,tencel-twill-duvet-cover-peach,,140x200 + 1 pillowcase 60x70,"100% Tencel™ Lyocell, Twill weave"
M12402201,Housse de couette en sergé Tencel™ - Pêche,"Plongez dans une literie qui respire avec vous. Notre housse de couette en sergé Tencel™ couleur pêche apporte une élégance douce et mate à votre chambre à coucher : un luxe discret, sans brillance.",https://www.maisondecocon.com/fr/products/tencel-twill-duvet-cover-peach?variant_sku=M12402201,https://cdn.shopify.com/s/files/1/0884/0278/8685/files/tencel-twill-duvet-cover-peach-styled-01.jpg?v=1785854821,"https://cdn.shopify.com/s/files/1/0884/0278/8685/files/tencel-twill-duvet-cover-peach-lifestyle-01.jpg?v=1785854831,https://cdn.shopify.com/s/files/1/0884/0278/8685/files/tencel-twill-duvet-cover-peach-lifestyle-02.jpg?v=1785854842,https://cdn.shopify.com/s/files/1/0884/0278/8685/files/tencel-twill-duvet-cover-peach-lifestyle-03.jpg?v=1785854855,https://cdn.shopify.com/s/files/1/0884/0278/8685/files/tencel-twill-duvet-cover-peach-detail-01.jpg?v=1785854866,https://cdn.shopify.com/s/files/1/0884/0278/8685/files/tencel-twill-duvet-cover-peach-detail-02.jpg?v=1785854875,https://cdn.shopify.com/s/files/1/0884/0278/8685/files/tencel-twill-duvet-cover-peach-texture-01.jpg?v=1785854886,https://cdn.shopify.com/s/files/1/0884/0278/8685/files/tencel-twill-duvet-cover-peach-texture-02.jpg?v=1785854902",out_of_stock,219.95 EUR,Coco & Cici,new,6097756751717,M12402201,tencel-twill-duvet-cover-peach,,240x220 + 2 pillowcases 60x70,"100% Tencel™ Lyocell, Twill weave"
M12602201,Housse de couette en sergé Tencel™ - Pêche,"Plongez dans une literie qui respire avec vous. Notre housse de couette en sergé Tencel™ couleur pêche apporte une élégance douce et mate à votre chambre à coucher : un luxe discret, sans brillance.",https://www.maisondecocon.com/fr/products/tencel-twill-duvet-cover-peach?variant_sku=M12602201,https://cdn.shopify.com/s/files/1/0884/0278/8685/files/tencel-twill-duvet-cover-peach-styled-01.jpg?v=1785854821,"https://cdn.shopify.com/s/files/1/0884/0278/8685/files/tencel-twill-duvet-cover-peach-lifestyle-01.jpg?v=1785854831,https://cdn.shopify.com/s/files/1/0884/0278/8685/files/tencel-twill-duvet-cover-peach-lifestyle-02.jpg?v=1785854842,https://cdn.shopify.com/s/files/1/0884/0278/8685/files/tencel-twill-duvet-cover-peach-lifestyle-03.jpg?v=1785854855,https://cdn.shopify.com/s/files/1/0884/0278/8685/files/tencel-twill-duvet-cover-peach-detail-01.jpg?v=1785854866,https://cdn.shopify.com/s/files/1/0884/0278/8685/files/tencel-twill-duvet-cover-peach-detail-02.jpg?v=1785854875,https://cdn.shopify.com/s/files/1/0884/0278/8685/files/tencel-twill-duvet-cover-peach-texture-01.jpg?v=1785854886,https://cdn.shopify.com/s/files/1/0884/0278/8685/files/tencel-twill-duvet-cover-peach-texture-02.jpg?v=1785854902",in_stock,239.95 EUR,Coco & Cici,new,6097755548530,M12602201,tencel-twill-duvet-cover-peach,,260x220 + 2 pillowcases 60x70,"100% Tencel™ Lyocell, Twill weave"
M11402201,Housse de couette en sergé Tencel™ - Pêche,"Plongez dans une literie qui respire avec vous. Notre housse de couette en sergé Tencel™ couleur pêche apporte une élégance douce et mate à votre chambre à coucher : un luxe discret, sans brillance.",https://www.maisondecocon.com/fr/products/tencel-twill-duvet-cover-peach?variant_sku=M11402201,https://cdn.shopify.com/s/files/1/0884/0278/8685/files/tencel-twill-duvet-cover-peach-styled-01.jpg?v=1785854821,"https://cdn.shopify.com/s/files/1/0884/0278/8685/files/tencel-twill-duvet-cover-peach-lifestyle-01.jpg?v=1785854831,https://cdn.shopify.com/s/files/1/0884/0278/8685/files/tencel-twill-duvet-cover-peach-lifestyle-02.jpg?v=1785854842,https://cdn.shopify.com/s/files/1/0884/0278/8685/files/tencel-twill-duvet-cover-peach-lifestyle-03.jpg?v=1785854855,https://cdn.shopify.com/s/files/1/0884/0278/8685/files/tencel-twill-duvet-cover-peach-detail-01.jpg?v=1785854866,https://cdn.shopify.com/s/files/1/0884/0278/8685/files/tencel-twill-duvet-cover-peach-detail-02.jpg?v=1785854875,https://cdn.shopify.com/s/files/1/0884/0278/8685/files/tencel-twill-duvet-cover-peach-texture-01.jpg?v=1785854886,https://cdn.shopify.com/s/files/1/0884/0278/8685/files/tencel-twill-duvet-cover-peach-texture-02.jpg?v=1785854902",out_of_stock,139.95 EUR,Coco & Cici,new,6097757271269,M11402201,tencel-twill-duvet-cover-peach,,140x220 + 1 pillowcase 60x70,"100% Tencel™ Lyocell, Twill weave"
12402206VS,"Housse de couette en Tencel™ satiné, gris-vert","Réveillez-vous comme si vous étiez encore en vacances. Notre housse de couette en satin de Tencel™ gris-vert apporte à votre chambre une douceur soyeuse et lumineuse, avec un éclat naturel qui s'adoucit magnifiquement au fil des utilisations.",https://www.maisondecocon.com/fr/products/tencel-sateen-duvet-cover-gray-green?variant_sku=12402206VS,https://cdn.shopify.com/s/files/1/0884/0278/8685/files/tencel-sateen-duvet-cover-gray-green-styled-01.jpg?v=1785855665,"https://cdn.shopify.com/s/files/1/0884/0278/8685/files/tencel-sateen-duvet-cover-gray-green-lifestyle-01.png?v=1785855686,https://cdn.shopify.com/s/files/1/0884/0278/8685/files/tencel-sateen-duvet-cover-gray-green-lifestyle-02.png?v=1785855698,https://cdn.shopify.com/s/files/1/0884/0278/8685/files/tencel-sateen-duvet-cover-gray-green-lifestyle-03.png?v=1785855710,https://cdn.shopify.com/s/files/1/0884/0278/8685/files/tencel-sateen-duvet-cover-gray-green-texture-01.jpg?v=1785855721,https://cdn.shopify.com/s/files/1/0884/0278/8685/files/tencel-sateen-duvet-cover-gray-green-texture-02.jpg?v=1785855730",out_of_stock,249.95 EUR,Coco & Cici,new,8721184403754,12402206VS,tencel-sateen-duvet-cover-gray-green,,240x220 + 2 pillowcases 60x70,"100% Tencel™ Lyocell, Sateen weave"
12602206VS,"Housse de couette en Tencel™ satiné, gris-vert","Réveillez-vous comme si vous étiez encore en vacances. Notre housse de couette en satin de Tencel™ gris-vert apporte à votre chambre une douceur soyeuse et lumineuse, avec un éclat naturel qui s'adoucit magnifiquement au fil des utilisations.",https://www.maisondecocon.com/fr/products/tencel-sateen-duvet-cover-gray-green?variant_sku=12602206VS,https://cdn.shopify.com/s/files/1/0884/0278/8685/files/tencel-sateen-duvet-cover-gray-green-styled-01.jpg?v=1785855665,"https://cdn.shopify.com/s/files/1/0884/0278/8685/files/tencel-sateen-duvet-cover-gray-green-lifestyle-01.png?v=1785855686,https://cdn.shopify.com/s/files/1/0884/0278/8685/files/tencel-sateen-duvet-cover-gray-green-lifestyle-02.png?v=1785855698,https://cdn.shopify.com/s/files/1/0884/0278/8685/files/tencel-sateen-duvet-cover-gray-green-lifestyle-03.png?v=1785855710,https://cdn.shopify.com/s/files/1/0884/0278/8685/files/tencel-sateen-duvet-cover-gray-green-texture-01.jpg?v=1785855721,https://cdn.shopify.com/s/files/1/0884/0278/8685/files/tencel-sateen-duvet-cover-gray-green-texture-02.jpg?v=1785855730",in_stock,269.95 EUR,Coco & Cici,new,6011402237233,12602206VS,tencel-sateen-duvet-cover-gray-green,,260x220 + 2 pillowcases 60x70,"100% Tencel™ Lyocell, Sateen weave"
12002006VS,"Housse de couette en Tencel™ satiné, gris-vert","Réveillez-vous comme si vous étiez encore en vacances. Notre housse de couette en satin de Tencel™ gris-vert apporte à votre chambre une douceur soyeuse et lumineuse, avec un éclat naturel qui s'adoucit magnifiquement au fil des utilisations.",https://www.maisondecocon.com/fr/products/tencel-sateen-duvet-cover-gray-green?variant_sku=12002006VS,https://cdn.shopify.com/s/files/1/0884/0278/8685/files/tencel-sateen-duvet-cover-gray-green-styled-01.jpg?v=1785855665,"https://cdn.shopify.com/s/files/1/0884/0278/8685/files/tencel-sateen-duvet-cover-gray-green-lifestyle-01.png?v=1785855686,https://cdn.shopify.com/s/files/1/0884/0278/8685/files/tencel-sateen-duvet-cover-gray-green-lifestyle-02.png?v=1785855698,https://cdn.shopify.com/s/files/1/0884/0278/8685/files/tencel-sateen-duvet-cover-gray-green-lifestyle-03.png?v=1785855710,https://cdn.shopify.com/s/files/1/0884/0278/8685/files/tencel-sateen-duvet-cover-gray-green-texture-01.jpg?v=1785855721,https://cdn.shopify.com/s/files/1/0884/0278/8685/files/tencel-sateen-duvet-cover-gray-green-texture-02.jpg?v=1785855730",in_stock,229.95 EUR,Coco & Cici,new,6011402072087,12002006VS,tencel-sateen-duvet-cover-gray-green,,200x200 + 2 pillowcases 60x70,"100% Tencel™ Lyocell, Sateen weave"
12002206VS,"Housse de couette en Tencel™ satiné, gris-vert","Réveillez-vous comme si vous étiez encore en vacances. Notre housse de couette en satin de Tencel™ gris-vert apporte à votre chambre une douceur soyeuse et lumineuse, avec un éclat naturel qui s'adoucit magnifiquement au fil des utilisations.",https://www.maisondecocon.com/fr/products/tencel-sateen-duvet-cover-gray-green?variant_sku=12002206VS,https://cdn.shopify.com/s/files/1/0884/0278/8685/files/tencel-sateen-duvet-cover-gray-green-styled-01.jpg?v=1785855665,"https://cdn.shopify.com/s/files/1/0884/0278/8685/files/tencel-sateen-duvet-cover-gray-green-lifestyle-01.png?v=1785855686,https://cdn.shopify.com/s/files/1/0884/0278/8685/files/tencel-sateen-duvet-cover-gray-green-lifestyle-02.png?v=1785855698,https://cdn.shopify.com/s/files/1/0884/0278/8685/files/tencel-sateen-duvet-cover-gray-green-lifestyle-03.png?v=1785855710,https://cdn.shopify.com/s/files/1/0884/0278/8685/files/tencel-sateen-duvet-cover-gray-green-texture-01.jpg?v=1785855721,https://cdn.shopify.com/s/files/1/0884/0278/8685/files/tencel-sateen-duvet-cover-gray-green-texture-02.jpg?v=1785855730",out_of_stock,229.95 EUR,Coco & Cici,new,8721184403716,12002206VS,tencel-sateen-duvet-cover-gray-green,,200x220 + 2 pillowcases 60x70,"100% Tencel™ Lyocell, Sateen weave"
11402206VS,"Housse de couette en Tencel™ satiné, gris-vert","Réveillez-vous comme si vous étiez encore en vacances. Notre housse de couette en satin de Tencel™ gris-vert apporte à votre chambre une douceur soyeuse et lumineuse, avec un éclat naturel qui s'adoucit magnifiquement au fil des utilisations.",https://www.maisondecocon.com/fr/products/tencel-sateen-duvet-cover-gray-green?variant_sku=11402206VS,https://cdn.shopify.com/s/files/1/0884/0278/8685/files/tencel-sateen-duvet-cover-gray-green-styled-01.jpg?v=1785855665,"https://cdn.shopify.com/s/files/1/0884/0278/8685/files/tencel-sateen-duvet-cover-gray-green-lifestyle-01.png?v=1785855686,https://cdn.shopify.com/s/files/1/0884/0278/8685/files/tencel-sateen-duvet-cover-gray-green-lifestyle-02.png?v=1785855698,https://cdn.shopify.com/s/files/1/0884/0278/8685/files/tencel-sateen-duvet-cover-gray-green-lifestyle-03.png?v=1785855710,https://cdn.shopify.com/s/files/1/0884/0278/8685/files/tencel-sateen-duvet-cover-gray-green-texture-01.jpg?v=1785855721,https://cdn.shopify.com/s/files/1/0884/0278/8685/files/tencel-sateen-duvet-cover-gray-green-texture-02.jpg?v=1785855730",out_of_stock,159.95 EUR,Coco & Cici,new,8721184403631,11402206VS,tencel-sateen-duvet-cover-gray-green,,140x220 + 1 pillowcase 60x70,"100% Tencel™ Lyocell, Sateen weave"
11402006VS,"Housse de couette en Tencel™ satiné, gris-vert","Réveillez-vous comme si vous étiez encore en vacances. Notre housse de couette en satin de Tencel™ gris-vert apporte à votre chambre une douceur soyeuse et lumineuse, avec un éclat naturel qui s'adoucit magnifiquement au fil des utilisations.",https://www.maisondecocon.com/fr/products/tencel-sateen-duvet-cover-gray-green?variant_sku=11402006VS,https://cdn.shopify.com/s/files/1/0884/0278/8685/files/tencel-sateen-duvet-cover-gray-green-styled-01.jpg?v=1785855665,"https://cdn.shopify.com/s/files/1/0884/0278/8685/files/tencel-sateen-duvet-cover-gray-green-lifestyle-01.png?v=1785855686,https://cdn.shopify.com/s/files/1/0884/0278/8685/files/tencel-sateen-duvet-cover-gray-green-lifestyle-02.png?v=1785855698,https://cdn.shopify.com/s/files/1/0884/0278/8685/files/tencel-sateen-duvet-cover-gray-green-lifestyle-03.png?v=1785855710,https://cdn.shopify.com/s/files/1/0884/0278/8685/files/tencel-sateen-duvet-cover-gray-green-texture-01.jpg?v=1785855721,https://cdn.shopify.com/s/files/1/0884/0278/8685/files/tencel-sateen-duvet-cover-gray-green-texture-02.jpg?v=1785855730",in_stock,159.95 EUR,Coco & Cici,new,8721184403594,11402006VS,tencel-sateen-duvet-cover-gray-green,,140x200 + 1 pillowcase 60x70,"100% Tencel™ Lyocell, Sateen weave"
12602201VS,"Housse de couette en Tencel™ satiné, blanche","Réveillez-vous comme si vous étiez encore en vacances. Notre housse de couette en satin de Tencel™ blanche apporte à votre chambre une douceur soyeuse et lumineuse, avec un éclat naturel qui s'adoucit magnifiquement au fil des utilisations.",https://www.maisondecocon.com/fr/products/tencel-sateen-duvet-cover-white?variant_sku=12602201VS,https://cdn.shopify.com/s/files/1/0884/0278/8685/files/File_name_Alt_text_1_tencel-sateen-duvet-cover-white-styled-01.jpg?v=1785856155,"https://cdn.shopify.com/s/files/1/0884/0278/8685/files/tencel-sateen-duvet-cover-white-lifestyle-01.jpg?v=1785856164,https://cdn.shopify.com/s/files/1/0884/0278/8685/files/tencel-sateen-duvet-cover-white-lifestyle-02.jpg?v=1785856173,https://cdn.shopify.com/s/files/1/0884/0278/8685/files/tencel-sateen-duvet-cover-white-detail-01.jpg?v=1785856182,https://cdn.shopify.com/s/files/1/0884/0278/8685/files/tencel-sateen-duvet-cover-white-texture-01.jpg?v=1785856191,https://cdn.shopify.com/s/files/1/0884/0278/8685/files/tencel-sateen-duvet-cover-white-texture-02.jpg?v=1785856199",in_stock,269.95 EUR,Coco & Cici,new,8721184403761,12602201VS,tencel-sateen-duvet-cover-white,,260x220 + 2 pillowcases 60x70,"100% Tencel™ Lyocell, Sateen weave"
12402201VS,"Housse de couette en Tencel™ satiné, blanche","Réveillez-vous comme si vous étiez encore en vacances. Notre housse de couette en satin de Tencel™ blanche apporte à votre chambre une douceur soyeuse et lumineuse, avec un éclat naturel qui s'adoucit magnifiquement au fil des utilisations.",https://www.maisondecocon.com/fr/products/tencel-sateen-duvet-cover-white?variant_sku=12402201VS,https://cdn.shopify.com/s/files/1/0884/0278/8685/files/File_name_Alt_text_1_tencel-sateen-duvet-cover-white-styled-01.jpg?v=1785856155,"https://cdn.shopify.com/s/files/1/0884/0278/8685/files/tencel-sateen-duvet-cover-white-lifestyle-01.jpg?v=1785856164,https://cdn.shopify.com/s/files/1/0884/0278/8685/files/tencel-sateen-duvet-cover-white-lifestyle-02.jpg?v=1785856173,https://cdn.shopify.com/s/files/1/0884/0278/8685/files/tencel-sateen-duvet-cover-white-detail-01.jpg?v=1785856182,https://cdn.shopify.com/s/files/1/0884/0278/8685/files/tencel-sateen-duvet-cover-white-texture-01.jpg?v=1785856191,https://cdn.shopify.com/s/files/1/0884/0278/8685/files/tencel-sateen-duvet-cover-white-texture-02.jpg?v=1785856199",out_of_stock,249.95 EUR,Coco & Cici,new,8721184403723,12402201VS,tencel-sateen-duvet-cover-white,,240x220 + 2 pillowcases 60x70,"100% Tencel™ Lyocell, Sateen weave"
11402001VS,"Housse de couette en Tencel™ satiné, blanche","Réveillez-vous comme si vous étiez encore en vacances. Notre housse de couette en satin de Tencel™ blanche apporte à votre chambre une douceur soyeuse et lumineuse, avec un éclat naturel qui s'adoucit magnifiquement au fil des utilisations.",https://www.maisondecocon.com/fr/products/tencel-sateen-duvet-cover-white?variant_sku=11402001VS,https://cdn.shopify.com/s/files/1/0884/0278/8685/files/File_name_Alt_text_1_tencel-sateen-duvet-cover-white-styled-01.jpg?v=1785856155,"https://cdn.shopify.com/s/files/1/0884/0278/8685/files/tencel-sateen-duvet-cover-white-lifestyle-01.jpg?v=1785856164,https://cdn.shopify.com/s/files/1/0884/0278/8685/files/tencel-sateen-duvet-cover-white-lifestyle-02.jpg?v=1785856173,https://cdn.shopify.com/s/files/1/0884/0278/8685/files/tencel-sateen-duvet-cover-white-detail-01.jpg?v=1785856182,https://cdn.shopify.com/s/files/1/0884/0278/8685/files/tencel-sateen-duvet-cover-white-texture-01.jpg?v=1785856191,https://cdn.shopify.com/s/files/1/0884/0278/8685/files/tencel-sateen-duvet-cover-white-texture-02.jpg?v=1785856199",in_stock,159.95 EUR,Coco & Cici,new,8721184402344,11402001VS,tencel-sateen-duvet-cover-white,,140x200 + 1 pillowcase 60x70,"100% Tencel™ Lyocell, Sateen weave"
12002201VS,"Housse de couette en Tencel™ satiné, blanche","Réveillez-vous comme si vous étiez encore en vacances. Notre housse de couette en satin de Tencel™ blanche apporte à votre chambre une douceur soyeuse et lumineuse, avec un éclat naturel qui s'adoucit magnifiquement au fil des utilisations.",https://www.maisondecocon.com/fr/products/tencel-sateen-duvet-cover-white?variant_sku=12002201VS,https://cdn.shopify.com/s/files/1/0884/0278/8685/files/File_name_Alt_text_1_tencel-sateen-duvet-cover-white-styled-01.jpg?v=1785856155,"https://cdn.shopify.com/s/files/1/0884/0278/8685/files/tencel-sateen-duvet-cover-white-lifestyle-01.jpg?v=1785856164,https://cdn.shopify.com/s/files/1/0884/0278/8685/files/tencel-sateen-duvet-cover-white-lifestyle-02.jpg?v=1785856173,https://cdn.shopify.com/s/files/1/0884/0278/8685/files/tencel-sateen-duvet-cover-white-detail-01.jpg?v=1785856182,https://cdn.shopify.com/s/files/1/0884/0278/8685/files/tencel-sateen-duvet-cover-white-texture-01.jpg?v=1785856191,https://cdn.shopify.com/s/files/1/0884/0278/8685/files/tencel-sateen-duvet-cover-white-texture-02.jpg?v=1785856199",out_of_stock,229.95 EUR,Coco & Cici,new,8721184403686,12002201VS,tencel-sateen-duvet-cover-white,,200x220 + 2 pillowcases 60x70,"100% Tencel™ Lyocell, Sateen weave"
11402201VS,"Housse de couette en Tencel™ satiné, blanche","Réveillez-vous comme si vous étiez encore en vacances. Notre housse de couette en satin de Tencel™ blanche apporte à votre chambre une douceur soyeuse et lumineuse, avec un éclat naturel qui s'adoucit magnifiquement au fil des utilisations.",https://www.maisondecocon.com/fr/products/tencel-sateen-duvet-cover-white?variant_sku=11402201VS,https://cdn.shopify.com/s/files/1/0884/0278/8685/files/File_name_Alt_text_1_tencel-sateen-duvet-cover-white-styled-01.jpg?v=1785856155,"https://cdn.shopify.com/s/files/1/0884/0278/8685/files/tencel-sateen-duvet-cover-white-lifestyle-01.jpg?v=1785856164,https://cdn.shopify.com/s/files/1/0884/0278/8685/files/tencel-sateen-duvet-cover-white-lifestyle-02.jpg?v=1785856173,https://cdn.shopify.com/s/files/1/0884/0278/8685/files/tencel-sateen-duvet-cover-white-detail-01.jpg?v=1785856182,https://cdn.shopify.com/s/files/1/0884/0278/8685/files/tencel-sateen-duvet-cover-white-texture-01.jpg?v=1785856191,https://cdn.shopify.com/s/files/1/0884/0278/8685/files/tencel-sateen-duvet-cover-white-texture-02.jpg?v=1785856199",in_stock,159.95 EUR,Coco & Cici,new,8721184403600,11402201VS,tencel-sateen-duvet-cover-white,,140x220 + 1 pillowcase 60x70,"100% Tencel™ Lyocell, Sateen weave"
12002001VS,"Housse de couette en Tencel™ satiné, blanche","Réveillez-vous comme si vous étiez encore en vacances. Notre housse de couette en satin de Tencel™ blanche apporte à votre chambre une douceur soyeuse et lumineuse, avec un éclat naturel qui s'adoucit magnifiquement au fil des utilisations.",https://www.maisondecocon.com/fr/products/tencel-sateen-duvet-cover-white?variant_sku=12002001VS,https://cdn.shopify.com/s/files/1/0884/0278/8685/files/File_name_Alt_text_1_tencel-sateen-duvet-cover-white-styled-01.jpg?v=1785856155,"https://cdn.shopify.com/s/files/1/0884/0278/8685/files/tencel-sateen-duvet-cover-white-lifestyle-01.jpg?v=1785856164,https://cdn.shopify.com/s/files/1/0884/0278/8685/files/tencel-sateen-duvet-cover-white-lifestyle-02.jpg?v=1785856173,https://cdn.shopify.com/s/files/1/0884/0278/8685/files/tencel-sateen-duvet-cover-white-detail-01.jpg?v=1785856182,https://cdn.shopify.com/s/files/1/0884/0278/8685/files/tencel-sateen-duvet-cover-white-texture-01.jpg?v=1785856191,https://cdn.shopify.com/s/files/1/0884/0278/8685/files/tencel-sateen-duvet-cover-white-texture-02.jpg?v=1785856199",out_of_stock,229.95 EUR,Coco & Cici,new,8721184403648,12002001VS,tencel-sateen-duvet-cover-white,,200x200 + 2 pillowcases 60x70,"100% Tencel™ Lyocell, Sateen weave"
4240220HS,Couette d'été Tencel™,"Le modèle le plus léger de notre gamme. Notre couette d'été Tencel™ High Summer est conçue pour les personnes qui ont facilement chaud : plus fine et plus respirante que notre couette d'été standard, elle ne pèse que 140 g/m².",https://www.maisondecocon.com/fr/products/tencel-high-summer-cover?variant_sku=4240220HS,https://cdn.shopify.com/s/files/1/0884/0278/8685/files/tencel-high-summer-duvet-folded-01.jpg?v=1785856800,"https://cdn.shopify.com/s/files/1/0884/0278/8685/files/tencel-high-summer-duvet-flat-01.png?v=1785856811,https://cdn.shopify.com/s/files/1/0884/0278/8685/files/tencel-high-summer-duvet-lifestyle-01.png?v=1785856822,https://cdn.shopify.com/s/files/1/0884/0278/8685/files/tencel-high-summer-duvet-lifestyle-02.png?v=1785856834,https://cdn.shopify.com/s/files/1/0884/0278/8685/files/tencel-high-summer-duvet-canvas-bag-01.png?v=1785856847",out_of_stock,199.00 EUR,Coco & Cici,new,7423631117146,4240220HS,tencel-high-summer-cover,,240x220,100% Tencel™ Lyocell (shell and filling)
4200200HS,Couette d'été Tencel™,"Le modèle le plus léger de notre gamme. Notre couette d'été Tencel™ High Summer est conçue pour les personnes qui ont facilement chaud : plus fine et plus respirante que notre couette d'été standard, elle ne pèse que 140 g/m².",https://www.maisondecocon.com/fr/products/tencel-high-summer-cover?variant_sku=4200200HS,https://cdn.shopify.com/s/files/1/0884/0278/8685/files/tencel-high-summer-duvet-folded-01.jpg?v=1785856800,"https://cdn.shopify.com/s/files/1/0884/0278/8685/files/tencel-high-summer-duvet-flat-01.png?v=1785856811,https://cdn.shopify.com/s/files/1/0884/0278/8685/files/tencel-high-summer-duvet-lifestyle-01.png?v=1785856822,https://cdn.shopify.com/s/files/1/0884/0278/8685/files/tencel-high-summer-duvet-lifestyle-02.png?v=1785856834,https://cdn.shopify.com/s/files/1/0884/0278/8685/files/tencel-high-summer-duvet-canvas-bag-01.png?v=1785856847",out_of_stock,179.00 EUR,Coco & Cici,new,8721184400814,4200200HS,tencel-high-summer-cover,,200x200,100% Tencel™ Lyocell (shell and filling)
4200220HS,Couette d'été Tencel™,"Le modèle le plus léger de notre gamme. Notre couette d'été Tencel™ High Summer est conçue pour les personnes qui ont facilement chaud : plus fine et plus respirante que notre couette d'été standard, elle ne pèse que 140 g/m².",https://www.maisondecocon.com/fr/products/tencel-high-summer-cover?variant_sku=4200220HS,https://cdn.shopify.com/s/files/1/0884/0278/8685/files/tencel-high-summer-duvet-folded-01.jpg?v=1785856800,"https://cdn.shopify.com/s/files/1/0884/0278/8685/files/tencel-high-summer-duvet-flat-01.png?v=1785856811,https://cdn.shopify.com/s/files/1/0884/0278/8685/files/tencel-high-summer-duvet-lifestyle-01.png?v=1785856822,https://cdn.shopify.com/s/files/1/0884/0278/8685/files/tencel-high-summer-duvet-lifestyle-02.png?v=1785856834,https://cdn.shopify.com/s/files/1/0884/0278/8685/files/tencel-high-summer-duvet-canvas-bag-01.png?v=1785856847",in_stock,179.00 EUR,Coco & Cici,new,7423631079017,4200220HS,tencel-high-summer-cover,,200x220,100% Tencel™ Lyocell (shell and filling)
4140220HS,Couette d'été Tencel™,"Le modèle le plus léger de notre gamme. Notre couette d'été Tencel™ High Summer est conçue pour les personnes qui ont facilement chaud : plus fine et plus respirante que notre couette d'été standard, elle ne pèse que 140 g/m².",https://www.maisondecocon.com/fr/products/tencel-high-summer-cover?variant_sku=4140220HS,https://cdn.shopify.com/s/files/1/0884/0278/8685/files/tencel-high-summer-duvet-folded-01.jpg?v=1785856800,"https://cdn.shopify.com/s/files/1/0884/0278/8685/files/tencel-high-summer-duvet-flat-01.png?v=1785856811,https://cdn.shopify.com/s/files/1/0884/0278/8685/files/tencel-high-summer-duvet-lifestyle-01.png?v=1785856822,https://cdn.shopify.com/s/files/1/0884/0278/8685/files/tencel-high-summer-duvet-lifestyle-02.png?v=1785856834,https://cdn.shopify.com/s/files/1/0884/0278/8685/files/tencel-high-summer-duvet-canvas-bag-01.png?v=1785856847",out_of_stock,129.00 EUR,Coco & Cici,new,7423630970902,4140220HS,tencel-high-summer-cover,,140x220,100% Tencel™ Lyocell (shell and filling)
4140200HS,Couette d'été Tencel™,"Le modèle le plus léger de notre gamme. Notre couette d'été Tencel™ High Summer est conçue pour les personnes qui ont facilement chaud : plus fine et plus respirante que notre couette d'été standard, elle ne pèse que 140 g/m².",https://www.maisondecocon.com/fr/products/tencel-high-summer-cover?variant_sku=4140200HS,https://cdn.shopify.com/s/files/1/0884/0278/8685/files/tencel-high-summer-duvet-folded-01.jpg?v=1785856800,"https://cdn.shopify.com/s/files/1/0884/0278/8685/files/tencel-high-summer-duvet-flat-01.png?v=1785856811,https://cdn.shopify.com/s/files/1/0884/0278/8685/files/tencel-high-summer-duvet-lifestyle-01.png?v=1785856822,https://cdn.shopify.com/s/files/1/0884/0278/8685/files/tencel-high-summer-duvet-lifestyle-02.png?v=1785856834,https://cdn.shopify.com/s/files/1/0884/0278/8685/files/tencel-high-summer-duvet-canvas-bag-01.png?v=1785856847",out_of_stock,129.00 EUR,Coco & Cici,new,7423630661619,4140200HS,tencel-high-summer-cover,,140x200,100% Tencel™ Lyocell (shell and filling)
4260220HS,Couette d'été Tencel™,"Le modèle le plus léger de notre gamme. Notre couette d'été Tencel™ High Summer est conçue pour les personnes qui ont facilement chaud : plus fine et plus respirante que notre couette d'été standard, elle ne pèse que 140 g/m².",https://www.maisondecocon.com/fr/products/tencel-high-summer-cover?variant_sku=4260220HS,https://cdn.shopify.com/s/files/1/0884/0278/8685/files/tencel-high-summer-duvet-folded-01.jpg?v=1785856800,"https://cdn.shopify.com/s/files/1/0884/0278/8685/files/tencel-high-summer-duvet-flat-01.png?v=1785856811,https://cdn.shopify.com/s/files/1/0884/0278/8685/files/tencel-high-summer-duvet-lifestyle-01.png?v=1785856822,https://cdn.shopify.com/s/files/1/0884/0278/8685/files/tencel-high-summer-duvet-lifestyle-02.png?v=1785856834,https://cdn.shopify.com/s/files/1/0884/0278/8685/files/tencel-high-summer-duvet-canvas-bag-01.png?v=1785856847",in_stock,209.00 EUR,Coco & Cici,new,7423631199104,4260220HS,tencel-high-summer-cover,,260x220,100% Tencel™ Lyocell (shell and filling)
B11402006VS,"Housse de couette Eco Bamboo, couleur « Powder Peach »","Pour mieux dormir, rien de plus simple. Notre housse de couette Eco Bamboo, couleur « Powder Peach », est douce, respirante et très facile d'entretien : une solution douce et durable pour commencer à mieux dormir.",https://www.maisondecocon.com/fr/products/eco-bamboo-duvet-cover-powder-peach?variant_sku=B11402006VS,https://cdn.shopify.com/s/files/1/0884/0278/8685/files/eco-bamboo-duvet-cover-powder-peach-styled-01.jpg?v=1785857601,"https://cdn.shopify.com/s/files/1/0884/0278/8685/files/eco-bamboo-duvet-cover-powder-peach-lifestyle-01.jpg?v=1785857494,https://cdn.shopify.com/s/files/1/0884/0278/8685/files/eco-bamboo-duvet-cover-powder-peach-folded-01.jpg?v=1785857611,https://cdn.shopify.com/s/files/1/0884/0278/8685/files/eco-bamboo-duvet-cover-powder-peach-lifestyle-02.jpg?v=1785857507,https://cdn.shopify.com/s/files/1/0884/0278/8685/files/eco-bamboo-duvet-cover-powder-peach-lifestyle-03.jpg?v=1785857580,https://cdn.shopify.com/s/files/1/0884/0278/8685/files/eco-bamboo-duvet-cover-powder-peach-detail-closure.jpg?v=1785857640,https://cdn.shopify.com/s/files/1/0884/0278/8685/files/eco-bamboo-duvet-cover-powder-peach-texture-01.jpg?v=1785857653",in_stock,109.95 EUR,Coco & Cici,new,8721184401286,B11402006VS,eco-bamboo-duvet-cover-powder-peach,,140x200 + 1 pillowcase 60x70,100% Eco Bamboo fibre
B12602206VS,"Housse de couette Eco Bamboo, couleur « Powder Peach »","Pour mieux dormir, rien de plus simple. Notre housse de couette Eco Bamboo, couleur « Powder Peach », est douce, respirante et très facile d'entretien : une solution douce et durable pour commencer à mieux dormir.",https://www.maisondecocon.com/fr/products/eco-bamboo-duvet-cover-powder-peach?variant_sku=B12602206VS,https://cdn.shopify.com/s/files/1/0884/0278/8685/files/eco-bamboo-duvet-cover-powder-peach-styled-01.jpg?v=1785857601,"https://cdn.shopify.com/s/files/1/0884/0278/8685/files/eco-bamboo-duvet-cover-powder-peach-lifestyle-01.jpg?v=1785857494,https://cdn.shopify.com/s/files/1/0884/0278/8685/files/eco-bamboo-duvet-cover-powder-peach-folded-01.jpg?v=1785857611,https://cdn.shopify.com/s/files/1/0884/0278/8685/files/eco-bamboo-duvet-cover-powder-peach-lifestyle-02.jpg?v=1785857507,https://cdn.shopify.com/s/files/1/0884/0278/8685/files/eco-bamboo-duvet-cover-powder-peach-lifestyle-03.jpg?v=1785857580,https://cdn.shopify.com/s/files/1/0884/0278/8685/files/eco-bamboo-duvet-cover-powder-peach-detail-closure.jpg?v=1785857640,https://cdn.shopify.com/s/files/1/0884/0278/8685/files/eco-bamboo-duvet-cover-powder-peach-texture-01.jpg?v=1785857653",in_stock,209.95 EUR,Coco & Cici,new,8721184401330,B12602206VS,eco-bamboo-duvet-cover-powder-peach,,260x220 + 2 pillowcases 60x70,100% Eco Bamboo fibre
B11402206VS,"Housse de couette Eco Bamboo, couleur « Powder Peach »","Pour mieux dormir, rien de plus simple. Notre housse de couette Eco Bamboo, couleur « Powder Peach », est douce, respirante et très facile d'entretien : une solution douce et durable pour commencer à mieux dormir.",https://www.maisondecocon.com/fr/products/eco-bamboo-duvet-cover-powder-peach?variant_sku=B11402206VS,https://cdn.shopify.com/s/files/1/0884/0278/8685/files/eco-bamboo-duvet-cover-powder-peach-styled-01.jpg?v=1785857601,"https://cdn.shopify.com/s/files/1/0884/0278/8685/files/eco-bamboo-duvet-cover-powder-peach-lifestyle-01.jpg?v=1785857494,https://cdn.shopify.com/s/files/1/0884/0278/8685/files/eco-bamboo-duvet-cover-powder-peach-folded-01.jpg?v=1785857611,https://cdn.shopify.com/s/files/1/0884/0278/8685/files/eco-bamboo-duvet-cover-powder-peach-lifestyle-02.jpg?v=1785857507,https://cdn.shopify.com/s/files/1/0884/0278/8685/files/eco-bamboo-duvet-cover-powder-peach-lifestyle-03.jpg?v=1785857580,https://cdn.shopify.com/s/files/1/0884/0278/8685/files/eco-bamboo-duvet-cover-powder-peach-detail-closure.jpg?v=1785857640,https://cdn.shopify.com/s/files/1/0884/0278/8685/files/eco-bamboo-duvet-cover-powder-peach-texture-01.jpg?v=1785857653",in_stock,109.95 EUR,Coco & Cici,new,8721184401293,B11402206VS,eco-bamboo-duvet-cover-powder-peach,,140x220 + 1 pillowcase 60x70,100% Eco Bamboo fibre
B12002006VS,"Housse de couette Eco Bamboo, couleur « Powder Peach »","Pour mieux dormir, rien de plus simple. Notre housse de couette Eco Bamboo, couleur « Powder Peach », est douce, respirante et très facile d'entretien : une solution douce et durable pour commencer à mieux dormir.",https://www.maisondecocon.com/fr/products/eco-bamboo-duvet-cover-powder-peach?variant_sku=B12002006VS,https://cdn.shopify.com/s/files/1/0884/0278/8685/files/eco-bamboo-duvet-cover-powder-peach-styled-01.jpg?v=1785857601,"https://cdn.shopify.com/s/files/1/0884/0278/8685/files/eco-bamboo-duvet-cover-powder-peach-lifestyle-01.jpg?v=1785857494,https://cdn.shopify.com/s/files/1/0884/0278/8685/files/eco-bamboo-duvet-cover-powder-peach-folded-01.jpg?v=1785857611,https://cdn.shopify.com/s/files/1/0884/0278/8685/files/eco-bamboo-duvet-cover-powder-peach-lifestyle-02.jpg?v=1785857507,https://cdn.shopify.com/s/files/1/0884/0278/8685/files/eco-bamboo-duvet-cover-powder-peach-lifestyle-03.jpg?v=1785857580,https://cdn.shopify.com/s/files/1/0884/0278/8685/files/eco-bamboo-duvet-cover-powder-peach-detail-closure.jpg?v=1785857640,https://cdn.shopify.com/s/files/1/0884/0278/8685/files/eco-bamboo-duvet-cover-powder-peach-texture-01.jpg?v=1785857653",in_stock,169.95 EUR,Coco & Cici,new,8721184401309,B12002006VS,eco-bamboo-duvet-cover-powder-peach,,200x200 + 2 pillowcases 60x70,100% Eco Bamboo fibre
B12402206VS,"Housse de couette Eco Bamboo, couleur « Powder Peach »","Pour mieux dormir, rien de plus simple. Notre housse de couette Eco Bamboo, couleur « Powder Peach », est douce, respirante et très facile d'entretien : une solution douce et durable pour commencer à mieux dormir.",https://www.maisondecocon.com/fr/products/eco-bamboo-duvet-cover-powder-peach?variant_sku=B12402206VS,https://cdn.shopify.com/s/files/1/0884/0278/8685/files/eco-bamboo-duvet-cover-powder-peach-styled-01.jpg?v=1785857601,"https://cdn.shopify.com/s/files/1/0884/0278/8685/files/eco-bamboo-duvet-cover-powder-peach-lifestyle-01.jpg?v=1785857494,https://cdn.shopify.com/s/files/1/0884/0278/8685/files/eco-bamboo-duvet-cover-powder-peach-folded-01.jpg?v=1785857611,https://cdn.shopify.com/s/files/1/0884/0278/8685/files/eco-bamboo-duvet-cover-powder-peach-lifestyle-02.jpg?v=1785857507,https://cdn.shopify.com/s/files/1/0884/0278/8685/files/eco-bamboo-duvet-cover-powder-peach-lifestyle-03.jpg?v=1785857580,https://cdn.shopify.com/s/files/1/0884/0278/8685/files/eco-bamboo-duvet-cover-powder-peach-detail-closure.jpg?v=1785857640,https://cdn.shopify.com/s/files/1/0884/0278/8685/files/eco-bamboo-duvet-cover-powder-peach-texture-01.jpg?v=1785857653",in_stock,199.95 EUR,Coco & Cici,new,8721184401323,B12402206VS,eco-bamboo-duvet-cover-powder-peach,,240x220 + 2 pillowcases 60x70,100% Eco Bamboo fibre
B12002206VS,"Housse de couette Eco Bamboo, couleur « Powder Peach »","Pour mieux dormir, rien de plus simple. Notre housse de couette Eco Bamboo, couleur « Powder Peach », est douce, respirante et très facile d'entretien : une solution douce et durable pour commencer à mieux dormir.",https://www.maisondecocon.com/fr/products/eco-bamboo-duvet-cover-powder-peach?variant_sku=B12002206VS,https://cdn.shopify.com/s/files/1/0884/0278/8685/files/eco-bamboo-duvet-cover-powder-peach-styled-01.jpg?v=1785857601,"https://cdn.shopify.com/s/files/1/0884/0278/8685/files/eco-bamboo-duvet-cover-powder-peach-lifestyle-01.jpg?v=1785857494,https://cdn.shopify.com/s/files/1/0884/0278/8685/files/eco-bamboo-duvet-cover-powder-peach-folded-01.jpg?v=1785857611,https://cdn.shopify.com/s/files/1/0884/0278/8685/files/eco-bamboo-duvet-cover-powder-peach-lifestyle-02.jpg?v=1785857507,https://cdn.shopify.com/s/files/1/0884/0278/8685/files/eco-bamboo-duvet-cover-powder-peach-lifestyle-03.jpg?v=1785857580,https://cdn.shopify.com/s/files/1/0884/0278/8685/files/eco-bamboo-duvet-cover-powder-peach-detail-closure.jpg?v=1785857640,https://cdn.shopify.com/s/files/1/0884/0278/8685/files/eco-bamboo-duvet-cover-powder-peach-texture-01.jpg?v=1785857653",in_stock,169.95 EUR,Coco & Cici,new,8721184401316,B12002206VS,eco-bamboo-duvet-cover-powder-peach,,200x220 + 2 pillowcases 60x70,100% Eco Bamboo fibre
TLB2022VS,"Housse de couette en sergé Tencel™, bleu lavande","Plongez dans une literie qui respire avec vous. Notre housse de couette en sergé Tencel™ bleu lavande apporte une élégance douce et mate à votre chambre à coucher : un luxe discret, sans brillance.",https://www.maisondecocon.com/fr/products/tencel-twill-duvet-cover-lavender-blue?variant_sku=TLB2022VS,https://cdn.shopify.com/s/files/1/0884/0278/8685/files/tencel-twill-duvet-cover-lavender-blue-styled-01.jpg?v=1785858928,"https://cdn.shopify.com/s/files/1/0884/0278/8685/files/tencel-twill-duvet-cover-lavender-blue-lifestyle-01.jpg?v=1785858936,https://cdn.shopify.com/s/files/1/0884/0278/8685/files/tencel-twill-duvet-cover-lavender-blue-lifestyle-02.jpg?v=1785858945,https://cdn.shopify.com/s/files/1/0884/0278/8685/files/tencel-twill-duvet-cover-lavender-blue-detail-01.jpg?v=1785858953,https://cdn.shopify.com/s/files/1/0884/0278/8685/files/tencel-twill-duvet-cover-lavender-blue-detail-tie.jpg?v=1785858962,https://cdn.shopify.com/s/files/1/0884/0278/8685/files/tencel-twill-duvet-cover-lavender-blue-texture-01.jpg?v=1785858972",in_stock,189.95 EUR,Coco & Cici,new,8721184407035,TLB2022VS,tencel-twill-duvet-cover-lavender-blue,,200x220 + 2 pillowcases 60x70,"100% Tencel™ Lyocell, Twill weave"
TLB1420VS,"Housse de couette en sergé Tencel™, bleu lavande","Plongez dans une literie qui respire avec vous. Notre housse de couette en sergé Tencel™ bleu lavande apporte une élégance douce et mate à votre chambre à coucher : un luxe discret, sans brillance.",https://www.maisondecocon.com/fr/products/tencel-twill-duvet-cover-lavender-blue?variant_sku=TLB1420VS,https://cdn.shopify.com/s/files/1/0884/0278/8685/files/tencel-twill-duvet-cover-lavender-blue-styled-01.jpg?v=1785858928,"https://cdn.shopify.com/s/files/1/0884/0278/8685/files/tencel-twill-duvet-cover-lavender-blue-lifestyle-01.jpg?v=1785858936,https://cdn.shopify.com/s/files/1/0884/0278/8685/files/tencel-twill-duvet-cover-lavender-blue-lifestyle-02.jpg?v=1785858945,https://cdn.shopify.com/s/files/1/0884/0278/8685/files/tencel-twill-duvet-cover-lavender-blue-detail-01.jpg?v=1785858953,https://cdn.shopify.com/s/files/1/0884/0278/8685/files/tencel-twill-duvet-cover-lavender-blue-detail-tie.jpg?v=1785858962,https://cdn.shopify.com/s/files/1/0884/0278/8685/files/tencel-twill-duvet-cover-lavender-blue-texture-01.jpg?v=1785858972",in_stock,129.95 EUR,Coco & Cici,new,8721184407004,TLB1420VS,tencel-twill-duvet-cover-lavender-blue,,140x200 + 1 pillowcase 60x70,"100% Tencel™ Lyocell, Twill weave"
TLB1422VS,"Housse de couette en sergé Tencel™, bleu lavande","Plongez dans une literie qui respire avec vous. Notre housse de couette en sergé Tencel™ bleu lavande apporte une élégance douce et mate à votre chambre à coucher : un luxe discret, sans brillance.",https://www.maisondecocon.com/fr/products/tencel-twill-duvet-cover-lavender-blue?variant_sku=TLB1422VS,https://cdn.shopify.com/s/files/1/0884/0278/8685/files/tencel-twill-duvet-cover-lavender-blue-styled-01.jpg?v=1785858928,"https://cdn.shopify.com/s/files/1/0884/0278/8685/files/tencel-twill-duvet-cover-lavender-blue-lifestyle-01.jpg?v=1785858936,https://cdn.shopify.com/s/files/1/0884/0278/8685/files/tencel-twill-duvet-cover-lavender-blue-lifestyle-02.jpg?v=1785858945,https://cdn.shopify.com/s/files/1/0884/0278/8685/files/tencel-twill-duvet-cover-lavender-blue-detail-01.jpg?v=1785858953,https://cdn.shopify.com/s/files/1/0884/0278/8685/files/tencel-twill-duvet-cover-lavender-blue-detail-tie.jpg?v=1785858962,https://cdn.shopify.com/s/files/1/0884/0278/8685/files/tencel-twill-duvet-cover-lavender-blue-texture-01.jpg?v=1785858972",out_of_stock,139.95 EUR,Coco & Cici,new,8721184407011,TLB1422VS,tencel-twill-duvet-cover-lavender-blue,,140x220 + 1 pillowcase 60x70,"100% Tencel™ Lyocell, Twill weave"
TLB2622VS,"Housse de couette en sergé Tencel™, bleu lavande","Plongez dans une literie qui respire avec vous. Notre housse de couette en sergé Tencel™ bleu lavande apporte une élégance douce et mate à votre chambre à coucher : un luxe discret, sans brillance.",https://www.maisondecocon.com/fr/products/tencel-twill-duvet-cover-lavender-blue?variant_sku=TLB2622VS,https://cdn.shopify.com/s/files/1/0884/0278/8685/files/tencel-twill-duvet-cover-lavender-blue-styled-01.jpg?v=1785858928,"https://cdn.shopify.com/s/files/1/0884/0278/8685/files/tencel-twill-duvet-cover-lavender-blue-lifestyle-01.jpg?v=1785858936,https://cdn.shopify.com/s/files/1/0884/0278/8685/files/tencel-twill-duvet-cover-lavender-blue-lifestyle-02.jpg?v=1785858945,https://cdn.shopify.com/s/files/1/0884/0278/8685/files/tencel-twill-duvet-cover-lavender-blue-detail-01.jpg?v=1785858953,https://cdn.shopify.com/s/files/1/0884/0278/8685/files/tencel-twill-duvet-cover-lavender-blue-detail-tie.jpg?v=1785858962,https://cdn.shopify.com/s/files/1/0884/0278/8685/files/tencel-twill-duvet-cover-lavender-blue-texture-01.jpg?v=1785858972",in_stock,239.95 EUR,Coco & Cici,new,8721184407059,TLB2622VS,tencel-twill-duvet-cover-lavender-blue,,260x220 + 2 pillowcases 60x70,"100% Tencel™ Lyocell, Twill weave"
TLB2422VS,"Housse de couette en sergé Tencel™, bleu lavande","Plongez dans une literie qui respire avec vous. Notre housse de couette en sergé Tencel™ bleu lavande apporte une élégance douce et mate à votre chambre à coucher : un luxe discret, sans brillance.",https://www.maisondecocon.com/fr/products/tencel-twill-duvet-cover-lavender-blue?variant_sku=TLB2422VS,https://cdn.shopify.com/s/files/1/0884/0278/8685/files/tencel-twill-duvet-cover-lavender-blue-styled-01.jpg?v=1785858928,"https://cdn.shopify.com/s/files/1/0884/0278/8685/files/tencel-twill-duvet-cover-lavender-blue-lifestyle-01.jpg?v=1785858936,https://cdn.shopify.com/s/files/1/0884/0278/8685/files/tencel-twill-duvet-cover-lavender-blue-lifestyle-02.jpg?v=1785858945,https://cdn.shopify.com/s/files/1/0884/0278/8685/files/tencel-twill-duvet-cover-lavender-blue-detail-01.jpg?v=1785858953,https://cdn.shopify.com/s/files/1/0884/0278/8685/files/tencel-twill-duvet-cover-lavender-blue-detail-tie.jpg?v=1785858962,https://cdn.shopify.com/s/files/1/0884/0278/8685/files/tencel-twill-duvet-cover-lavender-blue-texture-01.jpg?v=1785858972",out_of_stock,219.95 EUR,Coco & Cici,new,8721184407042,TLB2422VS,tencel-twill-duvet-cover-lavender-blue,,240x220 + 2 pillowcases 60x70,"100% Tencel™ Lyocell, Twill weave"
TLB2020VS,"Housse de couette en sergé Tencel™, bleu lavande","Plongez dans une literie qui respire avec vous. Notre housse de couette en sergé Tencel™ bleu lavande apporte une élégance douce et mate à votre chambre à coucher : un luxe discret, sans brillance.",https://www.maisondecocon.com/fr/products/tencel-twill-duvet-cover-lavender-blue?variant_sku=TLB2020VS,https://cdn.shopify.com/s/files/1/0884/0278/8685/files/tencel-twill-duvet-cover-lavender-blue-styled-01.jpg?v=1785858928,"https://cdn.shopify.com/s/files/1/0884/0278/8685/files/tencel-twill-duvet-cover-lavender-blue-lifestyle-01.jpg?v=1785858936,https://cdn.shopify.com/s/files/1/0884/0278/8685/files/tencel-twill-duvet-cover-lavender-blue-lifestyle-02.jpg?v=1785858945,https://cdn.shopify.com/s/files/1/0884/0278/8685/files/tencel-twill-duvet-cover-lavender-blue-detail-01.jpg?v=1785858953,https://cdn.shopify.com/s/files/1/0884/0278/8685/files/tencel-twill-duvet-cover-lavender-blue-detail-tie.jpg?v=1785858962,https://cdn.shopify.com/s/files/1/0884/0278/8685/files/tencel-twill-duvet-cover-lavender-blue-texture-01.jpg?v=1785858972",out_of_stock,179.95 EUR,Coco & Cici,new,8721184407028,TLB2020VS,tencel-twill-duvet-cover-lavender-blue,,200x200 + 2 pillowcases 60x70,"100% Tencel™ Lyocell, Twill weave"
B11402004VS,"Housse de couette en bambou, bleu océan","Pour mieux dormir, rien de plus simple. Notre housse de couette Eco Bamboo, couleur bleu océan, est douce, respirante et très facile d'entretien : une solution douce et durable pour commencer à mieux dormir.",https://www.maisondecocon.com/fr/products/bamboo-duvet-cover-ocean-blue?variant_sku=B11402004VS,https://cdn.shopify.com/s/files/1/0884/0278/8685/files/bamboo-duvet-cover-ocean-blue-styled-01.png?v=1785859588,"https://cdn.shopify.com/s/files/1/0884/0278/8685/files/bamboo-duvet-cover-ocean-blue-detail-01.png?v=1785859616,https://cdn.shopify.com/s/files/1/0884/0278/8685/files/bamboo-duvet-cover-ocean-blue-detail-zipper.jpg?v=1785859605,https://cdn.shopify.com/s/files/1/0884/0278/8685/files/bamboo-duvet-cover-ocean-blue-texture-01.jpg?v=1785859629",out_of_stock,87.96 EUR,Coco & Cici,new,8721184404959,B11402004VS,bamboo-duvet-cover-ocean-blue,,,100% Eco Bamboo fibre
B12402204,"Housse de couette en bambou, bleu océan","Pour mieux dormir, rien de plus simple. Notre housse de couette Eco Bamboo, couleur bleu océan, est douce, respirante et très facile d'entretien : une solution douce et durable pour commencer à mieux dormir.",https://www.maisondecocon.com/fr/products/bamboo-duvet-cover-ocean-blue?variant_sku=B12402204,https://cdn.shopify.com/s/files/1/0884/0278/8685/files/bamboo-duvet-cover-ocean-blue-styled-01.png?v=1785859588,"https://cdn.shopify.com/s/files/1/0884/0278/8685/files/bamboo-duvet-cover-ocean-blue-detail-01.png?v=1785859616,https://cdn.shopify.com/s/files/1/0884/0278/8685/files/bamboo-duvet-cover-ocean-blue-detail-zipper.jpg?v=1785859605,https://cdn.shopify.com/s/files/1/0884/0278/8685/files/bamboo-duvet-cover-ocean-blue-texture-01.jpg?v=1785859629",in_stock,159.96 EUR,Coco & Cici,new,8721184400081,B12402204,bamboo-duvet-cover-ocean-blue,,,100% Eco Bamboo fibre
B12602204,"Housse de couette en bambou, bleu océan","Pour mieux dormir, rien de plus simple. Notre housse de couette Eco Bamboo, couleur bleu océan, est douce, respirante et très facile d'entretien : une solution douce et durable pour commencer à mieux dormir.",https://www.maisondecocon.com/fr/products/bamboo-duvet-cover-ocean-blue?variant_sku=B12602204,https://cdn.shopify.com/s/files/1/0884/0278/8685/files/bamboo-duvet-cover-ocean-blue-styled-01.png?v=1785859588,"https://cdn.shopify.com/s/files/1/0884/0278/8685/files/bamboo-duvet-cover-ocean-blue-detail-01.png?v=1785859616,https://cdn.shopify.com/s/files/1/0884/0278/8685/files/bamboo-duvet-cover-ocean-blue-detail-zipper.jpg?v=1785859605,https://cdn.shopify.com/s/files/1/0884/0278/8685/files/bamboo-duvet-cover-ocean-blue-texture-01.jpg?v=1785859629",in_stock,167.96 EUR,Coco & Cici,new,8721184400098,B12602204,bamboo-duvet-cover-ocean-blue,,,100% Eco Bamboo fibre
B12002004,"Housse de couette en bambou, bleu océan","Pour mieux dormir, rien de plus simple. Notre housse de couette Eco Bamboo, couleur bleu océan, est douce, respirante et très facile d'entretien : une solution douce et durable pour commencer à mieux dormir.",https://www.maisondecocon.com/fr/products/bamboo-duvet-cover-ocean-blue?variant_sku=B12002004,https://cdn.shopify.com/s/files/1/0884/0278/8685/files/bamboo-duvet-cover-ocean-blue-styled-01.png?v=1785859588,"https://cdn.shopify.com/s/files/1/0884/0278/8685/files/bamboo-duvet-cover-ocean-blue-detail-01.png?v=1785859616,https://cdn.shopify.com/s/files/1/0884/0278/8685/files/bamboo-duvet-cover-ocean-blue-detail-zipper.jpg?v=1785859605,https://cdn.shopify.com/s/files/1/0884/0278/8685/files/bamboo-duvet-cover-ocean-blue-texture-01.jpg?v=1785859629",in_stock,135.96 EUR,Coco & Cici,new,8721184400067,B12002004,bamboo-duvet-cover-ocean-blue,,,100% Eco Bamboo fibre
B11402204,"Housse de couette en bambou, bleu océan","Pour mieux dormir, rien de plus simple. Notre housse de couette Eco Bamboo, couleur bleu océan, est douce, respirante et très facile d'entretien : une solution douce et durable pour commencer à mieux dormir.",https://www.maisondecocon.com/fr/products/bamboo-duvet-cover-ocean-blue?variant_sku=B11402204,https://cdn.shopify.com/s/files/1/0884/0278/8685/files/bamboo-duvet-cover-ocean-blue-styled-01.png?v=1785859588,"https://cdn.shopify.com/s/files/1/0884/0278/8685/files/bamboo-duvet-cover-ocean-blue-detail-01.png?v=1785859616,https://cdn.shopify.com/s/files/1/0884/0278/8685/files/bamboo-duvet-cover-ocean-blue-detail-zipper.jpg?v=1785859605,https://cdn.shopify.com/s/files/1/0884/0278/8685/files/bamboo-duvet-cover-ocean-blue-texture-01.jpg?v=1785859629",in_stock,87.96 EUR,Coco & Cici,new,8721184400050,B11402204,bamboo-duvet-cover-ocean-blue,,,100% Eco Bamboo fibre
TDR1420VS,"Housse de couette en sergé Tencel™, couleur Dusty Rose","Plongez-vous dans une literie qui respire avec vous. Notre housse de couette en sergé Tencel™ couleur « Dusty Rose » apporte une élégance douce et mate à votre chambre à coucher : un luxe discret, sans brillance.",https://www.maisondecocon.com/fr/products/tencel-twill-duvet-cover-dusty-rose?variant_sku=TDR1420VS,https://cdn.shopify.com/s/files/1/0884/0278/8685/files/tencel-twill-duvet-cover-dusty-rose-styled-01.jpg?v=1785860163,"https://cdn.shopify.com/s/files/1/0884/0278/8685/files/tencel-twill-duvet-cover-dusty-rose-detail-01.png?v=1785860175,https://cdn.shopify.com/s/files/1/0884/0278/8685/files/tencel-twill-duvet-cover-dusty-rose-texture-01.png?v=1785860196",out_of_stock,129.95 EUR,Coco & Cici,new,8721184406885,TDR1420VS,tencel-twill-duvet-cover-dusty-rose,,140x200 + 1 pillowcase 60x70,"100% Tencel™ Lyocell, Twill weave"
TDR2022VS,"Housse de couette en sergé Tencel™, couleur Dusty Rose","Plongez-vous dans une literie qui respire avec vous. Notre housse de couette en sergé Tencel™ couleur « Dusty Rose » apporte une élégance douce et mate à votre chambre à coucher : un luxe discret, sans brillance.",https://www.maisondecocon.com/fr/products/tencel-twill-duvet-cover-dusty-rose?variant_sku=TDR2022VS,https://cdn.shopify.com/s/files/1/0884/0278/8685/files/tencel-twill-duvet-cover-dusty-rose-styled-01.jpg?v=1785860163,"https://cdn.shopify.com/s/files/1/0884/0278/8685/files/tencel-twill-duvet-cover-dusty-rose-detail-01.png?v=1785860175,https://cdn.shopify.com/s/files/1/0884/0278/8685/files/tencel-twill-duvet-cover-dusty-rose-texture-01.png?v=1785860196",out_of_stock,189.95 EUR,Coco & Cici,new,8721184406915,TDR2022VS,tencel-twill-duvet-cover-dusty-rose,,200x220 + 2 pillowcases 60x70,"100% Tencel™ Lyocell, Twill weave"
TDR1422VS,"Housse de couette en sergé Tencel™, couleur Dusty Rose","Plongez-vous dans une literie qui respire avec vous. Notre housse de couette en sergé Tencel™ couleur « Dusty Rose » apporte une élégance douce et mate à votre chambre à coucher : un luxe discret, sans brillance.",https://www.maisondecocon.com/fr/products/tencel-twill-duvet-cover-dusty-rose?variant_sku=TDR1422VS,https://cdn.shopify.com/s/files/1/0884/0278/8685/files/tencel-twill-duvet-cover-dusty-rose-styled-01.jpg?v=1785860163,"https://cdn.shopify.com/s/files/1/0884/0278/8685/files/tencel-twill-duvet-cover-dusty-rose-detail-01.png?v=1785860175,https://cdn.shopify.com/s/files/1/0884/0278/8685/files/tencel-twill-duvet-cover-dusty-rose-texture-01.png?v=1785860196",in_stock,139.95 EUR,Coco & Cici,new,8721184406892,TDR1422VS,tencel-twill-duvet-cover-dusty-rose,,140x220 + 1 pillowcase 60x70,"100% Tencel™ Lyocell, Twill weave"
TDR2622VS,"Housse de couette en sergé Tencel™, couleur Dusty Rose","Plongez-vous dans une literie qui respire avec vous. Notre housse de couette en sergé Tencel™ couleur « Dusty Rose » apporte une élégance douce et mate à votre chambre à coucher : un luxe discret, sans brillance.",https://www.maisondecocon.com/fr/products/tencel-twill-duvet-cover-dusty-rose?variant_sku=TDR2622VS,https://cdn.shopify.com/s/files/1/0884/0278/8685/files/tencel-twill-duvet-cover-dusty-rose-styled-01.jpg?v=1785860163,"https://cdn.shopify.com/s/files/1/0884/0278/8685/files/tencel-twill-duvet-cover-dusty-rose-detail-01.png?v=1785860175,https://cdn.shopify.com/s/files/1/0884/0278/8685/files/tencel-twill-duvet-cover-dusty-rose-texture-01.png?v=1785860196",in_stock,239.95 EUR,Coco & Cici,new,8721184406939,TDR2622VS,tencel-twill-duvet-cover-dusty-rose,,260x220 + 2 pillowcases 60x70,"100% Tencel™ Lyocell, Twill weave"
TDR2020VS,"Housse de couette en sergé Tencel™, couleur Dusty Rose","Plongez-vous dans une literie qui respire avec vous. Notre housse de couette en sergé Tencel™ couleur « Dusty Rose » apporte une élégance douce et mate à votre chambre à coucher : un luxe discret, sans brillance.",https://www.maisondecocon.com/fr/products/tencel-twill-duvet-cover-dusty-rose?variant_sku=TDR2020VS,https://cdn.shopify.com/s/files/1/0884/0278/8685/files/tencel-twill-duvet-cover-dusty-rose-styled-01.jpg?v=1785860163,"https://cdn.shopify.com/s/files/1/0884/0278/8685/files/tencel-twill-duvet-cover-dusty-rose-detail-01.png?v=1785860175,https://cdn.shopify.com/s/files/1/0884/0278/8685/files/tencel-twill-duvet-cover-dusty-rose-texture-01.png?v=1785860196",in_stock,179.95 EUR,Coco & Cici,new,8721184406908,TDR2020VS,tencel-twill-duvet-cover-dusty-rose,,200x200 + 2 pillowcases 60x70,"100% Tencel™ Lyocell, Twill weave"
TDR2422VS,"Housse de couette en sergé Tencel™, couleur Dusty Rose","Plongez-vous dans une literie qui respire avec vous. Notre housse de couette en sergé Tencel™ couleur « Dusty Rose » apporte une élégance douce et mate à votre chambre à coucher : un luxe discret, sans brillance.",https://www.maisondecocon.com/fr/products/tencel-twill-duvet-cover-dusty-rose?variant_sku=TDR2422VS,https://cdn.shopify.com/s/files/1/0884/0278/8685/files/tencel-twill-duvet-cover-dusty-rose-styled-01.jpg?v=1785860163,"https://cdn.shopify.com/s/files/1/0884/0278/8685/files/tencel-twill-duvet-cover-dusty-rose-detail-01.png?v=1785860175,https://cdn.shopify.com/s/files/1/0884/0278/8685/files/tencel-twill-duvet-cover-dusty-rose-texture-01.png?v=1785860196",out_of_stock,219.95 EUR,Coco & Cici,new,8721184406922,TDR2422VS,tencel-twill-duvet-cover-dusty-rose,,240x220 + 2 pillowcases 60x70,"100% Tencel™ Lyocell, Twill weave"
SWS2422VS,"Housse de couette en Tencel™ satiné, blanc sable","Réveillez-vous comme si vous étiez encore en vacances. Notre housse de couette en satin de Tencel™ « White Sand » apporte à votre chambre une douceur soyeuse et lumineuse, avec un éclat naturel qui s'adoucit magnifiquement au fil des utilisations.",https://www.maisondecocon.com/fr/products/tencel-sateen-duvet-cover-white-sand?variant_sku=SWS2422VS,https://cdn.shopify.com/s/files/1/0884/0278/8685/files/tencel-sateen-duvet-cover-white-sand-styled-01.jpg?v=1785860967,"https://cdn.shopify.com/s/files/1/0884/0278/8685/files/tencel-sateen-duvet-cover-white-sand-lifestyle-01.jpg?v=1785860943,https://cdn.shopify.com/s/files/1/0884/0278/8685/files/tencel-sateen-duvet-cover-white-sand-lifestyle-02.jpg?v=1785860951,https://cdn.shopify.com/s/files/1/0884/0278/8685/files/tencel-sateen-duvet-cover-white-sand-detail-01.jpg?v=1785860959,https://cdn.shopify.com/s/files/1/0884/0278/8685/files/tencel-sateen-duvet-cover-white-sand-texture-01.jpg?v=1785860976,https://cdn.shopify.com/s/files/1/0884/0278/8685/files/tencel-sateen-duvet-cover-white-sand-texture-02.jpg?v=1785860985",in_stock,249.95 EUR,Coco & Cici,new,8721184406748,SWS2422VS,tencel-sateen-duvet-cover-white-sand,,240x220 + 2 pillowcases 60x70,"100% Tencel™ Lyocell, Sateen weave"
SWS2622VS,"Housse de couette en Tencel™ satiné, blanc sable","Réveillez-vous comme si vous étiez encore en vacances. Notre housse de couette en satin de Tencel™ « White Sand » apporte à votre chambre une douceur soyeuse et lumineuse, avec un éclat naturel qui s'adoucit magnifiquement au fil des utilisations.",https://www.maisondecocon.com/fr/products/tencel-sateen-duvet-cover-white-sand?variant_sku=SWS2622VS,https://cdn.shopify.com/s/files/1/0884/0278/8685/files/tencel-sateen-duvet-cover-white-sand-styled-01.jpg?v=1785860967,"https://cdn.shopify.com/s/files/1/0884/0278/8685/files/tencel-sateen-duvet-cover-white-sand-lifestyle-01.jpg?v=1785860943,https://cdn.shopify.com/s/files/1/0884/0278/8685/files/tencel-sateen-duvet-cover-white-sand-lifestyle-02.jpg?v=1785860951,https://cdn.shopify.com/s/files/1/0884/0278/8685/files/tencel-sateen-duvet-cover-white-sand-detail-01.jpg?v=1785860959,https://cdn.shopify.com/s/files/1/0884/0278/8685/files/tencel-sateen-duvet-cover-white-sand-texture-01.jpg?v=1785860976,https://cdn.shopify.com/s/files/1/0884/0278/8685/files/tencel-sateen-duvet-cover-white-sand-texture-02.jpg?v=1785860985",in_stock,269.95 EUR,Coco & Cici,new,8721184406755,SWS2622VS,tencel-sateen-duvet-cover-white-sand,,260x220 + 2 pillowcases 60x70,"100% Tencel™ Lyocell, Sateen weave"
SWS2020VS,"Housse de couette en Tencel™ satiné, blanc sable","Réveillez-vous comme si vous étiez encore en vacances. Notre housse de couette en satin de Tencel™ « White Sand » apporte à votre chambre une douceur soyeuse et lumineuse, avec un éclat naturel qui s'adoucit magnifiquement au fil des utilisations.",https://www.maisondecocon.com/fr/products/tencel-sateen-duvet-cover-white-sand?variant_sku=SWS2020VS,https://cdn.shopify.com/s/files/1/0884/0278/8685/files/tencel-sateen-duvet-cover-white-sand-styled-01.jpg?v=1785860967,"https://cdn.shopify.com/s/files/1/0884/0278/8685/files/tencel-sateen-duvet-cover-white-sand-lifestyle-01.jpg?v=1785860943,https://cdn.shopify.com/s/files/1/0884/0278/8685/files/tencel-sateen-duvet-cover-white-sand-lifestyle-02.jpg?v=1785860951,https://cdn.shopify.com/s/files/1/0884/0278/8685/files/tencel-sateen-duvet-cover-white-sand-detail-01.jpg?v=1785860959,https://cdn.shopify.com/s/files/1/0884/0278/8685/files/tencel-sateen-duvet-cover-white-sand-texture-01.jpg?v=1785860976,https://cdn.shopify.com/s/files/1/0884/0278/8685/files/tencel-sateen-duvet-cover-white-sand-texture-02.jpg?v=1785860985",in_stock,229.95 EUR,Coco & Cici,new,8721184406724,SWS2020VS,tencel-sateen-duvet-cover-white-sand,,200x200 + 2 pillowcases 60x70,"100% Tencel™ Lyocell, Sateen weave"
SWS2022VS,"Housse de couette en Tencel™ satiné, blanc sable","Réveillez-vous comme si vous étiez encore en vacances. Notre housse de couette en satin de Tencel™ « White Sand » apporte à votre chambre une douceur soyeuse et lumineuse, avec un éclat naturel qui s'adoucit magnifiquement au fil des utilisations.",https://www.maisondecocon.com/fr/products/tencel-sateen-duvet-cover-white-sand?variant_sku=SWS2022VS,https://cdn.shopify.com/s/files/1/0884/0278/8685/files/tencel-sateen-duvet-cover-white-sand-styled-01.jpg?v=1785860967,"https://cdn.shopify.com/s/files/1/0884/0278/8685/files/tencel-sateen-duvet-cover-white-sand-lifestyle-01.jpg?v=1785860943,https://cdn.shopify.com/s/files/1/0884/0278/8685/files/tencel-sateen-duvet-cover-white-sand-lifestyle-02.jpg?v=1785860951,https://cdn.shopify.com/s/files/1/0884/0278/8685/files/tencel-sateen-duvet-cover-white-sand-detail-01.jpg?v=1785860959,https://cdn.shopify.com/s/files/1/0884/0278/8685/files/tencel-sateen-duvet-cover-white-sand-texture-01.jpg?v=1785860976,https://cdn.shopify.com/s/files/1/0884/0278/8685/files/tencel-sateen-duvet-cover-white-sand-texture-02.jpg?v=1785860985",in_stock,229.95 EUR,Coco & Cici,new,8721184406731,SWS2022VS,tencel-sateen-duvet-cover-white-sand,,200x220 + 2 pillowcases 60x70,"100% Tencel™ Lyocell, Sateen weave"
SWS1422VS,"Housse de couette en Tencel™ satiné, blanc sable","Réveillez-vous comme si vous étiez encore en vacances. Notre housse de couette en satin de Tencel™ « White Sand » apporte à votre chambre une douceur soyeuse et lumineuse, avec un éclat naturel qui s'adoucit magnifiquement au fil des utilisations.",https://www.maisondecocon.com/fr/products/tencel-sateen-duvet-cover-white-sand?variant_sku=SWS1422VS,https://cdn.shopify.com/s/files/1/0884/0278/8685/files/tencel-sateen-duvet-cover-white-sand-styled-01.jpg?v=1785860967,"https://cdn.shopify.com/s/files/1/0884/0278/8685/files/tencel-sateen-duvet-cover-white-sand-lifestyle-01.jpg?v=1785860943,https://cdn.shopify.com/s/files/1/0884/0278/8685/files/tencel-sateen-duvet-cover-white-sand-lifestyle-02.jpg?v=1785860951,https://cdn.shopify.com/s/files/1/0884/0278/8685/files/tencel-sateen-duvet-cover-white-sand-detail-01.jpg?v=1785860959,https://cdn.shopify.com/s/files/1/0884/0278/8685/files/tencel-sateen-duvet-cover-white-sand-texture-01.jpg?v=1785860976,https://cdn.shopify.com/s/files/1/0884/0278/8685/files/tencel-sateen-duvet-cover-white-sand-texture-02.jpg?v=1785860985",in_stock,159.95 EUR,Coco & Cici,new,8721184406717,SWS1422VS,tencel-sateen-duvet-cover-white-sand,,140x220 + 1 pillowcase 60x70,"100% Tencel™ Lyocell, Sateen weave"
SWS1420VS,"Housse de couette en Tencel™ satiné, blanc sable","Réveillez-vous comme si vous étiez encore en vacances. Notre housse de couette en satin de Tencel™ « White Sand » apporte à votre chambre une douceur soyeuse et lumineuse, avec un éclat naturel qui s'adoucit magnifiquement au fil des utilisations.",https://www.maisondecocon.com/fr/products/tencel-sateen-duvet-cover-white-sand?variant_sku=SWS1420VS,https://cdn.shopify.com/s/files/1/0884/0278/8685/files/tencel-sateen-duvet-cover-white-sand-styled-01.jpg?v=1785860967,"https://cdn.shopify.com/s/files/1/0884/0278/8685/files/tencel-sateen-duvet-cover-white-sand-lifestyle-01.jpg?v=1785860943,https://cdn.shopify.com/s/files/1/0884/0278/8685/files/tencel-sateen-duvet-cover-white-sand-lifestyle-02.jpg?v=1785860951,https://cdn.shopify.com/s/files/1/0884/0278/8685/files/tencel-sateen-duvet-cover-white-sand-detail-01.jpg?v=1785860959,https://cdn.shopify.com/s/files/1/0884/0278/8685/files/tencel-sateen-duvet-cover-white-sand-texture-01.jpg?v=1785860976,https://cdn.shopify.com/s/files/1/0884/0278/8685/files/tencel-sateen-duvet-cover-white-sand-texture-02.jpg?v=1785860985",in_stock,159.95 EUR,Coco & Cici,new,8721184406700,SWS1420VS,tencel-sateen-duvet-cover-white-sand,,140x200 + 1 pillowcase 60x70,"100% Tencel™ Lyocell, Sateen weave"
M12602208VS,"Housse de couette en sergé Tencel™, vert olive","Plongez dans une literie qui respire avec vous. Notre housse de couette en sergé Tencel™ vert olive apporte une élégance douce et mate à votre chambre à coucher : un luxe discret, sans brillance.",https://www.maisondecocon.com/fr/products/tencel-twill-duvet-cover-olive-green?variant_sku=M12602208VS,https://cdn.shopify.com/s/files/1/0884/0278/8685/files/tencel-twill-duvet-cover-olive-green-styled-01.jpg?v=1785861286,"https://cdn.shopify.com/s/files/1/0884/0278/8685/files/tencel-twill-duvet-cover-olive-green-lifestyle-03.jpg?v=1785861317,https://cdn.shopify.com/s/files/1/0884/0278/8685/files/tencel-twill-duvet-cover-olive-green-lifestyle-02.jpg?v=1785861307,https://cdn.shopify.com/s/files/1/0884/0278/8685/files/tencel-twill-duvet-cover-olive-green-lifestyle-01.jpg?v=1785861294,https://cdn.shopify.com/s/files/1/0884/0278/8685/files/tencel-twill-duvet-cover-olive-green-detail-01.jpg?v=1785861327,https://cdn.shopify.com/s/files/1/0884/0278/8685/files/tencel-twill-duvet-cover-olive-green-detail-02.jpg?v=1785861335,https://cdn.shopify.com/s/files/1/0884/0278/8685/files/tencel-twill-duvet-cover-olive-green-texture-01.jpg?v=1785861345",out_of_stock,239.95 EUR,Coco & Cici,new,8721184401507,M12602208VS,tencel-twill-duvet-cover-olive-green,,260x220 + 2 pillowcases 60x70,"100% Tencel™ Lyocell, Twill weave"
M11402008VS,"Housse de couette en sergé Tencel™, vert olive","Plongez dans une literie qui respire avec vous. Notre housse de couette en sergé Tencel™ vert olive apporte une élégance douce et mate à votre chambre à coucher : un luxe discret, sans brillance.",https://www.maisondecocon.com/fr/products/tencel-twill-duvet-cover-olive-green?variant_sku=M11402008VS,https://cdn.shopify.com/s/files/1/0884/0278/8685/files/tencel-twill-duvet-cover-olive-green-styled-01.jpg?v=1785861286,"https://cdn.shopify.com/s/files/1/0884/0278/8685/files/tencel-twill-duvet-cover-olive-green-lifestyle-03.jpg?v=1785861317,https://cdn.shopify.com/s/files/1/0884/0278/8685/files/tencel-twill-duvet-cover-olive-green-lifestyle-02.jpg?v=1785861307,https://cdn.shopify.com/s/files/1/0884/0278/8685/files/tencel-twill-duvet-cover-olive-green-lifestyle-01.jpg?v=1785861294,https://cdn.shopify.com/s/files/1/0884/0278/8685/files/tencel-twill-duvet-cover-olive-green-detail-01.jpg?v=1785861327,https://cdn.shopify.com/s/files/1/0884/0278/8685/files/tencel-twill-duvet-cover-olive-green-detail-02.jpg?v=1785861335,https://cdn.shopify.com/s/files/1/0884/0278/8685/files/tencel-twill-duvet-cover-olive-green-texture-01.jpg?v=1785861345",out_of_stock,129.95 EUR,Coco & Cici,new,8721184401453,M11402008VS,tencel-twill-duvet-cover-olive-green,,140x200 + 1 pillowcase 60x70,"100% Tencel™ Lyocell, Twill weave"
M12002008VS,"Housse de couette en sergé Tencel™, vert olive","Plongez dans une literie qui respire avec vous. Notre housse de couette en sergé Tencel™ vert olive apporte une élégance douce et mate à votre chambre à coucher : un luxe discret, sans brillance.",https://www.maisondecocon.com/fr/products/tencel-twill-duvet-cover-olive-green?variant_sku=M12002008VS,https://cdn.shopify.com/s/files/1/0884/0278/8685/files/tencel-twill-duvet-cover-olive-green-styled-01.jpg?v=1785861286,"https://cdn.shopify.com/s/files/1/0884/0278/8685/files/tencel-twill-duvet-cover-olive-green-lifestyle-03.jpg?v=1785861317,https://cdn.shopify.com/s/files/1/0884/0278/8685/files/tencel-twill-duvet-cover-olive-green-lifestyle-02.jpg?v=1785861307,https://cdn.shopify.com/s/files/1/0884/0278/8685/files/tencel-twill-duvet-cover-olive-green-lifestyle-01.jpg?v=1785861294,https://cdn.shopify.com/s/files/1/0884/0278/8685/files/tencel-twill-duvet-cover-olive-green-detail-01.jpg?v=1785861327,https://cdn.shopify.com/s/files/1/0884/0278/8685/files/tencel-twill-duvet-cover-olive-green-detail-02.jpg?v=1785861335,https://cdn.shopify.com/s/files/1/0884/0278/8685/files/tencel-twill-duvet-cover-olive-green-texture-01.jpg?v=1785861345",out_of_stock,179.95 EUR,Coco & Cici,new,8721184401477,M12002008VS,tencel-twill-duvet-cover-olive-green,,200x200 + 2 pillowcases 60x70,"100% Tencel™ Lyocell, Twill weave"
M11402208VS,"Housse de couette en sergé Tencel™, vert olive","Plongez dans une literie qui respire avec vous. Notre housse de couette en sergé Tencel™ vert olive apporte une élégance douce et mate à votre chambre à coucher : un luxe discret, sans brillance.",https://www.maisondecocon.com/fr/products/tencel-twill-duvet-cover-olive-green?variant_sku=M11402208VS,https://cdn.shopify.com/s/files/1/0884/0278/8685/files/tencel-twill-duvet-cover-olive-green-styled-01.jpg?v=1785861286,"https://cdn.shopify.com/s/files/1/0884/0278/8685/files/tencel-twill-duvet-cover-olive-green-lifestyle-03.jpg?v=1785861317,https://cdn.shopify.com/s/files/1/0884/0278/8685/files/tencel-twill-duvet-cover-olive-green-lifestyle-02.jpg?v=1785861307,https://cdn.shopify.com/s/files/1/0884/0278/8685/files/tencel-twill-duvet-cover-olive-green-lifestyle-01.jpg?v=1785861294,https://cdn.shopify.com/s/files/1/0884/0278/8685/files/tencel-twill-duvet-cover-olive-green-detail-01.jpg?v=1785861327,https://cdn.shopify.com/s/files/1/0884/0278/8685/files/tencel-twill-duvet-cover-olive-green-detail-02.jpg?v=1785861335,https://cdn.shopify.com/s/files/1/0884/0278/8685/files/tencel-twill-duvet-cover-olive-green-texture-01.jpg?v=1785861345",out_of_stock,139.95 EUR,Coco & Cici,new,8721184401460,M11402208VS,tencel-twill-duvet-cover-olive-green,,140x220 + 1 pillowcase 60x70,"100% Tencel™ Lyocell, Twill weave"
M12402208VS,"Housse de couette en sergé Tencel™, vert olive","Plongez dans une literie qui respire avec vous. Notre housse de couette en sergé Tencel™ vert olive apporte une élégance douce et mate à votre chambre à coucher : un luxe discret, sans brillance.",https://www.maisondecocon.com/fr/products/tencel-twill-duvet-cover-olive-green?variant_sku=M12402208VS,https://cdn.shopify.com/s/files/1/0884/0278/8685/files/tencel-twill-duvet-cover-olive-green-styled-01.jpg?v=1785861286,"https://cdn.shopify.com/s/files/1/0884/0278/8685/files/tencel-twill-duvet-cover-olive-green-lifestyle-03.jpg?v=1785861317,https://cdn.shopify.com/s/files/1/0884/0278/8685/files/tencel-twill-duvet-cover-olive-green-lifestyle-02.jpg?v=1785861307,https://cdn.shopify.com/s/files/1/0884/0278/8685/files/tencel-twill-duvet-cover-olive-green-lifestyle-01.jpg?v=1785861294,https://cdn.shopify.com/s/files/1/0884/0278/8685/files/tencel-twill-duvet-cover-olive-green-detail-01.jpg?v=1785861327,https://cdn.shopify.com/s/files/1/0884/0278/8685/files/tencel-twill-duvet-cover-olive-green-detail-02.jpg?v=1785861335,https://cdn.shopify.com/s/files/1/0884/0278/8685/files/tencel-twill-duvet-cover-olive-green-texture-01.jpg?v=1785861345",out_of_stock,219.95 EUR,Coco & Cici,new,8721184401491,M12402208VS,tencel-twill-duvet-cover-olive-green,,240x220 + 2 pillowcases 60x70,"100% Tencel™ Lyocell, Twill weave"
M12002208VS,"Housse de couette en sergé Tencel™, vert olive","Plongez dans une literie qui respire avec vous. Notre housse de couette en sergé Tencel™ vert olive apporte une élégance douce et mate à votre chambre à coucher : un luxe discret, sans brillance.",https://www.maisondecocon.com/fr/products/tencel-twill-duvet-cover-olive-green?variant_sku=M12002208VS,https://cdn.shopify.com/s/files/1/0884/0278/8685/files/tencel-twill-duvet-cover-olive-green-styled-01.jpg?v=1785861286,"https://cdn.shopify.com/s/files/1/0884/0278/8685/files/tencel-twill-duvet-cover-olive-green-lifestyle-03.jpg?v=1785861317,https://cdn.shopify.com/s/files/1/0884/0278/8685/files/tencel-twill-duvet-cover-olive-green-lifestyle-02.jpg?v=1785861307,https://cdn.shopify.com/s/files/1/0884/0278/8685/files/tencel-twill-duvet-cover-olive-green-lifestyle-01.jpg?v=1785861294,https://cdn.shopify.com/s/files/1/0884/0278/8685/files/tencel-twill-duvet-cover-olive-green-detail-01.jpg?v=1785861327,https://cdn.shopify.com/s/files/1/0884/0278/8685/files/tencel-twill-duvet-cover-olive-green-detail-02.jpg?v=1785861335,https://cdn.shopify.com/s/files/1/0884/0278/8685/files/tencel-twill-duvet-cover-olive-green-texture-01.jpg?v=1785861345",out_of_stock,189.95 EUR,Coco & Cici,new,8721184401484,M12002208VS,tencel-twill-duvet-cover-olive-green,,200x220 + 2 pillowcases 60x70,"100% Tencel™ Lyocell, Twill weave"
TOY1422VS,"Housse de couette en sergé Tencel™, jaune ocre","Plongez dans une literie qui respire avec vous. Notre housse de couette en sergé Tencel™ couleur jaune ocre apporte une élégance douce et mate à votre chambre à coucher : un luxe discret, sans brillance.",https://www.maisondecocon.com/fr/products/tencel-twill-duvet-cover-ocher-yellow?variant_sku=TOY1422VS,https://cdn.shopify.com/s/files/1/0884/0278/8685/files/tencel-twill-duvet-cover-ocher-yellow-lifestyle-01.png?v=1785862076,,in_stock,139.95 EUR,Coco & Cici,new,8721184406830,TOY1422VS,tencel-twill-duvet-cover-ocher-yellow,,140x220 + 1 pillowcase 60x70,"100% Tencel™ Lyocell, Twill weave"
TOY1420VS,"Housse de couette en sergé Tencel™, jaune ocre","Plongez dans une literie qui respire avec vous. Notre housse de couette en sergé Tencel™ couleur jaune ocre apporte une élégance douce et mate à votre chambre à coucher : un luxe discret, sans brillance.",https://www.maisondecocon.com/fr/products/tencel-twill-duvet-cover-ocher-yellow?variant_sku=TOY1420VS,https://cdn.shopify.com/s/files/1/0884/0278/8685/files/tencel-twill-duvet-cover-ocher-yellow-lifestyle-01.png?v=1785862076,,in_stock,129.95 EUR,Coco & Cici,new,8721184406823,TOY1420VS,tencel-twill-duvet-cover-ocher-yellow,,140x200 + 1 pillowcase 60x70,"100% Tencel™ Lyocell, Twill weave"
TOY2422VS,"Housse de couette en sergé Tencel™, jaune ocre","Plongez dans une literie qui respire avec vous. Notre housse de couette en sergé Tencel™ couleur jaune ocre apporte une élégance douce et mate à votre chambre à coucher : un luxe discret, sans brillance.",https://www.maisondecocon.com/fr/products/tencel-twill-duvet-cover-ocher-yellow?variant_sku=TOY2422VS,https://cdn.shopify.com/s/files/1/0884/0278/8685/files/tencel-twill-duvet-cover-ocher-yellow-lifestyle-01.png?v=1785862076,,out_of_stock,219.95 EUR,Coco & Cici,new,8721184406861,TOY2422VS,tencel-twill-duvet-cover-ocher-yellow,,240x220 + 2 pillowcases 60x70,"100% Tencel™ Lyocell, Twill weave"
TOY2622VS,"Housse de couette en sergé Tencel™, jaune ocre","Plongez dans une literie qui respire avec vous. Notre housse de couette en sergé Tencel™ couleur jaune ocre apporte une élégance douce et mate à votre chambre à coucher : un luxe discret, sans brillance.",https://www.maisondecocon.com/fr/products/tencel-twill-duvet-cover-ocher-yellow?variant_sku=TOY2622VS,https://cdn.shopify.com/s/files/1/0884/0278/8685/files/tencel-twill-duvet-cover-ocher-yellow-lifestyle-01.png?v=1785862076,,in_stock,239.95 EUR,Coco & Cici,new,8721184406878,TOY2622VS,tencel-twill-duvet-cover-ocher-yellow,,260x220 + 2 pillowcases 60x70,"100% Tencel™ Lyocell, Twill weave"
TOY2020VS,"Housse de couette en sergé Tencel™, jaune ocre","Plongez dans une literie qui respire avec vous. Notre housse de couette en sergé Tencel™ couleur jaune ocre apporte une élégance douce et mate à votre chambre à coucher : un luxe discret, sans brillance.",https://www.maisondecocon.com/fr/products/tencel-twill-duvet-cover-ocher-yellow?variant_sku=TOY2020VS,https://cdn.shopify.com/s/files/1/0884/0278/8685/files/tencel-twill-duvet-cover-ocher-yellow-lifestyle-01.png?v=1785862076,,in_stock,179.95 EUR,Coco & Cici,new,8721184406847,TOY2020VS,tencel-twill-duvet-cover-ocher-yellow,,200x200 + 2 pillowcases 60x70,"100% Tencel™ Lyocell, Twill weave"
TOY2022VS,"Housse de couette en sergé Tencel™, jaune ocre","Plongez dans une literie qui respire avec vous. Notre housse de couette en sergé Tencel™ couleur jaune ocre apporte une élégance douce et mate à votre chambre à coucher : un luxe discret, sans brillance.",https://www.maisondecocon.com/fr/products/tencel-twill-duvet-cover-ocher-yellow?variant_sku=TOY2022VS,https://cdn.shopify.com/s/files/1/0884/0278/8685/files/tencel-twill-duvet-cover-ocher-yellow-lifestyle-01.png?v=1785862076,,in_stock,189.95 EUR,Coco & Cici,new,8721184406854,TOY2022VS,tencel-twill-duvet-cover-ocher-yellow,,200x220 + 2 pillowcases 60x70,"100% Tencel™ Lyocell, Twill weave"
TDB2622VS,"Housse de couette en sergé Tencel™, bleu foncé","Plongez dans une literie qui respire avec vous. Notre housse de couette en sergé Tencel™ bleu foncé apporte une élégance douce et mate à votre chambre à coucher : un luxe discret, sans brillance.",https://www.maisondecocon.com/fr/products/tencel-twill-duvet-cover-dark-blue?variant_sku=TDB2622VS,https://cdn.shopify.com/s/files/1/0884/0278/8685/files/tencel-twill-duvet-cover-dark-blue-styled-01.jpg?v=1785862359,"https://cdn.shopify.com/s/files/1/0884/0278/8685/files/tencel-twill-duvet-cover-dark-blue-lifestyle-01.png?v=1785862370,https://cdn.shopify.com/s/files/1/0884/0278/8685/files/tencel-twill-duvet-cover-dark-blue-lifestyle-02.png?v=1785862380,https://cdn.shopify.com/s/files/1/0884/0278/8685/files/tencel-twill-duvet-cover-dark-blue-lifestyle-03.png?v=1785862395,https://cdn.shopify.com/s/files/1/0884/0278/8685/files/tencel-twill-duvet-cover-dark-blue-detail-tie.jpg?v=1785862404,https://cdn.shopify.com/s/files/1/0884/0278/8685/files/tencel-twill-duvet-cover-dark-blue-texture-01.jpg?v=1785862416",in_stock,239.95 EUR,Coco & Cici,new,8721184406991,TDB2622VS,tencel-twill-duvet-cover-dark-blue,,260x220 + 2 pillowcases 60x70,"100% Tencel™ Lyocell, Twill weave"
TDB1420VS,"Housse de couette en sergé Tencel™, bleu foncé","Plongez dans une literie qui respire avec vous. Notre housse de couette en sergé Tencel™ bleu foncé apporte une élégance douce et mate à votre chambre à coucher : un luxe discret, sans brillance.",https://www.maisondecocon.com/fr/products/tencel-twill-duvet-cover-dark-blue?variant_sku=TDB1420VS,https://cdn.shopify.com/s/files/1/0884/0278/8685/files/tencel-twill-duvet-cover-dark-blue-styled-01.jpg?v=1785862359,"https://cdn.shopify.com/s/files/1/0884/0278/8685/files/tencel-twill-duvet-cover-dark-blue-lifestyle-01.png?v=1785862370,https://cdn.shopify.com/s/files/1/0884/0278/8685/files/tencel-twill-duvet-cover-dark-blue-lifestyle-02.png?v=1785862380,https://cdn.shopify.com/s/files/1/0884/0278/8685/files/tencel-twill-duvet-cover-dark-blue-lifestyle-03.png?v=1785862395,https://cdn.shopify.com/s/files/1/0884/0278/8685/files/tencel-twill-duvet-cover-dark-blue-detail-tie.jpg?v=1785862404,https://cdn.shopify.com/s/files/1/0884/0278/8685/files/tencel-twill-duvet-cover-dark-blue-texture-01.jpg?v=1785862416",in_stock,129.95 EUR,Coco & Cici,new,8721184406946,TDB1420VS,tencel-twill-duvet-cover-dark-blue,,140x200 + 1 pillowcase 60x70,"100% Tencel™ Lyocell, Twill weave"
TDB2020VS,"Housse de couette en sergé Tencel™, bleu foncé","Plongez dans une literie qui respire avec vous. Notre housse de couette en sergé Tencel™ bleu foncé apporte une élégance douce et mate à votre chambre à coucher : un luxe discret, sans brillance.",https://www.maisondecocon.com/fr/products/tencel-twill-duvet-cover-dark-blue?variant_sku=TDB2020VS,https://cdn.shopify.com/s/files/1/0884/0278/8685/files/tencel-twill-duvet-cover-dark-blue-styled-01.jpg?v=1785862359,"https://cdn.shopify.com/s/files/1/0884/0278/8685/files/tencel-twill-duvet-cover-dark-blue-lifestyle-01.png?v=1785862370,https://cdn.shopify.com/s/files/1/0884/0278/8685/files/tencel-twill-duvet-cover-dark-blue-lifestyle-02.png?v=1785862380,https://cdn.shopify.com/s/files/1/0884/0278/8685/files/tencel-twill-duvet-cover-dark-blue-lifestyle-03.png?v=1785862395,https://cdn.shopify.com/s/files/1/0884/0278/8685/files/tencel-twill-duvet-cover-dark-blue-detail-tie.jpg?v=1785862404,https://cdn.shopify.com/s/files/1/0884/0278/8685/files/tencel-twill-duvet-cover-dark-blue-texture-01.jpg?v=1785862416",in_stock,179.95 EUR,Coco & Cici,new,8721184406960,TDB2020VS,tencel-twill-duvet-cover-dark-blue,,200x200 + 2 pillowcases 60x70,"100% Tencel™ Lyocell, Twill weave"
TDB1422VS,"Housse de couette en sergé Tencel™, bleu foncé","Plongez dans une literie qui respire avec vous. Notre housse de couette en sergé Tencel™ bleu foncé apporte une élégance douce et mate à votre chambre à coucher : un luxe discret, sans brillance.",https://www.maisondecocon.com/fr/products/tencel-twill-duvet-cover-dark-blue?variant_sku=TDB1422VS,https://cdn.shopify.com/s/files/1/0884/0278/8685/files/tencel-twill-duvet-cover-dark-blue-styled-01.jpg?v=1785862359,"https://cdn.shopify.com/s/files/1/0884/0278/8685/files/tencel-twill-duvet-cover-dark-blue-lifestyle-01.png?v=1785862370,https://cdn.shopify.com/s/files/1/0884/0278/8685/files/tencel-twill-duvet-cover-dark-blue-lifestyle-02.png?v=1785862380,https://cdn.shopify.com/s/files/1/0884/0278/8685/files/tencel-twill-duvet-cover-dark-blue-lifestyle-03.png?v=1785862395,https://cdn.shopify.com/s/files/1/0884/0278/8685/files/tencel-twill-duvet-cover-dark-blue-detail-tie.jpg?v=1785862404,https://cdn.shopify.com/s/files/1/0884/0278/8685/files/tencel-twill-duvet-cover-dark-blue-texture-01.jpg?v=1785862416",in_stock,139.95 EUR,Coco & Cici,new,8721184406953,TDB1422VS,tencel-twill-duvet-cover-dark-blue,,140x220 + 1 pillowcase 60x70,"100% Tencel™ Lyocell, Twill weave"
TDB2022VS,"Housse de couette en sergé Tencel™, bleu foncé","Plongez dans une literie qui respire avec vous. Notre housse de couette en sergé Tencel™ bleu foncé apporte une élégance douce et mate à votre chambre à coucher : un luxe discret, sans brillance.",https://www.maisondecocon.com/fr/products/tencel-twill-duvet-cover-dark-blue?variant_sku=TDB2022VS,https://cdn.shopify.com/s/files/1/0884/0278/8685/files/tencel-twill-duvet-cover-dark-blue-styled-01.jpg?v=1785862359,"https://cdn.shopify.com/s/files/1/0884/0278/8685/files/tencel-twill-duvet-cover-dark-blue-lifestyle-01.png?v=1785862370,https://cdn.shopify.com/s/files/1/0884/0278/8685/files/tencel-twill-duvet-cover-dark-blue-lifestyle-02.png?v=1785862380,https://cdn.shopify.com/s/files/1/0884/0278/8685/files/tencel-twill-duvet-cover-dark-blue-lifestyle-03.png?v=1785862395,https://cdn.shopify.com/s/files/1/0884/0278/8685/files/tencel-twill-duvet-cover-dark-blue-detail-tie.jpg?v=1785862404,https://cdn.shopify.com/s/files/1/0884/0278/8685/files/tencel-twill-duvet-cover-dark-blue-texture-01.jpg?v=1785862416",in_stock,189.95 EUR,Coco & Cici,new,8721184406977,TDB2022VS,tencel-twill-duvet-cover-dark-blue,,200x220 + 2 pillowcases 60x70,"100% Tencel™ Lyocell, Twill weave"
TDB2422VS,"Housse de couette en sergé Tencel™, bleu foncé","Plongez dans une literie qui respire avec vous. Notre housse de couette en sergé Tencel™ bleu foncé apporte une élégance douce et mate à votre chambre à coucher : un luxe discret, sans brillance.",https://www.maisondecocon.com/fr/products/tencel-twill-duvet-cover-dark-blue?variant_sku=TDB2422VS,https://cdn.shopify.com/s/files/1/0884/0278/8685/files/tencel-twill-duvet-cover-dark-blue-styled-01.jpg?v=1785862359,"https://cdn.shopify.com/s/files/1/0884/0278/8685/files/tencel-twill-duvet-cover-dark-blue-lifestyle-01.png?v=1785862370,https://cdn.shopify.com/s/files/1/0884/0278/8685/files/tencel-twill-duvet-cover-dark-blue-lifestyle-02.png?v=1785862380,https://cdn.shopify.com/s/files/1/0884/0278/8685/files/tencel-twill-duvet-cover-dark-blue-lifestyle-03.png?v=1785862395,https://cdn.shopify.com/s/files/1/0884/0278/8685/files/tencel-twill-duvet-cover-dark-blue-detail-tie.jpg?v=1785862404,https://cdn.shopify.com/s/files/1/0884/0278/8685/files/tencel-twill-duvet-cover-dark-blue-texture-01.jpg?v=1785862416",in_stock,219.95 EUR,Coco & Cici,new,8721184406984,TDB2422VS,tencel-twill-duvet-cover-dark-blue,,240x220 + 2 pillowcases 60x70,"100% Tencel™ Lyocell, Twill weave"
SPW1422VS,"Housse de couette en Tencel™ satiné, couleur pêche et blanc","Réveillez-vous comme si vous étiez encore en vacances. Notre housse de couette en satin de Tencel™ couleur « Peach White » apporte à votre chambre une douceur soyeuse et lumineuse, avec un éclat naturel qui s'adoucit magnifiquement au fil des utilisations.",https://www.maisondecocon.com/fr/products/tencel-sateen-duvet-cover-peach-white?variant_sku=SPW1422VS,https://cdn.shopify.com/s/files/1/0884/0278/8685/files/tencel-sateen-duvet-cover-peach-white-styled-01.jpg?v=1785863304,"https://cdn.shopify.com/s/files/1/0884/0278/8685/files/tencel-sateen-duvet-cover-peach-white-lifestyle-01.jpg?v=1785863313,https://cdn.shopify.com/s/files/1/0884/0278/8685/files/tencel-sateen-duvet-cover-peach-white-lifestyle-02.jpg?v=1785863320,https://cdn.shopify.com/s/files/1/0884/0278/8685/files/tencel-sateen-duvet-cover-peach-white-detail-01.jpg?v=1785863328,https://cdn.shopify.com/s/files/1/0884/0278/8685/files/tencel-sateen-duvet-cover-peach-white-texture-01.jpg?v=1785863336,https://cdn.shopify.com/s/files/1/0884/0278/8685/files/487156c0-0ab6-4dbd-a045-552f06a129e1_1200x1200_fill.jpg?v=1785762271",in_stock,159.95 EUR,Coco & Cici,new,8721184406779,SPW1422VS,tencel-sateen-duvet-cover-peach-white,,140x220 + 1 pillowcase 60x70,"100% Tencel™ Lyocell, Sateen weave"
SPW2020VS,"Housse de couette en Tencel™ satiné, couleur pêche et blanc","Réveillez-vous comme si vous étiez encore en vacances. Notre housse de couette en satin de Tencel™ couleur « Peach White » apporte à votre chambre une douceur soyeuse et lumineuse, avec un éclat naturel qui s'adoucit magnifiquement au fil des utilisations.",https://www.maisondecocon.com/fr/products/tencel-sateen-duvet-cover-peach-white?variant_sku=SPW2020VS,https://cdn.shopify.com/s/files/1/0884/0278/8685/files/tencel-sateen-duvet-cover-peach-white-styled-01.jpg?v=1785863304,"https://cdn.shopify.com/s/files/1/0884/0278/8685/files/tencel-sateen-duvet-cover-peach-white-lifestyle-01.jpg?v=1785863313,https://cdn.shopify.com/s/files/1/0884/0278/8685/files/tencel-sateen-duvet-cover-peach-white-lifestyle-02.jpg?v=1785863320,https://cdn.shopify.com/s/files/1/0884/0278/8685/files/tencel-sateen-duvet-cover-peach-white-detail-01.jpg?v=1785863328,https://cdn.shopify.com/s/files/1/0884/0278/8685/files/tencel-sateen-duvet-cover-peach-white-texture-01.jpg?v=1785863336,https://cdn.shopify.com/s/files/1/0884/0278/8685/files/487156c0-0ab6-4dbd-a045-552f06a129e1_1200x1200_fill.jpg?v=1785762271",in_stock,229.95 EUR,Coco & Cici,new,8721184406786,SPW2020VS,tencel-sateen-duvet-cover-peach-white,,200x200 + 2 pillowcases 60x70,"100% Tencel™ Lyocell, Sateen weave"
SPW2422VS,"Housse de couette en Tencel™ satiné, couleur pêche et blanc","Réveillez-vous comme si vous étiez encore en vacances. Notre housse de couette en satin de Tencel™ couleur « Peach White » apporte à votre chambre une douceur soyeuse et lumineuse, avec un éclat naturel qui s'adoucit magnifiquement au fil des utilisations.",https://www.maisondecocon.com/fr/products/tencel-sateen-duvet-cover-peach-white?variant_sku=SPW2422VS,https://cdn.shopify.com/s/files/1/0884/0278/8685/files/tencel-sateen-duvet-cover-peach-white-styled-01.jpg?v=1785863304,"https://cdn.shopify.com/s/files/1/0884/0278/8685/files/tencel-sateen-duvet-cover-peach-white-lifestyle-01.jpg?v=1785863313,https://cdn.shopify.com/s/files/1/0884/0278/8685/files/tencel-sateen-duvet-cover-peach-white-lifestyle-02.jpg?v=1785863320,https://cdn.shopify.com/s/files/1/0884/0278/8685/files/tencel-sateen-duvet-cover-peach-white-detail-01.jpg?v=1785863328,https://cdn.shopify.com/s/files/1/0884/0278/8685/files/tencel-sateen-duvet-cover-peach-white-texture-01.jpg?v=1785863336,https://cdn.shopify.com/s/files/1/0884/0278/8685/files/487156c0-0ab6-4dbd-a045-552f06a129e1_1200x1200_fill.jpg?v=1785762271",in_stock,249.95 EUR,Coco & Cici,new,8721184406809,SPW2422VS,tencel-sateen-duvet-cover-peach-white,,240x220 + 2 pillowcases 60x70,"100% Tencel™ Lyocell, Sateen weave"
SPW1420VS,"Housse de couette en Tencel™ satiné, couleur pêche et blanc","Réveillez-vous comme si vous étiez encore en vacances. Notre housse de couette en satin de Tencel™ couleur « Peach White » apporte à votre chambre une douceur soyeuse et lumineuse, avec un éclat naturel qui s'adoucit magnifiquement au fil des utilisations.",https://www.maisondecocon.com/fr/products/tencel-sateen-duvet-cover-peach-white?variant_sku=SPW1420VS,https://cdn.shopify.com/s/files/1/0884/0278/8685/files/tencel-sateen-duvet-cover-peach-white-styled-01.jpg?v=1785863304,"https://cdn.shopify.com/s/files/1/0884/0278/8685/files/tencel-sateen-duvet-cover-peach-white-lifestyle-01.jpg?v=1785863313,https://cdn.shopify.com/s/files/1/0884/0278/8685/files/tencel-sateen-duvet-cover-peach-white-lifestyle-02.jpg?v=1785863320,https://cdn.shopify.com/s/files/1/0884/0278/8685/files/tencel-sateen-duvet-cover-peach-white-detail-01.jpg?v=1785863328,https://cdn.shopify.com/s/files/1/0884/0278/8685/files/tencel-sateen-duvet-cover-peach-white-texture-01.jpg?v=1785863336,https://cdn.shopify.com/s/files/1/0884/0278/8685/files/487156c0-0ab6-4dbd-a045-552f06a129e1_1200x1200_fill.jpg?v=1785762271",in_stock,159.95 EUR,Coco & Cici,new,8721184406762,SPW1420VS,tencel-sateen-duvet-cover-peach-white,,140x200 + 1 pillowcase 60x70,"100% Tencel™ Lyocell, Sateen weave"
SPW2622VS,"Housse de couette en Tencel™ satiné, couleur pêche et blanc","Réveillez-vous comme si vous étiez encore en vacances. Notre housse de couette en satin de Tencel™ couleur « Peach White » apporte à votre chambre une douceur soyeuse et lumineuse, avec un éclat naturel qui s'adoucit magnifiquement au fil des utilisations.",https://www.maisondecocon.com/fr/products/tencel-sateen-duvet-cover-peach-white?variant_sku=SPW2622VS,https://cdn.shopify.com/s/files/1/0884/0278/8685/files/tencel-sateen-duvet-cover-peach-white-styled-01.jpg?v=1785863304,"https://cdn.shopify.com/s/files/1/0884/0278/8685/files/tencel-sateen-duvet-cover-peach-white-lifestyle-01.jpg?v=1785863313,https://cdn.shopify.com/s/files/1/0884/0278/8685/files/tencel-sateen-duvet-cover-peach-white-lifestyle-02.jpg?v=1785863320,https://cdn.shopify.com/s/files/1/0884/0278/8685/files/tencel-sateen-duvet-cover-peach-white-detail-01.jpg?v=1785863328,https://cdn.shopify.com/s/files/1/0884/0278/8685/files/tencel-sateen-duvet-cover-peach-white-texture-01.jpg?v=1785863336,https://cdn.shopify.com/s/files/1/0884/0278/8685/files/487156c0-0ab6-4dbd-a045-552f06a129e1_1200x1200_fill.jpg?v=1785762271",in_stock,269.95 EUR,Coco & Cici,new,8721184406816,SPW2622VS,tencel-sateen-duvet-cover-peach-white,,260x220 + 2 pillowcases 60x70,"100% Tencel™ Lyocell, Sateen weave"
SPW2022VS,"Housse de couette en Tencel™ satiné, couleur pêche et blanc","Réveillez-vous comme si vous étiez encore en vacances. Notre housse de couette en satin de Tencel™ couleur « Peach White » apporte à votre chambre une douceur soyeuse et lumineuse, avec un éclat naturel qui s'adoucit magnifiquement au fil des utilisations.",https://www.maisondecocon.com/fr/products/tencel-sateen-duvet-cover-peach-white?variant_sku=SPW2022VS,https://cdn.shopify.com/s/files/1/0884/0278/8685/files/tencel-sateen-duvet-cover-peach-white-styled-01.jpg?v=1785863304,"https://cdn.shopify.com/s/files/1/0884/0278/8685/files/tencel-sateen-duvet-cover-peach-white-lifestyle-01.jpg?v=1785863313,https://cdn.shopify.com/s/files/1/0884/0278/8685/files/tencel-sateen-duvet-cover-peach-white-lifestyle-02.jpg?v=1785863320,https://cdn.shopify.com/s/files/1/0884/0278/8685/files/tencel-sateen-duvet-cover-peach-white-detail-01.jpg?v=1785863328,https://cdn.shopify.com/s/files/1/0884/0278/8685/files/tencel-sateen-duvet-cover-peach-white-texture-01.jpg?v=1785863336,https://cdn.shopify.com/s/files/1/0884/0278/8685/files/487156c0-0ab6-4dbd-a045-552f06a129e1_1200x1200_fill.jpg?v=1785762271",in_stock,229.95 EUR,Coco & Cici,new,8721184406793,SPW2022VS,tencel-sateen-duvet-cover-peach-white,,200x220 + 2 pillowcases 60x70,"100% Tencel™ Lyocell, Sateen weave"
2507524,"Taie d'oreiller en Tencel™ Sateen, couleur taupe","Oubliez les crèmes de nuit hors de prix. Notre taie d'oreiller en Tencel™ Sateen, couleur taupe, présente un tissage lisse et doux comme du satin, qui prend soin de votre peau et de vos cheveux : l'effet « taie d'oreiller beauté », sans le prix.",https://www.maisondecocon.com/fr/products/tencel-sateen-pillowcase-taupe?variant_sku=2507524,https://cdn.shopify.com/s/files/1/0884/0278/8685/files/tencel-sateen-pillowcase-taupe-styled-01.jpg?v=1785863745,,in_stock,62.91 EUR,Coco & Cici,new,8721184401101,2507524,tencel-sateen-pillowcase-taupe,,1 pillowcase 50x75 without Volant,100% Tencel™ Lyocell
260704,"Taie d'oreiller en Tencel™ Sateen, couleur taupe","Oubliez les crèmes de nuit hors de prix. Notre taie d'oreiller en Tencel™ Sateen, couleur taupe, présente un tissage lisse et doux comme du satin, qui prend soin de votre peau et de vos cheveux : l'effet « taie d'oreiller beauté », sans le prix.",https://www.maisondecocon.com/fr/products/tencel-sateen-pillowcase-taupe?variant_sku=260704,https://cdn.shopify.com/s/files/1/0884/0278/8685/files/tencel-sateen-pillowcase-taupe-styled-01.jpg?v=1785863745,,in_stock,71.91 EUR,Coco & Cici,new,8721184402030,260704,tencel-sateen-pillowcase-taupe,,1 pillowcase 60x70,100% Tencel™ Lyocell
250904,"Taie d'oreiller en Tencel™ Sateen, couleur taupe","Oubliez les crèmes de nuit hors de prix. Notre taie d'oreiller en Tencel™ Sateen, couleur taupe, présente un tissage lisse et doux comme du satin, qui prend soin de votre peau et de vos cheveux : l'effet « taie d'oreiller beauté », sans le prix.",https://www.maisondecocon.com/fr/products/tencel-sateen-pillowcase-taupe?variant_sku=250904,https://cdn.shopify.com/s/files/1/0884/0278/8685/files/tencel-sateen-pillowcase-taupe-styled-01.jpg?v=1785863745,,in_stock,75.51 EUR,Coco & Cici,new,8721184401170,250904,tencel-sateen-pillowcase-taupe,,1 pillowcase 50x90,100% Tencel™ Lyocell
250604,"Taie d'oreiller en Tencel™ Sateen, couleur taupe","Oubliez les crèmes de nuit hors de prix. Notre taie d'oreiller en Tencel™ Sateen, couleur taupe, présente un tissage lisse et doux comme du satin, qui prend soin de votre peau et de vos cheveux : l'effet « taie d'oreiller beauté », sans le prix.",https://www.maisondecocon.com/fr/products/tencel-sateen-pillowcase-taupe?variant_sku=250604,https://cdn.shopify.com/s/files/1/0884/0278/8685/files/tencel-sateen-pillowcase-taupe-styled-01.jpg?v=1785863745,,in_stock,62.91 EUR,Coco & Cici,new,7439634191106,250604,tencel-sateen-pillowcase-taupe,,1 pillowcase 50x60,100% Tencel™ Lyocell
250754,"Taie d'oreiller en Tencel™ Sateen, couleur taupe","Oubliez les crèmes de nuit hors de prix. Notre taie d'oreiller en Tencel™ Sateen, couleur taupe, présente un tissage lisse et doux comme du satin, qui prend soin de votre peau et de vos cheveux : l'effet « taie d'oreiller beauté », sans le prix.",https://www.maisondecocon.com/fr/products/tencel-sateen-pillowcase-taupe?variant_sku=250754,https://cdn.shopify.com/s/files/1/0884/0278/8685/files/tencel-sateen-pillowcase-taupe-styled-01.jpg?v=1785863745,,in_stock,71.91 EUR,Coco & Cici,new,8721184401064,250754,tencel-sateen-pillowcase-taupe,,1 pillowcase 50x75,100% Tencel™ Lyocell
2607024,"Taie d'oreiller en Tencel™ Sateen, couleur taupe","Oubliez les crèmes de nuit hors de prix. Notre taie d'oreiller en Tencel™ Sateen, couleur taupe, présente un tissage lisse et doux comme du satin, qui prend soin de votre peau et de vos cheveux : l'effet « taie d'oreiller beauté », sans le prix.",https://www.maisondecocon.com/fr/products/tencel-sateen-pillowcase-taupe?variant_sku=2607024,https://cdn.shopify.com/s/files/1/0884/0278/8685/files/tencel-sateen-pillowcase-taupe-styled-01.jpg?v=1785863745,,in_stock,62.91 EUR,Coco & Cici,new,6011404051097,2607024,tencel-sateen-pillowcase-taupe,,1 pillowcase 60x70 without valance,100% Tencel™ Lyocell
2507024,"Taie d'oreiller en Tencel™ Sateen, couleur taupe","Oubliez les crèmes de nuit hors de prix. Notre taie d'oreiller en Tencel™ Sateen, couleur taupe, présente un tissage lisse et doux comme du satin, qui prend soin de votre peau et de vos cheveux : l'effet « taie d'oreiller beauté », sans le prix.",https://www.maisondecocon.com/fr/products/tencel-sateen-pillowcase-taupe?variant_sku=2507024,https://cdn.shopify.com/s/files/1/0884/0278/8685/files/tencel-sateen-pillowcase-taupe-styled-01.jpg?v=1785863745,,out_of_stock,57.51 EUR,Coco & Cici,new,8721184402061,2507024,tencel-sateen-pillowcase-taupe,,1 pillowcase 50x70 without valance,100% Tencel™ Lyocell
280804,"Taie d'oreiller en Tencel™ Sateen, couleur taupe","Oubliez les crèmes de nuit hors de prix. Notre taie d'oreiller en Tencel™ Sateen, couleur taupe, présente un tissage lisse et doux comme du satin, qui prend soin de votre peau et de vos cheveux : l'effet « taie d'oreiller beauté », sans le prix.",https://www.maisondecocon.com/fr/products/tencel-sateen-pillowcase-taupe?variant_sku=280804,https://cdn.shopify.com/s/files/1/0884/0278/8685/files/tencel-sateen-pillowcase-taupe-styled-01.jpg?v=1785863745,,in_stock,77.31 EUR,Coco & Cici,new,7423609493487,280804,tencel-sateen-pillowcase-taupe,,1 pillowcase 80x80,100% Tencel™ Lyocell
240804,"Taie d'oreiller en Tencel™ Sateen, couleur taupe","Oubliez les crèmes de nuit hors de prix. Notre taie d'oreiller en Tencel™ Sateen, couleur taupe, présente un tissage lisse et doux comme du satin, qui prend soin de votre peau et de vos cheveux : l'effet « taie d'oreiller beauté », sans le prix.",https://www.maisondecocon.com/fr/products/tencel-sateen-pillowcase-taupe?variant_sku=240804,https://cdn.shopify.com/s/files/1/0884/0278/8685/files/tencel-sateen-pillowcase-taupe-styled-01.jpg?v=1785863745,,in_stock,62.91 EUR,Coco & Cici,new,7423609363315,240804,tencel-sateen-pillowcase-taupe,,1 pillowcase 40x80,100% Tencel™ Lyocell
265654,"Taie d'oreiller en Tencel™ Sateen, couleur taupe","Oubliez les crèmes de nuit hors de prix. Notre taie d'oreiller en Tencel™ Sateen, couleur taupe, présente un tissage lisse et doux comme du satin, qui prend soin de votre peau et de vos cheveux : l'effet « taie d'oreiller beauté », sans le prix.",https://www.maisondecocon.com/fr/products/tencel-sateen-pillowcase-taupe?variant_sku=265654,https://cdn.shopify.com/s/files/1/0884/0278/8685/files/tencel-sateen-pillowcase-taupe-styled-01.jpg?v=1785863745,,in_stock,71.91 EUR,Coco & Cici,new,8721184401149,265654,tencel-sateen-pillowcase-taupe,,1 pillowcase 65x65,100% Tencel™ Lyocell
250607,"Taie d'oreiller en Tencel™ satiné, couleur Terra Pink","Oubliez les crèmes de nuit hors de prix. Notre taie d'oreiller en Tencel™ Sateen, couleur Terra Pink, présente un tissage lisse et doux comme du satin, qui prend soin de votre peau et de vos cheveux : l'effet « taie d'oreiller beauté », sans le prix.",https://www.maisondecocon.com/fr/products/tencel-sateen-pillowcase-terra-pink?variant_sku=250607,https://cdn.shopify.com/s/files/1/0884/0278/8685/files/tencel-sateen-pillowcase-terra-pink-styled-01.jpg?v=1785863976,,out_of_stock,62.91 EUR,Coco & Cici,new,7423603421417,250607,tencel-sateen-pillowcase-terra-pink,,1 pillowcase 50x60,100% Tencel™ Lyocell
260707,"Taie d'oreiller en Tencel™ satiné, couleur Terra Pink","Oubliez les crèmes de nuit hors de prix. Notre taie d'oreiller en Tencel™ Sateen, couleur Terra Pink, présente un tissage lisse et doux comme du satin, qui prend soin de votre peau et de vos cheveux : l'effet « taie d'oreiller beauté », sans le prix.",https://www.maisondecocon.com/fr/products/tencel-sateen-pillowcase-terra-pink?variant_sku=260707,https://cdn.shopify.com/s/files/1/0884/0278/8685/files/tencel-sateen-pillowcase-terra-pink-styled-01.jpg?v=1785863976,,in_stock,71.91 EUR,Coco & Cici,new,7423603440456,260707,tencel-sateen-pillowcase-terra-pink,,1 pillowcase 60x70,100% Tencel™ Lyocell
240807,"Taie d'oreiller en Tencel™ satiné, couleur Terra Pink","Oubliez les crèmes de nuit hors de prix. Notre taie d'oreiller en Tencel™ Sateen, couleur Terra Pink, présente un tissage lisse et doux comme du satin, qui prend soin de votre peau et de vos cheveux : l'effet « taie d'oreiller beauté », sans le prix.",https://www.maisondecocon.com/fr/products/tencel-sateen-pillowcase-terra-pink?variant_sku=240807,https://cdn.shopify.com/s/files/1/0884/0278/8685/files/tencel-sateen-pillowcase-terra-pink-styled-01.jpg?v=1785863976,,in_stock,62.91 EUR,Coco & Cici,new,7423611711760,240807,tencel-sateen-pillowcase-terra-pink,,1 pillowcase 40x80,100% Tencel™ Lyocell
280807,"Taie d'oreiller en Tencel™ satiné, couleur Terra Pink","Oubliez les crèmes de nuit hors de prix. Notre taie d'oreiller en Tencel™ Sateen, couleur Terra Pink, présente un tissage lisse et doux comme du satin, qui prend soin de votre peau et de vos cheveux : l'effet « taie d'oreiller beauté », sans le prix.",https://www.maisondecocon.com/fr/products/tencel-sateen-pillowcase-terra-pink?variant_sku=280807,https://cdn.shopify.com/s/files/1/0884/0278/8685/files/tencel-sateen-pillowcase-terra-pink-styled-01.jpg?v=1785863976,,in_stock,77.31 EUR,Coco & Cici,new,7423612218282,280807,tencel-sateen-pillowcase-terra-pink,,1 pillowcase 80x80,100% Tencel™ Lyocell
M2607021,Taie d'oreiller en twill Tencel™ couleur pêche,"Complétez votre parure avec une touche de douceur assortie. Notre taie d'oreiller en sergé Tencel™ couleur pêche offre le même confort mat et durable que nos housses de couette : un luxe discret, un oreiller à la fois.",https://www.maisondecocon.com/fr/products/tencel-twill-pillowcase-peach?variant_sku=M2607021,https://cdn.shopify.com/s/files/1/0884/0278/8685/files/tencel-sateen-pillowcase-peach-styled-01.jpg?v=1785867010,,in_stock,53.91 EUR,Coco & Cici,new,6097755225226,M2607021,tencel-twill-pillowcase-peach,,1 pillowcase 60x70 without valance,100% Tencel™ Lyocell
M2507021,Taie d'oreiller en twill Tencel™ couleur pêche,"Complétez votre parure avec une touche de douceur assortie. Notre taie d'oreiller en sergé Tencel™ couleur pêche offre le même confort mat et durable que nos housses de couette : un luxe discret, un oreiller à la fois.",https://www.maisondecocon.com/fr/products/tencel-twill-pillowcase-peach?variant_sku=M2507021,https://cdn.shopify.com/s/files/1/0884/0278/8685/files/tencel-sateen-pillowcase-peach-styled-01.jpg?v=1785867010,,in_stock,53.91 EUR,Coco & Cici,new,6097754945965,M2507021,tencel-twill-pillowcase-peach,,1 pillowcase 50x70 without valance,100% Tencel™ Lyocell
M250601,Taie d'oreiller en twill Tencel™ couleur pêche,"Complétez votre parure avec une touche de douceur assortie. Notre taie d'oreiller en sergé Tencel™ couleur pêche offre le même confort mat et durable que nos housses de couette : un luxe discret, un oreiller à la fois.",https://www.maisondecocon.com/fr/products/tencel-twill-pillowcase-peach?variant_sku=M250601,https://cdn.shopify.com/s/files/1/0884/0278/8685/files/tencel-sateen-pillowcase-peach-styled-01.jpg?v=1785867010,,out_of_stock,53.91 EUR,Coco & Cici,new,6097755357330,M250601,tencel-twill-pillowcase-peach,,1 pillowcase 50x60,100% Tencel™ Lyocell
M260701,Taie d'oreiller en twill Tencel™ couleur pêche,"Complétez votre parure avec une touche de douceur assortie. Notre taie d'oreiller en sergé Tencel™ couleur pêche offre le même confort mat et durable que nos housses de couette : un luxe discret, un oreiller à la fois.",https://www.maisondecocon.com/fr/products/tencel-twill-pillowcase-peach?variant_sku=M260701,https://cdn.shopify.com/s/files/1/0884/0278/8685/files/tencel-sateen-pillowcase-peach-styled-01.jpg?v=1785867010,,in_stock,59.31 EUR,Coco & Cici,new,6097755423462,M260701,tencel-twill-pillowcase-peach,,1 pillowcase 60x70,100% Tencel™ Lyocell
265655,"Taie d'oreiller en Tencel™ Sateen, blanc cassé","D'une texture lisse et respirante, et dotée d'un éclat satiné tout en douceur, notre taie d'oreiller en Tencel™ satiné, de couleur blanc cassé, s'harmonise parfaitement avec n'importe laquelle de nos housses de couette en satin — ou se suffit à elle-même avec élégance.",https://www.maisondecocon.com/fr/products/tencel-sateen-pillowcase-off-white?variant_sku=265655,https://cdn.shopify.com/s/files/1/0884/0278/8685/files/tencel-sateen-pillowcase-off-white-lifestyle.jpg?v=1785867423,"https://cdn.shopify.com/s/files/1/0884/0278/8685/files/tencel-sateen-pillowcase-off-white-folded..jpg?v=1785867434,https://cdn.shopify.com/s/files/1/0884/0278/8685/files/tencel-sateen-pillowcase-off-white-pair.jpg?v=1785867449,https://cdn.shopify.com/s/files/1/0884/0278/8685/files/tencel-sateen-pillowcase-off-white-fabric-detail.jpg?v=1785867469,https://cdn.shopify.com/s/files/1/0884/0278/8685/files/tencel-sateen-pillowcase-off-white-label-detail.jpg?v=1785867483",in_stock,71.91 EUR,Coco & Cici,new,8721184401125,265655,tencel-sateen-pillowcase-off-white,,1 pillowcase 65x65,100% Tencel™ Lyocell
250905,"Taie d'oreiller en Tencel™ Sateen, blanc cassé","D'une texture lisse et respirante, et dotée d'un éclat satiné tout en douceur, notre taie d'oreiller en Tencel™ satiné, de couleur blanc cassé, s'harmonise parfaitement avec n'importe laquelle de nos housses de couette en satin — ou se suffit à elle-même avec élégance.",https://www.maisondecocon.com/fr/products/tencel-sateen-pillowcase-off-white?variant_sku=250905,https://cdn.shopify.com/s/files/1/0884/0278/8685/files/tencel-sateen-pillowcase-off-white-lifestyle.jpg?v=1785867423,"https://cdn.shopify.com/s/files/1/0884/0278/8685/files/tencel-sateen-pillowcase-off-white-folded..jpg?v=1785867434,https://cdn.shopify.com/s/files/1/0884/0278/8685/files/tencel-sateen-pillowcase-off-white-pair.jpg?v=1785867449,https://cdn.shopify.com/s/files/1/0884/0278/8685/files/tencel-sateen-pillowcase-off-white-fabric-detail.jpg?v=1785867469,https://cdn.shopify.com/s/files/1/0884/0278/8685/files/tencel-sateen-pillowcase-off-white-label-detail.jpg?v=1785867483",in_stock,75.51 EUR,Coco & Cici,new,8721184401156,250905,tencel-sateen-pillowcase-off-white,,1 pillowcase 50x90,100% Tencel™ Lyocell
240805,"Taie d'oreiller en Tencel™ Sateen, blanc cassé","D'une texture lisse et respirante, et dotée d'un éclat satiné tout en douceur, notre taie d'oreiller en Tencel™ satiné, de couleur blanc cassé, s'harmonise parfaitement avec n'importe laquelle de nos housses de couette en satin — ou se suffit à elle-même avec élégance.",https://www.maisondecocon.com/fr/products/tencel-sateen-pillowcase-off-white?variant_sku=240805,https://cdn.shopify.com/s/files/1/0884/0278/8685/files/tencel-sateen-pillowcase-off-white-lifestyle.jpg?v=1785867423,"https://cdn.shopify.com/s/files/1/0884/0278/8685/files/tencel-sateen-pillowcase-off-white-folded..jpg?v=1785867434,https://cdn.shopify.com/s/files/1/0884/0278/8685/files/tencel-sateen-pillowcase-off-white-pair.jpg?v=1785867449,https://cdn.shopify.com/s/files/1/0884/0278/8685/files/tencel-sateen-pillowcase-off-white-fabric-detail.jpg?v=1785867469,https://cdn.shopify.com/s/files/1/0884/0278/8685/files/tencel-sateen-pillowcase-off-white-label-detail.jpg?v=1785867483",in_stock,62.91 EUR,Coco & Cici,new,7423610655607,240805,tencel-sateen-pillowcase-off-white,,1 pillowcase 40x80,100% Tencel™ Lyocell
250755,"Taie d'oreiller en Tencel™ Sateen, blanc cassé","D'une texture lisse et respirante, et dotée d'un éclat satiné tout en douceur, notre taie d'oreiller en Tencel™ satiné, de couleur blanc cassé, s'harmonise parfaitement avec n'importe laquelle de nos housses de couette en satin — ou se suffit à elle-même avec élégance.",https://www.maisondecocon.com/fr/products/tencel-sateen-pillowcase-off-white?variant_sku=250755,https://cdn.shopify.com/s/files/1/0884/0278/8685/files/tencel-sateen-pillowcase-off-white-lifestyle.jpg?v=1785867423,"https://cdn.shopify.com/s/files/1/0884/0278/8685/files/tencel-sateen-pillowcase-off-white-folded..jpg?v=1785867434,https://cdn.shopify.com/s/files/1/0884/0278/8685/files/tencel-sateen-pillowcase-off-white-pair.jpg?v=1785867449,https://cdn.shopify.com/s/files/1/0884/0278/8685/files/tencel-sateen-pillowcase-off-white-fabric-detail.jpg?v=1785867469,https://cdn.shopify.com/s/files/1/0884/0278/8685/files/tencel-sateen-pillowcase-off-white-label-detail.jpg?v=1785867483",in_stock,71.91 EUR,Coco & Cici,new,8721184401040,250755,tencel-sateen-pillowcase-off-white,,1 pillowcase 50x75,100% Tencel™ Lyocell
250605,"Taie d'oreiller en Tencel™ Sateen, blanc cassé","D'une texture lisse et respirante, et dotée d'un éclat satiné tout en douceur, notre taie d'oreiller en Tencel™ satiné, de couleur blanc cassé, s'harmonise parfaitement avec n'importe laquelle de nos housses de couette en satin — ou se suffit à elle-même avec élégance.",https://www.maisondecocon.com/fr/products/tencel-sateen-pillowcase-off-white?variant_sku=250605,https://cdn.shopify.com/s/files/1/0884/0278/8685/files/tencel-sateen-pillowcase-off-white-lifestyle.jpg?v=1785867423,"https://cdn.shopify.com/s/files/1/0884/0278/8685/files/tencel-sateen-pillowcase-off-white-folded..jpg?v=1785867434,https://cdn.shopify.com/s/files/1/0884/0278/8685/files/tencel-sateen-pillowcase-off-white-pair.jpg?v=1785867449,https://cdn.shopify.com/s/files/1/0884/0278/8685/files/tencel-sateen-pillowcase-off-white-fabric-detail.jpg?v=1785867469,https://cdn.shopify.com/s/files/1/0884/0278/8685/files/tencel-sateen-pillowcase-off-white-label-detail.jpg?v=1785867483",in_stock,62.91 EUR,Coco & Cici,new,7448128676678,250605,tencel-sateen-pillowcase-off-white,,1 pillowcase 50x60,100% Tencel™ Lyocell
2507525,"Taie d'oreiller en Tencel™ Sateen, blanc cassé","D'une texture lisse et respirante, et dotée d'un éclat satiné tout en douceur, notre taie d'oreiller en Tencel™ satiné, de couleur blanc cassé, s'harmonise parfaitement avec n'importe laquelle de nos housses de couette en satin — ou se suffit à elle-même avec élégance.",https://www.maisondecocon.com/fr/products/tencel-sateen-pillowcase-off-white?variant_sku=2507525,https://cdn.shopify.com/s/files/1/0884/0278/8685/files/tencel-sateen-pillowcase-off-white-lifestyle.jpg?v=1785867423,"https://cdn.shopify.com/s/files/1/0884/0278/8685/files/tencel-sateen-pillowcase-off-white-folded..jpg?v=1785867434,https://cdn.shopify.com/s/files/1/0884/0278/8685/files/tencel-sateen-pillowcase-off-white-pair.jpg?v=1785867449,https://cdn.shopify.com/s/files/1/0884/0278/8685/files/tencel-sateen-pillowcase-off-white-fabric-detail.jpg?v=1785867469,https://cdn.shopify.com/s/files/1/0884/0278/8685/files/tencel-sateen-pillowcase-off-white-label-detail.jpg?v=1785867483",in_stock,62.91 EUR,Coco & Cici,new,8721184401088,2507525,tencel-sateen-pillowcase-off-white,,1 pillowcase 50x75 without Volant,100% Tencel™ Lyocell
2607025,"Taie d'oreiller en Tencel™ Sateen, blanc cassé","D'une texture lisse et respirante, et dotée d'un éclat satiné tout en douceur, notre taie d'oreiller en Tencel™ satiné, de couleur blanc cassé, s'harmonise parfaitement avec n'importe laquelle de nos housses de couette en satin — ou se suffit à elle-même avec élégance.",https://www.maisondecocon.com/fr/products/tencel-sateen-pillowcase-off-white?variant_sku=2607025,https://cdn.shopify.com/s/files/1/0884/0278/8685/files/tencel-sateen-pillowcase-off-white-lifestyle.jpg?v=1785867423,"https://cdn.shopify.com/s/files/1/0884/0278/8685/files/tencel-sateen-pillowcase-off-white-folded..jpg?v=1785867434,https://cdn.shopify.com/s/files/1/0884/0278/8685/files/tencel-sateen-pillowcase-off-white-pair.jpg?v=1785867449,https://cdn.shopify.com/s/files/1/0884/0278/8685/files/tencel-sateen-pillowcase-off-white-fabric-detail.jpg?v=1785867469,https://cdn.shopify.com/s/files/1/0884/0278/8685/files/tencel-sateen-pillowcase-off-white-label-detail.jpg?v=1785867483",in_stock,62.91 EUR,Coco & Cici,new,7448135514529,2607025,tencel-sateen-pillowcase-off-white,,1 pillowcase 60x70 without valance,100% Tencel™ Lyocell
2507025,"Taie d'oreiller en Tencel™ Sateen, blanc cassé","D'une texture lisse et respirante, et dotée d'un éclat satiné tout en douceur, notre taie d'oreiller en Tencel™ satiné, de couleur blanc cassé, s'harmonise parfaitement avec n'importe laquelle de nos housses de couette en satin — ou se suffit à elle-même avec élégance.",https://www.maisondecocon.com/fr/products/tencel-sateen-pillowcase-off-white?variant_sku=2507025,https://cdn.shopify.com/s/files/1/0884/0278/8685/files/tencel-sateen-pillowcase-off-white-lifestyle.jpg?v=1785867423,"https://cdn.shopify.com/s/files/1/0884/0278/8685/files/tencel-sateen-pillowcase-off-white-folded..jpg?v=1785867434,https://cdn.shopify.com/s/files/1/0884/0278/8685/files/tencel-sateen-pillowcase-off-white-pair.jpg?v=1785867449,https://cdn.shopify.com/s/files/1/0884/0278/8685/files/tencel-sateen-pillowcase-off-white-fabric-detail.jpg?v=1785867469,https://cdn.shopify.com/s/files/1/0884/0278/8685/files/tencel-sateen-pillowcase-off-white-label-detail.jpg?v=1785867483",in_stock,57.51 EUR,Coco & Cici,new,8721184402320,2507025,tencel-sateen-pillowcase-off-white,,1 pillowcase 50x70 without valance,100% Tencel™ Lyocell
280805,"Taie d'oreiller en Tencel™ Sateen, blanc cassé","D'une texture lisse et respirante, et dotée d'un éclat satiné tout en douceur, notre taie d'oreiller en Tencel™ satiné, de couleur blanc cassé, s'harmonise parfaitement avec n'importe laquelle de nos housses de couette en satin — ou se suffit à elle-même avec élégance.",https://www.maisondecocon.com/fr/products/tencel-sateen-pillowcase-off-white?variant_sku=280805,https://cdn.shopify.com/s/files/1/0884/0278/8685/files/tencel-sateen-pillowcase-off-white-lifestyle.jpg?v=1785867423,"https://cdn.shopify.com/s/files/1/0884/0278/8685/files/tencel-sateen-pillowcase-off-white-folded..jpg?v=1785867434,https://cdn.shopify.com/s/files/1/0884/0278/8685/files/tencel-sateen-pillowcase-off-white-pair.jpg?v=1785867449,https://cdn.shopify.com/s/files/1/0884/0278/8685/files/tencel-sateen-pillowcase-off-white-fabric-detail.jpg?v=1785867469,https://cdn.shopify.com/s/files/1/0884/0278/8685/files/tencel-sateen-pillowcase-off-white-label-detail.jpg?v=1785867483",in_stock,77.31 EUR,Coco & Cici,new,7423611089050,280805,tencel-sateen-pillowcase-off-white,,1 pillowcase 80x80,100% Tencel™ Lyocell
260705,"Taie d'oreiller en Tencel™ Sateen, blanc cassé","D'une texture lisse et respirante, et dotée d'un éclat satiné tout en douceur, notre taie d'oreiller en Tencel™ satiné, de couleur blanc cassé, s'harmonise parfaitement avec n'importe laquelle de nos housses de couette en satin — ou se suffit à elle-même avec élégance.",https://www.maisondecocon.com/fr/products/tencel-sateen-pillowcase-off-white?variant_sku=260705,https://cdn.shopify.com/s/files/1/0884/0278/8685/files/tencel-sateen-pillowcase-off-white-lifestyle.jpg?v=1785867423,"https://cdn.shopify.com/s/files/1/0884/0278/8685/files/tencel-sateen-pillowcase-off-white-folded..jpg?v=1785867434,https://cdn.shopify.com/s/files/1/0884/0278/8685/files/tencel-sateen-pillowcase-off-white-pair.jpg?v=1785867449,https://cdn.shopify.com/s/files/1/0884/0278/8685/files/tencel-sateen-pillowcase-off-white-fabric-detail.jpg?v=1785867469,https://cdn.shopify.com/s/files/1/0884/0278/8685/files/tencel-sateen-pillowcase-off-white-label-detail.jpg?v=1785867483",in_stock,71.91 EUR,Coco & Cici,new,8721184402290,260705,tencel-sateen-pillowcase-off-white,,1 pillowcase 60x70,100% Tencel™ Lyocell
260703,"Taie d'oreiller en Tencel™ satiné, gris-bleu","Doux, respirant et doté d'un éclat satiné délicat, notre taie d'oreiller en Tencel™ Sateen, couleur gris-bleu, s'harmonise parfaitement avec n'importe laquelle de nos housses de couette en satin — ou se suffit à elle-même.",https://www.maisondecocon.com/fr/products/tencel-sateen-pillowcase-gray-blue?variant_sku=260703,https://cdn.shopify.com/s/files/1/0884/0278/8685/files/tencel-sateen-pillowcase-gray-styled-01blue.jpg?v=1785867572,,out_of_stock,71.91 EUR,Coco & Cici,new,7439634189172,260703,tencel-sateen-pillowcase-gray-blue,,,100% Tencel™ Lyocell
B280803,"Taie d'oreiller en bambou, jaune ocre","En bambou écologique, doux et respirant : notre taie d'oreiller « Ocher Yellow » constitue une entrée en matière douce et accessible dans l'univers de la literie durable. Elle s'associe à merveille avec n'importe laquelle de nos housses de couette en Tencel™ ou en bambou.",https://www.maisondecocon.com/fr/products/bamboo-pillowcase-ocher-yellow?variant_sku=B280803,https://cdn.shopify.com/s/files/1/0884/0278/8685/files/bamboo-pillowcase-ochre-yellow-styled-01.jpg?v=1785867848,,in_stock,59.31 EUR,Coco & Cici,new,6091017441461,B280803,bamboo-pillowcase-ocher-yellow,,1 pillowcase 80x80,100% Eco Bamboo fibre
B250603,"Taie d'oreiller en bambou, jaune ocre","En bambou écologique, doux et respirant : notre taie d'oreiller « Ocher Yellow » constitue une entrée en matière douce et accessible dans l'univers de la literie durable. Elle s'associe à merveille avec n'importe laquelle de nos housses de couette en Tencel™ ou en bambou.",https://www.maisondecocon.com/fr/products/bamboo-pillowcase-ocher-yellow?variant_sku=B250603,https://cdn.shopify.com/s/files/1/0884/0278/8685/files/bamboo-pillowcase-ochre-yellow-styled-01.jpg?v=1785867848,,out_of_stock,44.91 EUR,Coco & Cici,new,6091016919992,B250603,bamboo-pillowcase-ocher-yellow,,1 pillowcase 50x60,100% Eco Bamboo fibre
B240803,"Taie d'oreiller en bambou, jaune ocre","En bambou écologique, doux et respirant : notre taie d'oreiller « Ocher Yellow » constitue une entrée en matière douce et accessible dans l'univers de la literie durable. Elle s'associe à merveille avec n'importe laquelle de nos housses de couette en Tencel™ ou en bambou.",https://www.maisondecocon.com/fr/products/bamboo-pillowcase-ocher-yellow?variant_sku=B240803,https://cdn.shopify.com/s/files/1/0884/0278/8685/files/bamboo-pillowcase-ochre-yellow-styled-01.jpg?v=1785867848,,out_of_stock,46.71 EUR,Coco & Cici,new,6091016957949,B240803,bamboo-pillowcase-ocher-yellow,,1 pillowcase 40x80,100% Eco Bamboo fibre
B265653,"Taie d'oreiller en bambou, jaune ocre","En bambou écologique, doux et respirant : notre taie d'oreiller « Ocher Yellow » constitue une entrée en matière douce et accessible dans l'univers de la literie durable. Elle s'associe à merveille avec n'importe laquelle de nos housses de couette en Tencel™ ou en bambou.",https://www.maisondecocon.com/fr/products/bamboo-pillowcase-ocher-yellow?variant_sku=B265653,https://cdn.shopify.com/s/files/1/0884/0278/8685/files/bamboo-pillowcase-ochre-yellow-styled-01.jpg?v=1785867848,,out_of_stock,50.31 EUR,Coco & Cici,new,6091017366375,B265653,bamboo-pillowcase-ocher-yellow,,1 pillowcase 65x65,100% Eco Bamboo fibre
B250753,"Taie d'oreiller en bambou, jaune ocre","En bambou écologique, doux et respirant : notre taie d'oreiller « Ocher Yellow » constitue une entrée en matière douce et accessible dans l'univers de la literie durable. Elle s'associe à merveille avec n'importe laquelle de nos housses de couette en Tencel™ ou en bambou.",https://www.maisondecocon.com/fr/products/bamboo-pillowcase-ocher-yellow?variant_sku=B250753,https://cdn.shopify.com/s/files/1/0884/0278/8685/files/bamboo-pillowcase-ochre-yellow-styled-01.jpg?v=1785867848,,out_of_stock,50.31 EUR,Coco & Cici,new,6091017024039,B250753,bamboo-pillowcase-ocher-yellow,,1 pillowcase 50x75,100% Eco Bamboo fibre
B260703,"Taie d'oreiller en bambou, jaune ocre","En bambou écologique, doux et respirant : notre taie d'oreiller « Ocher Yellow » constitue une entrée en matière douce et accessible dans l'univers de la literie durable. Elle s'associe à merveille avec n'importe laquelle de nos housses de couette en Tencel™ ou en bambou.",https://www.maisondecocon.com/fr/products/bamboo-pillowcase-ocher-yellow?variant_sku=B260703,https://cdn.shopify.com/s/files/1/0884/0278/8685/files/bamboo-pillowcase-ochre-yellow-styled-01.jpg?v=1785867848,,out_of_stock,50.31 EUR,Coco & Cici,new,6091016884832,B260703,bamboo-pillowcase-ocher-yellow,,1 pillowcase 60x70,100% Eco Bamboo fibre
260706,"Taie d'oreiller en Tencel™ satiné, gris-vert","D'une texture lisse et respirante, et dotée d'un éclat satiné tout en douceur, notre taie d'oreiller en Tencel™ Sateen, couleur gris-vert, s'harmonise parfaitement avec n'importe laquelle de nos housses de couette en satin — ou se suffit à elle-même avec élégance.",https://www.maisondecocon.com/fr/products/tencel-sateen-pillowcase-gray-green?variant_sku=260706,https://cdn.shopify.com/s/files/1/0884/0278/8685/files/tencel-sateen-pillowcase-gray-green-styled-01.jpg?v=1785867915,,in_stock,71.91 EUR,Coco & Cici,new,8721184402160,260706,tencel-sateen-pillowcase-gray-green,,1 pillowcase 60x70,100% Tencel™ Lyocell
280806,"Taie d'oreiller en Tencel™ satiné, gris-vert","D'une texture lisse et respirante, et dotée d'un éclat satiné tout en douceur, notre taie d'oreiller en Tencel™ Sateen, couleur gris-vert, s'harmonise parfaitement avec n'importe laquelle de nos housses de couette en satin — ou se suffit à elle-même avec élégance.",https://www.maisondecocon.com/fr/products/tencel-sateen-pillowcase-gray-green?variant_sku=280806,https://cdn.shopify.com/s/files/1/0884/0278/8685/files/tencel-sateen-pillowcase-gray-green-styled-01.jpg?v=1785867915,,in_stock,77.31 EUR,Coco & Cici,new,7423611433433,280806,tencel-sateen-pillowcase-gray-green,,1 pillowcase 80x80,100% Tencel™ Lyocell
240806,"Taie d'oreiller en Tencel™ satiné, gris-vert","D'une texture lisse et respirante, et dotée d'un éclat satiné tout en douceur, notre taie d'oreiller en Tencel™ Sateen, couleur gris-vert, s'harmonise parfaitement avec n'importe laquelle de nos housses de couette en satin — ou se suffit à elle-même avec élégance.",https://www.maisondecocon.com/fr/products/tencel-sateen-pillowcase-gray-green?variant_sku=240806,https://cdn.shopify.com/s/files/1/0884/0278/8685/files/tencel-sateen-pillowcase-gray-green-styled-01.jpg?v=1785867915,,in_stock,62.91 EUR,Coco & Cici,new,7423611268219,240806,tencel-sateen-pillowcase-gray-green,,1 pillowcase 40x80,100% Tencel™ Lyocell
2607026,"Taie d'oreiller en Tencel™ satiné, gris-vert","D'une texture lisse et respirante, et dotée d'un éclat satiné tout en douceur, notre taie d'oreiller en Tencel™ Sateen, couleur gris-vert, s'harmonise parfaitement avec n'importe laquelle de nos housses de couette en satin — ou se suffit à elle-même avec élégance.",https://www.maisondecocon.com/fr/products/tencel-sateen-pillowcase-gray-green?variant_sku=2607026,https://cdn.shopify.com/s/files/1/0884/0278/8685/files/tencel-sateen-pillowcase-gray-green-styled-01.jpg?v=1785867915,,in_stock,62.91 EUR,Coco & Cici,new,8721184402207,2607026,tencel-sateen-pillowcase-gray-green,,1 pillowcase 60x70 without valance,100% Tencel™ Lyocell
250606,"Taie d'oreiller en Tencel™ satiné, gris-vert","D'une texture lisse et respirante, et dotée d'un éclat satiné tout en douceur, notre taie d'oreiller en Tencel™ Sateen, couleur gris-vert, s'harmonise parfaitement avec n'importe laquelle de nos housses de couette en satin — ou se suffit à elle-même avec élégance.",https://www.maisondecocon.com/fr/products/tencel-sateen-pillowcase-gray-green?variant_sku=250606,https://cdn.shopify.com/s/files/1/0884/0278/8685/files/tencel-sateen-pillowcase-gray-green-styled-01.jpg?v=1785867915,,out_of_stock,62.91 EUR,Coco & Cici,new,8721184402153,250606,tencel-sateen-pillowcase-gray-green,,1 pillowcase 50x60,100% Tencel™ Lyocell
2507026,"Taie d'oreiller en Tencel™ satiné, gris-vert","D'une texture lisse et respirante, et dotée d'un éclat satiné tout en douceur, notre taie d'oreiller en Tencel™ Sateen, couleur gris-vert, s'harmonise parfaitement avec n'importe laquelle de nos housses de couette en satin — ou se suffit à elle-même avec élégance.",https://www.maisondecocon.com/fr/products/tencel-sateen-pillowcase-gray-green?variant_sku=2507026,https://cdn.shopify.com/s/files/1/0884/0278/8685/files/tencel-sateen-pillowcase-gray-green-styled-01.jpg?v=1785867915,,in_stock,57.51 EUR,Coco & Cici,new,8721184402191,2507026,tencel-sateen-pillowcase-gray-green,,1 pillowcase 50x70 without valance,100% Tencel™ Lyocell
B250756,"Taie d'oreiller Eco Bamboo, couleur « Powder Peach »","En bambou écologique, doux et respirant : notre taie d'oreiller « Powder Peach » constitue une entrée en matière douce et accessible dans l'univers de la literie durable. Elle est idéale pour être associée à n'importe laquelle de nos housses de couette en Tencel™ ou en bambou.",https://www.maisondecocon.com/fr/products/eco-bamboe-kussensloop-powder-peach?variant_sku=B250756,https://cdn.shopify.com/s/files/1/0884/0278/8685/files/tencel-sateen-pillowcase-peach-white-lifestyle.jpg?v=1785868206,"https://cdn.shopify.com/s/files/1/0884/0278/8685/files/tencel-sateen-pillowcase-peach-white-folded.jpg?v=1785868219,https://cdn.shopify.com/s/files/1/0884/0278/8685/files/tencel-sateen-pillowcase-peach-white-label-detail.jpg?v=1785868233",in_stock,50.31 EUR,Coco & Cici,new,8721184401361,B250756,eco-bamboe-kussensloop-powder-peach,,1 kussensloop 50x75,100% Eco Bamboo fibre
B250606,"Taie d'oreiller Eco Bamboo, couleur « Powder Peach »","En bambou écologique, doux et respirant : notre taie d'oreiller « Powder Peach » constitue une entrée en matière douce et accessible dans l'univers de la literie durable. Elle est idéale pour être associée à n'importe laquelle de nos housses de couette en Tencel™ ou en bambou.",https://www.maisondecocon.com/fr/products/eco-bamboe-kussensloop-powder-peach?variant_sku=B250606,https://cdn.shopify.com/s/files/1/0884/0278/8685/files/tencel-sateen-pillowcase-peach-white-lifestyle.jpg?v=1785868206,"https://cdn.shopify.com/s/files/1/0884/0278/8685/files/tencel-sateen-pillowcase-peach-white-folded.jpg?v=1785868219,https://cdn.shopify.com/s/files/1/0884/0278/8685/files/tencel-sateen-pillowcase-peach-white-label-detail.jpg?v=1785868233",in_stock,44.91 EUR,Coco & Cici,new,8721184401354,B250606,eco-bamboe-kussensloop-powder-peach,,1 kussensloop 50x60,100% Eco Bamboo fibre
B2607026,"Taie d'oreiller Eco Bamboo, couleur « Powder Peach »","En bambou écologique, doux et respirant : notre taie d'oreiller « Powder Peach » constitue une entrée en matière douce et accessible dans l'univers de la literie durable. Elle est idéale pour être associée à n'importe laquelle de nos housses de couette en Tencel™ ou en bambou.",https://www.maisondecocon.com/fr/products/eco-bamboe-kussensloop-powder-peach?variant_sku=B2607026,https://cdn.shopify.com/s/files/1/0884/0278/8685/files/tencel-sateen-pillowcase-peach-white-lifestyle.jpg?v=1785868206,"https://cdn.shopify.com/s/files/1/0884/0278/8685/files/tencel-sateen-pillowcase-peach-white-folded.jpg?v=1785868219,https://cdn.shopify.com/s/files/1/0884/0278/8685/files/tencel-sateen-pillowcase-peach-white-label-detail.jpg?v=1785868233",in_stock,50.31 EUR,Coco & Cici,new,8721184401446,B2607026,eco-bamboe-kussensloop-powder-peach,,1 kussensloop 60x70 zonder volant,100% Eco Bamboo fibre
B240806,"Taie d'oreiller Eco Bamboo, couleur « Powder Peach »","En bambou écologique, doux et respirant : notre taie d'oreiller « Powder Peach » constitue une entrée en matière douce et accessible dans l'univers de la literie durable. Elle est idéale pour être associée à n'importe laquelle de nos housses de couette en Tencel™ ou en bambou.",https://www.maisondecocon.com/fr/products/eco-bamboe-kussensloop-powder-peach?variant_sku=B240806,https://cdn.shopify.com/s/files/1/0884/0278/8685/files/tencel-sateen-pillowcase-peach-white-lifestyle.jpg?v=1785868206,"https://cdn.shopify.com/s/files/1/0884/0278/8685/files/tencel-sateen-pillowcase-peach-white-folded.jpg?v=1785868219,https://cdn.shopify.com/s/files/1/0884/0278/8685/files/tencel-sateen-pillowcase-peach-white-label-detail.jpg?v=1785868233",in_stock,46.71 EUR,Coco & Cici,new,8721184401347,B240806,eco-bamboe-kussensloop-powder-peach,,1 kussensloop 40x80,100% Eco Bamboo fibre
B280806,"Taie d'oreiller Eco Bamboo, couleur « Powder Peach »","En bambou écologique, doux et respirant : notre taie d'oreiller « Powder Peach » constitue une entrée en matière douce et accessible dans l'univers de la literie durable. Elle est idéale pour être associée à n'importe laquelle de nos housses de couette en Tencel™ ou en bambou.",https://www.maisondecocon.com/fr/products/eco-bamboe-kussensloop-powder-peach?variant_sku=B280806,https://cdn.shopify.com/s/files/1/0884/0278/8685/files/tencel-sateen-pillowcase-peach-white-lifestyle.jpg?v=1785868206,"https://cdn.shopify.com/s/files/1/0884/0278/8685/files/tencel-sateen-pillowcase-peach-white-folded.jpg?v=1785868219,https://cdn.shopify.com/s/files/1/0884/0278/8685/files/tencel-sateen-pillowcase-peach-white-label-detail.jpg?v=1785868233",in_stock,59.31 EUR,Coco & Cici,new,8721184401415,B280806,eco-bamboe-kussensloop-powder-peach,,1 kussensloop 80x80,100% Eco Bamboo fibre
B260706,"Taie d'oreiller Eco Bamboo, couleur « Powder Peach »","En bambou écologique, doux et respirant : notre taie d'oreiller « Powder Peach » constitue une entrée en matière douce et accessible dans l'univers de la literie durable. Elle est idéale pour être associée à n'importe laquelle de nos housses de couette en Tencel™ ou en bambou.",https://www.maisondecocon.com/fr/products/eco-bamboe-kussensloop-powder-peach?variant_sku=B260706,https://cdn.shopify.com/s/files/1/0884/0278/8685/files/tencel-sateen-pillowcase-peach-white-lifestyle.jpg?v=1785868206,"https://cdn.shopify.com/s/files/1/0884/0278/8685/files/tencel-sateen-pillowcase-peach-white-folded.jpg?v=1785868219,https://cdn.shopify.com/s/files/1/0884/0278/8685/files/tencel-sateen-pillowcase-peach-white-label-detail.jpg?v=1785868233",in_stock,50.31 EUR,Coco & Cici,new,8721184401385,B260706,eco-bamboe-kussensloop-powder-peach,,1 kussensloop 60x70,100% Eco Bamboo fibre
B265656,"Taie d'oreiller Eco Bamboo, couleur « Powder Peach »","En bambou écologique, doux et respirant : notre taie d'oreiller « Powder Peach » constitue une entrée en matière douce et accessible dans l'univers de la literie durable. Elle est idéale pour être associée à n'importe laquelle de nos housses de couette en Tencel™ ou en bambou.",https://www.maisondecocon.com/fr/products/eco-bamboe-kussensloop-powder-peach?variant_sku=B265656,https://cdn.shopify.com/s/files/1/0884/0278/8685/files/tencel-sateen-pillowcase-peach-white-lifestyle.jpg?v=1785868206,"https://cdn.shopify.com/s/files/1/0884/0278/8685/files/tencel-sateen-pillowcase-peach-white-folded.jpg?v=1785868219,https://cdn.shopify.com/s/files/1/0884/0278/8685/files/tencel-sateen-pillowcase-peach-white-label-detail.jpg?v=1785868233",in_stock,50.31 EUR,Coco & Cici,new,8721184401408,B265656,eco-bamboe-kussensloop-powder-peach,,1 kussensloop 65x65,100% Eco Bamboo fibre
B2507526,"Taie d'oreiller Eco Bamboo, couleur « Powder Peach »","En bambou écologique, doux et respirant : notre taie d'oreiller « Powder Peach » constitue une entrée en matière douce et accessible dans l'univers de la literie durable. Elle est idéale pour être associée à n'importe laquelle de nos housses de couette en Tencel™ ou en bambou.",https://www.maisondecocon.com/fr/products/eco-bamboe-kussensloop-powder-peach?variant_sku=B2507526,https://cdn.shopify.com/s/files/1/0884/0278/8685/files/tencel-sateen-pillowcase-peach-white-lifestyle.jpg?v=1785868206,"https://cdn.shopify.com/s/files/1/0884/0278/8685/files/tencel-sateen-pillowcase-peach-white-folded.jpg?v=1785868219,https://cdn.shopify.com/s/files/1/0884/0278/8685/files/tencel-sateen-pillowcase-peach-white-label-detail.jpg?v=1785868233",in_stock,50.31 EUR,Coco & Cici,new,8721184401439,B2507526,eco-bamboe-kussensloop-powder-peach,,1 kussensloop 50x75 zonder volant,100% Eco Bamboo fibre
B250906,"Taie d'oreiller Eco Bamboo, couleur « Powder Peach »","En bambou écologique, doux et respirant : notre taie d'oreiller « Powder Peach » constitue une entrée en matière douce et accessible dans l'univers de la literie durable. Elle est idéale pour être associée à n'importe laquelle de nos housses de couette en Tencel™ ou en bambou.",https://www.maisondecocon.com/fr/products/eco-bamboe-kussensloop-powder-peach?variant_sku=B250906,https://cdn.shopify.com/s/files/1/0884/0278/8685/files/tencel-sateen-pillowcase-peach-white-lifestyle.jpg?v=1785868206,"https://cdn.shopify.com/s/files/1/0884/0278/8685/files/tencel-sateen-pillowcase-peach-white-folded.jpg?v=1785868219,https://cdn.shopify.com/s/files/1/0884/0278/8685/files/tencel-sateen-pillowcase-peach-white-label-detail.jpg?v=1785868233",in_stock,55.71 EUR,Coco & Cici,new,8721184401378,B250906,eco-bamboe-kussensloop-powder-peach,,1 kussensloop 50x90,100% Eco Bamboo fibre
M250608,"Taie d'oreiller en twill Tencel™, vert olive","Complétez votre parure avec une touche de douceur assortie. Notre taie d'oreiller en sergé Tencel™ vert olive offre le même confort mat et durable que nos housses de couette : un luxe discret, un oreiller à la fois.",https://www.maisondecocon.com/fr/products/tencel-twill-pillowcase-olive-green?variant_sku=M250608,https://cdn.shopify.com/s/files/1/0884/0278/8685/files/tencel-sateen-pillowcase-olive-green-styled-01.jpg?v=1785868402,,in_stock,53.91 EUR,Coco & Cici,new,8721184401521,M250608,tencel-twill-pillowcase-olive-green,,1 kussensloop 50x60,100% Tencel™ Lyocell
M250908,"Taie d'oreiller en twill Tencel™, vert olive","Complétez votre parure avec une touche de douceur assortie. Notre taie d'oreiller en sergé Tencel™ vert olive offre le même confort mat et durable que nos housses de couette : un luxe discret, un oreiller à la fois.",https://www.maisondecocon.com/fr/products/tencel-twill-pillowcase-olive-green?variant_sku=M250908,https://cdn.shopify.com/s/files/1/0884/0278/8685/files/tencel-sateen-pillowcase-olive-green-styled-01.jpg?v=1785868402,,in_stock,66.51 EUR,Coco & Cici,new,8721184401545,M250908,tencel-twill-pillowcase-olive-green,,1 kussensloop 50x90,100% Tencel™ Lyocell
M265658,"Taie d'oreiller en twill Tencel™, vert olive","Complétez votre parure avec une touche de douceur assortie. Notre taie d'oreiller en sergé Tencel™ vert olive offre le même confort mat et durable que nos housses de couette : un luxe discret, un oreiller à la fois.",https://www.maisondecocon.com/fr/products/tencel-twill-pillowcase-olive-green?variant_sku=M265658,https://cdn.shopify.com/s/files/1/0884/0278/8685/files/tencel-sateen-pillowcase-olive-green-styled-01.jpg?v=1785868402,,in_stock,59.31 EUR,Coco & Cici,new,8721184401576,M265658,tencel-twill-pillowcase-olive-green,,1 kussensloop 65x65,100% Tencel™ Lyocell
M260708,"Taie d'oreiller en twill Tencel™, vert olive","Complétez votre parure avec une touche de douceur assortie. Notre taie d'oreiller en sergé Tencel™ vert olive offre le même confort mat et durable que nos housses de couette : un luxe discret, un oreiller à la fois.",https://www.maisondecocon.com/fr/products/tencel-twill-pillowcase-olive-green?variant_sku=M260708,https://cdn.shopify.com/s/files/1/0884/0278/8685/files/tencel-sateen-pillowcase-olive-green-styled-01.jpg?v=1785868402,,in_stock,59.31 EUR,Coco & Cici,new,8721184401552,M260708,tencel-twill-pillowcase-olive-green,,1 kussensloop 60x70,100% Tencel™ Lyocell
M2607028,"Taie d'oreiller en twill Tencel™, vert olive","Complétez votre parure avec une touche de douceur assortie. Notre taie d'oreiller en sergé Tencel™ vert olive offre le même confort mat et durable que nos housses de couette : un luxe discret, un oreiller à la fois.",https://www.maisondecocon.com/fr/products/tencel-twill-pillowcase-olive-green?variant_sku=M2607028,https://cdn.shopify.com/s/files/1/0884/0278/8685/files/tencel-sateen-pillowcase-olive-green-styled-01.jpg?v=1785868402,,in_stock,53.91 EUR,Coco & Cici,new,8721184401613,M2607028,tencel-twill-pillowcase-olive-green,,1 kussensloop 60x70 zonder volant,100% Tencel™ Lyocell
M240808,"Taie d'oreiller en twill Tencel™, vert olive","Complétez votre parure avec une touche de douceur assortie. Notre taie d'oreiller en sergé Tencel™ vert olive offre le même confort mat et durable que nos housses de couette : un luxe discret, un oreiller à la fois.",https://www.maisondecocon.com/fr/products/tencel-twill-pillowcase-olive-green?variant_sku=M240808,https://cdn.shopify.com/s/files/1/0884/0278/8685/files/tencel-sateen-pillowcase-olive-green-styled-01.jpg?v=1785868402,,in_stock,59.31 EUR,Coco & Cici,new,8721184401514,M240808,tencel-twill-pillowcase-olive-green,,1 kussensloop 40x80,100% Tencel™ Lyocell
M2507528,"Taie d'oreiller en twill Tencel™, vert olive","Complétez votre parure avec une touche de douceur assortie. Notre taie d'oreiller en sergé Tencel™ vert olive offre le même confort mat et durable que nos housses de couette : un luxe discret, un oreiller à la fois.",https://www.maisondecocon.com/fr/products/tencel-twill-pillowcase-olive-green?variant_sku=M2507528,https://cdn.shopify.com/s/files/1/0884/0278/8685/files/tencel-sateen-pillowcase-olive-green-styled-01.jpg?v=1785868402,,in_stock,55.71 EUR,Coco & Cici,new,8721184401606,M2507528,tencel-twill-pillowcase-olive-green,,1 kussensloop 50x75 zonder volant,100% Tencel™ Lyocell
M280808,"Taie d'oreiller en twill Tencel™, vert olive","Complétez votre parure avec une touche de douceur assortie. Notre taie d'oreiller en sergé Tencel™ vert olive offre le même confort mat et durable que nos housses de couette : un luxe discret, un oreiller à la fois.",https://www.maisondecocon.com/fr/products/tencel-twill-pillowcase-olive-green?variant_sku=M280808,https://cdn.shopify.com/s/files/1/0884/0278/8685/files/tencel-sateen-pillowcase-olive-green-styled-01.jpg?v=1785868402,,in_stock,68.31 EUR,Coco & Cici,new,8721184401583,M280808,tencel-twill-pillowcase-olive-green,,1 kussensloop 80x80,100% Tencel™ Lyocell
M250758,"Taie d'oreiller en twill Tencel™, vert olive","Complétez votre parure avec une touche de douceur assortie. Notre taie d'oreiller en sergé Tencel™ vert olive offre le même confort mat et durable que nos housses de couette : un luxe discret, un oreiller à la fois.",https://www.maisondecocon.com/fr/products/tencel-twill-pillowcase-olive-green?variant_sku=M250758,https://cdn.shopify.com/s/files/1/0884/0278/8685/files/tencel-sateen-pillowcase-olive-green-styled-01.jpg?v=1785868402,,in_stock,59.31 EUR,Coco & Cici,new,8721184401538,M250758,tencel-twill-pillowcase-olive-green,,1 kussensloop 50x75,100% Tencel™ Lyocell
M2507028,"Taie d'oreiller en twill Tencel™, vert olive","Complétez votre parure avec une touche de douceur assortie. Notre taie d'oreiller en sergé Tencel™ vert olive offre le même confort mat et durable que nos housses de couette : un luxe discret, un oreiller à la fois.",https://www.maisondecocon.com/fr/products/tencel-twill-pillowcase-olive-green?variant_sku=M2507028,https://cdn.shopify.com/s/files/1/0884/0278/8685/files/tencel-sateen-pillowcase-olive-green-styled-01.jpg?v=1785868402,,out_of_stock,53.91 EUR,Coco & Cici,new,8721184401590,M2507028,tencel-twill-pillowcase-olive-green,,50x70 zonder volant,100% Tencel™ Lyocell
TDR67,"Taie d'oreiller en sergé Tencel™, couleur Dusty Rose","Complétez votre parure avec une touche de douceur assortie. Notre taie d'oreiller en sergé Tencel™ couleur « Dusty Rose » offre le même confort mat et durable que nos housses de couette : un luxe discret, un oreiller à la fois.",https://www.maisondecocon.com/fr/products/tencel-twill-pillowcase-dusty-rose?variant_sku=TDR67,https://cdn.shopify.com/s/files/1/0884/0278/8685/files/tencel-twill-pillowcase-dusty-rose-styled-01.jpg?v=1785869540,,in_stock,59.31 EUR,Coco & Cici,new,8721184405536,TDR67,tencel-twill-pillowcase-dusty-rose,,1 pillowcase 60x70,100% Tencel™ Lyocell
TDR57NB,"Taie d'oreiller en sergé Tencel™, couleur Dusty Rose","Complétez votre parure avec une touche de douceur assortie. Notre taie d'oreiller en sergé Tencel™ couleur « Dusty Rose » offre le même confort mat et durable que nos housses de couette : un luxe discret, un oreiller à la fois.",https://www.maisondecocon.com/fr/products/tencel-twill-pillowcase-dusty-rose?variant_sku=TDR57NB,https://cdn.shopify.com/s/files/1/0884/0278/8685/files/tencel-twill-pillowcase-dusty-rose-styled-01.jpg?v=1785869540,,in_stock,53.91 EUR,Coco & Cici,new,8721184405550,TDR57NB,tencel-twill-pillowcase-dusty-rose,,1 pillowcase 50x70 without valance,100% Tencel™ Lyocell
TDR56,"Taie d'oreiller en sergé Tencel™, couleur Dusty Rose","Complétez votre parure avec une touche de douceur assortie. Notre taie d'oreiller en sergé Tencel™ couleur « Dusty Rose » offre le même confort mat et durable que nos housses de couette : un luxe discret, un oreiller à la fois.",https://www.maisondecocon.com/fr/products/tencel-twill-pillowcase-dusty-rose?variant_sku=TDR56,https://cdn.shopify.com/s/files/1/0884/0278/8685/files/tencel-twill-pillowcase-dusty-rose-styled-01.jpg?v=1785869540,,in_stock,53.91 EUR,Coco & Cici,new,8721184405543,TDR56,tencel-twill-pillowcase-dusty-rose,,1 pillowcase 50x60,100% Tencel™ Lyocell
M2507527,"Taie d'oreiller en sergé Tencel™, blanche","Complétez votre parure avec une touche de douceur assortie. Notre taie d'oreiller en sergé Tencel™ blanche offre le même confort mat et durable que nos housses de couette : un luxe discret, un oreiller à la fois.",https://www.maisondecocon.com/fr/products/tencel-twill-pillowcase-white?variant_sku=M2507527,https://cdn.shopify.com/s/files/1/0884/0278/8685/files/tencel-twill-pillowcase-white-styled-01.jpg?v=1785869540,,in_stock,55.71 EUR,Coco & Cici,new,8721184401934,M2507527,tencel-twill-pillowcase-white,,1 pillowcase 50x75 without Volant,100% Tencel™ Lyocell
M240807,"Taie d'oreiller en sergé Tencel™, blanche","Complétez votre parure avec une touche de douceur assortie. Notre taie d'oreiller en sergé Tencel™ blanche offre le même confort mat et durable que nos housses de couette : un luxe discret, un oreiller à la fois.",https://www.maisondecocon.com/fr/products/tencel-twill-pillowcase-white?variant_sku=M240807,https://cdn.shopify.com/s/files/1/0884/0278/8685/files/tencel-twill-pillowcase-white-styled-01.jpg?v=1785869540,,in_stock,59.31 EUR,Coco & Cici,new,8721184401842,M240807,tencel-twill-pillowcase-white,,1 pillowcase 40x80,100% Tencel™ Lyocell
M280807,"Taie d'oreiller en sergé Tencel™, blanche","Complétez votre parure avec une touche de douceur assortie. Notre taie d'oreiller en sergé Tencel™ blanche offre le même confort mat et durable que nos housses de couette : un luxe discret, un oreiller à la fois.",https://www.maisondecocon.com/fr/products/tencel-twill-pillowcase-white?variant_sku=M280807,https://cdn.shopify.com/s/files/1/0884/0278/8685/files/tencel-twill-pillowcase-white-styled-01.jpg?v=1785869540,,in_stock,68.31 EUR,Coco & Cici,new,8721184401910,M280807,tencel-twill-pillowcase-white,,1 pillowcase 80x80,100% Tencel™ Lyocell
M250757,"Taie d'oreiller en sergé Tencel™, blanche","Complétez votre parure avec une touche de douceur assortie. Notre taie d'oreiller en sergé Tencel™ blanche offre le même confort mat et durable que nos housses de couette : un luxe discret, un oreiller à la fois.",https://www.maisondecocon.com/fr/products/tencel-twill-pillowcase-white?variant_sku=M250757,https://cdn.shopify.com/s/files/1/0884/0278/8685/files/tencel-twill-pillowcase-white-styled-01.jpg?v=1785869540,,in_stock,59.31 EUR,Coco & Cici,new,8721184401866,M250757,tencel-twill-pillowcase-white,,1 pillowcase 50x75,100% Tencel™ Lyocell
M265657,"Taie d'oreiller en sergé Tencel™, blanche","Complétez votre parure avec une touche de douceur assortie. Notre taie d'oreiller en sergé Tencel™ blanche offre le même confort mat et durable que nos housses de couette : un luxe discret, un oreiller à la fois.",https://www.maisondecocon.com/fr/products/tencel-twill-pillowcase-white?variant_sku=M265657,https://cdn.shopify.com/s/files/1/0884/0278/8685/files/tencel-twill-pillowcase-white-styled-01.jpg?v=1785869540,,in_stock,59.31 EUR,Coco & Cici,new,8721184401903,M265657,tencel-twill-pillowcase-white,,1 pillowcase 65x65,100% Tencel™ Lyocell
M250607,"Taie d'oreiller en sergé Tencel™, blanche","Complétez votre parure avec une touche de douceur assortie. Notre taie d'oreiller en sergé Tencel™ blanche offre le même confort mat et durable que nos housses de couette : un luxe discret, un oreiller à la fois.",https://www.maisondecocon.com/fr/products/tencel-twill-pillowcase-white?variant_sku=M250607,https://cdn.shopify.com/s/files/1/0884/0278/8685/files/tencel-twill-pillowcase-white-styled-01.jpg?v=1785869540,,in_stock,53.91 EUR,Coco & Cici,new,8721184401859,M250607,tencel-twill-pillowcase-white,,1 pillowcase 50x60,100% Tencel™ Lyocell
M2607027,"Taie d'oreiller en sergé Tencel™, blanche","Complétez votre parure avec une touche de douceur assortie. Notre taie d'oreiller en sergé Tencel™ blanche offre le même confort mat et durable que nos housses de couette : un luxe discret, un oreiller à la fois.",https://www.maisondecocon.com/fr/products/tencel-twill-pillowcase-white?variant_sku=M2607027,https://cdn.shopify.com/s/files/1/0884/0278/8685/files/tencel-twill-pillowcase-white-styled-01.jpg?v=1785869540,,in_stock,53.91 EUR,Coco & Cici,new,8721184401941,M2607027,tencel-twill-pillowcase-white,,1 pillowcase 60x70 without valance,100% Tencel™ Lyocell
M2507027,"Taie d'oreiller en sergé Tencel™, blanche","Complétez votre parure avec une touche de douceur assortie. Notre taie d'oreiller en sergé Tencel™ blanche offre le même confort mat et durable que nos housses de couette : un luxe discret, un oreiller à la fois.",https://www.maisondecocon.com/fr/products/tencel-twill-pillowcase-white?variant_sku=M2507027,https://cdn.shopify.com/s/files/1/0884/0278/8685/files/tencel-twill-pillowcase-white-styled-01.jpg?v=1785869540,,out_of_stock,53.91 EUR,Coco & Cici,new,8721184401927,M2507027,tencel-twill-pillowcase-white,,50x70 without valance,100% Tencel™ Lyocell
M250907,"Taie d'oreiller en sergé Tencel™, blanche","Complétez votre parure avec une touche de douceur assortie. Notre taie d'oreiller en sergé Tencel™ blanche offre le même confort mat et durable que nos housses de couette : un luxe discret, un oreiller à la fois.",https://www.maisondecocon.com/fr/products/tencel-twill-pillowcase-white?variant_sku=M250907,https://cdn.shopify.com/s/files/1/0884/0278/8685/files/tencel-twill-pillowcase-white-styled-01.jpg?v=1785869540,,in_stock,66.51 EUR,Coco & Cici,new,8721184401873,M250907,tencel-twill-pillowcase-white,,1 pillowcase 50x90,100% Tencel™ Lyocell
M260707,"Taie d'oreiller en sergé Tencel™, blanche","Complétez votre parure avec une touche de douceur assortie. Notre taie d'oreiller en sergé Tencel™ blanche offre le même confort mat et durable que nos housses de couette : un luxe discret, un oreiller à la fois.",https://www.maisondecocon.com/fr/products/tencel-twill-pillowcase-white?variant_sku=M260707,https://cdn.shopify.com/s/files/1/0884/0278/8685/files/tencel-twill-pillowcase-white-styled-01.jpg?v=1785869540,,in_stock,59.31 EUR,Coco & Cici,new,8721184401880,M260707,tencel-twill-pillowcase-white,,1 pillowcase 60x70,100% Tencel™ Lyocell
250901,"Taie d'oreiller en Tencel™ satiné, blanche","Doux, respirant et doté d'un éclat satiné délicat, notre taie d'oreiller en Tencel™ satiné, de couleur blanche, s'accorde à merveille avec n'importe laquelle de nos housses de couette en satin — ou se suffit à elle-même.",https://www.maisondecocon.com/fr/products/tencel-sateen-pillowcase-white?variant_sku=250901,https://cdn.shopify.com/s/files/1/0884/0278/8685/files/tencel-sateen-pillowcase-white-styled-01.jpg?v=1785869540,,in_stock,75.51 EUR,Coco & Cici,new,6097741424473,250901,tencel-sateen-pillowcase-white,,1 pillowcase 50x90,100% Tencel™ Lyocell
2607021,"Taie d'oreiller en Tencel™ satiné, blanche","Doux, respirant et doté d'un éclat satiné délicat, notre taie d'oreiller en Tencel™ satiné, de couleur blanche, s'accorde à merveille avec n'importe laquelle de nos housses de couette en satin — ou se suffit à elle-même.",https://www.maisondecocon.com/fr/products/tencel-sateen-pillowcase-white?variant_sku=2607021,https://cdn.shopify.com/s/files/1/0884/0278/8685/files/tencel-sateen-pillowcase-white-styled-01.jpg?v=1785869540,,in_stock,62.91 EUR,Coco & Cici,new,8721184402467,2607021,tencel-sateen-pillowcase-white,,1 pillowcase 60x70 without valance,100% Tencel™ Lyocell
250601,"Taie d'oreiller en Tencel™ satiné, blanche","Doux, respirant et doté d'un éclat satiné délicat, notre taie d'oreiller en Tencel™ satiné, de couleur blanche, s'accorde à merveille avec n'importe laquelle de nos housses de couette en satin — ou se suffit à elle-même.",https://www.maisondecocon.com/fr/products/tencel-sateen-pillowcase-white?variant_sku=250601,https://cdn.shopify.com/s/files/1/0884/0278/8685/files/tencel-sateen-pillowcase-white-styled-01.jpg?v=1785869540,,out_of_stock,62.91 EUR,Coco & Cici,new,7439634187161,250601,tencel-sateen-pillowcase-white,,1 pillowcase 50x60,100% Tencel™ Lyocell
260701,"Taie d'oreiller en Tencel™ satiné, blanche","Doux, respirant et doté d'un éclat satiné délicat, notre taie d'oreiller en Tencel™ satiné, de couleur blanche, s'accorde à merveille avec n'importe laquelle de nos housses de couette en satin — ou se suffit à elle-même.",https://www.maisondecocon.com/fr/products/tencel-sateen-pillowcase-white?variant_sku=260701,https://cdn.shopify.com/s/files/1/0884/0278/8685/files/tencel-sateen-pillowcase-white-styled-01.jpg?v=1785869540,,in_stock,71.91 EUR,Coco & Cici,new,8721184402429,260701,tencel-sateen-pillowcase-white,,1 pillowcase 60x70,100% Tencel™ Lyocell
250751,"Taie d'oreiller en Tencel™ satiné, blanche","Doux, respirant et doté d'un éclat satiné délicat, notre taie d'oreiller en Tencel™ satiné, de couleur blanche, s'accorde à merveille avec n'importe laquelle de nos housses de couette en satin — ou se suffit à elle-même.",https://www.maisondecocon.com/fr/products/tencel-sateen-pillowcase-white?variant_sku=250751,https://cdn.shopify.com/s/files/1/0884/0278/8685/files/tencel-sateen-pillowcase-white-styled-01.jpg?v=1785869540,,in_stock,71.91 EUR,Coco & Cici,new,6097741312350,250751,tencel-sateen-pillowcase-white,,1 pillowcase 50x75,100% Tencel™ Lyocell
2507521,"Taie d'oreiller en Tencel™ satiné, blanche","Doux, respirant et doté d'un éclat satiné délicat, notre taie d'oreiller en Tencel™ satiné, de couleur blanche, s'accorde à merveille avec n'importe laquelle de nos housses de couette en satin — ou se suffit à elle-même.",https://www.maisondecocon.com/fr/products/tencel-sateen-pillowcase-white?variant_sku=2507521,https://cdn.shopify.com/s/files/1/0884/0278/8685/files/tencel-sateen-pillowcase-white-styled-01.jpg?v=1785869540,,in_stock,62.91 EUR,Coco & Cici,new,8721184401071,2507521,tencel-sateen-pillowcase-white,,1 pillowcase 50x75 without Volant,100% Tencel™ Lyocell
2507021,"Taie d'oreiller en Tencel™ satiné, blanche","Doux, respirant et doté d'un éclat satiné délicat, notre taie d'oreiller en Tencel™ satiné, de couleur blanche, s'accorde à merveille avec n'importe laquelle de nos housses de couette en satin — ou se suffit à elle-même.",https://www.maisondecocon.com/fr/products/tencel-sateen-pillowcase-white?variant_sku=2507021,https://cdn.shopify.com/s/files/1/0884/0278/8685/files/tencel-sateen-pillowcase-white-styled-01.jpg?v=1785869540,,out_of_stock,57.51 EUR,Coco & Cici,new,8721184402450,2507021,tencel-sateen-pillowcase-white,,1 pillowcase 50x70 without valance,100% Tencel™ Lyocell
280801,"Taie d'oreiller en Tencel™ satiné, blanche","Doux, respirant et doté d'un éclat satiné délicat, notre taie d'oreiller en Tencel™ satiné, de couleur blanche, s'accorde à merveille avec n'importe laquelle de nos housses de couette en satin — ou se suffit à elle-même.",https://www.maisondecocon.com/fr/products/tencel-sateen-pillowcase-white?variant_sku=280801,https://cdn.shopify.com/s/files/1/0884/0278/8685/files/tencel-sateen-pillowcase-white-styled-01.jpg?v=1785869540,,in_stock,77.31 EUR,Coco & Cici,new,7423609016051,280801,tencel-sateen-pillowcase-white,,1 pillowcase 80x80,100% Tencel™ Lyocell
240801,"Taie d'oreiller en Tencel™ satiné, blanche","Doux, respirant et doté d'un éclat satiné délicat, notre taie d'oreiller en Tencel™ satiné, de couleur blanche, s'accorde à merveille avec n'importe laquelle de nos housses de couette en satin — ou se suffit à elle-même.",https://www.maisondecocon.com/fr/products/tencel-sateen-pillowcase-white?variant_sku=240801,https://cdn.shopify.com/s/files/1/0884/0278/8685/files/tencel-sateen-pillowcase-white-styled-01.jpg?v=1785869540,,in_stock,62.91 EUR,Coco & Cici,new,7423608926948,240801,tencel-sateen-pillowcase-white,,1 pillowcase 40x80,100% Tencel™ Lyocell
265651,"Taie d'oreiller en Tencel™ satiné, blanche","Doux, respirant et doté d'un éclat satiné délicat, notre taie d'oreiller en Tencel™ satiné, de couleur blanche, s'accorde à merveille avec n'importe laquelle de nos housses de couette en satin — ou se suffit à elle-même.",https://www.maisondecocon.com/fr/products/tencel-sateen-pillowcase-white?variant_sku=265651,https://cdn.shopify.com/s/files/1/0884/0278/8685/files/tencel-sateen-pillowcase-white-styled-01.jpg?v=1785869540,,in_stock,71.91 EUR,Coco & Cici,new,6097741097011,265651,tencel-sateen-pillowcase-white,,1 pillowcase 65x65,100% Tencel™ Lyocell
SPW67,"Taie d'oreiller en Tencel™ satiné, couleur pêche et blanc","D'une texture lisse et respirante, et dotée d'un éclat satiné tout en douceur, notre taie d'oreiller en Tencel™ Sateen, couleur « Peach White », s'harmonise parfaitement avec n'importe laquelle de nos housses de couette en satin — ou se suffit à elle-même.",https://www.maisondecocon.com/fr/products/tencel-sateen-pillowcase-peach-white?variant_sku=SPW67,https://cdn.shopify.com/s/files/1/0884/0278/8685/files/tencel-sateen-pillowcase-peach-white-styled-01.jpg?v=1785869525,"https://cdn.shopify.com/s/files/1/0884/0278/8685/files/tencel-sateen-pillowcase-peach-white-lifestyle-01.jpg?v=1785869525,https://cdn.shopify.com/s/files/1/0884/0278/8685/files/tencel-sateen-pillowcase-peach-white-styled-02.jpg?v=1785869525,https://cdn.shopify.com/s/files/1/0884/0278/8685/files/tencel-sateen-pillowcase-peach-white-detail-01.jpg?v=1785869525,https://cdn.shopify.com/s/files/1/0884/0278/8685/files/tencel-sateen-pillowcase-peach-white-texture-01.jpg?v=1785869525",in_stock,71.91 EUR,Coco & Cici,new,8721184406144,SPW67,tencel-sateen-pillowcase-peach-white,,1 pillowcase 60x70,100% Tencel™ Lyocell
SPW57NB,"Taie d'oreiller en Tencel™ satiné, couleur pêche et blanc","D'une texture lisse et respirante, et dotée d'un éclat satiné tout en douceur, notre taie d'oreiller en Tencel™ Sateen, couleur « Peach White », s'harmonise parfaitement avec n'importe laquelle de nos housses de couette en satin — ou se suffit à elle-même.",https://www.maisondecocon.com/fr/products/tencel-sateen-pillowcase-peach-white?variant_sku=SPW57NB,https://cdn.shopify.com/s/files/1/0884/0278/8685/files/tencel-sateen-pillowcase-peach-white-styled-01.jpg?v=1785869525,"https://cdn.shopify.com/s/files/1/0884/0278/8685/files/tencel-sateen-pillowcase-peach-white-lifestyle-01.jpg?v=1785869525,https://cdn.shopify.com/s/files/1/0884/0278/8685/files/tencel-sateen-pillowcase-peach-white-styled-02.jpg?v=1785869525,https://cdn.shopify.com/s/files/1/0884/0278/8685/files/tencel-sateen-pillowcase-peach-white-detail-01.jpg?v=1785869525,https://cdn.shopify.com/s/files/1/0884/0278/8685/files/tencel-sateen-pillowcase-peach-white-texture-01.jpg?v=1785869525",in_stock,57.51 EUR,Coco & Cici,new,8721184406168,SPW57NB,tencel-sateen-pillowcase-peach-white,,1 pillowcase 50x70 without valance,100% Tencel™ Lyocell
SPW67NB,"Taie d'oreiller en Tencel™ satiné, couleur pêche et blanc","D'une texture lisse et respirante, et dotée d'un éclat satiné tout en douceur, notre taie d'oreiller en Tencel™ Sateen, couleur « Peach White », s'harmonise parfaitement avec n'importe laquelle de nos housses de couette en satin — ou se suffit à elle-même.",https://www.maisondecocon.com/fr/products/tencel-sateen-pillowcase-peach-white?variant_sku=SPW67NB,https://cdn.shopify.com/s/files/1/0884/0278/8685/files/tencel-sateen-pillowcase-peach-white-styled-01.jpg?v=1785869525,"https://cdn.shopify.com/s/files/1/0884/0278/8685/files/tencel-sateen-pillowcase-peach-white-lifestyle-01.jpg?v=1785869525,https://cdn.shopify.com/s/files/1/0884/0278/8685/files/tencel-sateen-pillowcase-peach-white-styled-02.jpg?v=1785869525,https://cdn.shopify.com/s/files/1/0884/0278/8685/files/tencel-sateen-pillowcase-peach-white-detail-01.jpg?v=1785869525,https://cdn.shopify.com/s/files/1/0884/0278/8685/files/tencel-sateen-pillowcase-peach-white-texture-01.jpg?v=1785869525",in_stock,62.91 EUR,Coco & Cici,new,8721184406175,SPW67NB,tencel-sateen-pillowcase-peach-white,,1 pillowcase 60x70 without valance,100% Tencel™ Lyocell
SPW56,"Taie d'oreiller en Tencel™ satiné, couleur pêche et blanc","D'une texture lisse et respirante, et dotée d'un éclat satiné tout en douceur, notre taie d'oreiller en Tencel™ Sateen, couleur « Peach White », s'harmonise parfaitement avec n'importe laquelle de nos housses de couette en satin — ou se suffit à elle-même.",https://www.maisondecocon.com/fr/products/tencel-sateen-pillowcase-peach-white?variant_sku=SPW56,https://cdn.shopify.com/s/files/1/0884/0278/8685/files/tencel-sateen-pillowcase-peach-white-styled-01.jpg?v=1785869525,"https://cdn.shopify.com/s/files/1/0884/0278/8685/files/tencel-sateen-pillowcase-peach-white-lifestyle-01.jpg?v=1785869525,https://cdn.shopify.com/s/files/1/0884/0278/8685/files/tencel-sateen-pillowcase-peach-white-styled-02.jpg?v=1785869525,https://cdn.shopify.com/s/files/1/0884/0278/8685/files/tencel-sateen-pillowcase-peach-white-detail-01.jpg?v=1785869525,https://cdn.shopify.com/s/files/1/0884/0278/8685/files/tencel-sateen-pillowcase-peach-white-texture-01.jpg?v=1785869525",in_stock,62.91 EUR,Coco & Cici,new,8721184406151,SPW56,tencel-sateen-pillowcase-peach-white,,1 pillowcase 50x60,100% Tencel™ Lyocell
TDB56,"Taie d'oreiller en twill Tencel™, bleu foncé","Complétez votre parure avec une touche de douceur assortie. Notre taie d'oreiller en sergé Tencel™ bleu foncé offre le même confort mat et durable que nos housses de couette : un luxe discret, un oreiller à la fois.",https://www.maisondecocon.com/fr/products/tencel-twill-pillowcase-dark-blue?variant_sku=TDB56,https://cdn.shopify.com/s/files/1/0884/0278/8685/files/tencel-twill-pillowcase-dark-blue-styled-01.jpg?v=1785869525,,in_stock,53.91 EUR,Coco & Cici,new,8721184405697,TDB56,tencel-twill-pillowcase-dark-blue,,1 pillowcase 50x60,100% Tencel™ Lyocell
TDB57NB,"Taie d'oreiller en twill Tencel™, bleu foncé","Complétez votre parure avec une touche de douceur assortie. Notre taie d'oreiller en sergé Tencel™ bleu foncé offre le même confort mat et durable que nos housses de couette : un luxe discret, un oreiller à la fois.",https://www.maisondecocon.com/fr/products/tencel-twill-pillowcase-dark-blue?variant_sku=TDB57NB,https://cdn.shopify.com/s/files/1/0884/0278/8685/files/tencel-twill-pillowcase-dark-blue-styled-01.jpg?v=1785869525,,out_of_stock,53.91 EUR,Coco & Cici,new,8721184405703,TDB57NB,tencel-twill-pillowcase-dark-blue,,1 pillowcase 50x70 without valance,100% Tencel™ Lyocell
TDB67,"Taie d'oreiller en twill Tencel™, bleu foncé","Complétez votre parure avec une touche de douceur assortie. Notre taie d'oreiller en sergé Tencel™ bleu foncé offre le même confort mat et durable que nos housses de couette : un luxe discret, un oreiller à la fois.",https://www.maisondecocon.com/fr/products/tencel-twill-pillowcase-dark-blue?variant_sku=TDB67,https://cdn.shopify.com/s/files/1/0884/0278/8685/files/tencel-twill-pillowcase-dark-blue-styled-01.jpg?v=1785869525,,in_stock,59.31 EUR,Coco & Cici,new,8721184405680,TDB67,tencel-twill-pillowcase-dark-blue,,1 pillowcase 60x70,100% Tencel™ Lyocell
TLB67,"Taie d'oreiller en sergé Tencel™, bleu lavande","Complétez votre parure avec une touche de douceur assortie. Notre taie d'oreiller en sergé Tencel™ bleu lavande offre le même confort mat et durable que nos housses de couette : un luxe discret, un oreiller à la fois.",https://www.maisondecocon.com/fr/products/tencel-twill-pillowcase-lavender-blue?variant_sku=TLB67,https://cdn.shopify.com/s/files/1/0884/0278/8685/files/tencel-twill-pillowcase-lavender-blue-styled-01.jpg?v=1785869506,"https://cdn.shopify.com/s/files/1/0884/0278/8685/files/tencel-twill-pillowcase-lavender-blue-styled-02.jpg?v=1785869506,https://cdn.shopify.com/s/files/1/0884/0278/8685/files/tencel-twill-pillowcase-lavender-blue-lifestyle-01.jpg?v=1785869506,https://cdn.shopify.com/s/files/1/0884/0278/8685/files/tencel-twill-pillowcase-lavender-blue-detail-01.jpg?v=1785869506,https://cdn.shopify.com/s/files/1/0884/0278/8685/files/tencel-twill-pillowcase-lavender-blue-texture-01.jpg?v=1785869506",in_stock,59.31 EUR,Coco & Cici,new,8721184405833,TLB67,tencel-twill-pillowcase-lavender-blue,,1 pillowcase 60x70,100% Tencel™ Lyocell
TLB56,"Taie d'oreiller en sergé Tencel™, bleu lavande","Complétez votre parure avec une touche de douceur assortie. Notre taie d'oreiller en sergé Tencel™ bleu lavande offre le même confort mat et durable que nos housses de couette : un luxe discret, un oreiller à la fois.",https://www.maisondecocon.com/fr/products/tencel-twill-pillowcase-lavender-blue?variant_sku=TLB56,https://cdn.shopify.com/s/files/1/0884/0278/8685/files/tencel-twill-pillowcase-lavender-blue-styled-01.jpg?v=1785869506,"https://cdn.shopify.com/s/files/1/0884/0278/8685/files/tencel-twill-pillowcase-lavender-blue-styled-02.jpg?v=1785869506,https://cdn.shopify.com/s/files/1/0884/0278/8685/files/tencel-twill-pillowcase-lavender-blue-lifestyle-01.jpg?v=1785869506,https://cdn.shopify.com/s/files/1/0884/0278/8685/files/tencel-twill-pillowcase-lavender-blue-detail-01.jpg?v=1785869506,https://cdn.shopify.com/s/files/1/0884/0278/8685/files/tencel-twill-pillowcase-lavender-blue-texture-01.jpg?v=1785869506",in_stock,53.91 EUR,Coco & Cici,new,8721184405840,TLB56,tencel-twill-pillowcase-lavender-blue,,1 pillowcase 50x60,100% Tencel™ Lyocell
TLB57NB,"Taie d'oreiller en sergé Tencel™, bleu lavande","Complétez votre parure avec une touche de douceur assortie. Notre taie d'oreiller en sergé Tencel™ bleu lavande offre le même confort mat et durable que nos housses de couette : un luxe discret, un oreiller à la fois.",https://www.maisondecocon.com/fr/products/tencel-twill-pillowcase-lavender-blue?variant_sku=TLB57NB,https://cdn.shopify.com/s/files/1/0884/0278/8685/files/tencel-twill-pillowcase-lavender-blue-styled-01.jpg?v=1785869506,"https://cdn.shopify.com/s/files/1/0884/0278/8685/files/tencel-twill-pillowcase-lavender-blue-styled-02.jpg?v=1785869506,https://cdn.shopify.com/s/files/1/0884/0278/8685/files/tencel-twill-pillowcase-lavender-blue-lifestyle-01.jpg?v=1785869506,https://cdn.shopify.com/s/files/1/0884/0278/8685/files/tencel-twill-pillowcase-lavender-blue-detail-01.jpg?v=1785869506,https://cdn.shopify.com/s/files/1/0884/0278/8685/files/tencel-twill-pillowcase-lavender-blue-texture-01.jpg?v=1785869506",in_stock,53.91 EUR,Coco & Cici,new,8721184405857,TLB57NB,tencel-twill-pillowcase-lavender-blue,,1 pillowcase 50x70 without valance,100% Tencel™ Lyocell
TOY57NB,"Taie d'oreiller en sergé Tencel™, jaune ocre","Complétez votre parure avec une touche de douceur assortie. Notre taie d'oreiller en sergé Tencel™ couleur jaune ocre offre le même confort mat et résistant que nos housses de couette : un luxe discret, un oreiller à la fois.",https://www.maisondecocon.com/fr/products/tencel-twill-pillowcase-ocher-yellow?variant_sku=TOY57NB,https://cdn.shopify.com/s/files/1/0884/0278/8685/files/tencel-twill-pillowcase-ocher-yellow-styled-01.jpg?v=1785869487,,in_stock,53.91 EUR,Coco & Cici,new,8721184405406,TOY57NB,tencel-twill-pillowcase-ocher-yellow,,1 pillowcase 50x70 without valance,100% Tencel™ Lyocell
TOY56,"Taie d'oreiller en sergé Tencel™, jaune ocre","Complétez votre parure avec une touche de douceur assortie. Notre taie d'oreiller en sergé Tencel™ couleur jaune ocre offre le même confort mat et résistant que nos housses de couette : un luxe discret, un oreiller à la fois.",https://www.maisondecocon.com/fr/products/tencel-twill-pillowcase-ocher-yellow?variant_sku=TOY56,https://cdn.shopify.com/s/files/1/0884/0278/8685/files/tencel-twill-pillowcase-ocher-yellow-styled-01.jpg?v=1785869487,,in_stock,53.91 EUR,Coco & Cici,new,8721184405390,TOY56,tencel-twill-pillowcase-ocher-yellow,,1 pillowcase 50x60,100% Tencel™ Lyocell
TOY67,"Taie d'oreiller en sergé Tencel™, jaune ocre","Complétez votre parure avec une touche de douceur assortie. Notre taie d'oreiller en sergé Tencel™ couleur jaune ocre offre le même confort mat et résistant que nos housses de couette : un luxe discret, un oreiller à la fois.",https://www.maisondecocon.com/fr/products/tencel-twill-pillowcase-ocher-yellow?variant_sku=TOY67,https://cdn.shopify.com/s/files/1/0884/0278/8685/files/tencel-twill-pillowcase-ocher-yellow-styled-01.jpg?v=1785869487,,in_stock,59.31 EUR,Coco & Cici,new,8721184405383,TOY67,tencel-twill-pillowcase-ocher-yellow,,1 pillowcase 60x70,100% Tencel™ Lyocell
SWS67,"Taie d'oreiller en Tencel™ Sateen, couleur « White Sand »","D'une texture lisse et respirante, et dotée d'un éclat satiné tout en douceur, notre taie d'oreiller en Tencel™ Sateen, couleur « White Sand », s'harmonise parfaitement avec n'importe laquelle de nos housses de couette en satin — ou se suffit à elle-même.",https://www.maisondecocon.com/fr/products/tencel-sateen-pillowcase-white-sand?variant_sku=SWS67,https://cdn.shopify.com/s/files/1/0884/0278/8685/files/tencel-sateen-pillowcase-white-sand-styled-01.jpg?v=1785869487,"https://cdn.shopify.com/s/files/1/0884/0278/8685/files/tencel-sateen-pillowcase-white-sand-styled-02.jpg?v=1785869487,https://cdn.shopify.com/s/files/1/0884/0278/8685/files/tencel-sateen-pillowcase-white-sand-lifestyle-01.jpg?v=1785869487,https://cdn.shopify.com/s/files/1/0884/0278/8685/files/tencel-sateen-pillowcase-white-sand-detail-01.jpg?v=1785869487,https://cdn.shopify.com/s/files/1/0884/0278/8685/files/tencel-sateen-pillowcase-white-sand-texture-01.jpg?v=1785869487",in_stock,71.91 EUR,Coco & Cici,new,8721184405987,SWS67,tencel-sateen-pillowcase-white-sand,,1 pillowcase 60x70,100% Tencel™ Lyocell
SWS57NB,"Taie d'oreiller en Tencel™ Sateen, couleur « White Sand »","D'une texture lisse et respirante, et dotée d'un éclat satiné tout en douceur, notre taie d'oreiller en Tencel™ Sateen, couleur « White Sand », s'harmonise parfaitement avec n'importe laquelle de nos housses de couette en satin — ou se suffit à elle-même.",https://www.maisondecocon.com/fr/products/tencel-sateen-pillowcase-white-sand?variant_sku=SWS57NB,https://cdn.shopify.com/s/files/1/0884/0278/8685/files/tencel-sateen-pillowcase-white-sand-styled-01.jpg?v=1785869487,"https://cdn.shopify.com/s/files/1/0884/0278/8685/files/tencel-sateen-pillowcase-white-sand-styled-02.jpg?v=1785869487,https://cdn.shopify.com/s/files/1/0884/0278/8685/files/tencel-sateen-pillowcase-white-sand-lifestyle-01.jpg?v=1785869487,https://cdn.shopify.com/s/files/1/0884/0278/8685/files/tencel-sateen-pillowcase-white-sand-detail-01.jpg?v=1785869487,https://cdn.shopify.com/s/files/1/0884/0278/8685/files/tencel-sateen-pillowcase-white-sand-texture-01.jpg?v=1785869487",in_stock,57.51 EUR,Coco & Cici,new,8721184406007,SWS57NB,tencel-sateen-pillowcase-white-sand,,1 pillowcase 50x70 without valance,100% Tencel™ Lyocell
SWS67NB,"Taie d'oreiller en Tencel™ Sateen, couleur « White Sand »","D'une texture lisse et respirante, et dotée d'un éclat satiné tout en douceur, notre taie d'oreiller en Tencel™ Sateen, couleur « White Sand », s'harmonise parfaitement avec n'importe laquelle de nos housses de couette en satin — ou se suffit à elle-même.",https://www.maisondecocon.com/fr/products/tencel-sateen-pillowcase-white-sand?variant_sku=SWS67NB,https://cdn.shopify.com/s/files/1/0884/0278/8685/files/tencel-sateen-pillowcase-white-sand-styled-01.jpg?v=1785869487,"https://cdn.shopify.com/s/files/1/0884/0278/8685/files/tencel-sateen-pillowcase-white-sand-styled-02.jpg?v=1785869487,https://cdn.shopify.com/s/files/1/0884/0278/8685/files/tencel-sateen-pillowcase-white-sand-lifestyle-01.jpg?v=1785869487,https://cdn.shopify.com/s/files/1/0884/0278/8685/files/tencel-sateen-pillowcase-white-sand-detail-01.jpg?v=1785869487,https://cdn.shopify.com/s/files/1/0884/0278/8685/files/tencel-sateen-pillowcase-white-sand-texture-01.jpg?v=1785869487",in_stock,62.91 EUR,Coco & Cici,new,8721184406014,SWS67NB,tencel-sateen-pillowcase-white-sand,,1 pillowcase 60x70 without valance,100% Tencel™ Lyocell
SWS56,"Taie d'oreiller en Tencel™ Sateen, couleur « White Sand »","D'une texture lisse et respirante, et dotée d'un éclat satiné tout en douceur, notre taie d'oreiller en Tencel™ Sateen, couleur « White Sand », s'harmonise parfaitement avec n'importe laquelle de nos housses de couette en satin — ou se suffit à elle-même.",https://www.maisondecocon.com/fr/products/tencel-sateen-pillowcase-white-sand?variant_sku=SWS56,https://cdn.shopify.com/s/files/1/0884/0278/8685/files/tencel-sateen-pillowcase-white-sand-styled-01.jpg?v=1785869487,"https://cdn.shopify.com/s/files/1/0884/0278/8685/files/tencel-sateen-pillowcase-white-sand-styled-02.jpg?v=1785869487,https://cdn.shopify.com/s/files/1/0884/0278/8685/files/tencel-sateen-pillowcase-white-sand-lifestyle-01.jpg?v=1785869487,https://cdn.shopify.com/s/files/1/0884/0278/8685/files/tencel-sateen-pillowcase-white-sand-detail-01.jpg?v=1785869487,https://cdn.shopify.com/s/files/1/0884/0278/8685/files/tencel-sateen-pillowcase-white-sand-texture-01.jpg?v=1785869487",in_stock,62.91 EUR,Coco & Cici,new,8721184405994,SWS56,tencel-sateen-pillowcase-white-sand,,1 pillowcase 50x60,100% Tencel™ Lyocell
12002005VS,"Housse de couette en Tencel™ satiné, blanc cassé","Réveillez-vous comme si vous étiez encore en vacances. Notre housse de couette en satin de Tencel™ de couleur blanc cassé apporte à votre chambre une douceur soyeuse et lumineuse, avec un éclat naturel qui s'adoucit magnifiquement au fil des utilisations.",https://www.maisondecocon.com/fr/products/tencel-sateen-duvet-cover-off-white?variant_sku=12002005VS,https://cdn.shopify.com/s/files/1/0884/0278/8685/files/tencel-sateen-duvet-cover-off-white-styled-01.jpg?v=1785869466,"https://cdn.shopify.com/s/files/1/0884/0278/8685/files/tencel-sateen-duvet-cover-off-white-lifestyle-01.jpg?v=1785869466,https://cdn.shopify.com/s/files/1/0884/0278/8685/files/tencel-sateen-duvet-cover-off-white-lifestyle-02.jpg?v=1785869466,https://cdn.shopify.com/s/files/1/0884/0278/8685/files/tencel-sateen-duvet-cover-off-white-detail-01.jpg?v=1785869466,https://cdn.shopify.com/s/files/1/0884/0278/8685/files/tencel-sateen-duvet-cover-off-white-texture-01.jpg?v=1785869466",out_of_stock,229.95 EUR,Coco & Cici,new,8721184403662,12002005VS,tencel-sateen-duvet-cover-off-white,,200x200 + 2 pillowcases 60x70,"100% Tencel™ Lyocell, Sateen weave"
12602205VS,"Housse de couette en Tencel™ satiné, blanc cassé","Réveillez-vous comme si vous étiez encore en vacances. Notre housse de couette en satin de Tencel™ de couleur blanc cassé apporte à votre chambre une douceur soyeuse et lumineuse, avec un éclat naturel qui s'adoucit magnifiquement au fil des utilisations.",https://www.maisondecocon.com/fr/products/tencel-sateen-duvet-cover-off-white?variant_sku=12602205VS,https://cdn.shopify.com/s/files/1/0884/0278/8685/files/tencel-sateen-duvet-cover-off-white-styled-01.jpg?v=1785869466,"https://cdn.shopify.com/s/files/1/0884/0278/8685/files/tencel-sateen-duvet-cover-off-white-lifestyle-01.jpg?v=1785869466,https://cdn.shopify.com/s/files/1/0884/0278/8685/files/tencel-sateen-duvet-cover-off-white-lifestyle-02.jpg?v=1785869466,https://cdn.shopify.com/s/files/1/0884/0278/8685/files/tencel-sateen-duvet-cover-off-white-detail-01.jpg?v=1785869466,https://cdn.shopify.com/s/files/1/0884/0278/8685/files/tencel-sateen-duvet-cover-off-white-texture-01.jpg?v=1785869466",out_of_stock,269.95 EUR,Coco & Cici,new,8721184402269,12602205VS,tencel-sateen-duvet-cover-off-white,,260x220 + 2 pillowcases 60x70,"100% Tencel™ Lyocell, Sateen weave"
12002205VS,"Housse de couette en Tencel™ satiné, blanc cassé","Réveillez-vous comme si vous étiez encore en vacances. Notre housse de couette en satin de Tencel™ de couleur blanc cassé apporte à votre chambre une douceur soyeuse et lumineuse, avec un éclat naturel qui s'adoucit magnifiquement au fil des utilisations.",https://www.maisondecocon.com/fr/products/tencel-sateen-duvet-cover-off-white?variant_sku=12002205VS,https://cdn.shopify.com/s/files/1/0884/0278/8685/files/tencel-sateen-duvet-cover-off-white-styled-01.jpg?v=1785869466,"https://cdn.shopify.com/s/files/1/0884/0278/8685/files/tencel-sateen-duvet-cover-off-white-lifestyle-01.jpg?v=1785869466,https://cdn.shopify.com/s/files/1/0884/0278/8685/files/tencel-sateen-duvet-cover-off-white-lifestyle-02.jpg?v=1785869466,https://cdn.shopify.com/s/files/1/0884/0278/8685/files/tencel-sateen-duvet-cover-off-white-detail-01.jpg?v=1785869466,https://cdn.shopify.com/s/files/1/0884/0278/8685/files/tencel-sateen-duvet-cover-off-white-texture-01.jpg?v=1785869466",out_of_stock,229.95 EUR,Coco & Cici,new,8721184403709,12002205VS,tencel-sateen-duvet-cover-off-white,,200x220 + 2 pillowcases 60x70,"100% Tencel™ Lyocell, Sateen weave"
11402005VS,"Housse de couette en Tencel™ satiné, blanc cassé","Réveillez-vous comme si vous étiez encore en vacances. Notre housse de couette en satin de Tencel™ de couleur blanc cassé apporte à votre chambre une douceur soyeuse et lumineuse, avec un éclat naturel qui s'adoucit magnifiquement au fil des utilisations.",https://www.maisondecocon.com/fr/products/tencel-sateen-duvet-cover-off-white?variant_sku=11402005VS,https://cdn.shopify.com/s/files/1/0884/0278/8685/files/tencel-sateen-duvet-cover-off-white-styled-01.jpg?v=1785869466,"https://cdn.shopify.com/s/files/1/0884/0278/8685/files/tencel-sateen-duvet-cover-off-white-lifestyle-01.jpg?v=1785869466,https://cdn.shopify.com/s/files/1/0884/0278/8685/files/tencel-sateen-duvet-cover-off-white-lifestyle-02.jpg?v=1785869466,https://cdn.shopify.com/s/files/1/0884/0278/8685/files/tencel-sateen-duvet-cover-off-white-detail-01.jpg?v=1785869466,https://cdn.shopify.com/s/files/1/0884/0278/8685/files/tencel-sateen-duvet-cover-off-white-texture-01.jpg?v=1785869466",in_stock,159.95 EUR,Coco & Cici,new,8721184402214,11402005VS,tencel-sateen-duvet-cover-off-white,,140x200 + 1 pillowcase 60x70,"100% Tencel™ Lyocell, Sateen weave"
12402205VS,"Housse de couette en Tencel™ satiné, blanc cassé","Réveillez-vous comme si vous étiez encore en vacances. Notre housse de couette en satin de Tencel™ de couleur blanc cassé apporte à votre chambre une douceur soyeuse et lumineuse, avec un éclat naturel qui s'adoucit magnifiquement au fil des utilisations.",https://www.maisondecocon.com/fr/products/tencel-sateen-duvet-cover-off-white?variant_sku=12402205VS,https://cdn.shopify.com/s/files/1/0884/0278/8685/files/tencel-sateen-duvet-cover-off-white-styled-01.jpg?v=1785869466,"https://cdn.shopify.com/s/files/1/0884/0278/8685/files/tencel-sateen-duvet-cover-off-white-lifestyle-01.jpg?v=1785869466,https://cdn.shopify.com/s/files/1/0884/0278/8685/files/tencel-sateen-duvet-cover-off-white-lifestyle-02.jpg?v=1785869466,https://cdn.shopify.com/s/files/1/0884/0278/8685/files/tencel-sateen-duvet-cover-off-white-detail-01.jpg?v=1785869466,https://cdn.shopify.com/s/files/1/0884/0278/8685/files/tencel-sateen-duvet-cover-off-white-texture-01.jpg?v=1785869466",out_of_stock,249.95 EUR,Coco & Cici,new,8721184403747,12402205VS,tencel-sateen-duvet-cover-off-white,,240x220 + 2 pillowcases 60x70,"100% Tencel™ Lyocell, Sateen weave"
11402205VS,"Housse de couette en Tencel™ satiné, blanc cassé","Réveillez-vous comme si vous étiez encore en vacances. Notre housse de couette en satin de Tencel™ de couleur blanc cassé apporte à votre chambre une douceur soyeuse et lumineuse, avec un éclat naturel qui s'adoucit magnifiquement au fil des utilisations.",https://www.maisondecocon.com/fr/products/tencel-sateen-duvet-cover-off-white?variant_sku=11402205VS,https://cdn.shopify.com/s/files/1/0884/0278/8685/files/tencel-sateen-duvet-cover-off-white-styled-01.jpg?v=1785869466,"https://cdn.shopify.com/s/files/1/0884/0278/8685/files/tencel-sateen-duvet-cover-off-white-lifestyle-01.jpg?v=1785869466,https://cdn.shopify.com/s/files/1/0884/0278/8685/files/tencel-sateen-duvet-cover-off-white-lifestyle-02.jpg?v=1785869466,https://cdn.shopify.com/s/files/1/0884/0278/8685/files/tencel-sateen-duvet-cover-off-white-detail-01.jpg?v=1785869466,https://cdn.shopify.com/s/files/1/0884/0278/8685/files/tencel-sateen-duvet-cover-off-white-texture-01.jpg?v=1785869466",out_of_stock,159.95 EUR,Coco & Cici,new,8721184402221,11402205VS,tencel-sateen-duvet-cover-off-white,,140x220 + 1 pillowcase 60x70,"100% Tencel™ Lyocell, Sateen weave"
721301802,Couverture en alpaga et mérinos,"Merveilleusement douillette et d'une belle simplicité. Notre couverture « Alpaca Merino », dans un Warm Ecru rehaussé d'une subtile touche de rose, est tissée dans une qualité exceptionnelle — un véritable atout décoratif pour votre chambre à coucher.",https://www.maisondecocon.com/fr/products/alpaca-plaids?variant_sku=721301802,https://cdn.shopify.com/s/files/1/0884/0278/8685/files/alpaca-plaids-styled-01.jpg?v=1785869424,"https://cdn.shopify.com/s/files/1/0884/0278/8685/files/alpaca-plaids-lifestyle-01.jpg?v=1785869466,https://cdn.shopify.com/s/files/1/0884/0278/8685/files/alpaca-plaids-styled-02.jpg?v=1785869466,https://cdn.shopify.com/s/files/1/0884/0278/8685/files/alpaca-plaids-detail-01.png?v=1785869466",in_stock,199.95 EUR,Coco & Cici,new,7423614658659,721301802,alpaca-plaids,,,40% Alpaca / 60% Merino Wool
8720849141291,Couverture en laine « Venezia » grise,"Tissé à partir de laine 100 % néo-zélandaise, le plaid Venezia apporte une chaleur douce et naturelle ainsi qu'une élégance discrète à toutes les pièces de votre intérieur.",https://www.maisondecocon.com/fr/products/wool-throw-blanket-venezia-grey?variant_sku=8720849141291,https://cdn.shopify.com/s/files/1/0884/0278/8685/files/wool-throw-blanket-venezia-grey-folded.jpg?v=1785919559,"https://cdn.shopify.com/s/files/1/0884/0278/8685/files/wool-throw-blanket-venezia-grey-swatch.jpg?v=1785919590,https://cdn.shopify.com/s/files/1/0884/0278/8685/files/wool-throw-blanket-venezia-grey-lifestyle.jpg?v=1785919541,https://cdn.shopify.com/s/files/1/0884/0278/8685/files/wool-throw-blanket-venezia-grey-fringe-detail.jpg?v=1785919611,https://cdn.shopify.com/s/files/1/0884/0278/8685/files/wool-throw-blanket-venezia-grey-texture-detail.jpg?v=1785919635",in_stock,71.00 EUR,MoST Blankets,new,8720849141291,8720849141291,wool-throw-blanket-venezia-grey,,,100% New Zealand Wool
0793002340679-copy,Couverture en laine « Cool Mint » 140 × 200,"Tissée à partir de laine 100 % néo-zélandaise et d'un grammage généreux de 450 g/m², cette couverture apporte une chaleur naturelle et une élégance sobre à n'importe quel lit ou pièce à vivre.",https://www.maisondecocon.com/fr/products/wool-throw-blanket-cool-mint-140-200?variant_sku=0793002340679-copy,https://cdn.shopify.com/s/files/1/0884/0278/8685/files/wool-bed-blanket-cool-mint-folded.jpg?v=1785920918,"https://cdn.shopify.com/s/files/1/0884/0278/8685/files/wool-bed-blanket-cool-mint-texture-detail.jpg?v=1785920930,https://cdn.shopify.com/s/files/1/0884/0278/8685/files/wool-bed-blanket-cool-mint-weave-detail.jpg?v=1785920941",in_stock,108.90 EUR,MoST Blankets,new,0793002340679,0793002340679-copy,wool-throw-blanket-cool-mint-140-200,,200 x 220 cm,100% New Zealand Wool
0793002340662-copy,Couverture en laine « Cool Mint » 140 × 200,"Tissée à partir de laine 100 % néo-zélandaise et d'un grammage généreux de 450 g/m², cette couverture apporte une chaleur naturelle et une élégance sobre à n'importe quel lit ou pièce à vivre.",https://www.maisondecocon.com/fr/products/wool-throw-blanket-cool-mint-140-200?variant_sku=0793002340662-copy,https://cdn.shopify.com/s/files/1/0884/0278/8685/files/wool-bed-blanket-cool-mint-folded.jpg?v=1785920918,"https://cdn.shopify.com/s/files/1/0884/0278/8685/files/wool-bed-blanket-cool-mint-texture-detail.jpg?v=1785920930,https://cdn.shopify.com/s/files/1/0884/0278/8685/files/wool-bed-blanket-cool-mint-weave-detail.jpg?v=1785920941",in_stock,88.90 EUR,MoST Blankets,new,0793002340662,0793002340662-copy,wool-throw-blanket-cool-mint-140-200,,140 x 200 cm,100% New Zealand Wool
8720849141093,Couvre-lit en laine mérinos « Sun Dust » 200 x 220,"Confectionné dans un mélange composé à 80 % de laine mérinos et à 20 % de nylon, ce couvre-lit offre une chaleur et une douceur exceptionnelles, ainsi qu'une grande résistance, pour les nuits fraîches.",https://www.maisondecocon.com/fr/products/merino-wool-bedspread-sun-dust-200-220?variant_sku=8720849141093,https://cdn.shopify.com/s/files/1/0884/0278/8685/files/merino-wool-bedspread-sun-dust-folded.jpg?v=1785931931,https://cdn.shopify.com/s/files/1/0884/0278/8685/files/merino-wool-bedspread-sun-dust-folded-2.jpg?v=1785931958,in_stock,109.00 EUR,MoST Blankets,new,8720849141093,8720849141093,merino-wool-bedspread-sun-dust-200-220,,,"80% Merino Wool, 20% Nylon"
8720849141918,Couverture en laine Manoria Savana - Multicolore marron,"Fabriqué à partir de laine 100 % néo-zélandaise, le plaid Manoria se distingue par son motif en zigzag audacieux qui apporte des couleurs vives et une touche de sophistication ludique à n'importe quel intérieur.",https://www.maisondecocon.com/fr/products/wool-throw-blanket-manoria-savana-multi-colored-brown?variant_sku=8720849141918,https://cdn.shopify.com/s/files/1/0884/0278/8685/files/wool-throw-blanket-manoria-savana-folded.jpg?v=1785999804,"https://cdn.shopify.com/s/files/1/0884/0278/8685/files/wool-throw-blanket-manoria-savana-texture.jpg?v=1785999814,https://cdn.shopify.com/s/files/1/0884/0278/8685/files/wool-throw-blanket-manoria-savana-chair-outdoor.jpg?v=1785999824,https://cdn.shopify.com/s/files/1/0884/0278/8685/files/wool-throw-blanket-manoria-savana-outdoor-lifestyle.jpg?v=1785999833,https://cdn.shopify.com/s/files/1/0884/0278/8685/files/wool-throw-blanket-manoria-savana-outdoor-table-setting.jpg?v=1785999844",in_stock,69.90 EUR,MoST Blankets,new,8720849141918,8720849141918,wool-throw-blanket-manoria-savana-multi-colored-brown,,,100% New Zealand Wool
8720849140355,Couverture en laine Florence Gris 140 x 200,"Fabriqué à partir de laine 100 % néo-zélandaise, le plaid Florence apporte à n'importe quelle pièce une touche d'élégance d'inspiration italienne et une texture riche.",https://www.maisondecocon.com/fr/products/wool-throw-blanket-florence-grey-140-200?variant_sku=8720849140355,https://cdn.shopify.com/s/files/1/0884/0278/8685/files/wool-throw-blanket-florence-grey-folded.jpg?v=1785932573,"https://cdn.shopify.com/s/files/1/0884/0278/8685/files/wool-throw-blanket-florence-grey-lifestyle.jpg?v=1785932587,https://cdn.shopify.com/s/files/1/0884/0278/8685/files/wool-throw-blanket-florence-grey-lifestyle-02.jpg?v=1785932633",in_stock,69.00 EUR,MoST Blankets,new,8720849140355,8720849140355,wool-throw-blanket-florence-grey-140-200,,,100% New Zealand Wool
8720849140594,Couverture en laine « Chocolate Chip » 140 x 200,"Fabriquée à partir de laine 100 % néo-zélandaise et d'un grammage généreux de 450 g/m², cette couverture apporte une véritable chaleur et un confort durable à n'importe quelle chambre.",https://www.maisondecocon.com/fr/products/wool-throw-blanket-chocolate-chip-140-200?variant_sku=8720849140594,https://cdn.shopify.com/s/files/1/0884/0278/8685/files/wool-throw-chocolate-chip-folded.jpg?v=1786003624,https://cdn.shopify.com/s/files/1/0884/0278/8685/files/wool-throw-chocolate-chip-lifestyle.jpg?v=1786003639,in_stock,108.90 EUR,MoST Blankets,new,,8720849140594,wool-throw-blanket-chocolate-chip-140-200,,200 x 220 cm,100% New Zealand Wool
8720849140577,Couverture en laine « Chocolate Chip » 140 x 200,"Fabriquée à partir de laine 100 % néo-zélandaise et d'un grammage généreux de 450 g/m², cette couverture apporte une véritable chaleur et un confort durable à n'importe quelle chambre.",https://www.maisondecocon.com/fr/products/wool-throw-blanket-chocolate-chip-140-200?variant_sku=8720849140577,https://cdn.shopify.com/s/files/1/0884/0278/8685/files/wool-throw-chocolate-chip-folded.jpg?v=1786003624,https://cdn.shopify.com/s/files/1/0884/0278/8685/files/wool-throw-chocolate-chip-lifestyle.jpg?v=1786003639,out_of_stock,88.90 EUR,MoST Blankets,new,8720849140577,8720849140577,wool-throw-blanket-chocolate-chip-140-200,,140 x 200 cm,100% New Zealand Wool
8720849142038-1,Couverture en laine bouclée « Paris » marron foncé 140 x 200,"Confectionné dans un luxueux mélange bouclé composé à 80 % de laine et à 20 % de polyester, le plaid Paris vous offre une chaleur douce et réconfortante, que ce soit à l'intérieur ou à l'extérieur.",https://www.maisondecocon.com/fr/products/wool-boucle-throw-blanket-paris-dark-brown-140-200?variant_sku=8720849142038-1,https://cdn.shopify.com/s/files/1/0884/0278/8685/files/wool-boucle-throw-blanket-paris-dark-brown-folded.jpg?v=1785934206,https://cdn.shopify.com/s/files/1/0884/0278/8685/files/wool-boucle-throw-blanket-paris-dark-brown-lifestyle.jpg?v=1785934217,in_stock,71.00 EUR,MoST Blankets,new,8720849142038,8720849142038-1,wool-boucle-throw-blanket-paris-dark-brown-140-200,,,"	80% Wool, 20% Polyester"
8720849140560,Couverture en laine Hunter 140 x 200,"Tissé à partir de laine 100 % néo-zélandaise et d'un grammage généreux de 450 g/m², le plaid Hunter apporte une chaleur naturelle et une élégance sobre à n'importe quel espace de vie.",https://www.maisondecocon.com/fr/products/wool-bed-blanket-hunter-140-200?variant_sku=8720849140560,https://cdn.shopify.com/s/files/1/0884/0278/8685/files/wool-throw-hunter-folded.jpg?v=1786006889,https://cdn.shopify.com/s/files/1/0884/0278/8685/files/wool-throw-hunter-lifestyle.jpg?v=1786006897,in_stock,108.90 EUR,MoST Blankets,new,,8720849140560,wool-bed-blanket-hunter-140-200,,200 x 220 cm,100% New Zealand Wool
8720849140553,Couverture en laine Hunter 140 x 200,"Tissé à partir de laine 100 % néo-zélandaise et d'un grammage généreux de 450 g/m², le plaid Hunter apporte une chaleur naturelle et une élégance sobre à n'importe quel espace de vie.",https://www.maisondecocon.com/fr/products/wool-bed-blanket-hunter-140-200?variant_sku=8720849140553,https://cdn.shopify.com/s/files/1/0884/0278/8685/files/wool-throw-hunter-folded.jpg?v=1786006889,https://cdn.shopify.com/s/files/1/0884/0278/8685/files/wool-throw-hunter-lifestyle.jpg?v=1786006897,in_stock,88.90 EUR,MoST Blankets,new,8720849140553,8720849140553,wool-bed-blanket-hunter-140-200,,140 x 200 cm,100% New Zealand Wool
8720849141888,Couverture en laine Manoria Foresta - Vert multicolore,"Fabriqué à partir de laine 100 % néo-zélandaise, le plaid Manoria se distingue par son motif en zigzag audacieux qui apporte des couleurs vives et une touche de sophistication ludique à n'importe quel intérieur.",https://www.maisondecocon.com/fr/products/wool-throw-blanket-manoria-foresta-green-140-200?variant_sku=8720849141888,https://cdn.shopify.com/s/files/1/0884/0278/8685/files/wool-throw-blanket-manoria-foresta-folded.jpg?v=1785934570,"https://cdn.shopify.com/s/files/1/0884/0278/8685/files/wool-throw-blanket-manoria-foresta-texture-detail.jpg?v=1785934589,https://cdn.shopify.com/s/files/1/0884/0278/8685/files/wool-throw-blanket-manoria-foresta-outdoor-styled.jpg?v=1785934608,https://cdn.shopify.com/s/files/1/0884/0278/8685/files/wool-throw-blanket-manoria-foresta.jpg?v=1785934688,https://cdn.shopify.com/s/files/1/0884/0278/8685/files/wool-throw-blanket-manoria-foresta-outdoor-styled-02.jpg?v=1785934718",in_stock,69.90 EUR,MoST Blankets,new,8720849141888,8720849141888,wool-throw-blanket-manoria-foresta-green-140-200,,,100% New Zealand Wool
EB5B9B5CCF943AEA,Tapis de lit en laine « Blue Fog » 130 x 250,"Confectionné dans un mélange de laine haut de gamme, ce chemin de lit apporte chaleur, texture et une touche raffinée digne d'un hôtel à n'importe quel lit.",https://www.maisondecocon.com/fr/products/wool-bed-runner-blue-fog-130-250?variant_sku=EB5B9B5CCF943AEA,https://cdn.shopify.com/s/files/1/0884/0278/8685/files/wool-bed-runner-blue-fog-folded.jpg?v=1785935879,"https://cdn.shopify.com/s/files/1/0884/0278/8685/files/wool-bed-runner-blue-fog-lifestyle.png?v=1785935891,https://cdn.shopify.com/s/files/1/0884/0278/8685/files/wool-bed-runner-blue-fog-detail.jpg?v=1785935922",in_stock,95.00 EUR,MoST Blankets,new,8720849142151,EB5B9B5CCF943AEA,wool-bed-runner-blue-fog-130-250,,,Wool blend
8720849142120-1,Couverture en laine mérinos et cachemire « Luma Soft Blue » 140 x 200,"Confectionnée dans un mélange raffiné composé à 90 % de laine mérinos et à 10 % de cachemire, la couverture Luma Soft offre une douceur, une légèreté et une chaleur naturelle exceptionnelles.",https://www.maisondecocon.com/fr/products/merino-wool-cashmere-throw-blanket-luma-soft-blue-140-200?variant_sku=8720849142120-1,https://cdn.shopify.com/s/files/1/0884/0278/8685/files/merino-wool-cashmere-throw-blanket-luma-soft-blue-folded.jpg?v=1785936692,"https://cdn.shopify.com/s/files/1/0884/0278/8685/files/merino-wool-cashmere-throw-blanket-luma-soft-blue-texture.jpg?v=1785936704,https://cdn.shopify.com/s/files/1/0884/0278/8685/files/merino-wool-cashmere-throw-blanket-luma-soft-blue-lifestyle.jpg?v=1785936716",in_stock,119.00 EUR,MoST Blankets,new,8720849142120,8720849142120-1,merino-wool-cashmere-throw-blanket-luma-soft-blue-140-200,,,"90% Merino Wool, 10% Cashmere"
B4B0CBB397BC961E,Tapis de lit en laine Fossil 130 x 250,"Confectionné dans un mélange de laine haut de gamme, ce chemin de lit apporte chaleur, texture et une touche raffinée digne d'un hôtel à n'importe quel lit.",https://www.maisondecocon.com/fr/products/wool-bed-runner-eco-fossil-130-250?variant_sku=B4B0CBB397BC961E,https://cdn.shopify.com/s/files/1/0884/0278/8685/files/wool-bed-runner-eco-fossil-folded.jpg?v=1785937227,"https://cdn.shopify.com/s/files/1/0884/0278/8685/files/wool-bed-runner-eco-fossil-lifestyle.png?v=1785937240,https://cdn.shopify.com/s/files/1/0884/0278/8685/files/wool-bed-runner-eco-fossil-detail.jpg?v=1785937254",in_stock,95.00 EUR,MoST Blankets,new,8720849142168,B4B0CBB397BC961E,wool-bed-runner-eco-fossil-130-250,,,Wool blend
8720849141451,Couverture en laine Rio Green 140 x 200,"Fabriqué à partir de laine de mouton 100 % pure, le plaid Rio vous offre une chaleur réconfortante et un style coloré, que ce soit à l'intérieur ou à l'extérieur.",https://www.maisondecocon.com/fr/products/wool-throw-blanket-rio-green-140-200?variant_sku=8720849141451,https://cdn.shopify.com/s/files/1/0884/0278/8685/files/wool-throw-blanket-rio-green-folded.jpg?v=1785937438,"https://cdn.shopify.com/s/files/1/0884/0278/8685/files/wool-throw-blanket-rio-green-texture-detail.jpg?v=1785937448,https://cdn.shopify.com/s/files/1/0884/0278/8685/files/wool-throw-blanket-rio-green-lifestyle.jpg?v=1785937458",in_stock,68.50 EUR,MoST Blankets,new,8720849141451,8720849141451,wool-throw-blanket-rio-green-140-200,,,100% Wool
EA9A3B09DCB93819,"Couverture en laine mérinos et cachemire, gris Tibet, 140 x 200","Confectionné dans un luxueux mélange composé à 50 % de cachemire et à 50 % de laine mérinos, le plaid Tibet offre une douceur et une chaleur exceptionnelles.",https://www.maisondecocon.com/fr/products/merino-cashmere-throw-blanket-tibet-grey-140-200?variant_sku=EA9A3B09DCB93819,https://cdn.shopify.com/s/files/1/0884/0278/8685/files/merino-cashmere-throw-blanket-tibet-grey-folded.jpg?v=1785938135,"https://cdn.shopify.com/s/files/1/0884/0278/8685/files/merino-cashmere-throw-blanket-tibet-grey-texture.jpg?v=1785938146,https://cdn.shopify.com/s/files/1/0884/0278/8685/files/merino-cashmere-throw-blanket-tibet-grey-detail.jpg?v=1785938154",out_of_stock,155.00 EUR,MoST Blankets,new,8720849141420,EA9A3B09DCB93819,merino-cashmere-throw-blanket-tibet-grey-140-200,,,"50% Cashmere, 50% Merino Wool"
0793002340693,"Couverture en laine, jaune brumeux, 140 x 200","Tissé à partir de laine 100 % néo-zélandaise et d'un grammage généreux de 450 g/m², le plaid « Misted Yellow » apporte une chaleur naturelle et une élégance discrète à n'importe quel espace de vie.",https://www.maisondecocon.com/fr/products/wool-bed-blanket-misted-yellow-140-200?variant_sku=0793002340693,https://cdn.shopify.com/s/files/1/0884/0278/8685/files/wool-throw-blanket-misted-yellow-folded.jpg?v=1786007092,"https://cdn.shopify.com/s/files/1/0884/0278/8685/files/wool-throw-blanket-misted-yellow-lifestyle.jpg?v=1786007100,https://cdn.shopify.com/s/files/1/0884/0278/8685/files/wool-throw-blanket-misted-yellow-rolled.jpg?v=1786007106",out_of_stock,88.90 EUR,MoST Blankets,new,0793002340693,0793002340693,wool-bed-blanket-misted-yellow-140-200,,140 x 200 cm,100% New Zealand Wool
0793002340709,"Couverture en laine, jaune brumeux, 140 x 200","Tissé à partir de laine 100 % néo-zélandaise et d'un grammage généreux de 450 g/m², le plaid « Misted Yellow » apporte une chaleur naturelle et une élégance discrète à n'importe quel espace de vie.",https://www.maisondecocon.com/fr/products/wool-bed-blanket-misted-yellow-140-200?variant_sku=0793002340709,https://cdn.shopify.com/s/files/1/0884/0278/8685/files/wool-throw-blanket-misted-yellow-folded.jpg?v=1786007092,"https://cdn.shopify.com/s/files/1/0884/0278/8685/files/wool-throw-blanket-misted-yellow-lifestyle.jpg?v=1786007100,https://cdn.shopify.com/s/files/1/0884/0278/8685/files/wool-throw-blanket-misted-yellow-rolled.jpg?v=1786007106",out_of_stock,108.90 EUR,MoST Blankets,new,,0793002340709,wool-bed-blanket-misted-yellow-140-200,,200 x 220 cm,100% New Zealand Wool
8720849141680-1,Couverture en laine « Tribe Green » 140 x 200,"Ornée d'un motif ukrainien très travaillé, cette couverture en laine apporte une touche de patrimoine culturel et une chaleur réconfortante à n'importe quelle pièce.",https://www.maisondecocon.com/fr/products/wool-throw-blanket-tribe-green-140-200?variant_sku=8720849141680-1,https://cdn.shopify.com/s/files/1/0884/0278/8685/files/wool-throw-blanket-tribe-green-folded.jpg?v=1785938541,"https://cdn.shopify.com/s/files/1/0884/0278/8685/files/wool-throw-blanket-tribe-green-motif-detail.jpg?v=1785938552,https://cdn.shopify.com/s/files/1/0884/0278/8685/files/wool-throw-blanket-tribe-green-texture.jpg?v=1785938561,https://cdn.shopify.com/s/files/1/0884/0278/8685/files/wool-throw-blanket-tribe-green-corner-detail.jpg?v=1785938570",in_stock,95.00 EUR,MoST Blankets,new,8720849141680,8720849141680-1,wool-throw-blanket-tribe-green-140-200,,,100% New Zealand Wool
8720849140737-1,Couvre-lit en laine « Tribe Bronze » 200 x 220,"Orné d'un motif ukrainien très travaillé, ce couvre-lit en laine apporte à votre chambre à coucher une touche de patrimoine culturel et une chaleur réconfortante.",https://www.maisondecocon.com/fr/products/wool-bedspread-tribe-bronze-200-220?variant_sku=8720849140737-1,https://cdn.shopify.com/s/files/1/0884/0278/8685/files/wool-bedspread-tribe-bronze-folded.jpg?v=1785939175,"https://cdn.shopify.com/s/files/1/0884/0278/8685/files/wool-bedspread-tribe-bronze-motif-detail.jpg?v=1785939185,https://cdn.shopify.com/s/files/1/0884/0278/8685/files/wool-bedspread-tribe-bronze-texture.jpg?v=1785939197,https://cdn.shopify.com/s/files/1/0884/0278/8685/files/wool-bedspread-tribe-bronze-corner-detail.jpg?v=1785939222",in_stock,115.00 EUR,MoST Blankets,new,8720849140737,8720849140737-1,wool-bedspread-tribe-bronze-200-220,,,	100% New Zealand Wool
0793002340440,"Couverture en laine mérinos et cachemire, bleu Milano, 140 x 200","Confectionné dans un mélange composé à 90 % de laine mérinos et à 10 % de cachemire, le plaid Milano offre une douceur exceptionnelle et une élégance intemporelle.",https://www.maisondecocon.com/fr/products/merino-cashmere-throw-blanket-milano-blue-140-200?variant_sku=0793002340440,https://cdn.shopify.com/s/files/1/0884/0278/8685/files/merino-cashmere-throw-blanket-milano-blue-texture.jpg?v=1785939755,"https://cdn.shopify.com/s/files/1/0884/0278/8685/files/merino-cashmere-throw-blanket-milano-blue-detail.jpg?v=1785939769,https://cdn.shopify.com/s/files/1/0884/0278/8685/files/merino-cashmere-throw-blanket-milano-blue-detail-02.jpg?v=1785939781",in_stock,85.50 EUR,MoST Blankets,new,0793002340440,0793002340440,merino-cashmere-throw-blanket-milano-blue-140-200,,,"90% Merino Wool, 10% Cashmere"
8720849141284-1,Couverture en laine Venezia Mint 140 x 200,"Tissé à partir de laine 100 % néo-zélandaise, le plaid Venezia apporte une chaleur douce et naturelle ainsi qu'une élégance discrète à toutes les pièces de votre intérieur.",https://www.maisondecocon.com/fr/products/wool-throw-blanket-venezia-mint-140-200?variant_sku=8720849141284-1,https://cdn.shopify.com/s/files/1/0884/0278/8685/files/wool-throw-blanket-venezia-mint-folded.jpg?v=1785939993,"https://cdn.shopify.com/s/files/1/0884/0278/8685/files/wool-throw-blanket-venezia-mint-texture.jpg?v=1785940005,https://cdn.shopify.com/s/files/1/0884/0278/8685/files/wool-throw-blanket-venezia-mint-folded-02.jpg?v=1785940020,https://cdn.shopify.com/s/files/1/0884/0278/8685/files/wool-throw-blanket-venezia-mint-texture-02.jpg?v=1785940050",in_stock,71.00 EUR,MoST Blankets,new,8720849141284,8720849141284-1,wool-throw-blanket-venezia-mint-140-200,,,100% New Zealand Wool
8720849141314,Couverture en laine Denver Olive 140 x 200,"Fabriqué à partir de laine 100 % néo-zélandaise, le plaid Denver se distingue par son motif en zigzag audacieux et ses bords finis de manière originale, pour un style naturel.",https://www.maisondecocon.com/fr/products/wool-throw-blanket-denver-olive-140-200?variant_sku=8720849141314,https://cdn.shopify.com/s/files/1/0884/0278/8685/files/wool-throw-blanket-denver-olive-folded-main.jpg?v=1785941841,"https://cdn.shopify.com/s/files/1/0884/0278/8685/files/wool-throw-blanket-denver-olive-folded.jpg?v=1785940886,https://cdn.shopify.com/s/files/1/0884/0278/8685/files/wool-throw-blanket-denver-olive-lifestyle.jpg?v=1785940896,https://cdn.shopify.com/s/files/1/0884/0278/8685/files/wool-throw-blanket-denver-olive-edge-detail.jpg?v=1785940907,https://cdn.shopify.com/s/files/1/0884/0278/8685/files/wool-throw-blanket-denver-olive-texture.jpg?v=1785940915",in_stock,70.00 EUR,MoST Blankets,new,8720849141314,8720849141314,wool-throw-blanket-denver-olive-140-200,,,100% New Zealand Wool
8720849141758,Couverture en laine bouclée Paris Cappuccino 140 x 200,"Confectionné dans un luxueux mélange bouclé composé à 80 % de laine et à 20 % de polyester, le plaid Paris vous offre une chaleur douce et réconfortante, que ce soit à l'intérieur ou à l'extérieur.",https://www.maisondecocon.com/fr/products/wool-boucle-throw-blanket-paris-cappuccino-140-200?variant_sku=8720849141758,https://cdn.shopify.com/s/files/1/0884/0278/8685/files/wool-boucle-throw-blanket-paris-cappuccino-folded.jpg?v=1785942107,"https://cdn.shopify.com/s/files/1/0884/0278/8685/files/wool-boucle-throw-blanket-paris-cappuccino-texture.jpg?v=1785942120,https://cdn.shopify.com/s/files/1/0884/0278/8685/files/wool-boucle-throw-blanket-paris-cappuccino-detail.jpg?v=1785942132",in_stock,71.00 EUR,MoST Blankets,new,8720849141758,8720849141758,wool-boucle-throw-blanket-paris-cappuccino-140-200,,,"80% Wool, 20% Polyester"
8720849141321,Couverture en laine Denver beige,"Fabriqué à partir de laine 100 % néo-zélandaise, le plaid Denver se distingue par son motif en zigzag audacieux et ses bords finis de manière originale, pour un style naturel.",https://www.maisondecocon.com/fr/products/wool-throw-blanket-denver-beige-140-200?variant_sku=8720849141321,https://cdn.shopify.com/s/files/1/0884/0278/8685/files/wool-throw-blanket-denver-beige-folded.jpg?v=1785942741,"https://cdn.shopify.com/s/files/1/0884/0278/8685/files/wool-throw-blanket-denver-beige-lifestyle.jpg?v=1785942753,https://cdn.shopify.com/s/files/1/0884/0278/8685/files/wool-throw-blanket-denver-beige-texture.jpg?v=1785942762,https://cdn.shopify.com/s/files/1/0884/0278/8685/files/wool-throw-blanket-denver-beige-edge-detail.jpg?v=1785942773,https://cdn.shopify.com/s/files/1/0884/0278/8685/files/wool-throw-blanket-denver-beige-swatch.jpg?v=1785942782,https://cdn.shopify.com/s/files/1/0884/0278/8685/files/e01fe9eb-4f8c-4d52-b0c8-e9501a46df6b_1200x1200_fill.jpg?v=1785779964",in_stock,70.00 EUR,MoST Blankets,new,8720849141321,8720849141321,wool-throw-blanket-denver-beige-140-200,,,100% New Zealand Wool
8720849141277,Couverture en laine Linea Orion 140 x 200,"Fabriqué à partir de laine 100 % néo-zélandaise, le plaid Linea se distingue par son motif de lignes épurées qui apporte une touche d'élégance moderne et un style minimaliste à n'importe quel espace.",https://www.maisondecocon.com/fr/products/wool-throw-blanket-linea-orion-140-200?variant_sku=8720849141277,https://cdn.shopify.com/s/files/1/0884/0278/8685/files/wool-throw-blanket-linea-orion-lifestyle.jpg?v=1785943162,https://cdn.shopify.com/s/files/1/0884/0278/8685/files/wool-throw-blanket-linea-orion-texture.jpg?v=1785943173,in_stock,69.90 EUR,MoST Blankets,new,8720849141277,8720849141277,wool-throw-blanket-linea-orion-140-200,,,100% New Zealand Wool
8720849141956-1,Couverture en laine Denver Terra 140 x 200,"Fabriqué à partir de laine 100 % néo-zélandaise, le plaid Denver se distingue par son motif en zigzag audacieux et ses bords finis de manière originale, pour un style naturel.",https://www.maisondecocon.com/fr/products/wool-throw-blanket-denver-terra-140-200?variant_sku=8720849141956-1,https://cdn.shopify.com/s/files/1/0884/0278/8685/files/wool-throw-blanket-denver-terra-folded.jpg?v=1785943621,"https://cdn.shopify.com/s/files/1/0884/0278/8685/files/wool-throw-blanket-denver-terra-lifestyle.jpg?v=1785943632,https://cdn.shopify.com/s/files/1/0884/0278/8685/files/wool-throw-blanket-denver-terra-edge-detail.jpg?v=1785943641,https://cdn.shopify.com/s/files/1/0884/0278/8685/files/wool-throw-blanket-denver-terra-texture.jpg?v=1785943651",in_stock,70.00 EUR,MoST Blankets,new,8720849141956,8720849141956-1,wool-throw-blanket-denver-terra-140-200,,,100% New Zealand Wool
8720849141185,Couverture en laine « Ugle Blue » 140 x 200,"Fabriqué à partir de laine 100 % néo-zélandaise, le plaid Ugle se décline dans des couleurs douces et apaisantes qui s'intègrent parfaitement à tous les intérieurs.",https://www.maisondecocon.com/fr/products/wool-throw-blanket-ugle-blue?variant_sku=8720849141185,https://cdn.shopify.com/s/files/1/0884/0278/8685/files/wool-throw-blanket-ugle-blue-folded.jpg?v=1785943991,https://cdn.shopify.com/s/files/1/0884/0278/8685/files/wool-throw-blanket-ugle-blue-swatch.png?v=1785944037,in_stock,69.90 EUR,MoST Blankets,new,8720849141185,8720849141185,wool-throw-blanket-ugle-blue,,,100% New Zealand Wool
8720849141161,Couverture en laine vert Ugle 140 x 200,"Fabriqué à partir de laine 100 % néo-zélandaise, le plaid Ugle se décline dans des couleurs douces et apaisantes qui s'intègrent parfaitement à tous les intérieurs.",https://www.maisondecocon.com/fr/products/wool-throw-blanket-ugle-green-140-200?variant_sku=8720849141161,https://cdn.shopify.com/s/files/1/0884/0278/8685/files/wool-throw-blanket-ugle-green-folded.jpg?v=1785944249,https://cdn.shopify.com/s/files/1/0884/0278/8685/files/wool-throw-blanket-ugle-green-swatch.png?v=1785944263,in_stock,69.90 EUR,MoST Blankets,new,8720849141161,8720849141161,wool-throw-blanket-ugle-green-140-200,,,100% New Zealand Wool
8720849140485,"Couverture en laine mérinos et cachemire, couleur « Milano Brown », 140 x 200","Confectionné dans un mélange composé à 90 % de laine mérinos et à 10 % de cachemire, le plaid Milano offre une douceur exceptionnelle et une élégance intemporelle.",https://www.maisondecocon.com/fr/products/merino-cashmere-throw-blanket-milano-brown-140-200?variant_sku=8720849140485,https://cdn.shopify.com/s/files/1/0884/0278/8685/files/merino-cashmere-throw-blanket-milano-brown-folded.jpg?v=1785944604,"https://cdn.shopify.com/s/files/1/0884/0278/8685/files/merino-cashmere-throw-blanket-milano-brown-texture.jpg?v=1785944615,https://cdn.shopify.com/s/files/1/0884/0278/8685/files/merino-cashmere-throw-blanket-milano-brown-detail.jpg?v=1785944624",in_stock,85.50 EUR,MoST Blankets,new,8720849140485,8720849140485,merino-cashmere-throw-blanket-milano-brown-140-200,,,"90% Merino Wool, 10% Cashmere"
8720849140843,Couverture en laine « City Stripe » 130 x 170,"Un plaid en laine doux et douillet qui vous apporte chaleur et confort, idéal pour apporter une touche d'élégance à n'importe quel canapé ou lit.",https://www.maisondecocon.com/fr/products/wool-throw-blanket-city-stripe-130-170?variant_sku=8720849140843,https://cdn.shopify.com/s/files/1/0884/0278/8685/files/wool-throw-blanket-city-stripe-folded-main.jpg?v=1785947653,"https://cdn.shopify.com/s/files/1/0884/0278/8685/files/wool-throw-blanket-city-stripe-lifestyle.jpg?v=1785948148,https://cdn.shopify.com/s/files/1/0884/0278/8685/files/wool-throw-blanket-city-stripe-texture.jpg?v=1785948165,https://cdn.shopify.com/s/files/1/0884/0278/8685/files/wool-throw-blanket-city-stripe-detail.jpg?v=1785948174",in_stock,70.90 EUR,MoST Blankets,new,8720849140843,8720849140843,wool-throw-blanket-city-stripe-130-170,,,100% New Zealand Wool
8720849141741,"Couverture en laine bouclée « Paris », jaune moutarde, 140 x 200","Confectionné dans un luxueux mélange bouclé composé à 80 % de laine et à 20 % de polyester, le plaid Paris vous offre une chaleur douce et réconfortante, que ce soit à l'intérieur ou à l'extérieur.",https://www.maisondecocon.com/fr/products/wool-boucle-throw-blanket-paris-mustard-yellow-140-200?variant_sku=8720849141741,https://cdn.shopify.com/s/files/1/0884/0278/8685/files/wool-boucle-throw-blanket-paris-mustard-yellow-folded.jpg?v=1785948448,"https://cdn.shopify.com/s/files/1/0884/0278/8685/files/wool-boucle-throw-blanket-paris-mustard-yellow-texture.jpg?v=1785948462,https://cdn.shopify.com/s/files/1/0884/0278/8685/files/wool-boucle-throw-blanket-paris-mustard-yellow-detail.jpg?v=1785948472",in_stock,71.00 EUR,MoST Blankets,new,8720849141741,8720849141741,wool-boucle-throw-blanket-paris-mustard-yellow-140-200,,,"80% Wool, 20% Polyester"
0793002340433,"Couverture en laine mérinos et cachemire « Milano », gris clair, 140 x 200","Confectionné dans un mélange composé à 90 % de laine mérinos et à 10 % de cachemire, le plaid Milano offre une douceur exceptionnelle et une élégance intemporelle.",https://www.maisondecocon.com/fr/products/merino-cashmere-throw-blanket-milano-light-grey-140-200?variant_sku=0793002340433,https://cdn.shopify.com/s/files/1/0884/0278/8685/files/merino-cashmere-throw-blanket-milano-light-grey-folded.jpg?v=1785948849,"https://cdn.shopify.com/s/files/1/0884/0278/8685/files/merino-cashmere-throw-blanket-milano-light-grey-texture.jpg?v=1785948886,https://cdn.shopify.com/s/files/1/0884/0278/8685/files/merino-cashmere-throw-blanket-milano-light-grey-detail.jpg?v=1785948894",in_stock,85.50 EUR,MoST Blankets,new,0793002340433,0793002340433,merino-cashmere-throw-blanket-milano-light-grey-140-200,,,"90% Merino Wool, 10% Cashmere"
8720849140942,Couverture en laine bleu sienne 140 x 200,"Fabriqué à partir de laine 100 % néo-zélandaise, le plaid Sienna apporte des teintes riches et une élégance intemporelle à n'importe quel canapé ou lit.",https://www.maisondecocon.com/fr/products/wool-throw-blanket-sienna-blue-140-200?variant_sku=8720849140942,https://cdn.shopify.com/s/files/1/0884/0278/8685/files/wool-throw-blanket-sienna-blue-lifestyle.jpg?v=1785949343,https://cdn.shopify.com/s/files/1/0884/0278/8685/files/wool-throw-blanket-sienna-blue-detail.jpg?v=1785949352,in_stock,68.90 EUR,MoST Blankets,new,8720849140942,8720849140942,wool-throw-blanket-sienna-blue-140-200,,,100% New Zealand Wool
8720849141895,Couverture en laine Manoria Acqua - Bleu multicolore,"Fabriqué à partir de laine 100 % néo-zélandaise, le plaid Manoria se distingue par son motif en zigzag audacieux qui apporte des couleurs vives et une touche de sophistication ludique à n'importe quel intérieur.",https://www.maisondecocon.com/fr/products/wool-throw-blanket-manoria-acqua-blue-140-200?variant_sku=8720849141895,https://cdn.shopify.com/s/files/1/0884/0278/8685/files/wool-throw-blanket-manoria-acqua-folded.jpg?v=1785949645,"https://cdn.shopify.com/s/files/1/0884/0278/8685/files/wool-throw-blanket-manoria-acqua-texture.jpg?v=1785949654,https://cdn.shopify.com/s/files/1/0884/0278/8685/files/wool-throw-blanket-manoria-acqua-lifestyle.jpg?v=1785949666",in_stock,69.90 EUR,MoST Blankets,new,8720849141895,8720849141895,wool-throw-blanket-manoria-acqua-blue-140-200,,,100% New Zealand Wool
0AA5C4EF5C0B2550,"Couverture en laine bouclée « Paris » blanche, 140 x 200","Confectionné dans un luxueux mélange bouclé composé à 80 % de laine et à 20 % de polyester, le plaid Paris vous offre une chaleur douce et réconfortante, que ce soit à l'intérieur ou à l'extérieur.",https://www.maisondecocon.com/fr/products/wool-boucle-throw-blanket-paris-white-140-200?variant_sku=0AA5C4EF5C0B2550,https://cdn.shopify.com/s/files/1/0884/0278/8685/files/wool-boucle-throw-blanket-paris-white-folded.jpg?v=1785950223,"https://cdn.shopify.com/s/files/1/0884/0278/8685/files/wool-boucle-throw-blanket-paris-white-texture.jpg?v=1785950245,https://cdn.shopify.com/s/files/1/0884/0278/8685/files/wool-boucle-throw-blanket-paris-white-detail.jpg?v=1785950253,https://cdn.shopify.com/s/files/1/0884/0278/8685/files/wool-boucle-throw-blanket-paris-white-swatch.jpg?v=1785950262",in_stock,71.00 EUR,MoST Blankets,new,8720849141338,0AA5C4EF5C0B2550,wool-boucle-throw-blanket-paris-white-140-200,,,"80% Wool, 20% Polyester"
8720849141444,Couverture en laine Rio Beige 140 x 200,"Fabriqué à partir de laine de mouton 100 % pure, le plaid Rio vous offre une chaleur réconfortante et un style coloré, que ce soit à l'intérieur ou à l'extérieur.",https://www.maisondecocon.com/fr/products/wool-throw-blanket-rio-beige-140-200?variant_sku=8720849141444,https://cdn.shopify.com/s/files/1/0884/0278/8685/files/wool-throw-blanket-rio-beige-folded.jpg?v=1785950441,"https://cdn.shopify.com/s/files/1/0884/0278/8685/files/wool-throw-blanket-rio-beige-texture-detail.jpg?v=1785950454,https://cdn.shopify.com/s/files/1/0884/0278/8685/files/wool-throw-blanket-rio-beige-lifestyle.jpg?v=1785950463",in_stock,68.50 EUR,MoST Blankets,new,8720849141444,8720849141444,wool-throw-blanket-rio-beige-140-200,,,100% Wool
8720849141215,Couverture en laine Agatha Gris 140 x 200,"Fabriqué à partir de laine 100 % néo-zélandaise, le plaid Agatha se distingue par son motif multicolore éclatant qui apporte chaleur et dynamisme à n'importe quel intérieur.",https://www.maisondecocon.com/fr/products/wool-throw-blanket-agatha-grey-140-200?variant_sku=8720849141215,https://cdn.shopify.com/s/files/1/0884/0278/8685/files/wool-throw-blanket-agatha-grey-folded.jpg?v=1785950769,"https://cdn.shopify.com/s/files/1/0884/0278/8685/files/wool-throw-blanket-agatha-grey-texture.jpg?v=1785950778,https://cdn.shopify.com/s/files/1/0884/0278/8685/files/wool-throw-blanket-agatha-grey-detail.jpg?v=1785950786",out_of_stock,69.90 EUR,MoST Blankets,new,8720849141215,8720849141215,wool-throw-blanket-agatha-grey-140-200,,,100% New Zealand Wool
801538473F16A8E4,Couverture en laine bouclée « Paris » ivoire 140 x 200,"Confectionné dans un luxueux mélange bouclé composé à 80 % de laine et à 20 % de polyester, le plaid Paris vous offre une chaleur douce et réconfortante, que ce soit à l'intérieur ou à l'extérieur.",https://www.maisondecocon.com/fr/products/wool-boucle-throw-blanket-paris-ivory-140-200?variant_sku=801538473F16A8E4,https://cdn.shopify.com/s/files/1/0884/0278/8685/files/wool-boucle-throw-blanket-paris-ivory-folded.jpg?v=1785951055,"https://cdn.shopify.com/s/files/1/0884/0278/8685/files/wool-boucle-throw-blanket-paris-ivory-texture.jpg?v=1785951117,https://cdn.shopify.com/s/files/1/0884/0278/8685/files/wool-boucle-throw-blanket-paris-ivory-detail.jpg?v=1785951125,https://cdn.shopify.com/s/files/1/0884/0278/8685/files/wool-boucle-throw-blanket-paris-ivory-swatch.jpg?v=1785951136",in_stock,71.00 EUR,MoST Blankets,new,8720849141352,801538473F16A8E4,wool-boucle-throw-blanket-paris-ivory-140-200,,,"80% Wool, 20% Polyester"
8720849141499,Couverture en laine mérinos et cachemire « Milano Rosa Orlo » 140 x 200,"Confectionné dans un mélange composé à 90 % de laine mérinos et à 10 % de cachemire, le plaid Milano Rosa Orlo offre une douceur exceptionnelle et se distingue par une bordure raffinée de couleur grise rehaussée d'une touche de rose tendre.",https://www.maisondecocon.com/fr/products/merino-cashmere-throw-blanket-milano-rosa-orlo?variant_sku=8720849141499,https://cdn.shopify.com/s/files/1/0884/0278/8685/files/merino-cashmere-throw-blanket-milano-rosa-orlo-folded.jpg?v=1786002359,"https://cdn.shopify.com/s/files/1/0884/0278/8685/files/merino-cashmere-throw-blanket-milano-rosa-orlo-fringe-detail.jpg?v=1786002366,https://cdn.shopify.com/s/files/1/0884/0278/8685/files/merino-cashmere-throw-blanket-milano-rosa-orlo-corner-fold.jpg?v=1786002373,https://cdn.shopify.com/s/files/1/0884/0278/8685/files/merino-cashmere-throw-blanket-milano-rosa-orlo-draped.jpg?v=1786002380,https://cdn.shopify.com/s/files/1/0884/0278/8685/files/merino-cashmere-throw-blanket-milano-rosa-orlo-lifestyle.jpg?v=1786002388",in_stock,85.50 EUR,MoST Blankets,new,8720849141499,8720849141499,merino-cashmere-throw-blanket-milano-rosa-orlo,,,"90% Merino Wool, 10% Cashmere"
8720849141482,Couverture en laine mérinos et cachemire « Milano Grigio Orlo » 140 x 200,"Confectionné dans un mélange de 90 % de laine mérinos et de 10 % de cachemire, le plaid Milano Grigio Orlo offre une douceur exceptionnelle et se distingue par une bordure subtile dans les tons de gris.",https://www.maisondecocon.com/fr/products/merino-cashmere-throw-blanket-milano-grigio-orlo?variant_sku=8720849141482,https://cdn.shopify.com/s/files/1/0884/0278/8685/files/merino-cashmere-throw-blanket-milano-grigio-orlo-folded.jpg?v=1785999353,"https://cdn.shopify.com/s/files/1/0884/0278/8685/files/merino-cashmere-throw-blanket-milano-grigio-orlo-fringe-detail.jpg?v=1785999361,https://cdn.shopify.com/s/files/1/0884/0278/8685/files/merino-cashmere-throw-blanket-milano-grigio-orlo-corner-fold.jpg?v=1785999368,https://cdn.shopify.com/s/files/1/0884/0278/8685/files/merino-cashmere-throw-blanket-milano-grigio-orlo-texture.jpg?v=1785999377,https://cdn.shopify.com/s/files/1/0884/0278/8685/files/merino-cashmere-throw-blanket-milano-grigio-orlo-draped.jpg?v=1785999385,https://cdn.shopify.com/s/files/1/0884/0278/8685/files/merino-cashmere-throw-blanket-milano-grigio-orlo-lifestyle.jpg?v=1785999393",in_stock,85.50 EUR,MoST Blankets,new,8720849141482,8720849141482,merino-cashmere-throw-blanket-milano-grigio-orlo,,,"90% Merino Wool, 10% Cashmere"
8720849141505,Couverture en laine mérinos et cachemire « Milano Verde Orlo » 140 x 200,"Confectionné dans un mélange composé à 90 % de laine mérinos et à 10 % de cachemire, le plaid Milano Verde Orlo offre une douceur exceptionnelle et une finition raffinée avec des bords surpiqués de couleur vert foncé.",https://www.maisondecocon.com/fr/products/merino-cashmere-throw-blanket-milano-verde-orlo?variant_sku=8720849141505,https://cdn.shopify.com/s/files/1/0884/0278/8685/files/merino-cashmere-throw-blanket-milano-verde-orlo-folded.jpg?v=1785999445,"https://cdn.shopify.com/s/files/1/0884/0278/8685/files/merino-cashmere-throw-blanket-milano-verde-orlo-texture.jpg?v=1785999452,https://cdn.shopify.com/s/files/1/0884/0278/8685/files/merino-cashmere-throw-blanket-milano-verde-orlo-lifestyle.jpg?v=1785999459,https://cdn.shopify.com/s/files/1/0884/0278/8685/files/merino-cashmere-throw-blanket-milano-verde-orlo-corner-fold.jpg?v=1785999466,https://cdn.shopify.com/s/files/1/0884/0278/8685/files/merino-cashmere-throw-blanket-milano-verde-orlo-fringe-detail.jpg?v=1785999475,https://cdn.shopify.com/s/files/1/0884/0278/8685/files/merino-cashmere-throw-blanket-milano-verde-orlo-swatch.jpg?v=1785999483",in_stock,85.50 EUR,MoST Blankets,new,8720849141505,8720849141505,merino-cashmere-throw-blanket-milano-verde-orlo,,,"90% Merino Wool, 10% Cashmere"
8720849142106-1,Couverture en laine mérinos et cachemire « Luma Soft Gray » 140 x 200,"Confectionnée dans un mélange raffiné composé à 90 % de laine mérinos et à 10 % de cachemire, la couverture Luma Soft offre une douceur, une légèreté et une chaleur naturelle exceptionnelles.",https://www.maisondecocon.com/fr/products/soft-cashmere-merino-wool-blanket-luma-soft-single-gray?variant_sku=8720849142106-1,https://cdn.shopify.com/s/files/1/0884/0278/8685/files/merino-wool-cashmere-throw-blanket-luma-soft-gray-folded.jpg?v=1785999538,https://cdn.shopify.com/s/files/1/0884/0278/8685/files/merino-wool-cashmere-throw-blanket-luma-soft-gray-detail.jpg?v=1785999545,in_stock,119.00 EUR,MoST Blankets,new,8720849142106,8720849142106-1,soft-cashmere-merino-wool-blanket-luma-soft-single-gray,,,"90% Merino Wool, 10% Cashmere"
8720849141925-1,Couverture en laine Venezia Sky 140 x 200,"Tissé à partir de laine 100 % néo-zélandaise, le plaid Venezia apporte une chaleur douce et naturelle ainsi qu'une élégance discrète à toutes les pièces de votre intérieur.",https://www.maisondecocon.com/fr/products/wool-throw-blanket-venezia-sky?variant_sku=8720849141925-1,https://cdn.shopify.com/s/files/1/0884/0278/8685/files/wool-throw-blanket-venezia-sky-folded.jpg?v=1785999595,,in_stock,71.00 EUR,MoST Blankets,new,8720849141925,8720849141925-1,wool-throw-blanket-venezia-sky,,,100% New Zealand Wool
8720849140454-copy,Couverture en laine mérinos « Aegean » 140 x 200,"Tissée à partir d'un mélange composé à 80 % de laine mérinos et à 20 % de nylon, cette couverture apporte une chaleur exceptionnelle et une grande résistance à n'importe quelle chambre.",https://www.maisondecocon.com/fr/products/merino-wool-bed-blanket-aegean-140-200?variant_sku=8720849140454-copy,https://cdn.shopify.com/s/files/1/0884/0278/8685/files/wool-throw-blanket-ocean-blue-folded.jpg?v=1786007797,https://cdn.shopify.com/s/files/1/0884/0278/8685/files/wool-throw-blanket-ocean-blue-detail.jpg?v=1786007807,in_stock,92.00 EUR,MoST Blankets,new,8720849140454,8720849140454-copy,merino-wool-bed-blanket-aegean-140-200,,140 x 200 cm,"80% Merino Wool, 20% Nylon"
8720849140471,Couverture en laine mérinos « Aegean » 140 x 200,"Tissée à partir d'un mélange composé à 80 % de laine mérinos et à 20 % de nylon, cette couverture apporte une chaleur exceptionnelle et une grande résistance à n'importe quelle chambre.",https://www.maisondecocon.com/fr/products/merino-wool-bed-blanket-aegean-140-200?variant_sku=8720849140471,https://cdn.shopify.com/s/files/1/0884/0278/8685/files/wool-throw-blanket-ocean-blue-folded.jpg?v=1786007797,https://cdn.shopify.com/s/files/1/0884/0278/8685/files/wool-throw-blanket-ocean-blue-detail.jpg?v=1786007807,in_stock,112.00 EUR,MoST Blankets,new,,8720849140471,merino-wool-bed-blanket-aegean-140-200,,200 x 220 cm,"80% Merino Wool, 20% Nylon"
8720849141239,Couverture en laine Triangel Bleue 140 x 200,"Le plaid Triangel, confectionné à partir de laine 100 % néo-zélandaise, arbore un motif triangulaire aux couleurs vives qui apporte une touche de couleur et une note de modernité à n'importe quel intérieur.",https://www.maisondecocon.com/fr/products/wool-throw-blanket-triangel-blue?variant_sku=8720849141239,https://cdn.shopify.com/s/files/1/0884/0278/8685/files/wool-throw-blanket-triangel-blue-folded.jpg?v=1786002198,"https://cdn.shopify.com/s/files/1/0884/0278/8685/files/wool-throw-blanket-triangel-blue-hanging.jpg?v=1786002204,https://cdn.shopify.com/s/files/1/0884/0278/8685/files/wool-throw-blanket-triangel-blue-pattern-detail.jpg?v=1786002211",in_stock,69.90 EUR,MoST Blankets,new,8720849141239,8720849141239,wool-throw-blanket-triangel-blue,,,100% New Zealand Wool
95C789B2B74A70BA,"Couverture en laine mérinos et cachemire, couleur « Tibet Brown », 140 x 200","Confectionné dans un luxueux mélange composé à 50 % de cachemire et à 50 % de laine mérinos, le plaid Tibet offre une douceur et une chaleur exceptionnelles.",https://www.maisondecocon.com/fr/products/merino-cashmere-throw-blanket-tibet-brown?variant_sku=95C789B2B74A70BA,https://cdn.shopify.com/s/files/1/0884/0278/8685/files/merino-cashmere-throw-blanket-tibet-brown-folded.jpg?v=1786001717,https://cdn.shopify.com/s/files/1/0884/0278/8685/files/merino-cashmere-throw-blanket-tibet-brown-texture.jpg?v=1786001724,in_stock,155.00 EUR,MoST Blankets,new,8720849141383,95C789B2B74A70BA,merino-cashmere-throw-blanket-tibet-brown,,,"50% Cashmere, 50% Merino Wool"
8720849141253,Couverture en laine Triangel Gris 140 x 200,"Fabriqué à partir de laine 100 % néo-zélandaise, le plaid Triangel arbore un motif triangulaire aux couleurs vives qui apporte une touche audacieuse et ludique à n'importe quelle pièce.",https://www.maisondecocon.com/fr/products/wool-throw-blanket-triangel-grey?variant_sku=8720849141253,https://cdn.shopify.com/s/files/1/0884/0278/8685/files/wool-throw-blanket-triangel-grey-folded.jpg?v=1786002144,"https://cdn.shopify.com/s/files/1/0884/0278/8685/files/wool-throw-blanket-triangel-grey-pattern-detail.jpg?v=1786002151,https://cdn.shopify.com/s/files/1/0884/0278/8685/files/wool-throw-blanket-triangel-grey-hanging.jpg?v=1786002158",in_stock,69.90 EUR,MoST Blankets,new,8720849141253,8720849141253,wool-throw-blanket-triangel-grey,,,100% New Zealand Wool
87CF1A6F230F3017,Tapis de lit en laine « Wild Dove » 130 x 250,"Confectionné dans un mélange de laine haut de gamme, ce chemin de lit apporte chaleur, texture et une touche raffinée digne d'un hôtel à n'importe quel lit.",https://www.maisondecocon.com/fr/products/wool-bed-runner-wild-dove-130-x-250-cm?variant_sku=87CF1A6F230F3017,https://cdn.shopify.com/s/files/1/0884/0278/8685/files/wool-bed-runner-wild-dove-folded.jpg?v=1786002256,"https://cdn.shopify.com/s/files/1/0884/0278/8685/files/wool-bed-runner-wild-dove-texture.jpg?v=1786002263,https://cdn.shopify.com/s/files/1/0884/0278/8685/files/wool-bed-runner-wild-dove-lifestyle.png?v=1786002272",in_stock,95.00 EUR,MoST Blankets,new,8720849142175,87CF1A6F230F3017,wool-bed-runner-wild-dove-130-x-250-cm,,,Wool blend
8720849141116,Couverture en laine Venezia Leaf 140 x 200,"Tissé à partir de laine 100 % néo-zélandaise, le plaid Venezia apporte une chaleur douce et naturelle ainsi qu'une élégance discrète à toutes les pièces de votre intérieur.",https://www.maisondecocon.com/fr/products/wool-throw-blanket-venezia-leaf?variant_sku=8720849141116,https://cdn.shopify.com/s/files/1/0884/0278/8685/files/wool-throw-blanket-venezia-leaf-folded.jpg?v=1786001839,"https://cdn.shopify.com/s/files/1/0884/0278/8685/files/wool-throw-blanket-venezia-leaf-fringe-detail.jpg?v=1786001846,https://cdn.shopify.com/s/files/1/0884/0278/8685/files/wool-throw-blanket-venezia-leaf-hanging.jpg?v=1786001853",in_stock,71.00 EUR,MoST Blankets,new,8720849141116,8720849141116,wool-throw-blanket-venezia-leaf,,,100% New Zealand Wool
0793002340051,"Couverture réversible en laine et denim, 130 x 190","Ce plaid douillet, réversible, est tissé à partir de laine 100 % néo-zélandaise, très prisée pour les normes rigoureuses de ce pays en matière de bien-être des moutons et de responsabilité environnementale.",https://www.maisondecocon.com/fr/products/reversible-wool-throw-blanket-denim?variant_sku=0793002340051,https://cdn.shopify.com/s/files/1/0884/0278/8685/files/reversible-wool-throw-blanket-denim-folded.jpg?v=1786002086,https://cdn.shopify.com/s/files/1/0884/0278/8685/files/reversible-wool-throw-blanket-denim-reverse-side.jpg?v=1786002092,out_of_stock,65.90 EUR,MoST Blankets,new,0793002340051,0793002340051,reversible-wool-throw-blanket-denim,,,100% New Zealand Wool
EB93869FBA8CC1FC,Couverture en laine bouclée « Paris Brown » 140 x 200,"Confectionné dans un luxueux mélange bouclé composé à 80 % de laine et à 20 % de polyester, le plaid Paris vous offre une chaleur douce et réconfortante, que ce soit à l'intérieur ou à l'extérieur.",https://www.maisondecocon.com/fr/products/wool-boucle-throw-blanket-paris-brown?variant_sku=EB93869FBA8CC1FC,https://cdn.shopify.com/s/files/1/0884/0278/8685/files/wool-boucle-throw-blanket-paris-brown-folded.jpg?v=1786001915,"https://cdn.shopify.com/s/files/1/0884/0278/8685/files/wool-boucle-throw-blanket-paris-brown-texture.jpg?v=1786001922,https://cdn.shopify.com/s/files/1/0884/0278/8685/files/wool-boucle-throw-blanket-paris-brown-rolled.jpg?v=1786001930",in_stock,71.00 EUR,MoST Blankets,new,8720849141345,EB93869FBA8CC1FC,wool-boucle-throw-blanket-paris-brown,,,"80% Wool, 20% Polyester"
AEC6290610E7964D,Couverture en laine mérinos et cachemire « Tibet » gris foncé 140 x 200,"Confectionné dans un luxueux mélange composé à 50 % de cachemire et à 50 % de laine mérinos, le plaid Tibet offre une douceur et une chaleur exceptionnelles.",https://www.maisondecocon.com/fr/products/merino-cashmere-throw-blanket-tibet-dark-grey?variant_sku=AEC6290610E7964D,https://cdn.shopify.com/s/files/1/0884/0278/8685/files/merino-cashmere-throw-blanket-tibet-dark-grey-folded.jpg?v=1786000420,"https://cdn.shopify.com/s/files/1/0884/0278/8685/files/merino-cashmere-throw-blanket-tibet-dark-grey-fringe-detail.jpg?v=1786000443,https://cdn.shopify.com/s/files/1/0884/0278/8685/files/merino-cashmere-throw-blanket-tibet-dark-grey-texture.jpg?v=1786000450",in_stock,155.00 EUR,MoST Blankets,new,8720849141406,AEC6290610E7964D,merino-cashmere-throw-blanket-tibet-dark-grey,,,"50% Cashmere, 50% Merino Wool"
BA2643BE3224656C,"Couverture en laine mérinos et cachemire, couleur « Tibet Beige », 140 x 200","Confectionné dans un luxueux mélange composé à 50 % de cachemire et à 50 % de laine mérinos, le plaid Tibet offre une douceur et une chaleur exceptionnelles.",https://www.maisondecocon.com/fr/products/merino-cashmere-throw-blanket-tibet-beige?variant_sku=BA2643BE3224656C,https://cdn.shopify.com/s/files/1/0884/0278/8685/files/merino-cashmere-throw-blanket-tibet-beige-folded.jpg?v=1786001547,"https://cdn.shopify.com/s/files/1/0884/0278/8685/files/merino-cashmere-throw-blanket-tibet-beige-texture.jpg?v=1786001558,https://cdn.shopify.com/s/files/1/0884/0278/8685/files/merino-cashmere-throw-blanket-tibet-beige-fringe-detail.jpg?v=1786001565,https://cdn.shopify.com/s/files/1/0884/0278/8685/files/merino-cashmere-throw-blanket-tibet-beige-corner-fold.jpg?v=1786001572",out_of_stock,155.00 EUR,MoST Blankets,new,8720849141390,BA2643BE3224656C,merino-cashmere-throw-blanket-tibet-beige,,,"50% Cashmere, 50% Merino Wool"
239A55CCBA024FA2,"Couvre-lit en laine mérinos et cachemire, couleur « Ivory Mist », 200 x 220","Confectionnée dans un mélange raffiné composé à 90 % de laine mérinos et à 10 % de cachemire, la couverture « Ivory Mist » se distingue par un dégradé serein allant du gris au blanc et par un luxe discret.",https://www.maisondecocon.com/fr/products/merino-cashmere-bed-blanket-ivory-mist?variant_sku=239A55CCBA024FA2,https://cdn.shopify.com/s/files/1/0884/0278/8685/files/merino-cashmere-bedspread-ivory-mist-folded.jpg?v=1785998926,"https://cdn.shopify.com/s/files/1/0884/0278/8685/files/merino-cashmere-bedspread-ivory-mist-lifestyle.jpg?v=1785998946,https://cdn.shopify.com/s/files/1/0884/0278/8685/files/merino-cashmere-bedspread-ivory-mist-texture.jpg?v=1785998955,https://cdn.shopify.com/s/files/1/0884/0278/8685/files/merino-cashmere-bedspread-ivory-mist-lifestyle-detail.jpg?v=1785998965,https://cdn.shopify.com/s/files/1/0884/0278/8685/files/4d794572-445d-472b-aa33-657c705a5155_1200x1200_fill.jpg?v=1785780057",in_stock,149.00 EUR,MoST Blankets,new,08720849141598,239A55CCBA024FA2,merino-cashmere-bed-blanket-ivory-mist,,,"90% Merino Wool, 10% Cashmere"
8720849141550,Couverture en laine mérinos et cachemire « Silver Cloud » 200 x 140,"Confectionnée dans un mélange raffiné de 90 % de laine mérinos et de 10 % de cachemire, la couverture Silver Cloud se distingue par un dégradé serein allant du gris au blanc et par un luxe discret.",https://www.maisondecocon.com/fr/products/merino-cashmere-throw-blanket-silver-cloud-200-140?variant_sku=8720849141550,https://cdn.shopify.com/s/files/1/0884/0278/8685/files/merino-cashmere-throw-blanket-silver-cloud-folded.jpg?v=1785998644,"https://cdn.shopify.com/s/files/1/0884/0278/8685/files/merino-cashmere-throw-blanket-silver-cloud-lifestyle.jpg?v=1785998684,https://cdn.shopify.com/s/files/1/0884/0278/8685/files/merino-cashmere-throw-blanket-silver-cloud-corner-detail.jpg?v=1785998693,https://cdn.shopify.com/s/files/1/0884/0278/8685/files/b038ecd8-e204-4fbf-b60a-036dd837ee95_1200x1200_fill.jpg?v=1785780057",in_stock,119.00 EUR,MoST Blankets,new,8720849141550,8720849141550,merino-cashmere-throw-blanket-silver-cloud-200-140,,,"90% Merino Wool, 10% Cashmere"
8720849141772,Couverture en laine bouclée « Paris » Swamp Green 140 x 200,"Confectionné dans un luxueux mélange bouclé composé à 80 % de laine et à 20 % de polyester, le plaid Paris vous offre une chaleur douce et réconfortante, que ce soit à l'intérieur ou à l'extérieur.",https://www.maisondecocon.com/fr/products/wool-boucle-throw-blanket-paris-swamp-green?variant_sku=8720849141772,https://cdn.shopify.com/s/files/1/0884/0278/8685/files/wool-boucle-throw-blanket-paris-swamp-green-folded.jpg?v=1786001790,https://cdn.shopify.com/s/files/1/0884/0278/8685/files/wool-boucle-throw-blanket-paris-swamp-green-fringe-detail.jpg?v=1786001798,in_stock,71.00 EUR,MoST Blankets,new,8720849141772,8720849141772,wool-boucle-throw-blanket-paris-swamp-green,,,"80% Wool, 20% Polyester"
8720849141222,Couverture en laine Agatha Brown 140 x 200,"Fabriqué à partir de laine 100 % néo-zélandaise, le plaid Agatha se distingue par un superbe motif multicolore qui apporte chaleur et dynamisme à n'importe quel intérieur.",https://www.maisondecocon.com/fr/products/wool-throw-blanket-agatha-brown?variant_sku=8720849141222,https://cdn.shopify.com/s/files/1/0884/0278/8685/files/wool-throw-blanket-agatha-brown-folded.jpg?v=1786002030,,out_of_stock,69.90 EUR,MoST Blankets,new,8720849141222,8720849141222,wool-throw-blanket-agatha-brown,,,100% New Zealand Wool
8720849141123,Couverture en laine « Venezia Blue » 140 x 200,"Tissé à partir de laine 100 % néo-zélandaise, le plaid Venezia apporte une chaleur douce et naturelle ainsi qu'une élégance discrète à toutes les pièces de votre intérieur.",https://www.maisondecocon.com/fr/products/wool-throw-blanket-venezia-blue?variant_sku=8720849141123,https://cdn.shopify.com/s/files/1/0884/0278/8685/files/wool-throw-blanket-venezia-blue-folded.jpg?v=1786001647,"https://cdn.shopify.com/s/files/1/0884/0278/8685/files/wool-throw-blanket-venezia-blue-hanging.jpg?v=1786001654,https://cdn.shopify.com/s/files/1/0884/0278/8685/files/wool-throw-blanket-venezia-blue-texture-detail.jpg?v=1786001662",out_of_stock,71.00 EUR,MoST Blankets,new,8720849141123,8720849141123,wool-throw-blanket-venezia-blue,,,100% New Zealand Wool
8720849140447-copy,Couvre-lit en laine mérinos « Aegean » 200 x 220,"Tissé à partir d'un mélange composé à 80 % de laine mérinos et à 20 % de nylon, ce couvre-lit apporte une chaleur exceptionnelle et une grande résistance à votre chambre.",https://www.maisondecocon.com/fr/products/merino-wool-bedspread-aegean-200-220?variant_sku=8720849140447-copy,https://cdn.shopify.com/s/files/1/0884/0278/8685/files/wool-bedspread-blanket-ocean-blue-folded.jpg?v=1786007702,https://cdn.shopify.com/s/files/1/0884/0278/8685/files/wool-bedspread-blanket-ocean-blue-detail.jpg?v=1786007776,in_stock,112.00 EUR,MoST Blankets,new,8720849140447,8720849140447-copy,merino-wool-bedspread-aegean-200-220,,200 x 220 cm,"80% Merino Wool, 20% Nylon"
8720849140584,Couvre-lit en laine « Chocolate Chip » 200 x 220,"Fabriqué à partir de laine 100 % néo-zélandaise et d'un grammage généreux de 450 g/m², ce couvre-lit apporte une véritable chaleur et un confort durable à votre chambre.",https://www.maisondecocon.com/fr/products/wool-bedspread-chocolate-chip-200x220?variant_sku=8720849140584,https://cdn.shopify.com/s/files/1/0884/0278/8685/files/wool-bedspread-chocolate-chip-folded.jpg?v=1786003553,https://cdn.shopify.com/s/files/1/0884/0278/8685/files/wool-bedspread-chocolate-chip-lifestyle.jpg?v=1786003561,in_stock,108.90 EUR,MoST Blankets,new,8720849140584,8720849140584,wool-bedspread-chocolate-chip-200x220,,200 x 220 cm,100% New Zealand Wool
8720849140560,Couvre-lit en laine Hunter 200 x 220,"Tissé à partir de laine 100 % néo-zélandaise et d'un grammage généreux de 450 g/m², le couvre-lit Hunter apporte une chaleur naturelle et une élégance sobre à n'importe quel lit.",https://www.maisondecocon.com/fr/products/wool-bedspread-hunter-200-220?variant_sku=8720849140560,https://cdn.shopify.com/s/files/1/0884/0278/8685/files/wool-bedspread-hunter-folded.jpg?v=1786006920,https://cdn.shopify.com/s/files/1/0884/0278/8685/files/wool-bedspread-hunter-lifestyle.jpg?v=1786006927,in_stock,108.90 EUR,MoST Blankets,new,8720849140560,8720849140560,wool-bedspread-hunter-200-220,,200 x 220 cm,100% New Zealand Wool
0793002340709,"Couvre-lit en laine, jaune brumeux, 200 x 220","Tissé à partir de laine 100 % néo-zélandaise et d'un grammage généreux de 450 g/m², le couvre-lit « Misted Yellow » apporte une chaleur naturelle et une élégance discrète à n'importe quel lit.",https://www.maisondecocon.com/fr/products/wool-bedspread-misted-yellow-200-220?variant_sku=0793002340709,https://cdn.shopify.com/s/files/1/0884/0278/8685/files/wool-bedspread-blanket-misted-yellow-folded.jpg?v=1786007145,"https://cdn.shopify.com/s/files/1/0884/0278/8685/files/wool-bedspread-blanket-misted-yellow-lifestyle.jpg?v=1786007157,https://cdn.shopify.com/s/files/1/0884/0278/8685/files/wool-bedspread-blanket-misted-yellow-rolled.jpg?v=1786007169",out_of_stock,108.90 EUR,MoST Blankets,new,0793002340709,0793002340709,wool-bedspread-misted-yellow-200-220,,200 x 220 cm,100% New Zealand Wool
9999998014050,"Parure de lit en bambou pour une personne, Coffee Brown, 400TC","Un ensemble de literie en bambou 400TC au toucher chaleureux et somptueusement doux, pour une personne, dans une riche teinte « Coffee Brown » — respirant, hypoallergénique et doux pour la peau, pour une nuit de sommeil digne d'un hôtel.",https://www.maisondecocon.com/fr/products/1-person-bamboo-bedding-set-coffee-brown-400tc?variant_sku=9999998014050,https://cdn.shopify.com/s/files/1/0884/0278/8685/files/c6852ec8-3551-4ec0-9f05-f798b82d4b2d_1200x1200_fill.jpg?v=1786036520,"https://cdn.shopify.com/s/files/1/0884/0278/8685/files/5e3e4b21-a22c-450f-98e6-9dc374bfe58f_1200x1200_fill.jpg?v=1786036520,https://cdn.shopify.com/s/files/1/0884/0278/8685/files/273c652a-e7f5-4b9d-923e-b11c757de07c_1200x1200_fill.jpg?v=1786036520,https://cdn.shopify.com/s/files/1/0884/0278/8685/files/5af2f12d-cf54-4c89-8161-c670da2a2799_1200x1200_fill.jpg?v=1786036520,https://cdn.shopify.com/s/files/1/0884/0278/8685/files/6558e6cb-d352-4311-a1f9-091bc453e2c0_1200x1200_fill.jpg?v=1786036520,https://cdn.shopify.com/s/files/1/0884/0278/8685/files/a2fed5a3-205a-4f51-b9ed-405a378899a0_1200x1200_fill.jpg?v=1786036520,https://cdn.shopify.com/s/files/1/0884/0278/8685/files/7a441d78-7fe0-467a-9f32-42ba850e3558_1200x1200_fill.jpg?v=1786036520,https://cdn.shopify.com/s/files/1/0884/0278/8685/files/d9b724f7-fe3c-4be4-b1d7-24669ca58a21_1200x1200_fill.jpg?v=1786036520,https://cdn.shopify.com/s/files/1/0884/0278/8685/files/3ce3f7f7-d157-450f-8251-49b471a0ae15_1200x1200_fill.jpg?v=1786036520,https://cdn.shopify.com/s/files/1/0884/0278/8685/files/7348cd93-faad-4826-8bb4-a66878f6c554_1200x1200_fill.jpg?v=1786036520,https://cdn.shopify.com/s/files/1/0884/0278/8685/files/3e8f841e-9d23-402f-8072-3d0b324d441c_1200x1200_fill.jpg?v=1786036520",in_stock,161.00 EUR,Boomba Bamboo,new,,9999998014050,1-person-bamboo-bedding-set-coffee-brown-400tc,Coffee Brown,M — 80×200 + 140×220 + 50×75,100% Bamboo (Tanboocel™)
9999999014050,"Parure de lit en bambou pour une personne, Coffee Brown, 400TC","Un ensemble de literie en bambou 400TC au toucher chaleureux et somptueusement doux, pour une personne, dans une riche teinte « Coffee Brown » — respirant, hypoallergénique et doux pour la peau, pour une nuit de sommeil digne d'un hôtel.",https://www.maisondecocon.com/fr/products/1-person-bamboo-bedding-set-coffee-brown-400tc?variant_sku=9999999014050,https://cdn.shopify.com/s/files/1/0884/0278/8685/files/c6852ec8-3551-4ec0-9f05-f798b82d4b2d_1200x1200_fill.jpg?v=1786036520,"https://cdn.shopify.com/s/files/1/0884/0278/8685/files/5e3e4b21-a22c-450f-98e6-9dc374bfe58f_1200x1200_fill.jpg?v=1786036520,https://cdn.shopify.com/s/files/1/0884/0278/8685/files/273c652a-e7f5-4b9d-923e-b11c757de07c_1200x1200_fill.jpg?v=1786036520,https://cdn.shopify.com/s/files/1/0884/0278/8685/files/5af2f12d-cf54-4c89-8161-c670da2a2799_1200x1200_fill.jpg?v=1786036520,https://cdn.shopify.com/s/files/1/0884/0278/8685/files/6558e6cb-d352-4311-a1f9-091bc453e2c0_1200x1200_fill.jpg?v=1786036520,https://cdn.shopify.com/s/files/1/0884/0278/8685/files/a2fed5a3-205a-4f51-b9ed-405a378899a0_1200x1200_fill.jpg?v=1786036520,https://cdn.shopify.com/s/files/1/0884/0278/8685/files/7a441d78-7fe0-467a-9f32-42ba850e3558_1200x1200_fill.jpg?v=1786036520,https://cdn.shopify.com/s/files/1/0884/0278/8685/files/d9b724f7-fe3c-4be4-b1d7-24669ca58a21_1200x1200_fill.jpg?v=1786036520,https://cdn.shopify.com/s/files/1/0884/0278/8685/files/3ce3f7f7-d157-450f-8251-49b471a0ae15_1200x1200_fill.jpg?v=1786036520,https://cdn.shopify.com/s/files/1/0884/0278/8685/files/7348cd93-faad-4826-8bb4-a66878f6c554_1200x1200_fill.jpg?v=1786036520,https://cdn.shopify.com/s/files/1/0884/0278/8685/files/3e8f841e-9d23-402f-8072-3d0b324d441c_1200x1200_fill.jpg?v=1786036520",in_stock,164.00 EUR,Boomba Bamboo,new,,9999999014050,1-person-bamboo-bedding-set-coffee-brown-400tc,Coffee Brown,L — 90×200 + 140×220 + 50×75,100% Bamboo (Tanboocel™)
5555558014050,Parure de lit en bambou pour une personne « Coco White » 400TC,"Un ensemble de literie en bambou 400TC pour une personne, dans la teinte « Coco White », à la fois fraîche et intemporelle : respirant, hypoallergénique et doux pour la peau, il vous garantit une nuit de sommeil digne d'un hôtel.",https://www.maisondecocon.com/fr/products/1-person-bamboo-bedding-set-coco-white-400tc?variant_sku=5555558014050,https://cdn.shopify.com/s/files/1/0884/0278/8685/files/bamboo-bedding-set-coco-white-1-person-window-lifestyle.jpg?v=1786101593,"https://cdn.shopify.com/s/files/1/0884/0278/8685/files/bamboo-bedding-set-coco-white-1-person-button-detail.jpg?v=1786101602,https://cdn.shopify.com/s/files/1/0884/0278/8685/files/bamboo-bedding-set-coco-white-1-person-bedroom-table.jpg?v=1786101610,https://cdn.shopify.com/s/files/1/0884/0278/8685/files/bamboo-bedding-set-coco-white-1-person-bedroom-angle.jpg?v=1786101618,https://cdn.shopify.com/s/files/1/0884/0278/8685/files/bamboo-bedding-set-coco-white-1-person-fabric-drape.jpg?v=1786101626,https://cdn.shopify.com/s/files/1/0884/0278/8685/files/bamboo-bedding-set-coco-white-1-person-fitted-sheet-detail.jpg?v=1786101634,https://cdn.shopify.com/s/files/1/0884/0278/8685/files/bamboo-bedding-set-coco-white-1-person-bedroom-pillows.jpg?v=1786101642,https://cdn.shopify.com/s/files/1/0884/0278/8685/files/bamboo-bedding-set-coco-white-1-person-pillows-detail.jpg?v=1786101651,https://cdn.shopify.com/s/files/1/0884/0278/8685/files/bamboo-bedding-set-coco-white-1-person-fabric-gather.jpg?v=1786101660,https://cdn.shopify.com/s/files/1/0884/0278/8685/files/bamboo-bedding-set-coco-white-1-person-fabric-fold.jpg?v=1786101668,https://cdn.shopify.com/s/files/1/0884/0278/8685/files/bamboo-bedding-set-coco-white-1-person-tie-detail.jpg?v=1786101680",out_of_stock,161.00 EUR,Boomba Bamboo,new,,5555558014050,1-person-bamboo-bedding-set-coco-white-400tc,,M — 80×200 + 140×220 + 50×75,100% Bamboo (Tanboocel™)
5555559014050,Parure de lit en bambou pour une personne « Coco White » 400TC,"Un ensemble de literie en bambou 400TC pour une personne, dans la teinte « Coco White », à la fois fraîche et intemporelle : respirant, hypoallergénique et doux pour la peau, il vous garantit une nuit de sommeil digne d'un hôtel.",https://www.maisondecocon.com/fr/products/1-person-bamboo-bedding-set-coco-white-400tc?variant_sku=5555559014050,https://cdn.shopify.com/s/files/1/0884/0278/8685/files/bamboo-bedding-set-coco-white-1-person-window-lifestyle.jpg?v=1786101593,"https://cdn.shopify.com/s/files/1/0884/0278/8685/files/bamboo-bedding-set-coco-white-1-person-button-detail.jpg?v=1786101602,https://cdn.shopify.com/s/files/1/0884/0278/8685/files/bamboo-bedding-set-coco-white-1-person-bedroom-table.jpg?v=1786101610,https://cdn.shopify.com/s/files/1/0884/0278/8685/files/bamboo-bedding-set-coco-white-1-person-bedroom-angle.jpg?v=1786101618,https://cdn.shopify.com/s/files/1/0884/0278/8685/files/bamboo-bedding-set-coco-white-1-person-fabric-drape.jpg?v=1786101626,https://cdn.shopify.com/s/files/1/0884/0278/8685/files/bamboo-bedding-set-coco-white-1-person-fitted-sheet-detail.jpg?v=1786101634,https://cdn.shopify.com/s/files/1/0884/0278/8685/files/bamboo-bedding-set-coco-white-1-person-bedroom-pillows.jpg?v=1786101642,https://cdn.shopify.com/s/files/1/0884/0278/8685/files/bamboo-bedding-set-coco-white-1-person-pillows-detail.jpg?v=1786101651,https://cdn.shopify.com/s/files/1/0884/0278/8685/files/bamboo-bedding-set-coco-white-1-person-fabric-gather.jpg?v=1786101660,https://cdn.shopify.com/s/files/1/0884/0278/8685/files/bamboo-bedding-set-coco-white-1-person-fabric-fold.jpg?v=1786101668,https://cdn.shopify.com/s/files/1/0884/0278/8685/files/bamboo-bedding-set-coco-white-1-person-tie-detail.jpg?v=1786101680",out_of_stock,164.00 EUR,Boomba Bamboo,new,,5555559014050,1-person-bamboo-bedding-set-coco-white-400tc,,L — 90×200 + 140×220 + 50×75,100% Bamboo (Tanboocel™)
6154513585586,Drap-housse en bambou « Lavender Mist » 400TC,"Un drap-housse en bambou 400TC, d'une douceur soyeuse, dans la teinte envoûtante « Lavender Mist » : respirant, hypoallergénique et frais au contact de la peau, doté d'un élastique qui s'ajuste parfaitement aux matelas d'une épaisseur maximale de 30 cm.",https://www.maisondecocon.com/fr/products/bamboo-fitted-sheet-lavender-mist-400tc?variant_sku=6154513585586,https://cdn.shopify.com/s/files/1/0884/0278/8685/files/bamboo-fitted-sheet-lavender-mist-corner-detail.jpg?v=1786102537,"https://cdn.shopify.com/s/files/1/0884/0278/8685/files/bamboo-fitted-sheet-lavender-mist-bedroom-lifestyle.jpg?v=1786102528,https://cdn.shopify.com/s/files/1/0884/0278/8685/files/bamboo-fitted-sheet-lavender-mist-bedroom-wood-frame.jpg?v=1786102546,https://cdn.shopify.com/s/files/1/0884/0278/8685/files/bamboo-fitted-sheet-lavender-mist-flat-view.jpg?v=1786102554,https://cdn.shopify.com/s/files/1/0884/0278/8685/files/bamboo-fitted-sheet-lavender-mist-corner-angle.jpg?v=1786102564,https://cdn.shopify.com/s/files/1/0884/0278/8685/files/bamboo-fitted-sheet-lavender-mist-bedroom-full.jpg?v=1786102573,https://cdn.shopify.com/s/files/1/0884/0278/8685/files/bamboo-fitted-sheet-lavender-mist-fabric-drape.jpg?v=1786102582,https://cdn.shopify.com/s/files/1/0884/0278/8685/files/bamboo-fitted-sheet-lavender-mist-packaging.jpg?v=1786102592",in_stock,147.00 EUR,Boomba Bamboo,new,6154513585586,6154513585586,bamboo-fitted-sheet-lavender-mist-400tc,Lavender Mist,160x200 cm,100% Bamboo (Tanboocel™)
6154512472436,Drap-housse en bambou « Lavender Mist » 400TC,"Un drap-housse en bambou 400TC, d'une douceur soyeuse, dans la teinte envoûtante « Lavender Mist » : respirant, hypoallergénique et frais au contact de la peau, doté d'un élastique qui s'ajuste parfaitement aux matelas d'une épaisseur maximale de 30 cm.",https://www.maisondecocon.com/fr/products/bamboo-fitted-sheet-lavender-mist-400tc?variant_sku=6154512472436,https://cdn.shopify.com/s/files/1/0884/0278/8685/files/bamboo-fitted-sheet-lavender-mist-corner-detail.jpg?v=1786102537,"https://cdn.shopify.com/s/files/1/0884/0278/8685/files/bamboo-fitted-sheet-lavender-mist-bedroom-lifestyle.jpg?v=1786102528,https://cdn.shopify.com/s/files/1/0884/0278/8685/files/bamboo-fitted-sheet-lavender-mist-bedroom-wood-frame.jpg?v=1786102546,https://cdn.shopify.com/s/files/1/0884/0278/8685/files/bamboo-fitted-sheet-lavender-mist-flat-view.jpg?v=1786102554,https://cdn.shopify.com/s/files/1/0884/0278/8685/files/bamboo-fitted-sheet-lavender-mist-corner-angle.jpg?v=1786102564,https://cdn.shopify.com/s/files/1/0884/0278/8685/files/bamboo-fitted-sheet-lavender-mist-bedroom-full.jpg?v=1786102573,https://cdn.shopify.com/s/files/1/0884/0278/8685/files/bamboo-fitted-sheet-lavender-mist-fabric-drape.jpg?v=1786102582,https://cdn.shopify.com/s/files/1/0884/0278/8685/files/bamboo-fitted-sheet-lavender-mist-packaging.jpg?v=1786102592",in_stock,120.00 EUR,Boomba Bamboo,new,6154512472436,6154512472436,bamboo-fitted-sheet-lavender-mist-400tc,Lavender Mist,80x200 cm,100% Bamboo (Tanboocel™)
6154512970970,Drap-housse en bambou « Lavender Mist » 400TC,"Un drap-housse en bambou 400TC, d'une douceur soyeuse, dans la teinte envoûtante « Lavender Mist » : respirant, hypoallergénique et frais au contact de la peau, doté d'un élastique qui s'ajuste parfaitement aux matelas d'une épaisseur maximale de 30 cm.",https://www.maisondecocon.com/fr/products/bamboo-fitted-sheet-lavender-mist-400tc?variant_sku=6154512970970,https://cdn.shopify.com/s/files/1/0884/0278/8685/files/bamboo-fitted-sheet-lavender-mist-corner-detail.jpg?v=1786102537,"https://cdn.shopify.com/s/files/1/0884/0278/8685/files/bamboo-fitted-sheet-lavender-mist-bedroom-lifestyle.jpg?v=1786102528,https://cdn.shopify.com/s/files/1/0884/0278/8685/files/bamboo-fitted-sheet-lavender-mist-bedroom-wood-frame.jpg?v=1786102546,https://cdn.shopify.com/s/files/1/0884/0278/8685/files/bamboo-fitted-sheet-lavender-mist-flat-view.jpg?v=1786102554,https://cdn.shopify.com/s/files/1/0884/0278/8685/files/bamboo-fitted-sheet-lavender-mist-corner-angle.jpg?v=1786102564,https://cdn.shopify.com/s/files/1/0884/0278/8685/files/bamboo-fitted-sheet-lavender-mist-bedroom-full.jpg?v=1786102573,https://cdn.shopify.com/s/files/1/0884/0278/8685/files/bamboo-fitted-sheet-lavender-mist-fabric-drape.jpg?v=1786102582,https://cdn.shopify.com/s/files/1/0884/0278/8685/files/bamboo-fitted-sheet-lavender-mist-packaging.jpg?v=1786102592",in_stock,129.00 EUR,Boomba Bamboo,new,6154512970970,6154512970970,bamboo-fitted-sheet-lavender-mist-400tc,Lavender Mist,90x200 cm,100% Bamboo (Tanboocel™)
6154513553554,Drap-housse en bambou « Lavender Mist » 400TC,"Un drap-housse en bambou 400TC, d'une douceur soyeuse, dans la teinte envoûtante « Lavender Mist » : respirant, hypoallergénique et frais au contact de la peau, doté d'un élastique qui s'ajuste parfaitement aux matelas d'une épaisseur maximale de 30 cm.",https://www.maisondecocon.com/fr/products/bamboo-fitted-sheet-lavender-mist-400tc?variant_sku=6154513553554,https://cdn.shopify.com/s/files/1/0884/0278/8685/files/bamboo-fitted-sheet-lavender-mist-corner-detail.jpg?v=1786102537,"https://cdn.shopify.com/s/files/1/0884/0278/8685/files/bamboo-fitted-sheet-lavender-mist-bedroom-lifestyle.jpg?v=1786102528,https://cdn.shopify.com/s/files/1/0884/0278/8685/files/bamboo-fitted-sheet-lavender-mist-bedroom-wood-frame.jpg?v=1786102546,https://cdn.shopify.com/s/files/1/0884/0278/8685/files/bamboo-fitted-sheet-lavender-mist-flat-view.jpg?v=1786102554,https://cdn.shopify.com/s/files/1/0884/0278/8685/files/bamboo-fitted-sheet-lavender-mist-corner-angle.jpg?v=1786102564,https://cdn.shopify.com/s/files/1/0884/0278/8685/files/bamboo-fitted-sheet-lavender-mist-bedroom-full.jpg?v=1786102573,https://cdn.shopify.com/s/files/1/0884/0278/8685/files/bamboo-fitted-sheet-lavender-mist-fabric-drape.jpg?v=1786102582,https://cdn.shopify.com/s/files/1/0884/0278/8685/files/bamboo-fitted-sheet-lavender-mist-packaging.jpg?v=1786102592",in_stock,144.00 EUR,Boomba Bamboo,new,6154513553554,6154513553554,bamboo-fitted-sheet-lavender-mist-400tc,Lavender Mist,140x200 cm,100% Bamboo (Tanboocel™)
6154514216267,Drap-housse en bambou « Lavender Mist » 400TC,"Un drap-housse en bambou 400TC, d'une douceur soyeuse, dans la teinte envoûtante « Lavender Mist » : respirant, hypoallergénique et frais au contact de la peau, doté d'un élastique qui s'ajuste parfaitement aux matelas d'une épaisseur maximale de 30 cm.",https://www.maisondecocon.com/fr/products/bamboo-fitted-sheet-lavender-mist-400tc?variant_sku=6154514216267,https://cdn.shopify.com/s/files/1/0884/0278/8685/files/bamboo-fitted-sheet-lavender-mist-corner-detail.jpg?v=1786102537,"https://cdn.shopify.com/s/files/1/0884/0278/8685/files/bamboo-fitted-sheet-lavender-mist-bedroom-lifestyle.jpg?v=1786102528,https://cdn.shopify.com/s/files/1/0884/0278/8685/files/bamboo-fitted-sheet-lavender-mist-bedroom-wood-frame.jpg?v=1786102546,https://cdn.shopify.com/s/files/1/0884/0278/8685/files/bamboo-fitted-sheet-lavender-mist-flat-view.jpg?v=1786102554,https://cdn.shopify.com/s/files/1/0884/0278/8685/files/bamboo-fitted-sheet-lavender-mist-corner-angle.jpg?v=1786102564,https://cdn.shopify.com/s/files/1/0884/0278/8685/files/bamboo-fitted-sheet-lavender-mist-bedroom-full.jpg?v=1786102573,https://cdn.shopify.com/s/files/1/0884/0278/8685/files/bamboo-fitted-sheet-lavender-mist-fabric-drape.jpg?v=1786102582,https://cdn.shopify.com/s/files/1/0884/0278/8685/files/bamboo-fitted-sheet-lavender-mist-packaging.jpg?v=1786102592",in_stock,156.00 EUR,Boomba Bamboo,new,6154514216267,6154514216267,bamboo-fitted-sheet-lavender-mist-400tc,Lavender Mist,180x200 cm,100% Bamboo (Tanboocel™)
6154512596521,Drap-housse en bambou « Lavender Mist » 400TC,"Un drap-housse en bambou 400TC, d'une douceur soyeuse, dans la teinte envoûtante « Lavender Mist » : respirant, hypoallergénique et frais au contact de la peau, doté d'un élastique qui s'ajuste parfaitement aux matelas d'une épaisseur maximale de 30 cm.",https://www.maisondecocon.com/fr/products/bamboo-fitted-sheet-lavender-mist-400tc?variant_sku=6154512596521,https://cdn.shopify.com/s/files/1/0884/0278/8685/files/bamboo-fitted-sheet-lavender-mist-corner-detail.jpg?v=1786102537,"https://cdn.shopify.com/s/files/1/0884/0278/8685/files/bamboo-fitted-sheet-lavender-mist-bedroom-lifestyle.jpg?v=1786102528,https://cdn.shopify.com/s/files/1/0884/0278/8685/files/bamboo-fitted-sheet-lavender-mist-bedroom-wood-frame.jpg?v=1786102546,https://cdn.shopify.com/s/files/1/0884/0278/8685/files/bamboo-fitted-sheet-lavender-mist-flat-view.jpg?v=1786102554,https://cdn.shopify.com/s/files/1/0884/0278/8685/files/bamboo-fitted-sheet-lavender-mist-corner-angle.jpg?v=1786102564,https://cdn.shopify.com/s/files/1/0884/0278/8685/files/bamboo-fitted-sheet-lavender-mist-bedroom-full.jpg?v=1786102573,https://cdn.shopify.com/s/files/1/0884/0278/8685/files/bamboo-fitted-sheet-lavender-mist-fabric-drape.jpg?v=1786102582,https://cdn.shopify.com/s/files/1/0884/0278/8685/files/bamboo-fitted-sheet-lavender-mist-packaging.jpg?v=1786102592",in_stock,126.00 EUR,Boomba Bamboo,new,6154512596521,6154512596521,bamboo-fitted-sheet-lavender-mist-400tc,Lavender Mist,80x220/210 cm,100% Bamboo (Tanboocel™)
6154514556592,Drap-housse en bambou « Lavender Mist » 400TC,"Un drap-housse en bambou 400TC, d'une douceur soyeuse, dans la teinte envoûtante « Lavender Mist » : respirant, hypoallergénique et frais au contact de la peau, doté d'un élastique qui s'ajuste parfaitement aux matelas d'une épaisseur maximale de 30 cm.",https://www.maisondecocon.com/fr/products/bamboo-fitted-sheet-lavender-mist-400tc?variant_sku=6154514556592,https://cdn.shopify.com/s/files/1/0884/0278/8685/files/bamboo-fitted-sheet-lavender-mist-corner-detail.jpg?v=1786102537,"https://cdn.shopify.com/s/files/1/0884/0278/8685/files/bamboo-fitted-sheet-lavender-mist-bedroom-lifestyle.jpg?v=1786102528,https://cdn.shopify.com/s/files/1/0884/0278/8685/files/bamboo-fitted-sheet-lavender-mist-bedroom-wood-frame.jpg?v=1786102546,https://cdn.shopify.com/s/files/1/0884/0278/8685/files/bamboo-fitted-sheet-lavender-mist-flat-view.jpg?v=1786102554,https://cdn.shopify.com/s/files/1/0884/0278/8685/files/bamboo-fitted-sheet-lavender-mist-corner-angle.jpg?v=1786102564,https://cdn.shopify.com/s/files/1/0884/0278/8685/files/bamboo-fitted-sheet-lavender-mist-bedroom-full.jpg?v=1786102573,https://cdn.shopify.com/s/files/1/0884/0278/8685/files/bamboo-fitted-sheet-lavender-mist-fabric-drape.jpg?v=1786102582,https://cdn.shopify.com/s/files/1/0884/0278/8685/files/bamboo-fitted-sheet-lavender-mist-packaging.jpg?v=1786102592",in_stock,162.00 EUR,Boomba Bamboo,new,6154514556592,6154514556592,bamboo-fitted-sheet-lavender-mist-400tc,Lavender Mist,180x220/210 cm,100% Bamboo (Tanboocel™)
6154514842848,Drap-housse en bambou « Lavender Mist » 400TC,"Un drap-housse en bambou 400TC, d'une douceur soyeuse, dans la teinte envoûtante « Lavender Mist » : respirant, hypoallergénique et frais au contact de la peau, doté d'un élastique qui s'ajuste parfaitement aux matelas d'une épaisseur maximale de 30 cm.",https://www.maisondecocon.com/fr/products/bamboo-fitted-sheet-lavender-mist-400tc?variant_sku=6154514842848,https://cdn.shopify.com/s/files/1/0884/0278/8685/files/bamboo-fitted-sheet-lavender-mist-corner-detail.jpg?v=1786102537,"https://cdn.shopify.com/s/files/1/0884/0278/8685/files/bamboo-fitted-sheet-lavender-mist-bedroom-lifestyle.jpg?v=1786102528,https://cdn.shopify.com/s/files/1/0884/0278/8685/files/bamboo-fitted-sheet-lavender-mist-bedroom-wood-frame.jpg?v=1786102546,https://cdn.shopify.com/s/files/1/0884/0278/8685/files/bamboo-fitted-sheet-lavender-mist-flat-view.jpg?v=1786102554,https://cdn.shopify.com/s/files/1/0884/0278/8685/files/bamboo-fitted-sheet-lavender-mist-corner-angle.jpg?v=1786102564,https://cdn.shopify.com/s/files/1/0884/0278/8685/files/bamboo-fitted-sheet-lavender-mist-bedroom-full.jpg?v=1786102573,https://cdn.shopify.com/s/files/1/0884/0278/8685/files/bamboo-fitted-sheet-lavender-mist-fabric-drape.jpg?v=1786102582,https://cdn.shopify.com/s/files/1/0884/0278/8685/files/bamboo-fitted-sheet-lavender-mist-packaging.jpg?v=1786102592",in_stock,180.00 EUR,Boomba Bamboo,new,6154514842848,6154514842848,bamboo-fitted-sheet-lavender-mist-400tc,Lavender Mist,200x220/210 cm,100% Bamboo (Tanboocel™)
6154513388361,Drap-housse en bambou « Lavender Mist » 400TC,"Un drap-housse en bambou 400TC, d'une douceur soyeuse, dans la teinte envoûtante « Lavender Mist » : respirant, hypoallergénique et frais au contact de la peau, doté d'un élastique qui s'ajuste parfaitement aux matelas d'une épaisseur maximale de 30 cm.",https://www.maisondecocon.com/fr/products/bamboo-fitted-sheet-lavender-mist-400tc?variant_sku=6154513388361,https://cdn.shopify.com/s/files/1/0884/0278/8685/files/bamboo-fitted-sheet-lavender-mist-corner-detail.jpg?v=1786102537,"https://cdn.shopify.com/s/files/1/0884/0278/8685/files/bamboo-fitted-sheet-lavender-mist-bedroom-lifestyle.jpg?v=1786102528,https://cdn.shopify.com/s/files/1/0884/0278/8685/files/bamboo-fitted-sheet-lavender-mist-bedroom-wood-frame.jpg?v=1786102546,https://cdn.shopify.com/s/files/1/0884/0278/8685/files/bamboo-fitted-sheet-lavender-mist-flat-view.jpg?v=1786102554,https://cdn.shopify.com/s/files/1/0884/0278/8685/files/bamboo-fitted-sheet-lavender-mist-corner-angle.jpg?v=1786102564,https://cdn.shopify.com/s/files/1/0884/0278/8685/files/bamboo-fitted-sheet-lavender-mist-bedroom-full.jpg?v=1786102573,https://cdn.shopify.com/s/files/1/0884/0278/8685/files/bamboo-fitted-sheet-lavender-mist-fabric-drape.jpg?v=1786102582,https://cdn.shopify.com/s/files/1/0884/0278/8685/files/bamboo-fitted-sheet-lavender-mist-packaging.jpg?v=1786102592",in_stock,138.00 EUR,Boomba Bamboo,new,6154513388361,6154513388361,bamboo-fitted-sheet-lavender-mist-400tc,Lavender Mist,100x200,100% Bamboo (Tanboocel™)
6154514681621,Drap-housse en bambou « Lavender Mist » 400TC,"Un drap-housse en bambou 400TC, d'une douceur soyeuse, dans la teinte envoûtante « Lavender Mist » : respirant, hypoallergénique et frais au contact de la peau, doté d'un élastique qui s'ajuste parfaitement aux matelas d'une épaisseur maximale de 30 cm.",https://www.maisondecocon.com/fr/products/bamboo-fitted-sheet-lavender-mist-400tc?variant_sku=6154514681621,https://cdn.shopify.com/s/files/1/0884/0278/8685/files/bamboo-fitted-sheet-lavender-mist-corner-detail.jpg?v=1786102537,"https://cdn.shopify.com/s/files/1/0884/0278/8685/files/bamboo-fitted-sheet-lavender-mist-bedroom-lifestyle.jpg?v=1786102528,https://cdn.shopify.com/s/files/1/0884/0278/8685/files/bamboo-fitted-sheet-lavender-mist-bedroom-wood-frame.jpg?v=1786102546,https://cdn.shopify.com/s/files/1/0884/0278/8685/files/bamboo-fitted-sheet-lavender-mist-flat-view.jpg?v=1786102554,https://cdn.shopify.com/s/files/1/0884/0278/8685/files/bamboo-fitted-sheet-lavender-mist-corner-angle.jpg?v=1786102564,https://cdn.shopify.com/s/files/1/0884/0278/8685/files/bamboo-fitted-sheet-lavender-mist-bedroom-full.jpg?v=1786102573,https://cdn.shopify.com/s/files/1/0884/0278/8685/files/bamboo-fitted-sheet-lavender-mist-fabric-drape.jpg?v=1786102582,https://cdn.shopify.com/s/files/1/0884/0278/8685/files/bamboo-fitted-sheet-lavender-mist-packaging.jpg?v=1786102592",in_stock,168.00 EUR,Boomba Bamboo,new,6154514681621,6154514681621,bamboo-fitted-sheet-lavender-mist-400tc,Lavender Mist,200x200 cm,100% Bamboo (Tanboocel™)
6154513283284,Drap-housse en bambou « Lavender Mist » 400TC,"Un drap-housse en bambou 400TC, d'une douceur soyeuse, dans la teinte envoûtante « Lavender Mist » : respirant, hypoallergénique et frais au contact de la peau, doté d'un élastique qui s'ajuste parfaitement aux matelas d'une épaisseur maximale de 30 cm.",https://www.maisondecocon.com/fr/products/bamboo-fitted-sheet-lavender-mist-400tc?variant_sku=6154513283284,https://cdn.shopify.com/s/files/1/0884/0278/8685/files/bamboo-fitted-sheet-lavender-mist-corner-detail.jpg?v=1786102537,"https://cdn.shopify.com/s/files/1/0884/0278/8685/files/bamboo-fitted-sheet-lavender-mist-bedroom-lifestyle.jpg?v=1786102528,https://cdn.shopify.com/s/files/1/0884/0278/8685/files/bamboo-fitted-sheet-lavender-mist-bedroom-wood-frame.jpg?v=1786102546,https://cdn.shopify.com/s/files/1/0884/0278/8685/files/bamboo-fitted-sheet-lavender-mist-flat-view.jpg?v=1786102554,https://cdn.shopify.com/s/files/1/0884/0278/8685/files/bamboo-fitted-sheet-lavender-mist-corner-angle.jpg?v=1786102564,https://cdn.shopify.com/s/files/1/0884/0278/8685/files/bamboo-fitted-sheet-lavender-mist-bedroom-full.jpg?v=1786102573,https://cdn.shopify.com/s/files/1/0884/0278/8685/files/bamboo-fitted-sheet-lavender-mist-fabric-drape.jpg?v=1786102582,https://cdn.shopify.com/s/files/1/0884/0278/8685/files/bamboo-fitted-sheet-lavender-mist-packaging.jpg?v=1786102592",in_stock,135.00 EUR,Boomba Bamboo,new,6154513283284,6154513283284,bamboo-fitted-sheet-lavender-mist-400tc,Lavender Mist,90x220/210 cm,100% Bamboo (Tanboocel™)
6154513694660,Drap-housse en bambou « Lavender Mist » 400TC,"Un drap-housse en bambou 400TC, d'une douceur soyeuse, dans la teinte envoûtante « Lavender Mist » : respirant, hypoallergénique et frais au contact de la peau, doté d'un élastique qui s'ajuste parfaitement aux matelas d'une épaisseur maximale de 30 cm.",https://www.maisondecocon.com/fr/products/bamboo-fitted-sheet-lavender-mist-400tc?variant_sku=6154513694660,https://cdn.shopify.com/s/files/1/0884/0278/8685/files/bamboo-fitted-sheet-lavender-mist-corner-detail.jpg?v=1786102537,"https://cdn.shopify.com/s/files/1/0884/0278/8685/files/bamboo-fitted-sheet-lavender-mist-bedroom-lifestyle.jpg?v=1786102528,https://cdn.shopify.com/s/files/1/0884/0278/8685/files/bamboo-fitted-sheet-lavender-mist-bedroom-wood-frame.jpg?v=1786102546,https://cdn.shopify.com/s/files/1/0884/0278/8685/files/bamboo-fitted-sheet-lavender-mist-flat-view.jpg?v=1786102554,https://cdn.shopify.com/s/files/1/0884/0278/8685/files/bamboo-fitted-sheet-lavender-mist-corner-angle.jpg?v=1786102564,https://cdn.shopify.com/s/files/1/0884/0278/8685/files/bamboo-fitted-sheet-lavender-mist-bedroom-full.jpg?v=1786102573,https://cdn.shopify.com/s/files/1/0884/0278/8685/files/bamboo-fitted-sheet-lavender-mist-fabric-drape.jpg?v=1786102582,https://cdn.shopify.com/s/files/1/0884/0278/8685/files/bamboo-fitted-sheet-lavender-mist-packaging.jpg?v=1786102592",in_stock,153.00 EUR,Boomba Bamboo,new,6154513694660,6154513694660,bamboo-fitted-sheet-lavender-mist-400tc,Lavender Mist,160x220/210,100% Bamboo (Tanboocel™)
6154513395352,Drap-housse en bambou « Lavender Mist » 400TC,"Un drap-housse en bambou 400TC, d'une douceur soyeuse, dans la teinte envoûtante « Lavender Mist » : respirant, hypoallergénique et frais au contact de la peau, doté d'un élastique qui s'ajuste parfaitement aux matelas d'une épaisseur maximale de 30 cm.",https://www.maisondecocon.com/fr/products/bamboo-fitted-sheet-lavender-mist-400tc?variant_sku=6154513395352,https://cdn.shopify.com/s/files/1/0884/0278/8685/files/bamboo-fitted-sheet-lavender-mist-corner-detail.jpg?v=1786102537,"https://cdn.shopify.com/s/files/1/0884/0278/8685/files/bamboo-fitted-sheet-lavender-mist-bedroom-lifestyle.jpg?v=1786102528,https://cdn.shopify.com/s/files/1/0884/0278/8685/files/bamboo-fitted-sheet-lavender-mist-bedroom-wood-frame.jpg?v=1786102546,https://cdn.shopify.com/s/files/1/0884/0278/8685/files/bamboo-fitted-sheet-lavender-mist-flat-view.jpg?v=1786102554,https://cdn.shopify.com/s/files/1/0884/0278/8685/files/bamboo-fitted-sheet-lavender-mist-corner-angle.jpg?v=1786102564,https://cdn.shopify.com/s/files/1/0884/0278/8685/files/bamboo-fitted-sheet-lavender-mist-bedroom-full.jpg?v=1786102573,https://cdn.shopify.com/s/files/1/0884/0278/8685/files/bamboo-fitted-sheet-lavender-mist-fabric-drape.jpg?v=1786102582,https://cdn.shopify.com/s/files/1/0884/0278/8685/files/bamboo-fitted-sheet-lavender-mist-packaging.jpg?v=1786102592",in_stock,141.00 EUR,Boomba Bamboo,new,6154513395352,6154513395352,bamboo-fitted-sheet-lavender-mist-400tc,Lavender Mist,100x220/210 cm,100% Bamboo (Tanboocel™)
6154516032025,Taies d'oreiller en bambou « Lavender Mist » 400TC – Lot de 2,"Apportez à votre chambre une touche de luxe et de rêve grâce à ces taies d'oreiller en bambou 400TC au doux coloris « Lavender Mist » : soyeuses, hypoallergéniques et respectueuses de la peau et des cheveux.",https://www.maisondecocon.com/fr/products/bamboo-pillowcases-lavender-mist-400tc?variant_sku=6154516032025,https://cdn.shopify.com/s/files/1/0884/0278/8685/files/bamboo-pillowcases-lavender-mist-bedroom-lifestyle.jpg?v=1786103412,"https://cdn.shopify.com/s/files/1/0884/0278/8685/files/bamboo-pillowcases-lavender-mist-pair-flat-lay.jpg?v=1786103422,https://cdn.shopify.com/s/files/1/0884/0278/8685/files/bamboo-pillowcases-lavender-mist-fabric-gather.jpg?v=1786103431,https://cdn.shopify.com/s/files/1/0884/0278/8685/files/bamboo-pillowcases-lavender-mist-fabric-drape.jpg?v=1786103440,https://cdn.shopify.com/s/files/1/0884/0278/8685/files/bamboo-pillowcases-lavender-mist-side-view.jpg?v=1786103447,https://cdn.shopify.com/s/files/1/0884/0278/8685/files/bamboo-pillowcases-lavender-mist-bed-styled.jpg?v=1786103456,https://cdn.shopify.com/s/files/1/0884/0278/8685/files/bamboo-pillowcases-lavender-mist-bed-wood-frame.jpg?v=1786103464,https://cdn.shopify.com/s/files/1/0884/0278/8685/files/bamboo-pillowcases-lavender-mist-packaging.jpg?v=1786103472",in_stock,93.00 EUR,Boomba Bamboo,new,6154516032025,6154516032025,bamboo-pillowcases-lavender-mist-400tc,Lavender Mist,50x75 cm,100% Bamboo (Tanboocel™)
6154515935945,Taies d'oreiller en bambou « Lavender Mist » 400TC – Lot de 2,"Apportez à votre chambre une touche de luxe et de rêve grâce à ces taies d'oreiller en bambou 400TC au doux coloris « Lavender Mist » : soyeuses, hypoallergéniques et respectueuses de la peau et des cheveux.",https://www.maisondecocon.com/fr/products/bamboo-pillowcases-lavender-mist-400tc?variant_sku=6154515935945,https://cdn.shopify.com/s/files/1/0884/0278/8685/files/bamboo-pillowcases-lavender-mist-bedroom-lifestyle.jpg?v=1786103412,"https://cdn.shopify.com/s/files/1/0884/0278/8685/files/bamboo-pillowcases-lavender-mist-pair-flat-lay.jpg?v=1786103422,https://cdn.shopify.com/s/files/1/0884/0278/8685/files/bamboo-pillowcases-lavender-mist-fabric-gather.jpg?v=1786103431,https://cdn.shopify.com/s/files/1/0884/0278/8685/files/bamboo-pillowcases-lavender-mist-fabric-drape.jpg?v=1786103440,https://cdn.shopify.com/s/files/1/0884/0278/8685/files/bamboo-pillowcases-lavender-mist-side-view.jpg?v=1786103447,https://cdn.shopify.com/s/files/1/0884/0278/8685/files/bamboo-pillowcases-lavender-mist-bed-styled.jpg?v=1786103456,https://cdn.shopify.com/s/files/1/0884/0278/8685/files/bamboo-pillowcases-lavender-mist-bed-wood-frame.jpg?v=1786103464,https://cdn.shopify.com/s/files/1/0884/0278/8685/files/bamboo-pillowcases-lavender-mist-packaging.jpg?v=1786103472",in_stock,90.00 EUR,Boomba Bamboo,new,6154515935945,6154515935945,bamboo-pillowcases-lavender-mist-400tc,Lavender Mist,40x80 cm,100% Bamboo (Tanboocel™)
6154516042055,Taies d'oreiller en bambou « Lavender Mist » 400TC – Lot de 2,"Apportez à votre chambre une touche de luxe et de rêve grâce à ces taies d'oreiller en bambou 400TC au doux coloris « Lavender Mist » : soyeuses, hypoallergéniques et respectueuses de la peau et des cheveux.",https://www.maisondecocon.com/fr/products/bamboo-pillowcases-lavender-mist-400tc?variant_sku=6154516042055,https://cdn.shopify.com/s/files/1/0884/0278/8685/files/bamboo-pillowcases-lavender-mist-bedroom-lifestyle.jpg?v=1786103412,"https://cdn.shopify.com/s/files/1/0884/0278/8685/files/bamboo-pillowcases-lavender-mist-pair-flat-lay.jpg?v=1786103422,https://cdn.shopify.com/s/files/1/0884/0278/8685/files/bamboo-pillowcases-lavender-mist-fabric-gather.jpg?v=1786103431,https://cdn.shopify.com/s/files/1/0884/0278/8685/files/bamboo-pillowcases-lavender-mist-fabric-drape.jpg?v=1786103440,https://cdn.shopify.com/s/files/1/0884/0278/8685/files/bamboo-pillowcases-lavender-mist-side-view.jpg?v=1786103447,https://cdn.shopify.com/s/files/1/0884/0278/8685/files/bamboo-pillowcases-lavender-mist-bed-styled.jpg?v=1786103456,https://cdn.shopify.com/s/files/1/0884/0278/8685/files/bamboo-pillowcases-lavender-mist-bed-wood-frame.jpg?v=1786103464,https://cdn.shopify.com/s/files/1/0884/0278/8685/files/bamboo-pillowcases-lavender-mist-packaging.jpg?v=1786103472",in_stock,99.00 EUR,Boomba Bamboo,new,6154516042055,6154516042055,bamboo-pillowcases-lavender-mist-400tc,Lavender Mist,60x70 cm,100% Bamboo (Tanboocel™)
8720828225066,"Taies d'oreiller en bambou bleu ciel, 400TC – Lot de 2","Apportez une touche de fraîcheur et de sérénité à votre chambre à coucher grâce à ces taies d'oreiller en bambou 400TC au bleu ciel lumineux : soyeuses, hypoallergéniques et douces pour la peau et les cheveux.",https://www.maisondecocon.com/fr/products/bamboo-pillowcases-sky-blue-400tc?variant_sku=8720828225066,https://cdn.shopify.com/s/files/1/0884/0278/8685/files/bamboo-pillowcases-sky-blue-bench-lifestyle.jpg?v=1786131856,"https://cdn.shopify.com/s/files/1/0884/0278/8685/files/bamboo-pillowcases-sky-blue-fabric-swirl.jpg?v=1786131866,https://cdn.shopify.com/s/files/1/0884/0278/8685/files/bamboo-pillowcases-sky-blue-chair-styled.jpg?v=1786131874,https://cdn.shopify.com/s/files/1/0884/0278/8685/files/bamboo-pillowcases-sky-blue-bed-wood-frame.jpg?v=1786131909,https://cdn.shopify.com/s/files/1/0884/0278/8685/files/bamboo-pillowcases-sky-blue-pillows-detail.jpg?v=1786131931,https://cdn.shopify.com/s/files/1/0884/0278/8685/files/bamboo-pillowcases-sky-blue-packaging.jpg?v=1786131882",in_stock,93.00 EUR,Boomba Bamboo,new,8720828225066,8720828225066,bamboo-pillowcases-sky-blue-400tc,Sky Blue,40x80 cm,100% Bamboo (Tanboocel™)
8720828225080,"Taies d'oreiller en bambou bleu ciel, 400TC – Lot de 2","Apportez une touche de fraîcheur et de sérénité à votre chambre à coucher grâce à ces taies d'oreiller en bambou 400TC au bleu ciel lumineux : soyeuses, hypoallergéniques et douces pour la peau et les cheveux.",https://www.maisondecocon.com/fr/products/bamboo-pillowcases-sky-blue-400tc?variant_sku=8720828225080,https://cdn.shopify.com/s/files/1/0884/0278/8685/files/bamboo-pillowcases-sky-blue-bench-lifestyle.jpg?v=1786131856,"https://cdn.shopify.com/s/files/1/0884/0278/8685/files/bamboo-pillowcases-sky-blue-fabric-swirl.jpg?v=1786131866,https://cdn.shopify.com/s/files/1/0884/0278/8685/files/bamboo-pillowcases-sky-blue-chair-styled.jpg?v=1786131874,https://cdn.shopify.com/s/files/1/0884/0278/8685/files/bamboo-pillowcases-sky-blue-bed-wood-frame.jpg?v=1786131909,https://cdn.shopify.com/s/files/1/0884/0278/8685/files/bamboo-pillowcases-sky-blue-pillows-detail.jpg?v=1786131931,https://cdn.shopify.com/s/files/1/0884/0278/8685/files/bamboo-pillowcases-sky-blue-packaging.jpg?v=1786131882",in_stock,99.00 EUR,Boomba Bamboo,new,8720828225080,8720828225080,bamboo-pillowcases-sky-blue-400tc,Sky Blue,60x70 cm,100% Bamboo (Tanboocel™)
8720828225073,"Taies d'oreiller en bambou bleu ciel, 400TC – Lot de 2","Apportez une touche de fraîcheur et de sérénité à votre chambre à coucher grâce à ces taies d'oreiller en bambou 400TC au bleu ciel lumineux : soyeuses, hypoallergéniques et douces pour la peau et les cheveux.",https://www.maisondecocon.com/fr/products/bamboo-pillowcases-sky-blue-400tc?variant_sku=8720828225073,https://cdn.shopify.com/s/files/1/0884/0278/8685/files/bamboo-pillowcases-sky-blue-bench-lifestyle.jpg?v=1786131856,"https://cdn.shopify.com/s/files/1/0884/0278/8685/files/bamboo-pillowcases-sky-blue-fabric-swirl.jpg?v=1786131866,https://cdn.shopify.com/s/files/1/0884/0278/8685/files/bamboo-pillowcases-sky-blue-chair-styled.jpg?v=1786131874,https://cdn.shopify.com/s/files/1/0884/0278/8685/files/bamboo-pillowcases-sky-blue-bed-wood-frame.jpg?v=1786131909,https://cdn.shopify.com/s/files/1/0884/0278/8685/files/bamboo-pillowcases-sky-blue-pillows-detail.jpg?v=1786131931,https://cdn.shopify.com/s/files/1/0884/0278/8685/files/bamboo-pillowcases-sky-blue-packaging.jpg?v=1786131882",in_stock,96.00 EUR,Boomba Bamboo,new,8720828225073,8720828225073,bamboo-pillowcases-sky-blue-400tc,Sky Blue,50x75 cm,100% Bamboo (Tanboocel™)
6154509293280,"Drap-housse en bambou « Deep Moss », 400TC","Un drap-housse en bambou 400TC, d'une douceur soyeuse, dans une riche teinte « Deep Moss » : respirant, hypoallergénique et frais au contact de la peau, doté d'un élastique qui s'ajuste parfaitement aux matelas d'une épaisseur maximale de 30 cm.",https://www.maisondecocon.com/fr/products/bamboo-fitted-sheet-deep-moss-400tc?variant_sku=6154509293280,https://cdn.shopify.com/s/files/1/0884/0278/8685/files/bamboo-fitted-sheet-deep-moss-seam-detail.jpg?v=1786181560,"https://cdn.shopify.com/s/files/1/0884/0278/8685/files/bamboo-fitted-sheet-deep-moss-corner-detail.jpg?v=1786181560,https://cdn.shopify.com/s/files/1/0884/0278/8685/files/bamboo-fitted-sheet-deep-moss-bedroom-lifestyle.jpg?v=1786181560,https://cdn.shopify.com/s/files/1/0884/0278/8685/files/bamboo-fitted-sheet-deep-moss-bedroom-front.jpg?v=1786181560,https://cdn.shopify.com/s/files/1/0884/0278/8685/files/bamboo-fitted-sheet-deep-moss-fabric-drape-1.png?v=1786181560,https://cdn.shopify.com/s/files/1/0884/0278/8685/files/bamboo-fitted-sheet-deep-moss-bedroom-detail.jpg?v=1786181560,https://cdn.shopify.com/s/files/1/0884/0278/8685/files/bamboo-fitted-sheet-deep-moss-fabric-drape-2.jpg?v=1786181560,https://cdn.shopify.com/s/files/1/0884/0278/8685/files/bamboo-fitted-sheet-deep-moss-corner-loose.jpg?v=1786181560,https://cdn.shopify.com/s/files/1/0884/0278/8685/files/bamboo-fitted-sheet-deep-moss-packaging.jpg?v=1786181560",in_stock,144.00 EUR,Boomba Bamboo,new,6154509293280,6154509293280,bamboo-fitted-sheet-deep-moss-400tc,Deep Moss,140x200 cm,100% Bamboo (Tanboocel™)
6154508297234,"Drap-housse en bambou « Deep Moss », 400TC","Un drap-housse en bambou 400TC, d'une douceur soyeuse, dans une riche teinte « Deep Moss » : respirant, hypoallergénique et frais au contact de la peau, doté d'un élastique qui s'ajuste parfaitement aux matelas d'une épaisseur maximale de 30 cm.",https://www.maisondecocon.com/fr/products/bamboo-fitted-sheet-deep-moss-400tc?variant_sku=6154508297234,https://cdn.shopify.com/s/files/1/0884/0278/8685/files/bamboo-fitted-sheet-deep-moss-seam-detail.jpg?v=1786181560,"https://cdn.shopify.com/s/files/1/0884/0278/8685/files/bamboo-fitted-sheet-deep-moss-corner-detail.jpg?v=1786181560,https://cdn.shopify.com/s/files/1/0884/0278/8685/files/bamboo-fitted-sheet-deep-moss-bedroom-lifestyle.jpg?v=1786181560,https://cdn.shopify.com/s/files/1/0884/0278/8685/files/bamboo-fitted-sheet-deep-moss-bedroom-front.jpg?v=1786181560,https://cdn.shopify.com/s/files/1/0884/0278/8685/files/bamboo-fitted-sheet-deep-moss-fabric-drape-1.png?v=1786181560,https://cdn.shopify.com/s/files/1/0884/0278/8685/files/bamboo-fitted-sheet-deep-moss-bedroom-detail.jpg?v=1786181560,https://cdn.shopify.com/s/files/1/0884/0278/8685/files/bamboo-fitted-sheet-deep-moss-fabric-drape-2.jpg?v=1786181560,https://cdn.shopify.com/s/files/1/0884/0278/8685/files/bamboo-fitted-sheet-deep-moss-corner-loose.jpg?v=1786181560,https://cdn.shopify.com/s/files/1/0884/0278/8685/files/bamboo-fitted-sheet-deep-moss-packaging.jpg?v=1786181560",in_stock,120.00 EUR,Boomba Bamboo,new,6154508297234,6154508297234,bamboo-fitted-sheet-deep-moss-400tc,Deep Moss,80x200 cm,100% Bamboo (Tanboocel™)
6154509273275,"Drap-housse en bambou « Deep Moss », 400TC","Un drap-housse en bambou 400TC, d'une douceur soyeuse, dans une riche teinte « Deep Moss » : respirant, hypoallergénique et frais au contact de la peau, doté d'un élastique qui s'ajuste parfaitement aux matelas d'une épaisseur maximale de 30 cm.",https://www.maisondecocon.com/fr/products/bamboo-fitted-sheet-deep-moss-400tc?variant_sku=6154509273275,https://cdn.shopify.com/s/files/1/0884/0278/8685/files/bamboo-fitted-sheet-deep-moss-seam-detail.jpg?v=1786181560,"https://cdn.shopify.com/s/files/1/0884/0278/8685/files/bamboo-fitted-sheet-deep-moss-corner-detail.jpg?v=1786181560,https://cdn.shopify.com/s/files/1/0884/0278/8685/files/bamboo-fitted-sheet-deep-moss-bedroom-lifestyle.jpg?v=1786181560,https://cdn.shopify.com/s/files/1/0884/0278/8685/files/bamboo-fitted-sheet-deep-moss-bedroom-front.jpg?v=1786181560,https://cdn.shopify.com/s/files/1/0884/0278/8685/files/bamboo-fitted-sheet-deep-moss-fabric-drape-1.png?v=1786181560,https://cdn.shopify.com/s/files/1/0884/0278/8685/files/bamboo-fitted-sheet-deep-moss-bedroom-detail.jpg?v=1786181560,https://cdn.shopify.com/s/files/1/0884/0278/8685/files/bamboo-fitted-sheet-deep-moss-fabric-drape-2.jpg?v=1786181560,https://cdn.shopify.com/s/files/1/0884/0278/8685/files/bamboo-fitted-sheet-deep-moss-corner-loose.jpg?v=1786181560,https://cdn.shopify.com/s/files/1/0884/0278/8685/files/bamboo-fitted-sheet-deep-moss-packaging.jpg?v=1786181560",in_stock,141.00 EUR,Boomba Bamboo,new,6154509273275,6154509273275,bamboo-fitted-sheet-deep-moss-400tc,Deep Moss,100x220/210 cm,100% Bamboo (Tanboocel™)
6154509867849,"Drap-housse en bambou « Deep Moss », 400TC","Un drap-housse en bambou 400TC, d'une douceur soyeuse, dans une riche teinte « Deep Moss » : respirant, hypoallergénique et frais au contact de la peau, doté d'un élastique qui s'ajuste parfaitement aux matelas d'une épaisseur maximale de 30 cm.",https://www.maisondecocon.com/fr/products/bamboo-fitted-sheet-deep-moss-400tc?variant_sku=6154509867849,https://cdn.shopify.com/s/files/1/0884/0278/8685/files/bamboo-fitted-sheet-deep-moss-seam-detail.jpg?v=1786181560,"https://cdn.shopify.com/s/files/1/0884/0278/8685/files/bamboo-fitted-sheet-deep-moss-corner-detail.jpg?v=1786181560,https://cdn.shopify.com/s/files/1/0884/0278/8685/files/bamboo-fitted-sheet-deep-moss-bedroom-lifestyle.jpg?v=1786181560,https://cdn.shopify.com/s/files/1/0884/0278/8685/files/bamboo-fitted-sheet-deep-moss-bedroom-front.jpg?v=1786181560,https://cdn.shopify.com/s/files/1/0884/0278/8685/files/bamboo-fitted-sheet-deep-moss-fabric-drape-1.png?v=1786181560,https://cdn.shopify.com/s/files/1/0884/0278/8685/files/bamboo-fitted-sheet-deep-moss-bedroom-detail.jpg?v=1786181560,https://cdn.shopify.com/s/files/1/0884/0278/8685/files/bamboo-fitted-sheet-deep-moss-fabric-drape-2.jpg?v=1786181560,https://cdn.shopify.com/s/files/1/0884/0278/8685/files/bamboo-fitted-sheet-deep-moss-corner-loose.jpg?v=1786181560,https://cdn.shopify.com/s/files/1/0884/0278/8685/files/bamboo-fitted-sheet-deep-moss-packaging.jpg?v=1786181560",in_stock,168.00 EUR,Boomba Bamboo,new,6154509867849,6154509867849,bamboo-fitted-sheet-deep-moss-400tc,Deep Moss,200x200 cm,100% Bamboo (Tanboocel™)
6154509330367,"Drap-housse en bambou « Deep Moss », 400TC","Un drap-housse en bambou 400TC, d'une douceur soyeuse, dans une riche teinte « Deep Moss » : respirant, hypoallergénique et frais au contact de la peau, doté d'un élastique qui s'ajuste parfaitement aux matelas d'une épaisseur maximale de 30 cm.",https://www.maisondecocon.com/fr/products/bamboo-fitted-sheet-deep-moss-400tc?variant_sku=6154509330367,https://cdn.shopify.com/s/files/1/0884/0278/8685/files/bamboo-fitted-sheet-deep-moss-seam-detail.jpg?v=1786181560,"https://cdn.shopify.com/s/files/1/0884/0278/8685/files/bamboo-fitted-sheet-deep-moss-corner-detail.jpg?v=1786181560,https://cdn.shopify.com/s/files/1/0884/0278/8685/files/bamboo-fitted-sheet-deep-moss-bedroom-lifestyle.jpg?v=1786181560,https://cdn.shopify.com/s/files/1/0884/0278/8685/files/bamboo-fitted-sheet-deep-moss-bedroom-front.jpg?v=1786181560,https://cdn.shopify.com/s/files/1/0884/0278/8685/files/bamboo-fitted-sheet-deep-moss-fabric-drape-1.png?v=1786181560,https://cdn.shopify.com/s/files/1/0884/0278/8685/files/bamboo-fitted-sheet-deep-moss-bedroom-detail.jpg?v=1786181560,https://cdn.shopify.com/s/files/1/0884/0278/8685/files/bamboo-fitted-sheet-deep-moss-fabric-drape-2.jpg?v=1786181560,https://cdn.shopify.com/s/files/1/0884/0278/8685/files/bamboo-fitted-sheet-deep-moss-corner-loose.jpg?v=1786181560,https://cdn.shopify.com/s/files/1/0884/0278/8685/files/bamboo-fitted-sheet-deep-moss-packaging.jpg?v=1786181560",in_stock,153.00 EUR,Boomba Bamboo,new,6154509330367,6154509330367,bamboo-fitted-sheet-deep-moss-400tc,Deep Moss,160x220/210,100% Bamboo (Tanboocel™)
6154509971928,"Drap-housse en bambou « Deep Moss », 400TC","Un drap-housse en bambou 400TC, d'une douceur soyeuse, dans une riche teinte « Deep Moss » : respirant, hypoallergénique et frais au contact de la peau, doté d'un élastique qui s'ajuste parfaitement aux matelas d'une épaisseur maximale de 30 cm.",https://www.maisondecocon.com/fr/products/bamboo-fitted-sheet-deep-moss-400tc?variant_sku=6154509971928,https://cdn.shopify.com/s/files/1/0884/0278/8685/files/bamboo-fitted-sheet-deep-moss-seam-detail.jpg?v=1786181560,"https://cdn.shopify.com/s/files/1/0884/0278/8685/files/bamboo-fitted-sheet-deep-moss-corner-detail.jpg?v=1786181560,https://cdn.shopify.com/s/files/1/0884/0278/8685/files/bamboo-fitted-sheet-deep-moss-bedroom-lifestyle.jpg?v=1786181560,https://cdn.shopify.com/s/files/1/0884/0278/8685/files/bamboo-fitted-sheet-deep-moss-bedroom-front.jpg?v=1786181560,https://cdn.shopify.com/s/files/1/0884/0278/8685/files/bamboo-fitted-sheet-deep-moss-fabric-drape-1.png?v=1786181560,https://cdn.shopify.com/s/files/1/0884/0278/8685/files/bamboo-fitted-sheet-deep-moss-bedroom-detail.jpg?v=1786181560,https://cdn.shopify.com/s/files/1/0884/0278/8685/files/bamboo-fitted-sheet-deep-moss-fabric-drape-2.jpg?v=1786181560,https://cdn.shopify.com/s/files/1/0884/0278/8685/files/bamboo-fitted-sheet-deep-moss-corner-loose.jpg?v=1786181560,https://cdn.shopify.com/s/files/1/0884/0278/8685/files/bamboo-fitted-sheet-deep-moss-packaging.jpg?v=1786181560",in_stock,180.00 EUR,Boomba Bamboo,new,6154509971928,6154509971928,bamboo-fitted-sheet-deep-moss-400tc,Deep Moss,200x220/210 cm,100% Bamboo (Tanboocel™)
6154509826877,"Drap-housse en bambou « Deep Moss », 400TC","Un drap-housse en bambou 400TC, d'une douceur soyeuse, dans une riche teinte « Deep Moss » : respirant, hypoallergénique et frais au contact de la peau, doté d'un élastique qui s'ajuste parfaitement aux matelas d'une épaisseur maximale de 30 cm.",https://www.maisondecocon.com/fr/products/bamboo-fitted-sheet-deep-moss-400tc?variant_sku=6154509826877,https://cdn.shopify.com/s/files/1/0884/0278/8685/files/bamboo-fitted-sheet-deep-moss-seam-detail.jpg?v=1786181560,"https://cdn.shopify.com/s/files/1/0884/0278/8685/files/bamboo-fitted-sheet-deep-moss-corner-detail.jpg?v=1786181560,https://cdn.shopify.com/s/files/1/0884/0278/8685/files/bamboo-fitted-sheet-deep-moss-bedroom-lifestyle.jpg?v=1786181560,https://cdn.shopify.com/s/files/1/0884/0278/8685/files/bamboo-fitted-sheet-deep-moss-bedroom-front.jpg?v=1786181560,https://cdn.shopify.com/s/files/1/0884/0278/8685/files/bamboo-fitted-sheet-deep-moss-fabric-drape-1.png?v=1786181560,https://cdn.shopify.com/s/files/1/0884/0278/8685/files/bamboo-fitted-sheet-deep-moss-bedroom-detail.jpg?v=1786181560,https://cdn.shopify.com/s/files/1/0884/0278/8685/files/bamboo-fitted-sheet-deep-moss-fabric-drape-2.jpg?v=1786181560,https://cdn.shopify.com/s/files/1/0884/0278/8685/files/bamboo-fitted-sheet-deep-moss-corner-loose.jpg?v=1786181560,https://cdn.shopify.com/s/files/1/0884/0278/8685/files/bamboo-fitted-sheet-deep-moss-packaging.jpg?v=1786181560",in_stock,162.00 EUR,Boomba Bamboo,new,6154509826877,6154509826877,bamboo-fitted-sheet-deep-moss-400tc,Deep Moss,180x220/210 cm,100% Bamboo (Tanboocel™)
6154508986978,"Drap-housse en bambou « Deep Moss », 400TC","Un drap-housse en bambou 400TC, d'une douceur soyeuse, dans une riche teinte « Deep Moss » : respirant, hypoallergénique et frais au contact de la peau, doté d'un élastique qui s'ajuste parfaitement aux matelas d'une épaisseur maximale de 30 cm.",https://www.maisondecocon.com/fr/products/bamboo-fitted-sheet-deep-moss-400tc?variant_sku=6154508986978,https://cdn.shopify.com/s/files/1/0884/0278/8685/files/bamboo-fitted-sheet-deep-moss-seam-detail.jpg?v=1786181560,"https://cdn.shopify.com/s/files/1/0884/0278/8685/files/bamboo-fitted-sheet-deep-moss-corner-detail.jpg?v=1786181560,https://cdn.shopify.com/s/files/1/0884/0278/8685/files/bamboo-fitted-sheet-deep-moss-bedroom-lifestyle.jpg?v=1786181560,https://cdn.shopify.com/s/files/1/0884/0278/8685/files/bamboo-fitted-sheet-deep-moss-bedroom-front.jpg?v=1786181560,https://cdn.shopify.com/s/files/1/0884/0278/8685/files/bamboo-fitted-sheet-deep-moss-fabric-drape-1.png?v=1786181560,https://cdn.shopify.com/s/files/1/0884/0278/8685/files/bamboo-fitted-sheet-deep-moss-bedroom-detail.jpg?v=1786181560,https://cdn.shopify.com/s/files/1/0884/0278/8685/files/bamboo-fitted-sheet-deep-moss-fabric-drape-2.jpg?v=1786181560,https://cdn.shopify.com/s/files/1/0884/0278/8685/files/bamboo-fitted-sheet-deep-moss-corner-loose.jpg?v=1786181560,https://cdn.shopify.com/s/files/1/0884/0278/8685/files/bamboo-fitted-sheet-deep-moss-packaging.jpg?v=1786181560",in_stock,126.00 EUR,Boomba Bamboo,new,6154508986978,6154508986978,bamboo-fitted-sheet-deep-moss-400tc,Deep Moss,80x220/210 cm,100% Bamboo (Tanboocel™)
6154509342322,"Drap-housse en bambou « Deep Moss », 400TC","Un drap-housse en bambou 400TC, d'une douceur soyeuse, dans une riche teinte « Deep Moss » : respirant, hypoallergénique et frais au contact de la peau, doté d'un élastique qui s'ajuste parfaitement aux matelas d'une épaisseur maximale de 30 cm.",https://www.maisondecocon.com/fr/products/bamboo-fitted-sheet-deep-moss-400tc?variant_sku=6154509342322,https://cdn.shopify.com/s/files/1/0884/0278/8685/files/bamboo-fitted-sheet-deep-moss-seam-detail.jpg?v=1786181560,"https://cdn.shopify.com/s/files/1/0884/0278/8685/files/bamboo-fitted-sheet-deep-moss-corner-detail.jpg?v=1786181560,https://cdn.shopify.com/s/files/1/0884/0278/8685/files/bamboo-fitted-sheet-deep-moss-bedroom-lifestyle.jpg?v=1786181560,https://cdn.shopify.com/s/files/1/0884/0278/8685/files/bamboo-fitted-sheet-deep-moss-bedroom-front.jpg?v=1786181560,https://cdn.shopify.com/s/files/1/0884/0278/8685/files/bamboo-fitted-sheet-deep-moss-fabric-drape-1.png?v=1786181560,https://cdn.shopify.com/s/files/1/0884/0278/8685/files/bamboo-fitted-sheet-deep-moss-bedroom-detail.jpg?v=1786181560,https://cdn.shopify.com/s/files/1/0884/0278/8685/files/bamboo-fitted-sheet-deep-moss-fabric-drape-2.jpg?v=1786181560,https://cdn.shopify.com/s/files/1/0884/0278/8685/files/bamboo-fitted-sheet-deep-moss-corner-loose.jpg?v=1786181560,https://cdn.shopify.com/s/files/1/0884/0278/8685/files/bamboo-fitted-sheet-deep-moss-packaging.jpg?v=1786181560",in_stock,156.00 EUR,Boomba Bamboo,new,6154509342322,6154509342322,bamboo-fitted-sheet-deep-moss-400tc,Deep Moss,180x200 cm,100% Bamboo (Tanboocel™)
6154509033091,"Drap-housse en bambou « Deep Moss », 400TC","Un drap-housse en bambou 400TC, d'une douceur soyeuse, dans une riche teinte « Deep Moss » : respirant, hypoallergénique et frais au contact de la peau, doté d'un élastique qui s'ajuste parfaitement aux matelas d'une épaisseur maximale de 30 cm.",https://www.maisondecocon.com/fr/products/bamboo-fitted-sheet-deep-moss-400tc?variant_sku=6154509033091,https://cdn.shopify.com/s/files/1/0884/0278/8685/files/bamboo-fitted-sheet-deep-moss-seam-detail.jpg?v=1786181560,"https://cdn.shopify.com/s/files/1/0884/0278/8685/files/bamboo-fitted-sheet-deep-moss-corner-detail.jpg?v=1786181560,https://cdn.shopify.com/s/files/1/0884/0278/8685/files/bamboo-fitted-sheet-deep-moss-bedroom-lifestyle.jpg?v=1786181560,https://cdn.shopify.com/s/files/1/0884/0278/8685/files/bamboo-fitted-sheet-deep-moss-bedroom-front.jpg?v=1786181560,https://cdn.shopify.com/s/files/1/0884/0278/8685/files/bamboo-fitted-sheet-deep-moss-fabric-drape-1.png?v=1786181560,https://cdn.shopify.com/s/files/1/0884/0278/8685/files/bamboo-fitted-sheet-deep-moss-bedroom-detail.jpg?v=1786181560,https://cdn.shopify.com/s/files/1/0884/0278/8685/files/bamboo-fitted-sheet-deep-moss-fabric-drape-2.jpg?v=1786181560,https://cdn.shopify.com/s/files/1/0884/0278/8685/files/bamboo-fitted-sheet-deep-moss-corner-loose.jpg?v=1786181560,https://cdn.shopify.com/s/files/1/0884/0278/8685/files/bamboo-fitted-sheet-deep-moss-packaging.jpg?v=1786181560",in_stock,135.00 EUR,Boomba Bamboo,new,6154509033091,6154509033091,bamboo-fitted-sheet-deep-moss-400tc,Deep Moss,90x220/210 cm,100% Bamboo (Tanboocel™)
6154509257213,"Drap-housse en bambou « Deep Moss », 400TC","Un drap-housse en bambou 400TC, d'une douceur soyeuse, dans une riche teinte « Deep Moss » : respirant, hypoallergénique et frais au contact de la peau, doté d'un élastique qui s'ajuste parfaitement aux matelas d'une épaisseur maximale de 30 cm.",https://www.maisondecocon.com/fr/products/bamboo-fitted-sheet-deep-moss-400tc?variant_sku=6154509257213,https://cdn.shopify.com/s/files/1/0884/0278/8685/files/bamboo-fitted-sheet-deep-moss-seam-detail.jpg?v=1786181560,"https://cdn.shopify.com/s/files/1/0884/0278/8685/files/bamboo-fitted-sheet-deep-moss-corner-detail.jpg?v=1786181560,https://cdn.shopify.com/s/files/1/0884/0278/8685/files/bamboo-fitted-sheet-deep-moss-bedroom-lifestyle.jpg?v=1786181560,https://cdn.shopify.com/s/files/1/0884/0278/8685/files/bamboo-fitted-sheet-deep-moss-bedroom-front.jpg?v=1786181560,https://cdn.shopify.com/s/files/1/0884/0278/8685/files/bamboo-fitted-sheet-deep-moss-fabric-drape-1.png?v=1786181560,https://cdn.shopify.com/s/files/1/0884/0278/8685/files/bamboo-fitted-sheet-deep-moss-bedroom-detail.jpg?v=1786181560,https://cdn.shopify.com/s/files/1/0884/0278/8685/files/bamboo-fitted-sheet-deep-moss-fabric-drape-2.jpg?v=1786181560,https://cdn.shopify.com/s/files/1/0884/0278/8685/files/bamboo-fitted-sheet-deep-moss-corner-loose.jpg?v=1786181560,https://cdn.shopify.com/s/files/1/0884/0278/8685/files/bamboo-fitted-sheet-deep-moss-packaging.jpg?v=1786181560",in_stock,138.00 EUR,Boomba Bamboo,new,6154509257213,6154509257213,bamboo-fitted-sheet-deep-moss-400tc,Deep Moss,100x200,100% Bamboo (Tanboocel™)
6154509026086,"Drap-housse en bambou « Deep Moss », 400TC","Un drap-housse en bambou 400TC, d'une douceur soyeuse, dans une riche teinte « Deep Moss » : respirant, hypoallergénique et frais au contact de la peau, doté d'un élastique qui s'ajuste parfaitement aux matelas d'une épaisseur maximale de 30 cm.",https://www.maisondecocon.com/fr/products/bamboo-fitted-sheet-deep-moss-400tc?variant_sku=6154509026086,https://cdn.shopify.com/s/files/1/0884/0278/8685/files/bamboo-fitted-sheet-deep-moss-seam-detail.jpg?v=1786181560,"https://cdn.shopify.com/s/files/1/0884/0278/8685/files/bamboo-fitted-sheet-deep-moss-corner-detail.jpg?v=1786181560,https://cdn.shopify.com/s/files/1/0884/0278/8685/files/bamboo-fitted-sheet-deep-moss-bedroom-lifestyle.jpg?v=1786181560,https://cdn.shopify.com/s/files/1/0884/0278/8685/files/bamboo-fitted-sheet-deep-moss-bedroom-front.jpg?v=1786181560,https://cdn.shopify.com/s/files/1/0884/0278/8685/files/bamboo-fitted-sheet-deep-moss-fabric-drape-1.png?v=1786181560,https://cdn.shopify.com/s/files/1/0884/0278/8685/files/bamboo-fitted-sheet-deep-moss-bedroom-detail.jpg?v=1786181560,https://cdn.shopify.com/s/files/1/0884/0278/8685/files/bamboo-fitted-sheet-deep-moss-fabric-drape-2.jpg?v=1786181560,https://cdn.shopify.com/s/files/1/0884/0278/8685/files/bamboo-fitted-sheet-deep-moss-corner-loose.jpg?v=1786181560,https://cdn.shopify.com/s/files/1/0884/0278/8685/files/bamboo-fitted-sheet-deep-moss-packaging.jpg?v=1786181560",in_stock,129.00 EUR,Boomba Bamboo,new,6154509026086,6154509026086,bamboo-fitted-sheet-deep-moss-400tc,Deep Moss,90x200 cm,100% Bamboo (Tanboocel™)
6154509296229,"Drap-housse en bambou « Deep Moss », 400TC","Un drap-housse en bambou 400TC, d'une douceur soyeuse, dans une riche teinte « Deep Moss » : respirant, hypoallergénique et frais au contact de la peau, doté d'un élastique qui s'ajuste parfaitement aux matelas d'une épaisseur maximale de 30 cm.",https://www.maisondecocon.com/fr/products/bamboo-fitted-sheet-deep-moss-400tc?variant_sku=6154509296229,https://cdn.shopify.com/s/files/1/0884/0278/8685/files/bamboo-fitted-sheet-deep-moss-seam-detail.jpg?v=1786181560,"https://cdn.shopify.com/s/files/1/0884/0278/8685/files/bamboo-fitted-sheet-deep-moss-corner-detail.jpg?v=1786181560,https://cdn.shopify.com/s/files/1/0884/0278/8685/files/bamboo-fitted-sheet-deep-moss-bedroom-lifestyle.jpg?v=1786181560,https://cdn.shopify.com/s/files/1/0884/0278/8685/files/bamboo-fitted-sheet-deep-moss-bedroom-front.jpg?v=1786181560,https://cdn.shopify.com/s/files/1/0884/0278/8685/files/bamboo-fitted-sheet-deep-moss-fabric-drape-1.png?v=1786181560,https://cdn.shopify.com/s/files/1/0884/0278/8685/files/bamboo-fitted-sheet-deep-moss-bedroom-detail.jpg?v=1786181560,https://cdn.shopify.com/s/files/1/0884/0278/8685/files/bamboo-fitted-sheet-deep-moss-fabric-drape-2.jpg?v=1786181560,https://cdn.shopify.com/s/files/1/0884/0278/8685/files/bamboo-fitted-sheet-deep-moss-corner-loose.jpg?v=1786181560,https://cdn.shopify.com/s/files/1/0884/0278/8685/files/bamboo-fitted-sheet-deep-moss-packaging.jpg?v=1786181560",in_stock,147.00 EUR,Boomba Bamboo,new,6154509296229,6154509296229,bamboo-fitted-sheet-deep-moss-400tc,Deep Moss,160x200 cm,100% Bamboo (Tanboocel™)
6154511221240,Taies d'oreiller en bambou « Deep Moss » 400TC – Lot de 2,"Apportez à votre chambre une touche raffinée et apaisante grâce à ces taies d'oreiller en bambou 400TC au ton naturel « Deep Moss » : soyeuses, hypoallergéniques et douces pour la peau et les cheveux.",https://www.maisondecocon.com/fr/products/bamboo-pillowcases-deep-moss-400tc?variant_sku=6154511221240,https://cdn.shopify.com/s/files/1/0884/0278/8685/files/bamboo-pillowcases-deep-moss-bench-lifestyle.jpg?v=1786131626,"https://cdn.shopify.com/s/files/1/0884/0278/8685/files/bamboo-pillowcases-deep-moss-bed-styled.jpg?v=1786131637,https://cdn.shopify.com/s/files/1/0884/0278/8685/files/bamboo-pillowcases-deep-moss-pillows-detail.jpg?v=1786131647,https://cdn.shopify.com/s/files/1/0884/0278/8685/files/bamboo-pillowcases-deep-moss-fabric-swirl.jpg?v=1786131656,https://cdn.shopify.com/s/files/1/0884/0278/8685/files/bamboo-pillowcases-deep-moss-bed-wood-frame.jpg?v=1786131668,https://cdn.shopify.com/s/files/1/0884/0278/8685/files/bamboo-pillowcases-deep-moss-fabric-drape.jpg?v=1786131680,https://cdn.shopify.com/s/files/1/0884/0278/8685/files/bamboo-pillowcases-deep-moss-bedroom-window.jpg?v=1786131693,https://cdn.shopify.com/s/files/1/0884/0278/8685/files/bamboo-pillowcases-deep-moss-packaging.jpg?v=1786131707",in_stock,99.00 EUR,Boomba Bamboo,new,6154511221240,6154511221240,bamboo-pillowcases-deep-moss-400tc,Deep Moss,60x70 cm,100% Bamboo (Tanboocel™)
6154511142170,Taies d'oreiller en bambou « Deep Moss » 400TC – Lot de 2,"Apportez à votre chambre une touche raffinée et apaisante grâce à ces taies d'oreiller en bambou 400TC au ton naturel « Deep Moss » : soyeuses, hypoallergéniques et douces pour la peau et les cheveux.",https://www.maisondecocon.com/fr/products/bamboo-pillowcases-deep-moss-400tc?variant_sku=6154511142170,https://cdn.shopify.com/s/files/1/0884/0278/8685/files/bamboo-pillowcases-deep-moss-bench-lifestyle.jpg?v=1786131626,"https://cdn.shopify.com/s/files/1/0884/0278/8685/files/bamboo-pillowcases-deep-moss-bed-styled.jpg?v=1786131637,https://cdn.shopify.com/s/files/1/0884/0278/8685/files/bamboo-pillowcases-deep-moss-pillows-detail.jpg?v=1786131647,https://cdn.shopify.com/s/files/1/0884/0278/8685/files/bamboo-pillowcases-deep-moss-fabric-swirl.jpg?v=1786131656,https://cdn.shopify.com/s/files/1/0884/0278/8685/files/bamboo-pillowcases-deep-moss-bed-wood-frame.jpg?v=1786131668,https://cdn.shopify.com/s/files/1/0884/0278/8685/files/bamboo-pillowcases-deep-moss-fabric-drape.jpg?v=1786131680,https://cdn.shopify.com/s/files/1/0884/0278/8685/files/bamboo-pillowcases-deep-moss-bedroom-window.jpg?v=1786131693,https://cdn.shopify.com/s/files/1/0884/0278/8685/files/bamboo-pillowcases-deep-moss-packaging.jpg?v=1786131707",in_stock,93.00 EUR,Boomba Bamboo,new,6154511142170,6154511142170,bamboo-pillowcases-deep-moss-400tc,Deep Moss,50x75 cm,100% Bamboo (Tanboocel™)
6154511032082,Taies d'oreiller en bambou « Deep Moss » 400TC – Lot de 2,"Apportez à votre chambre une touche raffinée et apaisante grâce à ces taies d'oreiller en bambou 400TC au ton naturel « Deep Moss » : soyeuses, hypoallergéniques et douces pour la peau et les cheveux.",https://www.maisondecocon.com/fr/products/bamboo-pillowcases-deep-moss-400tc?variant_sku=6154511032082,https://cdn.shopify.com/s/files/1/0884/0278/8685/files/bamboo-pillowcases-deep-moss-bench-lifestyle.jpg?v=1786131626,"https://cdn.shopify.com/s/files/1/0884/0278/8685/files/bamboo-pillowcases-deep-moss-bed-styled.jpg?v=1786131637,https://cdn.shopify.com/s/files/1/0884/0278/8685/files/bamboo-pillowcases-deep-moss-pillows-detail.jpg?v=1786131647,https://cdn.shopify.com/s/files/1/0884/0278/8685/files/bamboo-pillowcases-deep-moss-fabric-swirl.jpg?v=1786131656,https://cdn.shopify.com/s/files/1/0884/0278/8685/files/bamboo-pillowcases-deep-moss-bed-wood-frame.jpg?v=1786131668,https://cdn.shopify.com/s/files/1/0884/0278/8685/files/bamboo-pillowcases-deep-moss-fabric-drape.jpg?v=1786131680,https://cdn.shopify.com/s/files/1/0884/0278/8685/files/bamboo-pillowcases-deep-moss-bedroom-window.jpg?v=1786131693,https://cdn.shopify.com/s/files/1/0884/0278/8685/files/bamboo-pillowcases-deep-moss-packaging.jpg?v=1786131707",in_stock,90.00 EUR,Boomba Bamboo,new,6154511032082,6154511032082,bamboo-pillowcases-deep-moss-400tc,Deep Moss,40x80 cm,100% Bamboo (Tanboocel™)
8720618860521,Housse de couette en bambou « Coco White » 400TC,"Une housse de couette en bambou d'une douceur soyeuse, 400TC, dans un blanc pur « Coco White » : respirante, hypoallergénique et disponible avec une fermeture à boutons en bambou ou une bande à rentrer sous le matelas.",https://www.maisondecocon.com/fr/products/bamboo-duvet-cover-coco-white-400tc?variant_sku=8720618860521,https://cdn.shopify.com/s/files/1/0884/0278/8685/files/bamboo-duvet-cover-coco-white-bedroom-lifestyle-1.jpg?v=1786134890,"https://cdn.shopify.com/s/files/1/0884/0278/8685/files/bamboo-duvet-cover-coco-white-bamboo-button-detail.jpg?v=1786134890,https://cdn.shopify.com/s/files/1/0884/0278/8685/files/bamboo-duvet-cover-coco-white-bedroom-lifestyle-2.jpg?v=1786134890,https://cdn.shopify.com/s/files/1/0884/0278/8685/files/bamboo-duvet-cover-coco-white-fabric-detail.jpg?v=1786134890,https://cdn.shopify.com/s/files/1/0884/0278/8685/files/bamboo-duvet-cover-coco-white-tuck-in-strip-detail.jpg?v=1786134890,https://cdn.shopify.com/s/files/1/0884/0278/8685/files/bamboo-duvet-cover-coco-white-bedroom-lifestyle-3.jpg?v=1786134890",in_stock,297.00 EUR,Boomba Bamboo,new,8720618860521,8720618860521,bamboo-duvet-cover-coco-white-400tc,Coco white,140x220 cm,100% Bamboo (Tanboocel™)
8720618860545,Housse de couette en bambou « Coco White » 400TC,"Une housse de couette en bambou d'une douceur soyeuse, 400TC, dans un blanc pur « Coco White » : respirante, hypoallergénique et disponible avec une fermeture à boutons en bambou ou une bande à rentrer sous le matelas.",https://www.maisondecocon.com/fr/products/bamboo-duvet-cover-coco-white-400tc?variant_sku=8720618860545,https://cdn.shopify.com/s/files/1/0884/0278/8685/files/bamboo-duvet-cover-coco-white-bedroom-lifestyle-1.jpg?v=1786134890,"https://cdn.shopify.com/s/files/1/0884/0278/8685/files/bamboo-duvet-cover-coco-white-bamboo-button-detail.jpg?v=1786134890,https://cdn.shopify.com/s/files/1/0884/0278/8685/files/bamboo-duvet-cover-coco-white-bedroom-lifestyle-2.jpg?v=1786134890,https://cdn.shopify.com/s/files/1/0884/0278/8685/files/bamboo-duvet-cover-coco-white-fabric-detail.jpg?v=1786134890,https://cdn.shopify.com/s/files/1/0884/0278/8685/files/bamboo-duvet-cover-coco-white-tuck-in-strip-detail.jpg?v=1786134890,https://cdn.shopify.com/s/files/1/0884/0278/8685/files/bamboo-duvet-cover-coco-white-bedroom-lifestyle-3.jpg?v=1786134890",in_stock,336.00 EUR,Boomba Bamboo,new,8720618860545,8720618860545,bamboo-duvet-cover-coco-white-400tc,Coco white,200x220/210 cm,100% Bamboo (Tanboocel™)
8720648154355,Housse de couette en bambou « Coco White » 400TC,"Une housse de couette en bambou d'une douceur soyeuse, 400TC, dans un blanc pur « Coco White » : respirante, hypoallergénique et disponible avec une fermeture à boutons en bambou ou une bande à rentrer sous le matelas.",https://www.maisondecocon.com/fr/products/bamboo-duvet-cover-coco-white-400tc?variant_sku=8720648154355,https://cdn.shopify.com/s/files/1/0884/0278/8685/files/bamboo-duvet-cover-coco-white-bedroom-lifestyle-1.jpg?v=1786134890,"https://cdn.shopify.com/s/files/1/0884/0278/8685/files/bamboo-duvet-cover-coco-white-bamboo-button-detail.jpg?v=1786134890,https://cdn.shopify.com/s/files/1/0884/0278/8685/files/bamboo-duvet-cover-coco-white-bedroom-lifestyle-2.jpg?v=1786134890,https://cdn.shopify.com/s/files/1/0884/0278/8685/files/bamboo-duvet-cover-coco-white-fabric-detail.jpg?v=1786134890,https://cdn.shopify.com/s/files/1/0884/0278/8685/files/bamboo-duvet-cover-coco-white-tuck-in-strip-detail.jpg?v=1786134890,https://cdn.shopify.com/s/files/1/0884/0278/8685/files/bamboo-duvet-cover-coco-white-bedroom-lifestyle-3.jpg?v=1786134890",in_stock,402.00 EUR,Boomba Bamboo,new,8720648154355,8720648154355,bamboo-duvet-cover-coco-white-400tc,Coco white,260x240/220 cm,100% Bamboo (Tanboocel™)
8720618860514,Housse de couette en bambou « Coco White » 400TC,"Une housse de couette en bambou d'une douceur soyeuse, 400TC, dans un blanc pur « Coco White » : respirante, hypoallergénique et disponible avec une fermeture à boutons en bambou ou une bande à rentrer sous le matelas.",https://www.maisondecocon.com/fr/products/bamboo-duvet-cover-coco-white-400tc?variant_sku=8720618860514,https://cdn.shopify.com/s/files/1/0884/0278/8685/files/bamboo-duvet-cover-coco-white-bedroom-lifestyle-1.jpg?v=1786134890,"https://cdn.shopify.com/s/files/1/0884/0278/8685/files/bamboo-duvet-cover-coco-white-bamboo-button-detail.jpg?v=1786134890,https://cdn.shopify.com/s/files/1/0884/0278/8685/files/bamboo-duvet-cover-coco-white-bedroom-lifestyle-2.jpg?v=1786134890,https://cdn.shopify.com/s/files/1/0884/0278/8685/files/bamboo-duvet-cover-coco-white-fabric-detail.jpg?v=1786134890,https://cdn.shopify.com/s/files/1/0884/0278/8685/files/bamboo-duvet-cover-coco-white-tuck-in-strip-detail.jpg?v=1786134890,https://cdn.shopify.com/s/files/1/0884/0278/8685/files/bamboo-duvet-cover-coco-white-bedroom-lifestyle-3.jpg?v=1786134890",in_stock,282.00 EUR,Boomba Bamboo,new,8720618860514,8720618860514,bamboo-duvet-cover-coco-white-400tc,Coco white,140x200 cm,100% Bamboo (Tanboocel™)
8720618860569,Housse de couette en bambou « Coco White » 400TC,"Une housse de couette en bambou d'une douceur soyeuse, 400TC, dans un blanc pur « Coco White » : respirante, hypoallergénique et disponible avec une fermeture à boutons en bambou ou une bande à rentrer sous le matelas.",https://www.maisondecocon.com/fr/products/bamboo-duvet-cover-coco-white-400tc?variant_sku=8720618860569,https://cdn.shopify.com/s/files/1/0884/0278/8685/files/bamboo-duvet-cover-coco-white-bedroom-lifestyle-1.jpg?v=1786134890,"https://cdn.shopify.com/s/files/1/0884/0278/8685/files/bamboo-duvet-cover-coco-white-bamboo-button-detail.jpg?v=1786134890,https://cdn.shopify.com/s/files/1/0884/0278/8685/files/bamboo-duvet-cover-coco-white-bedroom-lifestyle-2.jpg?v=1786134890,https://cdn.shopify.com/s/files/1/0884/0278/8685/files/bamboo-duvet-cover-coco-white-fabric-detail.jpg?v=1786134890,https://cdn.shopify.com/s/files/1/0884/0278/8685/files/bamboo-duvet-cover-coco-white-tuck-in-strip-detail.jpg?v=1786134890,https://cdn.shopify.com/s/files/1/0884/0278/8685/files/bamboo-duvet-cover-coco-white-bedroom-lifestyle-3.jpg?v=1786134890",in_stock,420.00 EUR,Boomba Bamboo,new,8720618860569,8720618860569,bamboo-duvet-cover-coco-white-400tc,Coco white,260x240/220 cm,100% Bamboo (Tanboocel™)
8720648154249,Housse de couette en bambou « Coco White » 400TC,"Une housse de couette en bambou d'une douceur soyeuse, 400TC, dans un blanc pur « Coco White » : respirante, hypoallergénique et disponible avec une fermeture à boutons en bambou ou une bande à rentrer sous le matelas.",https://www.maisondecocon.com/fr/products/bamboo-duvet-cover-coco-white-400tc?variant_sku=8720648154249,https://cdn.shopify.com/s/files/1/0884/0278/8685/files/bamboo-duvet-cover-coco-white-bedroom-lifestyle-1.jpg?v=1786134890,"https://cdn.shopify.com/s/files/1/0884/0278/8685/files/bamboo-duvet-cover-coco-white-bamboo-button-detail.jpg?v=1786134890,https://cdn.shopify.com/s/files/1/0884/0278/8685/files/bamboo-duvet-cover-coco-white-bedroom-lifestyle-2.jpg?v=1786134890,https://cdn.shopify.com/s/files/1/0884/0278/8685/files/bamboo-duvet-cover-coco-white-fabric-detail.jpg?v=1786134890,https://cdn.shopify.com/s/files/1/0884/0278/8685/files/bamboo-duvet-cover-coco-white-tuck-in-strip-detail.jpg?v=1786134890,https://cdn.shopify.com/s/files/1/0884/0278/8685/files/bamboo-duvet-cover-coco-white-bedroom-lifestyle-3.jpg?v=1786134890",out_of_stock,369.00 EUR,Boomba Bamboo,new,8720648154249,8720648154249,bamboo-duvet-cover-coco-white-400tc,Coco white,240x220 cm,100% Bamboo (Tanboocel™)
8720648154218,Housse de couette en bambou « Coco White » 400TC,"Une housse de couette en bambou d'une douceur soyeuse, 400TC, dans un blanc pur « Coco White » : respirante, hypoallergénique et disponible avec une fermeture à boutons en bambou ou une bande à rentrer sous le matelas.",https://www.maisondecocon.com/fr/products/bamboo-duvet-cover-coco-white-400tc?variant_sku=8720648154218,https://cdn.shopify.com/s/files/1/0884/0278/8685/files/bamboo-duvet-cover-coco-white-bedroom-lifestyle-1.jpg?v=1786134890,"https://cdn.shopify.com/s/files/1/0884/0278/8685/files/bamboo-duvet-cover-coco-white-bamboo-button-detail.jpg?v=1786134890,https://cdn.shopify.com/s/files/1/0884/0278/8685/files/bamboo-duvet-cover-coco-white-bedroom-lifestyle-2.jpg?v=1786134890,https://cdn.shopify.com/s/files/1/0884/0278/8685/files/bamboo-duvet-cover-coco-white-fabric-detail.jpg?v=1786134890,https://cdn.shopify.com/s/files/1/0884/0278/8685/files/bamboo-duvet-cover-coco-white-tuck-in-strip-detail.jpg?v=1786134890,https://cdn.shopify.com/s/files/1/0884/0278/8685/files/bamboo-duvet-cover-coco-white-bedroom-lifestyle-3.jpg?v=1786134890",in_stock,258.00 EUR,Boomba Bamboo,new,8720648154218,8720648154218,bamboo-duvet-cover-coco-white-400tc,Coco white,140x200 cm,100% Bamboo (Tanboocel™)
8720618860507,Housse de couette en bambou « Coco White » 400TC,"Une housse de couette en bambou d'une douceur soyeuse, 400TC, dans un blanc pur « Coco White » : respirante, hypoallergénique et disponible avec une fermeture à boutons en bambou ou une bande à rentrer sous le matelas.",https://www.maisondecocon.com/fr/products/bamboo-duvet-cover-coco-white-400tc?variant_sku=8720618860507,https://cdn.shopify.com/s/files/1/0884/0278/8685/files/bamboo-duvet-cover-coco-white-bedroom-lifestyle-1.jpg?v=1786134890,"https://cdn.shopify.com/s/files/1/0884/0278/8685/files/bamboo-duvet-cover-coco-white-bamboo-button-detail.jpg?v=1786134890,https://cdn.shopify.com/s/files/1/0884/0278/8685/files/bamboo-duvet-cover-coco-white-bedroom-lifestyle-2.jpg?v=1786134890,https://cdn.shopify.com/s/files/1/0884/0278/8685/files/bamboo-duvet-cover-coco-white-fabric-detail.jpg?v=1786134890,https://cdn.shopify.com/s/files/1/0884/0278/8685/files/bamboo-duvet-cover-coco-white-tuck-in-strip-detail.jpg?v=1786134890,https://cdn.shopify.com/s/files/1/0884/0278/8685/files/bamboo-duvet-cover-coco-white-bedroom-lifestyle-3.jpg?v=1786134890",in_stock,267.00 EUR,Boomba Bamboo,new,8720618860507,8720618860507,bamboo-duvet-cover-coco-white-400tc,Coco white,140x220 cm,100% Bamboo (Tanboocel™)
8720648154225,Housse de couette en bambou « Coco White » 400TC,"Une housse de couette en bambou d'une douceur soyeuse, 400TC, dans un blanc pur « Coco White » : respirante, hypoallergénique et disponible avec une fermeture à boutons en bambou ou une bande à rentrer sous le matelas.",https://www.maisondecocon.com/fr/products/bamboo-duvet-cover-coco-white-400tc?variant_sku=8720648154225,https://cdn.shopify.com/s/files/1/0884/0278/8685/files/bamboo-duvet-cover-coco-white-bedroom-lifestyle-1.jpg?v=1786134890,"https://cdn.shopify.com/s/files/1/0884/0278/8685/files/bamboo-duvet-cover-coco-white-bamboo-button-detail.jpg?v=1786134890,https://cdn.shopify.com/s/files/1/0884/0278/8685/files/bamboo-duvet-cover-coco-white-bedroom-lifestyle-2.jpg?v=1786134890,https://cdn.shopify.com/s/files/1/0884/0278/8685/files/bamboo-duvet-cover-coco-white-fabric-detail.jpg?v=1786134890,https://cdn.shopify.com/s/files/1/0884/0278/8685/files/bamboo-duvet-cover-coco-white-tuck-in-strip-detail.jpg?v=1786134890,https://cdn.shopify.com/s/files/1/0884/0278/8685/files/bamboo-duvet-cover-coco-white-bedroom-lifestyle-3.jpg?v=1786134890",in_stock,300.00 EUR,Boomba Bamboo,new,8720648154225,8720648154225,bamboo-duvet-cover-coco-white-400tc,Coco white,200x200 cm,100% Bamboo (Tanboocel™)
8720618860552,Housse de couette en bambou « Coco White » 400TC,"Une housse de couette en bambou d'une douceur soyeuse, 400TC, dans un blanc pur « Coco White » : respirante, hypoallergénique et disponible avec une fermeture à boutons en bambou ou une bande à rentrer sous le matelas.",https://www.maisondecocon.com/fr/products/bamboo-duvet-cover-coco-white-400tc?variant_sku=8720618860552,https://cdn.shopify.com/s/files/1/0884/0278/8685/files/bamboo-duvet-cover-coco-white-bedroom-lifestyle-1.jpg?v=1786134890,"https://cdn.shopify.com/s/files/1/0884/0278/8685/files/bamboo-duvet-cover-coco-white-bamboo-button-detail.jpg?v=1786134890,https://cdn.shopify.com/s/files/1/0884/0278/8685/files/bamboo-duvet-cover-coco-white-bedroom-lifestyle-2.jpg?v=1786134890,https://cdn.shopify.com/s/files/1/0884/0278/8685/files/bamboo-duvet-cover-coco-white-fabric-detail.jpg?v=1786134890,https://cdn.shopify.com/s/files/1/0884/0278/8685/files/bamboo-duvet-cover-coco-white-tuck-in-strip-detail.jpg?v=1786134890,https://cdn.shopify.com/s/files/1/0884/0278/8685/files/bamboo-duvet-cover-coco-white-bedroom-lifestyle-3.jpg?v=1786134890",out_of_stock,387.00 EUR,Boomba Bamboo,new,8720618860552,8720618860552,bamboo-duvet-cover-coco-white-400tc,Coco white,240x220 cm,100% Bamboo (Tanboocel™)
8720648154232,Housse de couette en bambou « Coco White » 400TC,"Une housse de couette en bambou d'une douceur soyeuse, 400TC, dans un blanc pur « Coco White » : respirante, hypoallergénique et disponible avec une fermeture à boutons en bambou ou une bande à rentrer sous le matelas.",https://www.maisondecocon.com/fr/products/bamboo-duvet-cover-coco-white-400tc?variant_sku=8720648154232,https://cdn.shopify.com/s/files/1/0884/0278/8685/files/bamboo-duvet-cover-coco-white-bedroom-lifestyle-1.jpg?v=1786134890,"https://cdn.shopify.com/s/files/1/0884/0278/8685/files/bamboo-duvet-cover-coco-white-bamboo-button-detail.jpg?v=1786134890,https://cdn.shopify.com/s/files/1/0884/0278/8685/files/bamboo-duvet-cover-coco-white-bedroom-lifestyle-2.jpg?v=1786134890,https://cdn.shopify.com/s/files/1/0884/0278/8685/files/bamboo-duvet-cover-coco-white-fabric-detail.jpg?v=1786134890,https://cdn.shopify.com/s/files/1/0884/0278/8685/files/bamboo-duvet-cover-coco-white-tuck-in-strip-detail.jpg?v=1786134890,https://cdn.shopify.com/s/files/1/0884/0278/8685/files/bamboo-duvet-cover-coco-white-bedroom-lifestyle-3.jpg?v=1786134890",in_stock,318.00 EUR,Boomba Bamboo,new,8720648154232,8720648154232,bamboo-duvet-cover-coco-white-400tc,Coco white,200x220/210 cm,100% Bamboo (Tanboocel™)
8720618860538,Housse de couette en bambou « Coco White » 400TC,"Une housse de couette en bambou d'une douceur soyeuse, 400TC, dans un blanc pur « Coco White » : respirante, hypoallergénique et disponible avec une fermeture à boutons en bambou ou une bande à rentrer sous le matelas.",https://www.maisondecocon.com/fr/products/bamboo-duvet-cover-coco-white-400tc?variant_sku=8720618860538,https://cdn.shopify.com/s/files/1/0884/0278/8685/files/bamboo-duvet-cover-coco-white-bedroom-lifestyle-1.jpg?v=1786134890,"https://cdn.shopify.com/s/files/1/0884/0278/8685/files/bamboo-duvet-cover-coco-white-bamboo-button-detail.jpg?v=1786134890,https://cdn.shopify.com/s/files/1/0884/0278/8685/files/bamboo-duvet-cover-coco-white-bedroom-lifestyle-2.jpg?v=1786134890,https://cdn.shopify.com/s/files/1/0884/0278/8685/files/bamboo-duvet-cover-coco-white-fabric-detail.jpg?v=1786134890,https://cdn.shopify.com/s/files/1/0884/0278/8685/files/bamboo-duvet-cover-coco-white-tuck-in-strip-detail.jpg?v=1786134890,https://cdn.shopify.com/s/files/1/0884/0278/8685/files/bamboo-duvet-cover-coco-white-bedroom-lifestyle-3.jpg?v=1786134890",in_stock,318.00 EUR,Boomba Bamboo,new,8720618860538,8720618860538,bamboo-duvet-cover-coco-white-400tc,Coco white,200x200 cm,100% Bamboo (Tanboocel™)
6154520692604,"Drap-housse en bambou, Coffee Brown, 400TC","Un drap-housse en bambou 400TC, d'une douceur soyeuse, dans une riche teinte « Coffee Brown » — respirant, hypoallergénique et agréable au toucher, doté d'un élastique qui s'ajuste parfaitement aux matelas d'une épaisseur maximale de 30 cm.",https://www.maisondecocon.com/fr/products/bamboo-fitted-sheet-coffee-brown-400tc?variant_sku=6154520692604,https://cdn.shopify.com/s/files/1/0884/0278/8685/files/bamboo-fitted-sheet-coffee-brown-seam-detail.jpg?v=1786183053,"https://cdn.shopify.com/s/files/1/0884/0278/8685/files/bamboo-fitted-sheet-coffee-brown-corner-detail.jpg?v=1786183053,https://cdn.shopify.com/s/files/1/0884/0278/8685/files/bamboo-fitted-sheet-coffee-brown-bedroom-lifestyle.jpg?v=1786183053,https://cdn.shopify.com/s/files/1/0884/0278/8685/files/bamboo-fitted-sheet-coffee-brown-corner-loose.jpg?v=1786183053,https://cdn.shopify.com/s/files/1/0884/0278/8685/files/bamboo-fitted-sheet-coffee-brown-fabric-drape-1.jpg?v=1786183053,https://cdn.shopify.com/s/files/1/0884/0278/8685/files/bamboo-fitted-sheet-coffee-brown-bedroom-front.jpg?v=1786183053,https://cdn.shopify.com/s/files/1/0884/0278/8685/files/bamboo-fitted-sheet-coffee-brown-fabric-drape-2.jpg?v=1786183053,https://cdn.shopify.com/s/files/1/0884/0278/8685/files/bamboo-fitted-sheet-coffee-brown-bedroom-detail.jpg?v=1786183053,https://cdn.shopify.com/s/files/1/0884/0278/8685/files/bamboo-fitted-sheet-coffee-brown-packaging.jpg?v=1786183053",in_stock,180.00 EUR,Boomba Bamboo,new,6154520692604,6154520692604,bamboo-fitted-sheet-coffee-brown-400tc,Coffee Brown,200x220/210 cm,100% Bamboo (Tanboocel™)
6154519018095,"Drap-housse en bambou, Coffee Brown, 400TC","Un drap-housse en bambou 400TC, d'une douceur soyeuse, dans une riche teinte « Coffee Brown » — respirant, hypoallergénique et agréable au toucher, doté d'un élastique qui s'ajuste parfaitement aux matelas d'une épaisseur maximale de 30 cm.",https://www.maisondecocon.com/fr/products/bamboo-fitted-sheet-coffee-brown-400tc?variant_sku=6154519018095,https://cdn.shopify.com/s/files/1/0884/0278/8685/files/bamboo-fitted-sheet-coffee-brown-seam-detail.jpg?v=1786183053,"https://cdn.shopify.com/s/files/1/0884/0278/8685/files/bamboo-fitted-sheet-coffee-brown-corner-detail.jpg?v=1786183053,https://cdn.shopify.com/s/files/1/0884/0278/8685/files/bamboo-fitted-sheet-coffee-brown-bedroom-lifestyle.jpg?v=1786183053,https://cdn.shopify.com/s/files/1/0884/0278/8685/files/bamboo-fitted-sheet-coffee-brown-corner-loose.jpg?v=1786183053,https://cdn.shopify.com/s/files/1/0884/0278/8685/files/bamboo-fitted-sheet-coffee-brown-fabric-drape-1.jpg?v=1786183053,https://cdn.shopify.com/s/files/1/0884/0278/8685/files/bamboo-fitted-sheet-coffee-brown-bedroom-front.jpg?v=1786183053,https://cdn.shopify.com/s/files/1/0884/0278/8685/files/bamboo-fitted-sheet-coffee-brown-fabric-drape-2.jpg?v=1786183053,https://cdn.shopify.com/s/files/1/0884/0278/8685/files/bamboo-fitted-sheet-coffee-brown-bedroom-detail.jpg?v=1786183053,https://cdn.shopify.com/s/files/1/0884/0278/8685/files/bamboo-fitted-sheet-coffee-brown-packaging.jpg?v=1786183053",in_stock,138.00 EUR,Boomba Bamboo,new,6154519018095,6154519018095,bamboo-fitted-sheet-coffee-brown-400tc,Coffee Brown,100x200,100% Bamboo (Tanboocel™)
6154519099018,"Drap-housse en bambou, Coffee Brown, 400TC","Un drap-housse en bambou 400TC, d'une douceur soyeuse, dans une riche teinte « Coffee Brown » — respirant, hypoallergénique et agréable au toucher, doté d'un élastique qui s'ajuste parfaitement aux matelas d'une épaisseur maximale de 30 cm.",https://www.maisondecocon.com/fr/products/bamboo-fitted-sheet-coffee-brown-400tc?variant_sku=6154519099018,https://cdn.shopify.com/s/files/1/0884/0278/8685/files/bamboo-fitted-sheet-coffee-brown-seam-detail.jpg?v=1786183053,"https://cdn.shopify.com/s/files/1/0884/0278/8685/files/bamboo-fitted-sheet-coffee-brown-corner-detail.jpg?v=1786183053,https://cdn.shopify.com/s/files/1/0884/0278/8685/files/bamboo-fitted-sheet-coffee-brown-bedroom-lifestyle.jpg?v=1786183053,https://cdn.shopify.com/s/files/1/0884/0278/8685/files/bamboo-fitted-sheet-coffee-brown-corner-loose.jpg?v=1786183053,https://cdn.shopify.com/s/files/1/0884/0278/8685/files/bamboo-fitted-sheet-coffee-brown-fabric-drape-1.jpg?v=1786183053,https://cdn.shopify.com/s/files/1/0884/0278/8685/files/bamboo-fitted-sheet-coffee-brown-bedroom-front.jpg?v=1786183053,https://cdn.shopify.com/s/files/1/0884/0278/8685/files/bamboo-fitted-sheet-coffee-brown-fabric-drape-2.jpg?v=1786183053,https://cdn.shopify.com/s/files/1/0884/0278/8685/files/bamboo-fitted-sheet-coffee-brown-bedroom-detail.jpg?v=1786183053,https://cdn.shopify.com/s/files/1/0884/0278/8685/files/bamboo-fitted-sheet-coffee-brown-packaging.jpg?v=1786183053",in_stock,141.00 EUR,Boomba Bamboo,new,6154519099018,6154519099018,bamboo-fitted-sheet-coffee-brown-400tc,Coffee Brown,100x220/210 cm,100% Bamboo (Tanboocel™)
6154519695661,"Drap-housse en bambou, Coffee Brown, 400TC","Un drap-housse en bambou 400TC, d'une douceur soyeuse, dans une riche teinte « Coffee Brown » — respirant, hypoallergénique et agréable au toucher, doté d'un élastique qui s'ajuste parfaitement aux matelas d'une épaisseur maximale de 30 cm.",https://www.maisondecocon.com/fr/products/bamboo-fitted-sheet-coffee-brown-400tc?variant_sku=6154519695661,https://cdn.shopify.com/s/files/1/0884/0278/8685/files/bamboo-fitted-sheet-coffee-brown-seam-detail.jpg?v=1786183053,"https://cdn.shopify.com/s/files/1/0884/0278/8685/files/bamboo-fitted-sheet-coffee-brown-corner-detail.jpg?v=1786183053,https://cdn.shopify.com/s/files/1/0884/0278/8685/files/bamboo-fitted-sheet-coffee-brown-bedroom-lifestyle.jpg?v=1786183053,https://cdn.shopify.com/s/files/1/0884/0278/8685/files/bamboo-fitted-sheet-coffee-brown-corner-loose.jpg?v=1786183053,https://cdn.shopify.com/s/files/1/0884/0278/8685/files/bamboo-fitted-sheet-coffee-brown-fabric-drape-1.jpg?v=1786183053,https://cdn.shopify.com/s/files/1/0884/0278/8685/files/bamboo-fitted-sheet-coffee-brown-bedroom-front.jpg?v=1786183053,https://cdn.shopify.com/s/files/1/0884/0278/8685/files/bamboo-fitted-sheet-coffee-brown-fabric-drape-2.jpg?v=1786183053,https://cdn.shopify.com/s/files/1/0884/0278/8685/files/bamboo-fitted-sheet-coffee-brown-bedroom-detail.jpg?v=1786183053,https://cdn.shopify.com/s/files/1/0884/0278/8685/files/bamboo-fitted-sheet-coffee-brown-packaging.jpg?v=1786183053",in_stock,153.00 EUR,Boomba Bamboo,new,6154519695661,6154519695661,bamboo-fitted-sheet-coffee-brown-400tc,Coffee Brown,160x220/210,100% Bamboo (Tanboocel™)
6154520289286,"Drap-housse en bambou, Coffee Brown, 400TC","Un drap-housse en bambou 400TC, d'une douceur soyeuse, dans une riche teinte « Coffee Brown » — respirant, hypoallergénique et agréable au toucher, doté d'un élastique qui s'ajuste parfaitement aux matelas d'une épaisseur maximale de 30 cm.",https://www.maisondecocon.com/fr/products/bamboo-fitted-sheet-coffee-brown-400tc?variant_sku=6154520289286,https://cdn.shopify.com/s/files/1/0884/0278/8685/files/bamboo-fitted-sheet-coffee-brown-seam-detail.jpg?v=1786183053,"https://cdn.shopify.com/s/files/1/0884/0278/8685/files/bamboo-fitted-sheet-coffee-brown-corner-detail.jpg?v=1786183053,https://cdn.shopify.com/s/files/1/0884/0278/8685/files/bamboo-fitted-sheet-coffee-brown-bedroom-lifestyle.jpg?v=1786183053,https://cdn.shopify.com/s/files/1/0884/0278/8685/files/bamboo-fitted-sheet-coffee-brown-corner-loose.jpg?v=1786183053,https://cdn.shopify.com/s/files/1/0884/0278/8685/files/bamboo-fitted-sheet-coffee-brown-fabric-drape-1.jpg?v=1786183053,https://cdn.shopify.com/s/files/1/0884/0278/8685/files/bamboo-fitted-sheet-coffee-brown-bedroom-front.jpg?v=1786183053,https://cdn.shopify.com/s/files/1/0884/0278/8685/files/bamboo-fitted-sheet-coffee-brown-fabric-drape-2.jpg?v=1786183053,https://cdn.shopify.com/s/files/1/0884/0278/8685/files/bamboo-fitted-sheet-coffee-brown-bedroom-detail.jpg?v=1786183053,https://cdn.shopify.com/s/files/1/0884/0278/8685/files/bamboo-fitted-sheet-coffee-brown-packaging.jpg?v=1786183053",in_stock,168.00 EUR,Boomba Bamboo,new,6154520289286,6154520289286,bamboo-fitted-sheet-coffee-brown-400tc,Coffee Brown,200x200 cm,100% Bamboo (Tanboocel™)
6154518493459,"Drap-housse en bambou, Coffee Brown, 400TC","Un drap-housse en bambou 400TC, d'une douceur soyeuse, dans une riche teinte « Coffee Brown » — respirant, hypoallergénique et agréable au toucher, doté d'un élastique qui s'ajuste parfaitement aux matelas d'une épaisseur maximale de 30 cm.",https://www.maisondecocon.com/fr/products/bamboo-fitted-sheet-coffee-brown-400tc?variant_sku=6154518493459,https://cdn.shopify.com/s/files/1/0884/0278/8685/files/bamboo-fitted-sheet-coffee-brown-seam-detail.jpg?v=1786183053,"https://cdn.shopify.com/s/files/1/0884/0278/8685/files/bamboo-fitted-sheet-coffee-brown-corner-detail.jpg?v=1786183053,https://cdn.shopify.com/s/files/1/0884/0278/8685/files/bamboo-fitted-sheet-coffee-brown-bedroom-lifestyle.jpg?v=1786183053,https://cdn.shopify.com/s/files/1/0884/0278/8685/files/bamboo-fitted-sheet-coffee-brown-corner-loose.jpg?v=1786183053,https://cdn.shopify.com/s/files/1/0884/0278/8685/files/bamboo-fitted-sheet-coffee-brown-fabric-drape-1.jpg?v=1786183053,https://cdn.shopify.com/s/files/1/0884/0278/8685/files/bamboo-fitted-sheet-coffee-brown-bedroom-front.jpg?v=1786183053,https://cdn.shopify.com/s/files/1/0884/0278/8685/files/bamboo-fitted-sheet-coffee-brown-fabric-drape-2.jpg?v=1786183053,https://cdn.shopify.com/s/files/1/0884/0278/8685/files/bamboo-fitted-sheet-coffee-brown-bedroom-detail.jpg?v=1786183053,https://cdn.shopify.com/s/files/1/0884/0278/8685/files/bamboo-fitted-sheet-coffee-brown-packaging.jpg?v=1786183053",in_stock,120.00 EUR,Boomba Bamboo,new,6154518493459,6154518493459,bamboo-fitted-sheet-coffee-brown-400tc,Coffee Brown,80x200 cm,100% Bamboo (Tanboocel™)
6154519017067,"Drap-housse en bambou, Coffee Brown, 400TC","Un drap-housse en bambou 400TC, d'une douceur soyeuse, dans une riche teinte « Coffee Brown » — respirant, hypoallergénique et agréable au toucher, doté d'un élastique qui s'ajuste parfaitement aux matelas d'une épaisseur maximale de 30 cm.",https://www.maisondecocon.com/fr/products/bamboo-fitted-sheet-coffee-brown-400tc?variant_sku=6154519017067,https://cdn.shopify.com/s/files/1/0884/0278/8685/files/bamboo-fitted-sheet-coffee-brown-seam-detail.jpg?v=1786183053,"https://cdn.shopify.com/s/files/1/0884/0278/8685/files/bamboo-fitted-sheet-coffee-brown-corner-detail.jpg?v=1786183053,https://cdn.shopify.com/s/files/1/0884/0278/8685/files/bamboo-fitted-sheet-coffee-brown-bedroom-lifestyle.jpg?v=1786183053,https://cdn.shopify.com/s/files/1/0884/0278/8685/files/bamboo-fitted-sheet-coffee-brown-corner-loose.jpg?v=1786183053,https://cdn.shopify.com/s/files/1/0884/0278/8685/files/bamboo-fitted-sheet-coffee-brown-fabric-drape-1.jpg?v=1786183053,https://cdn.shopify.com/s/files/1/0884/0278/8685/files/bamboo-fitted-sheet-coffee-brown-bedroom-front.jpg?v=1786183053,https://cdn.shopify.com/s/files/1/0884/0278/8685/files/bamboo-fitted-sheet-coffee-brown-fabric-drape-2.jpg?v=1786183053,https://cdn.shopify.com/s/files/1/0884/0278/8685/files/bamboo-fitted-sheet-coffee-brown-bedroom-detail.jpg?v=1786183053,https://cdn.shopify.com/s/files/1/0884/0278/8685/files/bamboo-fitted-sheet-coffee-brown-packaging.jpg?v=1786183053",in_stock,135.00 EUR,Boomba Bamboo,new,6154519017067,6154519017067,bamboo-fitted-sheet-coffee-brown-400tc,Coffee Brown,90x220/210 cm,100% Bamboo (Tanboocel™)
6154518569543,"Drap-housse en bambou, Coffee Brown, 400TC","Un drap-housse en bambou 400TC, d'une douceur soyeuse, dans une riche teinte « Coffee Brown » — respirant, hypoallergénique et agréable au toucher, doté d'un élastique qui s'ajuste parfaitement aux matelas d'une épaisseur maximale de 30 cm.",https://www.maisondecocon.com/fr/products/bamboo-fitted-sheet-coffee-brown-400tc?variant_sku=6154518569543,https://cdn.shopify.com/s/files/1/0884/0278/8685/files/bamboo-fitted-sheet-coffee-brown-seam-detail.jpg?v=1786183053,"https://cdn.shopify.com/s/files/1/0884/0278/8685/files/bamboo-fitted-sheet-coffee-brown-corner-detail.jpg?v=1786183053,https://cdn.shopify.com/s/files/1/0884/0278/8685/files/bamboo-fitted-sheet-coffee-brown-bedroom-lifestyle.jpg?v=1786183053,https://cdn.shopify.com/s/files/1/0884/0278/8685/files/bamboo-fitted-sheet-coffee-brown-corner-loose.jpg?v=1786183053,https://cdn.shopify.com/s/files/1/0884/0278/8685/files/bamboo-fitted-sheet-coffee-brown-fabric-drape-1.jpg?v=1786183053,https://cdn.shopify.com/s/files/1/0884/0278/8685/files/bamboo-fitted-sheet-coffee-brown-bedroom-front.jpg?v=1786183053,https://cdn.shopify.com/s/files/1/0884/0278/8685/files/bamboo-fitted-sheet-coffee-brown-fabric-drape-2.jpg?v=1786183053,https://cdn.shopify.com/s/files/1/0884/0278/8685/files/bamboo-fitted-sheet-coffee-brown-bedroom-detail.jpg?v=1786183053,https://cdn.shopify.com/s/files/1/0884/0278/8685/files/bamboo-fitted-sheet-coffee-brown-packaging.jpg?v=1786183053",in_stock,126.00 EUR,Boomba Bamboo,new,6154518569543,6154518569543,bamboo-fitted-sheet-coffee-brown-400tc,Coffee Brown,80x220/210 cm,100% Bamboo (Tanboocel™)
6154519494400,"Drap-housse en bambou, Coffee Brown, 400TC","Un drap-housse en bambou 400TC, d'une douceur soyeuse, dans une riche teinte « Coffee Brown » — respirant, hypoallergénique et agréable au toucher, doté d'un élastique qui s'ajuste parfaitement aux matelas d'une épaisseur maximale de 30 cm.",https://www.maisondecocon.com/fr/products/bamboo-fitted-sheet-coffee-brown-400tc?variant_sku=6154519494400,https://cdn.shopify.com/s/files/1/0884/0278/8685/files/bamboo-fitted-sheet-coffee-brown-seam-detail.jpg?v=1786183053,"https://cdn.shopify.com/s/files/1/0884/0278/8685/files/bamboo-fitted-sheet-coffee-brown-corner-detail.jpg?v=1786183053,https://cdn.shopify.com/s/files/1/0884/0278/8685/files/bamboo-fitted-sheet-coffee-brown-bedroom-lifestyle.jpg?v=1786183053,https://cdn.shopify.com/s/files/1/0884/0278/8685/files/bamboo-fitted-sheet-coffee-brown-corner-loose.jpg?v=1786183053,https://cdn.shopify.com/s/files/1/0884/0278/8685/files/bamboo-fitted-sheet-coffee-brown-fabric-drape-1.jpg?v=1786183053,https://cdn.shopify.com/s/files/1/0884/0278/8685/files/bamboo-fitted-sheet-coffee-brown-bedroom-front.jpg?v=1786183053,https://cdn.shopify.com/s/files/1/0884/0278/8685/files/bamboo-fitted-sheet-coffee-brown-fabric-drape-2.jpg?v=1786183053,https://cdn.shopify.com/s/files/1/0884/0278/8685/files/bamboo-fitted-sheet-coffee-brown-bedroom-detail.jpg?v=1786183053,https://cdn.shopify.com/s/files/1/0884/0278/8685/files/bamboo-fitted-sheet-coffee-brown-packaging.jpg?v=1786183053",in_stock,147.00 EUR,Boomba Bamboo,new,6154519494400,6154519494400,bamboo-fitted-sheet-coffee-brown-400tc,Coffee Brown,160x200 cm,100% Bamboo (Tanboocel™)
6154518856810,"Drap-housse en bambou, Coffee Brown, 400TC","Un drap-housse en bambou 400TC, d'une douceur soyeuse, dans une riche teinte « Coffee Brown » — respirant, hypoallergénique et agréable au toucher, doté d'un élastique qui s'ajuste parfaitement aux matelas d'une épaisseur maximale de 30 cm.",https://www.maisondecocon.com/fr/products/bamboo-fitted-sheet-coffee-brown-400tc?variant_sku=6154518856810,https://cdn.shopify.com/s/files/1/0884/0278/8685/files/bamboo-fitted-sheet-coffee-brown-seam-detail.jpg?v=1786183053,"https://cdn.shopify.com/s/files/1/0884/0278/8685/files/bamboo-fitted-sheet-coffee-brown-corner-detail.jpg?v=1786183053,https://cdn.shopify.com/s/files/1/0884/0278/8685/files/bamboo-fitted-sheet-coffee-brown-bedroom-lifestyle.jpg?v=1786183053,https://cdn.shopify.com/s/files/1/0884/0278/8685/files/bamboo-fitted-sheet-coffee-brown-corner-loose.jpg?v=1786183053,https://cdn.shopify.com/s/files/1/0884/0278/8685/files/bamboo-fitted-sheet-coffee-brown-fabric-drape-1.jpg?v=1786183053,https://cdn.shopify.com/s/files/1/0884/0278/8685/files/bamboo-fitted-sheet-coffee-brown-bedroom-front.jpg?v=1786183053,https://cdn.shopify.com/s/files/1/0884/0278/8685/files/bamboo-fitted-sheet-coffee-brown-fabric-drape-2.jpg?v=1786183053,https://cdn.shopify.com/s/files/1/0884/0278/8685/files/bamboo-fitted-sheet-coffee-brown-bedroom-detail.jpg?v=1786183053,https://cdn.shopify.com/s/files/1/0884/0278/8685/files/bamboo-fitted-sheet-coffee-brown-packaging.jpg?v=1786183053",in_stock,129.00 EUR,Boomba Bamboo,new,6154518856810,6154518856810,bamboo-fitted-sheet-coffee-brown-400tc,Coffee Brown,90x200 cm,100% Bamboo (Tanboocel™)
6154519237298,"Drap-housse en bambou, Coffee Brown, 400TC","Un drap-housse en bambou 400TC, d'une douceur soyeuse, dans une riche teinte « Coffee Brown » — respirant, hypoallergénique et agréable au toucher, doté d'un élastique qui s'ajuste parfaitement aux matelas d'une épaisseur maximale de 30 cm.",https://www.maisondecocon.com/fr/products/bamboo-fitted-sheet-coffee-brown-400tc?variant_sku=6154519237298,https://cdn.shopify.com/s/files/1/0884/0278/8685/files/bamboo-fitted-sheet-coffee-brown-seam-detail.jpg?v=1786183053,"https://cdn.shopify.com/s/files/1/0884/0278/8685/files/bamboo-fitted-sheet-coffee-brown-corner-detail.jpg?v=1786183053,https://cdn.shopify.com/s/files/1/0884/0278/8685/files/bamboo-fitted-sheet-coffee-brown-bedroom-lifestyle.jpg?v=1786183053,https://cdn.shopify.com/s/files/1/0884/0278/8685/files/bamboo-fitted-sheet-coffee-brown-corner-loose.jpg?v=1786183053,https://cdn.shopify.com/s/files/1/0884/0278/8685/files/bamboo-fitted-sheet-coffee-brown-fabric-drape-1.jpg?v=1786183053,https://cdn.shopify.com/s/files/1/0884/0278/8685/files/bamboo-fitted-sheet-coffee-brown-bedroom-front.jpg?v=1786183053,https://cdn.shopify.com/s/files/1/0884/0278/8685/files/bamboo-fitted-sheet-coffee-brown-fabric-drape-2.jpg?v=1786183053,https://cdn.shopify.com/s/files/1/0884/0278/8685/files/bamboo-fitted-sheet-coffee-brown-bedroom-detail.jpg?v=1786183053,https://cdn.shopify.com/s/files/1/0884/0278/8685/files/bamboo-fitted-sheet-coffee-brown-packaging.jpg?v=1786183053",in_stock,144.00 EUR,Boomba Bamboo,new,6154519237298,6154519237298,bamboo-fitted-sheet-coffee-brown-400tc,Coffee Brown,140x200 cm,100% Bamboo (Tanboocel™)
6154519740798,"Drap-housse en bambou, Coffee Brown, 400TC","Un drap-housse en bambou 400TC, d'une douceur soyeuse, dans une riche teinte « Coffee Brown » — respirant, hypoallergénique et agréable au toucher, doté d'un élastique qui s'ajuste parfaitement aux matelas d'une épaisseur maximale de 30 cm.",https://www.maisondecocon.com/fr/products/bamboo-fitted-sheet-coffee-brown-400tc?variant_sku=6154519740798,https://cdn.shopify.com/s/files/1/0884/0278/8685/files/bamboo-fitted-sheet-coffee-brown-seam-detail.jpg?v=1786183053,"https://cdn.shopify.com/s/files/1/0884/0278/8685/files/bamboo-fitted-sheet-coffee-brown-corner-detail.jpg?v=1786183053,https://cdn.shopify.com/s/files/1/0884/0278/8685/files/bamboo-fitted-sheet-coffee-brown-bedroom-lifestyle.jpg?v=1786183053,https://cdn.shopify.com/s/files/1/0884/0278/8685/files/bamboo-fitted-sheet-coffee-brown-corner-loose.jpg?v=1786183053,https://cdn.shopify.com/s/files/1/0884/0278/8685/files/bamboo-fitted-sheet-coffee-brown-fabric-drape-1.jpg?v=1786183053,https://cdn.shopify.com/s/files/1/0884/0278/8685/files/bamboo-fitted-sheet-coffee-brown-bedroom-front.jpg?v=1786183053,https://cdn.shopify.com/s/files/1/0884/0278/8685/files/bamboo-fitted-sheet-coffee-brown-fabric-drape-2.jpg?v=1786183053,https://cdn.shopify.com/s/files/1/0884/0278/8685/files/bamboo-fitted-sheet-coffee-brown-bedroom-detail.jpg?v=1786183053,https://cdn.shopify.com/s/files/1/0884/0278/8685/files/bamboo-fitted-sheet-coffee-brown-packaging.jpg?v=1786183053",in_stock,156.00 EUR,Boomba Bamboo,new,6154519740798,6154519740798,bamboo-fitted-sheet-coffee-brown-400tc,Coffee Brown,180x200 cm,100% Bamboo (Tanboocel™)
6154519973950,"Drap-housse en bambou, Coffee Brown, 400TC","Un drap-housse en bambou 400TC, d'une douceur soyeuse, dans une riche teinte « Coffee Brown » — respirant, hypoallergénique et agréable au toucher, doté d'un élastique qui s'ajuste parfaitement aux matelas d'une épaisseur maximale de 30 cm.",https://www.maisondecocon.com/fr/products/bamboo-fitted-sheet-coffee-brown-400tc?variant_sku=6154519973950,https://cdn.shopify.com/s/files/1/0884/0278/8685/files/bamboo-fitted-sheet-coffee-brown-seam-detail.jpg?v=1786183053,"https://cdn.shopify.com/s/files/1/0884/0278/8685/files/bamboo-fitted-sheet-coffee-brown-corner-detail.jpg?v=1786183053,https://cdn.shopify.com/s/files/1/0884/0278/8685/files/bamboo-fitted-sheet-coffee-brown-bedroom-lifestyle.jpg?v=1786183053,https://cdn.shopify.com/s/files/1/0884/0278/8685/files/bamboo-fitted-sheet-coffee-brown-corner-loose.jpg?v=1786183053,https://cdn.shopify.com/s/files/1/0884/0278/8685/files/bamboo-fitted-sheet-coffee-brown-fabric-drape-1.jpg?v=1786183053,https://cdn.shopify.com/s/files/1/0884/0278/8685/files/bamboo-fitted-sheet-coffee-brown-bedroom-front.jpg?v=1786183053,https://cdn.shopify.com/s/files/1/0884/0278/8685/files/bamboo-fitted-sheet-coffee-brown-fabric-drape-2.jpg?v=1786183053,https://cdn.shopify.com/s/files/1/0884/0278/8685/files/bamboo-fitted-sheet-coffee-brown-bedroom-detail.jpg?v=1786183053,https://cdn.shopify.com/s/files/1/0884/0278/8685/files/bamboo-fitted-sheet-coffee-brown-packaging.jpg?v=1786183053",in_stock,162.00 EUR,Boomba Bamboo,new,6154519973950,6154519973950,bamboo-fitted-sheet-coffee-brown-400tc,Coffee Brown,180x220/210 cm,100% Bamboo (Tanboocel™)
8720648154980,Taies d'oreiller en bambou « Cuddle Pink » 400TC – Lot de 2,"Apportez une touche chaleureuse et romantique à votre chambre à coucher grâce à ces taies d'oreiller en bambou 400TC au ton doux « Cuddle Pink » : soyeuses, hypoallergéniques et douces pour la peau et les cheveux.",https://www.maisondecocon.com/fr/products/bamboo-pillowcases-cuddle-pink-400tc?variant_sku=8720648154980,https://cdn.shopify.com/s/files/1/0884/0278/8685/files/bamboo-pillowcases-cuddle-pink-bench-lifestyle.jpg?v=1786131385,"https://cdn.shopify.com/s/files/1/0884/0278/8685/files/bamboo-pillowcases-cuddle-pink-fabric-swirl.jpg?v=1786131398,https://cdn.shopify.com/s/files/1/0884/0278/8685/files/bamboo-pillowcases-cuddle-pink-chair-styled.jpg?v=1786131408,https://cdn.shopify.com/s/files/1/0884/0278/8685/files/bamboo-pillowcases-cuddle-pink-bed-wood-frame.jpg?v=1786131421,https://cdn.shopify.com/s/files/1/0884/0278/8685/files/bamboo-pillowcases-cuddle-pink-pillows-detail.jpg?v=1786131432,https://cdn.shopify.com/s/files/1/0884/0278/8685/files/bamboo-pillowcases-cuddle-pink-bed-window.jpg?v=1786131459,https://cdn.shopify.com/s/files/1/0884/0278/8685/files/bamboo-pillowcases-cuddle-pink-packaging.jpg?v=1786131468",in_stock,93.00 EUR,Boomba Bamboo,new,8720648154980,8720648154980,bamboo-pillowcases-cuddle-pink-400tc,Cuddle Pink,40x80 cm,100% Bamboo (Tanboocel™)
8720648154997,Taies d'oreiller en bambou « Cuddle Pink » 400TC – Lot de 2,"Apportez une touche chaleureuse et romantique à votre chambre à coucher grâce à ces taies d'oreiller en bambou 400TC au ton doux « Cuddle Pink » : soyeuses, hypoallergéniques et douces pour la peau et les cheveux.",https://www.maisondecocon.com/fr/products/bamboo-pillowcases-cuddle-pink-400tc?variant_sku=8720648154997,https://cdn.shopify.com/s/files/1/0884/0278/8685/files/bamboo-pillowcases-cuddle-pink-bench-lifestyle.jpg?v=1786131385,"https://cdn.shopify.com/s/files/1/0884/0278/8685/files/bamboo-pillowcases-cuddle-pink-fabric-swirl.jpg?v=1786131398,https://cdn.shopify.com/s/files/1/0884/0278/8685/files/bamboo-pillowcases-cuddle-pink-chair-styled.jpg?v=1786131408,https://cdn.shopify.com/s/files/1/0884/0278/8685/files/bamboo-pillowcases-cuddle-pink-bed-wood-frame.jpg?v=1786131421,https://cdn.shopify.com/s/files/1/0884/0278/8685/files/bamboo-pillowcases-cuddle-pink-pillows-detail.jpg?v=1786131432,https://cdn.shopify.com/s/files/1/0884/0278/8685/files/bamboo-pillowcases-cuddle-pink-bed-window.jpg?v=1786131459,https://cdn.shopify.com/s/files/1/0884/0278/8685/files/bamboo-pillowcases-cuddle-pink-packaging.jpg?v=1786131468",in_stock,96.00 EUR,Boomba Bamboo,new,8720648154997,8720648154997,bamboo-pillowcases-cuddle-pink-400tc,Cuddle Pink,50x75 cm,100% Bamboo (Tanboocel™)
8720618860002,Taies d'oreiller en bambou « Cuddle Pink » 400TC – Lot de 2,"Apportez une touche chaleureuse et romantique à votre chambre à coucher grâce à ces taies d'oreiller en bambou 400TC au ton doux « Cuddle Pink » : soyeuses, hypoallergéniques et douces pour la peau et les cheveux.",https://www.maisondecocon.com/fr/products/bamboo-pillowcases-cuddle-pink-400tc?variant_sku=8720618860002,https://cdn.shopify.com/s/files/1/0884/0278/8685/files/bamboo-pillowcases-cuddle-pink-bench-lifestyle.jpg?v=1786131385,"https://cdn.shopify.com/s/files/1/0884/0278/8685/files/bamboo-pillowcases-cuddle-pink-fabric-swirl.jpg?v=1786131398,https://cdn.shopify.com/s/files/1/0884/0278/8685/files/bamboo-pillowcases-cuddle-pink-chair-styled.jpg?v=1786131408,https://cdn.shopify.com/s/files/1/0884/0278/8685/files/bamboo-pillowcases-cuddle-pink-bed-wood-frame.jpg?v=1786131421,https://cdn.shopify.com/s/files/1/0884/0278/8685/files/bamboo-pillowcases-cuddle-pink-pillows-detail.jpg?v=1786131432,https://cdn.shopify.com/s/files/1/0884/0278/8685/files/bamboo-pillowcases-cuddle-pink-bed-window.jpg?v=1786131459,https://cdn.shopify.com/s/files/1/0884/0278/8685/files/bamboo-pillowcases-cuddle-pink-packaging.jpg?v=1786131468",in_stock,99.00 EUR,Boomba Bamboo,new,8720618860002,8720618860002,bamboo-pillowcases-cuddle-pink-400tc,Cuddle Pink,60x70 cm,100% Bamboo (Tanboocel™)
8720648154201,Taies d'oreiller en bambou Coco White 400TC – Lot de 2,"Apportez une touche de fraîcheur et de pureté à votre chambre à coucher grâce à ces taies d'oreiller en bambou 400TC au coloris intemporel « Coco White » : soyeuses, hypoallergéniques et douces pour la peau et les cheveux.",https://www.maisondecocon.com/fr/products/bamboo-pillowcases-coco-white-400tc?variant_sku=8720648154201,https://cdn.shopify.com/s/files/1/0884/0278/8685/files/bamboo-pillowcases-coco-white-bench-lifestyle.jpg?v=1786130927,"https://cdn.shopify.com/s/files/1/0884/0278/8685/files/bamboo-pillowcases-coco-white-fabric-swirl.jpg?v=1786131025,https://cdn.shopify.com/s/files/1/0884/0278/8685/files/bamboo-pillowcases-coco-white-chair-styled.jpg?v=1786131038,https://cdn.shopify.com/s/files/1/0884/0278/8685/files/bamboo-pillowcases-coco-white-bed-wood-frame.jpg?v=1786131048,https://cdn.shopify.com/s/files/1/0884/0278/8685/files/bamboo-pillowcases-coco-white-pillows-detail.jpg?v=1786131057,https://cdn.shopify.com/s/files/1/0884/0278/8685/files/bamboo-pillowcases-coco-white-bed-wood-frame-02.jpg?v=1786131101,https://cdn.shopify.com/s/files/1/0884/0278/8685/files/bamboo-pillowcases-coco-white-packaging.jpg?v=1786131110",in_stock,99.00 EUR,Boomba Bamboo,new,8720648154201,8720648154201,bamboo-pillowcases-coco-white-400tc,Coco white,60x70 cm,100% Bamboo (Tanboocel™)
8720648154195,Taies d'oreiller en bambou Coco White 400TC – Lot de 2,"Apportez une touche de fraîcheur et de pureté à votre chambre à coucher grâce à ces taies d'oreiller en bambou 400TC au coloris intemporel « Coco White » : soyeuses, hypoallergéniques et douces pour la peau et les cheveux.",https://www.maisondecocon.com/fr/products/bamboo-pillowcases-coco-white-400tc?variant_sku=8720648154195,https://cdn.shopify.com/s/files/1/0884/0278/8685/files/bamboo-pillowcases-coco-white-bench-lifestyle.jpg?v=1786130927,"https://cdn.shopify.com/s/files/1/0884/0278/8685/files/bamboo-pillowcases-coco-white-fabric-swirl.jpg?v=1786131025,https://cdn.shopify.com/s/files/1/0884/0278/8685/files/bamboo-pillowcases-coco-white-chair-styled.jpg?v=1786131038,https://cdn.shopify.com/s/files/1/0884/0278/8685/files/bamboo-pillowcases-coco-white-bed-wood-frame.jpg?v=1786131048,https://cdn.shopify.com/s/files/1/0884/0278/8685/files/bamboo-pillowcases-coco-white-pillows-detail.jpg?v=1786131057,https://cdn.shopify.com/s/files/1/0884/0278/8685/files/bamboo-pillowcases-coco-white-bed-wood-frame-02.jpg?v=1786131101,https://cdn.shopify.com/s/files/1/0884/0278/8685/files/bamboo-pillowcases-coco-white-packaging.jpg?v=1786131110",in_stock,96.00 EUR,Boomba Bamboo,new,8720648154195,8720648154195,bamboo-pillowcases-coco-white-400tc,Coco white,50x75 cm,100% Bamboo (Tanboocel™)
8720648154188,Taies d'oreiller en bambou Coco White 400TC – Lot de 2,"Apportez une touche de fraîcheur et de pureté à votre chambre à coucher grâce à ces taies d'oreiller en bambou 400TC au coloris intemporel « Coco White » : soyeuses, hypoallergéniques et douces pour la peau et les cheveux.",https://www.maisondecocon.com/fr/products/bamboo-pillowcases-coco-white-400tc?variant_sku=8720648154188,https://cdn.shopify.com/s/files/1/0884/0278/8685/files/bamboo-pillowcases-coco-white-bench-lifestyle.jpg?v=1786130927,"https://cdn.shopify.com/s/files/1/0884/0278/8685/files/bamboo-pillowcases-coco-white-fabric-swirl.jpg?v=1786131025,https://cdn.shopify.com/s/files/1/0884/0278/8685/files/bamboo-pillowcases-coco-white-chair-styled.jpg?v=1786131038,https://cdn.shopify.com/s/files/1/0884/0278/8685/files/bamboo-pillowcases-coco-white-bed-wood-frame.jpg?v=1786131048,https://cdn.shopify.com/s/files/1/0884/0278/8685/files/bamboo-pillowcases-coco-white-pillows-detail.jpg?v=1786131057,https://cdn.shopify.com/s/files/1/0884/0278/8685/files/bamboo-pillowcases-coco-white-bed-wood-frame-02.jpg?v=1786131101,https://cdn.shopify.com/s/files/1/0884/0278/8685/files/bamboo-pillowcases-coco-white-packaging.jpg?v=1786131110",in_stock,93.00 EUR,Boomba Bamboo,new,8720648154188,8720648154188,bamboo-pillowcases-coco-white-400tc,Coco white,40x80 cm,100% Bamboo (Tanboocel™)
8720648154706,"Taies d'oreiller en bambou, Space Blue, 400TC – Lot de 2","Apportez à votre chambre une touche d'élégance et de modernité grâce à ces taies d'oreiller en bambou 400TC au tissu d'un bleu « Space Blue » intense : soyeuses, hypoallergéniques et douces pour la peau et les cheveux.",https://www.maisondecocon.com/fr/products/bamboo-pillowcases-space-blue-400tc?variant_sku=8720648154706,https://cdn.shopify.com/s/files/1/0884/0278/8685/files/bamboo-pillowcases-space-blue-bench-lifestyle.jpg?v=1786130759,"https://cdn.shopify.com/s/files/1/0884/0278/8685/files/bamboo-pillowcases-space-blue-fabric-swirl.jpg?v=1786130770,https://cdn.shopify.com/s/files/1/0884/0278/8685/files/bamboo-pillowcases-space-blue-chair-styled.jpg?v=1786130778,https://cdn.shopify.com/s/files/1/0884/0278/8685/files/bamboo-pillowcases-space-blue-bed-wood-frame.jpg?v=1786130786,https://cdn.shopify.com/s/files/1/0884/0278/8685/files/bamboo-pillowcases-space-blue-bedroom-nightstand.jpg?v=1786130796,https://cdn.shopify.com/s/files/1/0884/0278/8685/files/bamboo-pillowcases-space-blue-packaging.jpg?v=1786130827,https://cdn.shopify.com/s/files/1/0884/0278/8685/files/52359f79-1be2-47f1-8040-0881bbe19c67_1200x1200_fill.jpg?v=1786036532",in_stock,93.00 EUR,Boomba Bamboo,new,8720648154706,8720648154706,bamboo-pillowcases-space-blue-400tc,Space Blue,40x80 cm,100% Bamboo (Tanboocel™)
8720648154720,"Taies d'oreiller en bambou, Space Blue, 400TC – Lot de 2","Apportez à votre chambre une touche d'élégance et de modernité grâce à ces taies d'oreiller en bambou 400TC au tissu d'un bleu « Space Blue » intense : soyeuses, hypoallergéniques et douces pour la peau et les cheveux.",https://www.maisondecocon.com/fr/products/bamboo-pillowcases-space-blue-400tc?variant_sku=8720648154720,https://cdn.shopify.com/s/files/1/0884/0278/8685/files/bamboo-pillowcases-space-blue-bench-lifestyle.jpg?v=1786130759,"https://cdn.shopify.com/s/files/1/0884/0278/8685/files/bamboo-pillowcases-space-blue-fabric-swirl.jpg?v=1786130770,https://cdn.shopify.com/s/files/1/0884/0278/8685/files/bamboo-pillowcases-space-blue-chair-styled.jpg?v=1786130778,https://cdn.shopify.com/s/files/1/0884/0278/8685/files/bamboo-pillowcases-space-blue-bed-wood-frame.jpg?v=1786130786,https://cdn.shopify.com/s/files/1/0884/0278/8685/files/bamboo-pillowcases-space-blue-bedroom-nightstand.jpg?v=1786130796,https://cdn.shopify.com/s/files/1/0884/0278/8685/files/bamboo-pillowcases-space-blue-packaging.jpg?v=1786130827,https://cdn.shopify.com/s/files/1/0884/0278/8685/files/52359f79-1be2-47f1-8040-0881bbe19c67_1200x1200_fill.jpg?v=1786036532",in_stock,99.00 EUR,Boomba Bamboo,new,8720648154720,8720648154720,bamboo-pillowcases-space-blue-400tc,Space Blue,60x70 cm,100% Bamboo (Tanboocel™)
8720648154713,"Taies d'oreiller en bambou, Space Blue, 400TC – Lot de 2","Apportez à votre chambre une touche d'élégance et de modernité grâce à ces taies d'oreiller en bambou 400TC au tissu d'un bleu « Space Blue » intense : soyeuses, hypoallergéniques et douces pour la peau et les cheveux.",https://www.maisondecocon.com/fr/products/bamboo-pillowcases-space-blue-400tc?variant_sku=8720648154713,https://cdn.shopify.com/s/files/1/0884/0278/8685/files/bamboo-pillowcases-space-blue-bench-lifestyle.jpg?v=1786130759,"https://cdn.shopify.com/s/files/1/0884/0278/8685/files/bamboo-pillowcases-space-blue-fabric-swirl.jpg?v=1786130770,https://cdn.shopify.com/s/files/1/0884/0278/8685/files/bamboo-pillowcases-space-blue-chair-styled.jpg?v=1786130778,https://cdn.shopify.com/s/files/1/0884/0278/8685/files/bamboo-pillowcases-space-blue-bed-wood-frame.jpg?v=1786130786,https://cdn.shopify.com/s/files/1/0884/0278/8685/files/bamboo-pillowcases-space-blue-bedroom-nightstand.jpg?v=1786130796,https://cdn.shopify.com/s/files/1/0884/0278/8685/files/bamboo-pillowcases-space-blue-packaging.jpg?v=1786130827,https://cdn.shopify.com/s/files/1/0884/0278/8685/files/52359f79-1be2-47f1-8040-0881bbe19c67_1200x1200_fill.jpg?v=1786036532",in_stock,96.00 EUR,Boomba Bamboo,new,8720648154713,8720648154713,bamboo-pillowcases-space-blue-400tc,Space Blue,50x75 cm,100% Bamboo (Tanboocel™)
8720648154430,Drap-housse en bambou pour surmatelas Coco White 400TC,"Un drap-housse haut de gamme 100 % bambou, adapté aux surmatelas d'une épaisseur maximale de 10 cm, dans la teinte « Coco White » : un tissu Tanboocel™ 400TC au toucher soyeux, respirant et thermorégulateur, pour des nuits fraîches tout au long de l'année.",https://www.maisondecocon.com/fr/products/bamboo-fitted-sheet-for-mattress-topper-coco-white-400tc?variant_sku=8720648154430,https://cdn.shopify.com/s/files/1/0884/0278/8685/files/bamboo-fitted-sheet-mattress-topper-coco-white-corner-fit.jpg?v=1786182261,"https://cdn.shopify.com/s/files/1/0884/0278/8685/files/bamboo-fitted-sheet-mattress-topper-coco-white-seam-detail.jpg?v=1786182009,https://cdn.shopify.com/s/files/1/0884/0278/8685/files/bamboo-fitted-sheet-mattress-topper-coco-white-fabric-drape-1.jpg?v=1786182009,https://cdn.shopify.com/s/files/1/0884/0278/8685/files/bamboo-fitted-sheet-mattress-topper-coco-white-fabric-drape-2.jpg?v=1786182009,https://cdn.shopify.com/s/files/1/0884/0278/8685/files/bamboo-fitted-sheet-mattress-topper-coco-white-corner-loose.jpg?v=1786182009,https://cdn.shopify.com/s/files/1/0884/0278/8685/files/bamboo-fitted-sheet-mattress-topper-coco-white-packaging.jpg?v=1786182009",in_stock,162.00 EUR,Boomba Bamboo,new,8720648154430,8720648154430,bamboo-fitted-sheet-for-mattress-topper-coco-white-400tc,Coco white,200x220/210 cm,100% Bamboo (Tanboocel™)
8720648154409,Drap-housse en bambou pour surmatelas Coco White 400TC,"Un drap-housse haut de gamme 100 % bambou, adapté aux surmatelas d'une épaisseur maximale de 10 cm, dans la teinte « Coco White » : un tissu Tanboocel™ 400TC au toucher soyeux, respirant et thermorégulateur, pour des nuits fraîches tout au long de l'année.",https://www.maisondecocon.com/fr/products/bamboo-fitted-sheet-for-mattress-topper-coco-white-400tc?variant_sku=8720648154409,https://cdn.shopify.com/s/files/1/0884/0278/8685/files/bamboo-fitted-sheet-mattress-topper-coco-white-corner-fit.jpg?v=1786182261,"https://cdn.shopify.com/s/files/1/0884/0278/8685/files/bamboo-fitted-sheet-mattress-topper-coco-white-seam-detail.jpg?v=1786182009,https://cdn.shopify.com/s/files/1/0884/0278/8685/files/bamboo-fitted-sheet-mattress-topper-coco-white-fabric-drape-1.jpg?v=1786182009,https://cdn.shopify.com/s/files/1/0884/0278/8685/files/bamboo-fitted-sheet-mattress-topper-coco-white-fabric-drape-2.jpg?v=1786182009,https://cdn.shopify.com/s/files/1/0884/0278/8685/files/bamboo-fitted-sheet-mattress-topper-coco-white-corner-loose.jpg?v=1786182009,https://cdn.shopify.com/s/files/1/0884/0278/8685/files/bamboo-fitted-sheet-mattress-topper-coco-white-packaging.jpg?v=1786182009",in_stock,144.00 EUR,Boomba Bamboo,new,8720648154409,8720648154409,bamboo-fitted-sheet-for-mattress-topper-coco-white-400tc,Coco white,180x220/210 cm,100% Bamboo (Tanboocel™)
8720648154362,Drap-housse en bambou pour surmatelas Coco White 400TC,"Un drap-housse haut de gamme 100 % bambou, adapté aux surmatelas d'une épaisseur maximale de 10 cm, dans la teinte « Coco White » : un tissu Tanboocel™ 400TC au toucher soyeux, respirant et thermorégulateur, pour des nuits fraîches tout au long de l'année.",https://www.maisondecocon.com/fr/products/bamboo-fitted-sheet-for-mattress-topper-coco-white-400tc?variant_sku=8720648154362,https://cdn.shopify.com/s/files/1/0884/0278/8685/files/bamboo-fitted-sheet-mattress-topper-coco-white-corner-fit.jpg?v=1786182261,"https://cdn.shopify.com/s/files/1/0884/0278/8685/files/bamboo-fitted-sheet-mattress-topper-coco-white-seam-detail.jpg?v=1786182009,https://cdn.shopify.com/s/files/1/0884/0278/8685/files/bamboo-fitted-sheet-mattress-topper-coco-white-fabric-drape-1.jpg?v=1786182009,https://cdn.shopify.com/s/files/1/0884/0278/8685/files/bamboo-fitted-sheet-mattress-topper-coco-white-fabric-drape-2.jpg?v=1786182009,https://cdn.shopify.com/s/files/1/0884/0278/8685/files/bamboo-fitted-sheet-mattress-topper-coco-white-corner-loose.jpg?v=1786182009,https://cdn.shopify.com/s/files/1/0884/0278/8685/files/bamboo-fitted-sheet-mattress-topper-coco-white-packaging.jpg?v=1786182009",out_of_stock,120.00 EUR,Boomba Bamboo,new,8720648154362,8720648154362,bamboo-fitted-sheet-for-mattress-topper-coco-white-400tc,Coco white,140x200 cm,100% Bamboo (Tanboocel™)
8720648154379,Drap-housse en bambou pour surmatelas Coco White 400TC,"Un drap-housse haut de gamme 100 % bambou, adapté aux surmatelas d'une épaisseur maximale de 10 cm, dans la teinte « Coco White » : un tissu Tanboocel™ 400TC au toucher soyeux, respirant et thermorégulateur, pour des nuits fraîches tout au long de l'année.",https://www.maisondecocon.com/fr/products/bamboo-fitted-sheet-for-mattress-topper-coco-white-400tc?variant_sku=8720648154379,https://cdn.shopify.com/s/files/1/0884/0278/8685/files/bamboo-fitted-sheet-mattress-topper-coco-white-corner-fit.jpg?v=1786182261,"https://cdn.shopify.com/s/files/1/0884/0278/8685/files/bamboo-fitted-sheet-mattress-topper-coco-white-seam-detail.jpg?v=1786182009,https://cdn.shopify.com/s/files/1/0884/0278/8685/files/bamboo-fitted-sheet-mattress-topper-coco-white-fabric-drape-1.jpg?v=1786182009,https://cdn.shopify.com/s/files/1/0884/0278/8685/files/bamboo-fitted-sheet-mattress-topper-coco-white-fabric-drape-2.jpg?v=1786182009,https://cdn.shopify.com/s/files/1/0884/0278/8685/files/bamboo-fitted-sheet-mattress-topper-coco-white-corner-loose.jpg?v=1786182009,https://cdn.shopify.com/s/files/1/0884/0278/8685/files/bamboo-fitted-sheet-mattress-topper-coco-white-packaging.jpg?v=1786182009",in_stock,126.00 EUR,Boomba Bamboo,new,8720648154379,8720648154379,bamboo-fitted-sheet-for-mattress-topper-coco-white-400tc,Coco white,160x200 cm,100% Bamboo (Tanboocel™)
8720648154393,Drap-housse en bambou pour surmatelas Coco White 400TC,"Un drap-housse haut de gamme 100 % bambou, adapté aux surmatelas d'une épaisseur maximale de 10 cm, dans la teinte « Coco White » : un tissu Tanboocel™ 400TC au toucher soyeux, respirant et thermorégulateur, pour des nuits fraîches tout au long de l'année.",https://www.maisondecocon.com/fr/products/bamboo-fitted-sheet-for-mattress-topper-coco-white-400tc?variant_sku=8720648154393,https://cdn.shopify.com/s/files/1/0884/0278/8685/files/bamboo-fitted-sheet-mattress-topper-coco-white-corner-fit.jpg?v=1786182261,"https://cdn.shopify.com/s/files/1/0884/0278/8685/files/bamboo-fitted-sheet-mattress-topper-coco-white-seam-detail.jpg?v=1786182009,https://cdn.shopify.com/s/files/1/0884/0278/8685/files/bamboo-fitted-sheet-mattress-topper-coco-white-fabric-drape-1.jpg?v=1786182009,https://cdn.shopify.com/s/files/1/0884/0278/8685/files/bamboo-fitted-sheet-mattress-topper-coco-white-fabric-drape-2.jpg?v=1786182009,https://cdn.shopify.com/s/files/1/0884/0278/8685/files/bamboo-fitted-sheet-mattress-topper-coco-white-corner-loose.jpg?v=1786182009,https://cdn.shopify.com/s/files/1/0884/0278/8685/files/bamboo-fitted-sheet-mattress-topper-coco-white-packaging.jpg?v=1786182009",in_stock,138.00 EUR,Boomba Bamboo,new,8720648154393,8720648154393,bamboo-fitted-sheet-for-mattress-topper-coco-white-400tc,Coco white,180x210 cm,100% Bamboo (Tanboocel™)
8720648154386,Drap-housse en bambou pour surmatelas Coco White 400TC,"Un drap-housse haut de gamme 100 % bambou, adapté aux surmatelas d'une épaisseur maximale de 10 cm, dans la teinte « Coco White » : un tissu Tanboocel™ 400TC au toucher soyeux, respirant et thermorégulateur, pour des nuits fraîches tout au long de l'année.",https://www.maisondecocon.com/fr/products/bamboo-fitted-sheet-for-mattress-topper-coco-white-400tc?variant_sku=8720648154386,https://cdn.shopify.com/s/files/1/0884/0278/8685/files/bamboo-fitted-sheet-mattress-topper-coco-white-corner-fit.jpg?v=1786182261,"https://cdn.shopify.com/s/files/1/0884/0278/8685/files/bamboo-fitted-sheet-mattress-topper-coco-white-seam-detail.jpg?v=1786182009,https://cdn.shopify.com/s/files/1/0884/0278/8685/files/bamboo-fitted-sheet-mattress-topper-coco-white-fabric-drape-1.jpg?v=1786182009,https://cdn.shopify.com/s/files/1/0884/0278/8685/files/bamboo-fitted-sheet-mattress-topper-coco-white-fabric-drape-2.jpg?v=1786182009,https://cdn.shopify.com/s/files/1/0884/0278/8685/files/bamboo-fitted-sheet-mattress-topper-coco-white-corner-loose.jpg?v=1786182009,https://cdn.shopify.com/s/files/1/0884/0278/8685/files/bamboo-fitted-sheet-mattress-topper-coco-white-packaging.jpg?v=1786182009",out_of_stock,132.00 EUR,Boomba Bamboo,new,8720648154386,8720648154386,bamboo-fitted-sheet-for-mattress-topper-coco-white-400tc,Coco white,180x200 cm,100% Bamboo (Tanboocel™)
8720648154416,Drap-housse en bambou pour surmatelas Coco White 400TC,"Un drap-housse haut de gamme 100 % bambou, adapté aux surmatelas d'une épaisseur maximale de 10 cm, dans la teinte « Coco White » : un tissu Tanboocel™ 400TC au toucher soyeux, respirant et thermorégulateur, pour des nuits fraîches tout au long de l'année.",https://www.maisondecocon.com/fr/products/bamboo-fitted-sheet-for-mattress-topper-coco-white-400tc?variant_sku=8720648154416,https://cdn.shopify.com/s/files/1/0884/0278/8685/files/bamboo-fitted-sheet-mattress-topper-coco-white-corner-fit.jpg?v=1786182261,"https://cdn.shopify.com/s/files/1/0884/0278/8685/files/bamboo-fitted-sheet-mattress-topper-coco-white-seam-detail.jpg?v=1786182009,https://cdn.shopify.com/s/files/1/0884/0278/8685/files/bamboo-fitted-sheet-mattress-topper-coco-white-fabric-drape-1.jpg?v=1786182009,https://cdn.shopify.com/s/files/1/0884/0278/8685/files/bamboo-fitted-sheet-mattress-topper-coco-white-fabric-drape-2.jpg?v=1786182009,https://cdn.shopify.com/s/files/1/0884/0278/8685/files/bamboo-fitted-sheet-mattress-topper-coco-white-corner-loose.jpg?v=1786182009,https://cdn.shopify.com/s/files/1/0884/0278/8685/files/bamboo-fitted-sheet-mattress-topper-coco-white-packaging.jpg?v=1786182009",in_stock,150.00 EUR,Boomba Bamboo,new,8720648154416,8720648154416,bamboo-fitted-sheet-for-mattress-topper-coco-white-400tc,Coco white,200x200 cm,100% Bamboo (Tanboocel™)
8720648154423,Drap-housse en bambou pour surmatelas Coco White 400TC,"Un drap-housse haut de gamme 100 % bambou, adapté aux surmatelas d'une épaisseur maximale de 10 cm, dans la teinte « Coco White » : un tissu Tanboocel™ 400TC au toucher soyeux, respirant et thermorégulateur, pour des nuits fraîches tout au long de l'année.",https://www.maisondecocon.com/fr/products/bamboo-fitted-sheet-for-mattress-topper-coco-white-400tc?variant_sku=8720648154423,https://cdn.shopify.com/s/files/1/0884/0278/8685/files/bamboo-fitted-sheet-mattress-topper-coco-white-corner-fit.jpg?v=1786182261,"https://cdn.shopify.com/s/files/1/0884/0278/8685/files/bamboo-fitted-sheet-mattress-topper-coco-white-seam-detail.jpg?v=1786182009,https://cdn.shopify.com/s/files/1/0884/0278/8685/files/bamboo-fitted-sheet-mattress-topper-coco-white-fabric-drape-1.jpg?v=1786182009,https://cdn.shopify.com/s/files/1/0884/0278/8685/files/bamboo-fitted-sheet-mattress-topper-coco-white-fabric-drape-2.jpg?v=1786182009,https://cdn.shopify.com/s/files/1/0884/0278/8685/files/bamboo-fitted-sheet-mattress-topper-coco-white-corner-loose.jpg?v=1786182009,https://cdn.shopify.com/s/files/1/0884/0278/8685/files/bamboo-fitted-sheet-mattress-topper-coco-white-packaging.jpg?v=1786182009",in_stock,156.00 EUR,Boomba Bamboo,new,8720648154423,8720648154423,bamboo-fitted-sheet-for-mattress-topper-coco-white-400tc,Coco white,200x210 cm,100% Bamboo (Tanboocel™)
8720648154348,Drap-housse en bambou « Coco White » 400TC,"Un drap-housse en bambou d'une douceur soyeuse, 400TC, dans la teinte éclatante « Coco White » — respirant, hypoallergénique et frais au contact de la peau, doté d'un élastique qui s'ajuste parfaitement aux matelas d'une épaisseur maximale de 30 cm.",https://www.maisondecocon.com/fr/products/bamboo-fitted-sheet-coco-white-400tc?variant_sku=8720648154348,https://cdn.shopify.com/s/files/1/0884/0278/8685/files/bamboo-fitted-sheet-coco-white-seam-detail.jpg?v=1786183250,"https://cdn.shopify.com/s/files/1/0884/0278/8685/files/bamboo-fitted-sheet-coco-white-bedroom-lifestyle.jpg?v=1786183250,https://cdn.shopify.com/s/files/1/0884/0278/8685/files/bamboo-fitted-sheet-coco-white-corner-loose.jpg?v=1786183250,https://cdn.shopify.com/s/files/1/0884/0278/8685/files/bamboo-fitted-sheet-coco-white-fabric-drape.jpg?v=1786183250,https://cdn.shopify.com/s/files/1/0884/0278/8685/files/bamboo-fitted-sheet-coco-white-bedroom-front.jpg?v=1786183250,https://cdn.shopify.com/s/files/1/0884/0278/8685/files/bamboo-fitted-sheet-coco-white-bedroom-detail.jpg?v=1786183250,https://cdn.shopify.com/s/files/1/0884/0278/8685/files/bamboo-fitted-sheet-coco-white-bedroom-full.jpg?v=1786183250,https://cdn.shopify.com/s/files/1/0884/0278/8685/files/bamboo-fitted-sheet-coco-white-bedroom-angle.jpg?v=1786183250,https://cdn.shopify.com/s/files/1/0884/0278/8685/files/bamboo-fitted-sheet-coco-white-packaging.jpg?v=1786183250",in_stock,162.00 EUR,Boomba Bamboo,new,8720648154348,8720648154348,bamboo-fitted-sheet-coco-white-400tc,Coco white,180x220/210 cm,100% Bamboo (Tanboocel™)
8720648154270,Drap-housse en bambou « Coco White » 400TC,"Un drap-housse en bambou d'une douceur soyeuse, 400TC, dans la teinte éclatante « Coco White » — respirant, hypoallergénique et frais au contact de la peau, doté d'un élastique qui s'ajuste parfaitement aux matelas d'une épaisseur maximale de 30 cm.",https://www.maisondecocon.com/fr/products/bamboo-fitted-sheet-coco-white-400tc?variant_sku=8720648154270,https://cdn.shopify.com/s/files/1/0884/0278/8685/files/bamboo-fitted-sheet-coco-white-seam-detail.jpg?v=1786183250,"https://cdn.shopify.com/s/files/1/0884/0278/8685/files/bamboo-fitted-sheet-coco-white-bedroom-lifestyle.jpg?v=1786183250,https://cdn.shopify.com/s/files/1/0884/0278/8685/files/bamboo-fitted-sheet-coco-white-corner-loose.jpg?v=1786183250,https://cdn.shopify.com/s/files/1/0884/0278/8685/files/bamboo-fitted-sheet-coco-white-fabric-drape.jpg?v=1786183250,https://cdn.shopify.com/s/files/1/0884/0278/8685/files/bamboo-fitted-sheet-coco-white-bedroom-front.jpg?v=1786183250,https://cdn.shopify.com/s/files/1/0884/0278/8685/files/bamboo-fitted-sheet-coco-white-bedroom-detail.jpg?v=1786183250,https://cdn.shopify.com/s/files/1/0884/0278/8685/files/bamboo-fitted-sheet-coco-white-bedroom-full.jpg?v=1786183250,https://cdn.shopify.com/s/files/1/0884/0278/8685/files/bamboo-fitted-sheet-coco-white-bedroom-angle.jpg?v=1786183250,https://cdn.shopify.com/s/files/1/0884/0278/8685/files/bamboo-fitted-sheet-coco-white-packaging.jpg?v=1786183250",in_stock,144.00 EUR,Boomba Bamboo,new,8720648154270,8720648154270,bamboo-fitted-sheet-coco-white-400tc,Coco white,140x200 cm,100% Bamboo (Tanboocel™)
8720828225707,Drap-housse en bambou « Coco White » 400TC,"Un drap-housse en bambou d'une douceur soyeuse, 400TC, dans la teinte éclatante « Coco White » — respirant, hypoallergénique et frais au contact de la peau, doté d'un élastique qui s'ajuste parfaitement aux matelas d'une épaisseur maximale de 30 cm.",https://www.maisondecocon.com/fr/products/bamboo-fitted-sheet-coco-white-400tc?variant_sku=8720828225707,https://cdn.shopify.com/s/files/1/0884/0278/8685/files/bamboo-fitted-sheet-coco-white-seam-detail.jpg?v=1786183250,"https://cdn.shopify.com/s/files/1/0884/0278/8685/files/bamboo-fitted-sheet-coco-white-bedroom-lifestyle.jpg?v=1786183250,https://cdn.shopify.com/s/files/1/0884/0278/8685/files/bamboo-fitted-sheet-coco-white-corner-loose.jpg?v=1786183250,https://cdn.shopify.com/s/files/1/0884/0278/8685/files/bamboo-fitted-sheet-coco-white-fabric-drape.jpg?v=1786183250,https://cdn.shopify.com/s/files/1/0884/0278/8685/files/bamboo-fitted-sheet-coco-white-bedroom-front.jpg?v=1786183250,https://cdn.shopify.com/s/files/1/0884/0278/8685/files/bamboo-fitted-sheet-coco-white-bedroom-detail.jpg?v=1786183250,https://cdn.shopify.com/s/files/1/0884/0278/8685/files/bamboo-fitted-sheet-coco-white-bedroom-full.jpg?v=1786183250,https://cdn.shopify.com/s/files/1/0884/0278/8685/files/bamboo-fitted-sheet-coco-white-bedroom-angle.jpg?v=1786183250,https://cdn.shopify.com/s/files/1/0884/0278/8685/files/bamboo-fitted-sheet-coco-white-packaging.jpg?v=1786183250",in_stock,126.00 EUR,Boomba Bamboo,new,8720828225707,8720828225707,bamboo-fitted-sheet-coco-white-400tc,Coco white,80x220/210 cm,100% Bamboo (Tanboocel™)
8720828225936,Drap-housse en bambou « Coco White » 400TC,"Un drap-housse en bambou d'une douceur soyeuse, 400TC, dans la teinte éclatante « Coco White » — respirant, hypoallergénique et frais au contact de la peau, doté d'un élastique qui s'ajuste parfaitement aux matelas d'une épaisseur maximale de 30 cm.",https://www.maisondecocon.com/fr/products/bamboo-fitted-sheet-coco-white-400tc?variant_sku=8720828225936,https://cdn.shopify.com/s/files/1/0884/0278/8685/files/bamboo-fitted-sheet-coco-white-seam-detail.jpg?v=1786183250,"https://cdn.shopify.com/s/files/1/0884/0278/8685/files/bamboo-fitted-sheet-coco-white-bedroom-lifestyle.jpg?v=1786183250,https://cdn.shopify.com/s/files/1/0884/0278/8685/files/bamboo-fitted-sheet-coco-white-corner-loose.jpg?v=1786183250,https://cdn.shopify.com/s/files/1/0884/0278/8685/files/bamboo-fitted-sheet-coco-white-fabric-drape.jpg?v=1786183250,https://cdn.shopify.com/s/files/1/0884/0278/8685/files/bamboo-fitted-sheet-coco-white-bedroom-front.jpg?v=1786183250,https://cdn.shopify.com/s/files/1/0884/0278/8685/files/bamboo-fitted-sheet-coco-white-bedroom-detail.jpg?v=1786183250,https://cdn.shopify.com/s/files/1/0884/0278/8685/files/bamboo-fitted-sheet-coco-white-bedroom-full.jpg?v=1786183250,https://cdn.shopify.com/s/files/1/0884/0278/8685/files/bamboo-fitted-sheet-coco-white-bedroom-angle.jpg?v=1786183250,https://cdn.shopify.com/s/files/1/0884/0278/8685/files/bamboo-fitted-sheet-coco-white-packaging.jpg?v=1786183250",in_stock,141.00 EUR,Boomba Bamboo,new,8720828225936,8720828225936,bamboo-fitted-sheet-coco-white-400tc,Coco white,100x220/210 cm,100% Bamboo (Tanboocel™)
8720618860576,Drap-housse en bambou « Coco White » 400TC,"Un drap-housse en bambou d'une douceur soyeuse, 400TC, dans la teinte éclatante « Coco White » — respirant, hypoallergénique et frais au contact de la peau, doté d'un élastique qui s'ajuste parfaitement aux matelas d'une épaisseur maximale de 30 cm.",https://www.maisondecocon.com/fr/products/bamboo-fitted-sheet-coco-white-400tc?variant_sku=8720618860576,https://cdn.shopify.com/s/files/1/0884/0278/8685/files/bamboo-fitted-sheet-coco-white-seam-detail.jpg?v=1786183250,"https://cdn.shopify.com/s/files/1/0884/0278/8685/files/bamboo-fitted-sheet-coco-white-bedroom-lifestyle.jpg?v=1786183250,https://cdn.shopify.com/s/files/1/0884/0278/8685/files/bamboo-fitted-sheet-coco-white-corner-loose.jpg?v=1786183250,https://cdn.shopify.com/s/files/1/0884/0278/8685/files/bamboo-fitted-sheet-coco-white-fabric-drape.jpg?v=1786183250,https://cdn.shopify.com/s/files/1/0884/0278/8685/files/bamboo-fitted-sheet-coco-white-bedroom-front.jpg?v=1786183250,https://cdn.shopify.com/s/files/1/0884/0278/8685/files/bamboo-fitted-sheet-coco-white-bedroom-detail.jpg?v=1786183250,https://cdn.shopify.com/s/files/1/0884/0278/8685/files/bamboo-fitted-sheet-coco-white-bedroom-full.jpg?v=1786183250,https://cdn.shopify.com/s/files/1/0884/0278/8685/files/bamboo-fitted-sheet-coco-white-bedroom-angle.jpg?v=1786183250,https://cdn.shopify.com/s/files/1/0884/0278/8685/files/bamboo-fitted-sheet-coco-white-packaging.jpg?v=1786183250",in_stock,132.00 EUR,Boomba Bamboo,new,8720618860576,8720618860576,bamboo-fitted-sheet-coco-white-400tc,Coco white,90x210 cm,100% Bamboo (Tanboocel™)
8720648154294,Drap-housse en bambou « Coco White » 400TC,"Un drap-housse en bambou d'une douceur soyeuse, 400TC, dans la teinte éclatante « Coco White » — respirant, hypoallergénique et frais au contact de la peau, doté d'un élastique qui s'ajuste parfaitement aux matelas d'une épaisseur maximale de 30 cm.",https://www.maisondecocon.com/fr/products/bamboo-fitted-sheet-coco-white-400tc?variant_sku=8720648154294,https://cdn.shopify.com/s/files/1/0884/0278/8685/files/bamboo-fitted-sheet-coco-white-seam-detail.jpg?v=1786183250,"https://cdn.shopify.com/s/files/1/0884/0278/8685/files/bamboo-fitted-sheet-coco-white-bedroom-lifestyle.jpg?v=1786183250,https://cdn.shopify.com/s/files/1/0884/0278/8685/files/bamboo-fitted-sheet-coco-white-corner-loose.jpg?v=1786183250,https://cdn.shopify.com/s/files/1/0884/0278/8685/files/bamboo-fitted-sheet-coco-white-fabric-drape.jpg?v=1786183250,https://cdn.shopify.com/s/files/1/0884/0278/8685/files/bamboo-fitted-sheet-coco-white-bedroom-front.jpg?v=1786183250,https://cdn.shopify.com/s/files/1/0884/0278/8685/files/bamboo-fitted-sheet-coco-white-bedroom-detail.jpg?v=1786183250,https://cdn.shopify.com/s/files/1/0884/0278/8685/files/bamboo-fitted-sheet-coco-white-bedroom-full.jpg?v=1786183250,https://cdn.shopify.com/s/files/1/0884/0278/8685/files/bamboo-fitted-sheet-coco-white-bedroom-angle.jpg?v=1786183250,https://cdn.shopify.com/s/files/1/0884/0278/8685/files/bamboo-fitted-sheet-coco-white-packaging.jpg?v=1786183250",out_of_stock,156.00 EUR,Boomba Bamboo,new,8720648154294,8720648154294,bamboo-fitted-sheet-coco-white-400tc,Coco white,180x200 cm,100% Bamboo (Tanboocel™)
8720828225929,Drap-housse en bambou « Coco White » 400TC,"Un drap-housse en bambou d'une douceur soyeuse, 400TC, dans la teinte éclatante « Coco White » — respirant, hypoallergénique et frais au contact de la peau, doté d'un élastique qui s'ajuste parfaitement aux matelas d'une épaisseur maximale de 30 cm.",https://www.maisondecocon.com/fr/products/bamboo-fitted-sheet-coco-white-400tc?variant_sku=8720828225929,https://cdn.shopify.com/s/files/1/0884/0278/8685/files/bamboo-fitted-sheet-coco-white-seam-detail.jpg?v=1786183250,"https://cdn.shopify.com/s/files/1/0884/0278/8685/files/bamboo-fitted-sheet-coco-white-bedroom-lifestyle.jpg?v=1786183250,https://cdn.shopify.com/s/files/1/0884/0278/8685/files/bamboo-fitted-sheet-coco-white-corner-loose.jpg?v=1786183250,https://cdn.shopify.com/s/files/1/0884/0278/8685/files/bamboo-fitted-sheet-coco-white-fabric-drape.jpg?v=1786183250,https://cdn.shopify.com/s/files/1/0884/0278/8685/files/bamboo-fitted-sheet-coco-white-bedroom-front.jpg?v=1786183250,https://cdn.shopify.com/s/files/1/0884/0278/8685/files/bamboo-fitted-sheet-coco-white-bedroom-detail.jpg?v=1786183250,https://cdn.shopify.com/s/files/1/0884/0278/8685/files/bamboo-fitted-sheet-coco-white-bedroom-full.jpg?v=1786183250,https://cdn.shopify.com/s/files/1/0884/0278/8685/files/bamboo-fitted-sheet-coco-white-bedroom-angle.jpg?v=1786183250,https://cdn.shopify.com/s/files/1/0884/0278/8685/files/bamboo-fitted-sheet-coco-white-packaging.jpg?v=1786183250",in_stock,138.00 EUR,Boomba Bamboo,new,8720828225929,8720828225929,bamboo-fitted-sheet-coco-white-400tc,Coco white,100x200,100% Bamboo (Tanboocel™)
8720648154331,Drap-housse en bambou « Coco White » 400TC,"Un drap-housse en bambou d'une douceur soyeuse, 400TC, dans la teinte éclatante « Coco White » — respirant, hypoallergénique et frais au contact de la peau, doté d'un élastique qui s'ajuste parfaitement aux matelas d'une épaisseur maximale de 30 cm.",https://www.maisondecocon.com/fr/products/bamboo-fitted-sheet-coco-white-400tc?variant_sku=8720648154331,https://cdn.shopify.com/s/files/1/0884/0278/8685/files/bamboo-fitted-sheet-coco-white-seam-detail.jpg?v=1786183250,"https://cdn.shopify.com/s/files/1/0884/0278/8685/files/bamboo-fitted-sheet-coco-white-bedroom-lifestyle.jpg?v=1786183250,https://cdn.shopify.com/s/files/1/0884/0278/8685/files/bamboo-fitted-sheet-coco-white-corner-loose.jpg?v=1786183250,https://cdn.shopify.com/s/files/1/0884/0278/8685/files/bamboo-fitted-sheet-coco-white-fabric-drape.jpg?v=1786183250,https://cdn.shopify.com/s/files/1/0884/0278/8685/files/bamboo-fitted-sheet-coco-white-bedroom-front.jpg?v=1786183250,https://cdn.shopify.com/s/files/1/0884/0278/8685/files/bamboo-fitted-sheet-coco-white-bedroom-detail.jpg?v=1786183250,https://cdn.shopify.com/s/files/1/0884/0278/8685/files/bamboo-fitted-sheet-coco-white-bedroom-full.jpg?v=1786183250,https://cdn.shopify.com/s/files/1/0884/0278/8685/files/bamboo-fitted-sheet-coco-white-bedroom-angle.jpg?v=1786183250,https://cdn.shopify.com/s/files/1/0884/0278/8685/files/bamboo-fitted-sheet-coco-white-packaging.jpg?v=1786183250",in_stock,180.00 EUR,Boomba Bamboo,new,8720648154331,8720648154331,bamboo-fitted-sheet-coco-white-400tc,Coco white,200x220/210 cm,100% Bamboo (Tanboocel™)
8720828225493,Drap-housse en bambou « Coco White » 400TC,"Un drap-housse en bambou d'une douceur soyeuse, 400TC, dans la teinte éclatante « Coco White » — respirant, hypoallergénique et frais au contact de la peau, doté d'un élastique qui s'ajuste parfaitement aux matelas d'une épaisseur maximale de 30 cm.",https://www.maisondecocon.com/fr/products/bamboo-fitted-sheet-coco-white-400tc?variant_sku=8720828225493,https://cdn.shopify.com/s/files/1/0884/0278/8685/files/bamboo-fitted-sheet-coco-white-seam-detail.jpg?v=1786183250,"https://cdn.shopify.com/s/files/1/0884/0278/8685/files/bamboo-fitted-sheet-coco-white-bedroom-lifestyle.jpg?v=1786183250,https://cdn.shopify.com/s/files/1/0884/0278/8685/files/bamboo-fitted-sheet-coco-white-corner-loose.jpg?v=1786183250,https://cdn.shopify.com/s/files/1/0884/0278/8685/files/bamboo-fitted-sheet-coco-white-fabric-drape.jpg?v=1786183250,https://cdn.shopify.com/s/files/1/0884/0278/8685/files/bamboo-fitted-sheet-coco-white-bedroom-front.jpg?v=1786183250,https://cdn.shopify.com/s/files/1/0884/0278/8685/files/bamboo-fitted-sheet-coco-white-bedroom-detail.jpg?v=1786183250,https://cdn.shopify.com/s/files/1/0884/0278/8685/files/bamboo-fitted-sheet-coco-white-bedroom-full.jpg?v=1786183250,https://cdn.shopify.com/s/files/1/0884/0278/8685/files/bamboo-fitted-sheet-coco-white-bedroom-angle.jpg?v=1786183250,https://cdn.shopify.com/s/files/1/0884/0278/8685/files/bamboo-fitted-sheet-coco-white-packaging.jpg?v=1786183250",in_stock,123.00 EUR,Boomba Bamboo,new,8720828225493,8720828225493,bamboo-fitted-sheet-coco-white-400tc,Coco white,80x210 cm,100% Bamboo (Tanboocel™)
8720648154256,Drap-housse en bambou « Coco White » 400TC,"Un drap-housse en bambou d'une douceur soyeuse, 400TC, dans la teinte éclatante « Coco White » — respirant, hypoallergénique et frais au contact de la peau, doté d'un élastique qui s'ajuste parfaitement aux matelas d'une épaisseur maximale de 30 cm.",https://www.maisondecocon.com/fr/products/bamboo-fitted-sheet-coco-white-400tc?variant_sku=8720648154256,https://cdn.shopify.com/s/files/1/0884/0278/8685/files/bamboo-fitted-sheet-coco-white-seam-detail.jpg?v=1786183250,"https://cdn.shopify.com/s/files/1/0884/0278/8685/files/bamboo-fitted-sheet-coco-white-bedroom-lifestyle.jpg?v=1786183250,https://cdn.shopify.com/s/files/1/0884/0278/8685/files/bamboo-fitted-sheet-coco-white-corner-loose.jpg?v=1786183250,https://cdn.shopify.com/s/files/1/0884/0278/8685/files/bamboo-fitted-sheet-coco-white-fabric-drape.jpg?v=1786183250,https://cdn.shopify.com/s/files/1/0884/0278/8685/files/bamboo-fitted-sheet-coco-white-bedroom-front.jpg?v=1786183250,https://cdn.shopify.com/s/files/1/0884/0278/8685/files/bamboo-fitted-sheet-coco-white-bedroom-detail.jpg?v=1786183250,https://cdn.shopify.com/s/files/1/0884/0278/8685/files/bamboo-fitted-sheet-coco-white-bedroom-full.jpg?v=1786183250,https://cdn.shopify.com/s/files/1/0884/0278/8685/files/bamboo-fitted-sheet-coco-white-bedroom-angle.jpg?v=1786183250,https://cdn.shopify.com/s/files/1/0884/0278/8685/files/bamboo-fitted-sheet-coco-white-packaging.jpg?v=1786183250",out_of_stock,120.00 EUR,Boomba Bamboo,new,8720648154256,8720648154256,bamboo-fitted-sheet-coco-white-400tc,Coco white,80x200 cm,100% Bamboo (Tanboocel™)
8720648154287,Drap-housse en bambou « Coco White » 400TC,"Un drap-housse en bambou d'une douceur soyeuse, 400TC, dans la teinte éclatante « Coco White » — respirant, hypoallergénique et frais au contact de la peau, doté d'un élastique qui s'ajuste parfaitement aux matelas d'une épaisseur maximale de 30 cm.",https://www.maisondecocon.com/fr/products/bamboo-fitted-sheet-coco-white-400tc?variant_sku=8720648154287,https://cdn.shopify.com/s/files/1/0884/0278/8685/files/bamboo-fitted-sheet-coco-white-seam-detail.jpg?v=1786183250,"https://cdn.shopify.com/s/files/1/0884/0278/8685/files/bamboo-fitted-sheet-coco-white-bedroom-lifestyle.jpg?v=1786183250,https://cdn.shopify.com/s/files/1/0884/0278/8685/files/bamboo-fitted-sheet-coco-white-corner-loose.jpg?v=1786183250,https://cdn.shopify.com/s/files/1/0884/0278/8685/files/bamboo-fitted-sheet-coco-white-fabric-drape.jpg?v=1786183250,https://cdn.shopify.com/s/files/1/0884/0278/8685/files/bamboo-fitted-sheet-coco-white-bedroom-front.jpg?v=1786183250,https://cdn.shopify.com/s/files/1/0884/0278/8685/files/bamboo-fitted-sheet-coco-white-bedroom-detail.jpg?v=1786183250,https://cdn.shopify.com/s/files/1/0884/0278/8685/files/bamboo-fitted-sheet-coco-white-bedroom-full.jpg?v=1786183250,https://cdn.shopify.com/s/files/1/0884/0278/8685/files/bamboo-fitted-sheet-coco-white-bedroom-angle.jpg?v=1786183250,https://cdn.shopify.com/s/files/1/0884/0278/8685/files/bamboo-fitted-sheet-coco-white-packaging.jpg?v=1786183250",in_stock,147.00 EUR,Boomba Bamboo,new,8720648154287,8720648154287,bamboo-fitted-sheet-coco-white-400tc,Coco white,160x200 cm,100% Bamboo (Tanboocel™)
8720648154263,Drap-housse en bambou « Coco White » 400TC,"Un drap-housse en bambou d'une douceur soyeuse, 400TC, dans la teinte éclatante « Coco White » — respirant, hypoallergénique et frais au contact de la peau, doté d'un élastique qui s'ajuste parfaitement aux matelas d'une épaisseur maximale de 30 cm.",https://www.maisondecocon.com/fr/products/bamboo-fitted-sheet-coco-white-400tc?variant_sku=8720648154263,https://cdn.shopify.com/s/files/1/0884/0278/8685/files/bamboo-fitted-sheet-coco-white-seam-detail.jpg?v=1786183250,"https://cdn.shopify.com/s/files/1/0884/0278/8685/files/bamboo-fitted-sheet-coco-white-bedroom-lifestyle.jpg?v=1786183250,https://cdn.shopify.com/s/files/1/0884/0278/8685/files/bamboo-fitted-sheet-coco-white-corner-loose.jpg?v=1786183250,https://cdn.shopify.com/s/files/1/0884/0278/8685/files/bamboo-fitted-sheet-coco-white-fabric-drape.jpg?v=1786183250,https://cdn.shopify.com/s/files/1/0884/0278/8685/files/bamboo-fitted-sheet-coco-white-bedroom-front.jpg?v=1786183250,https://cdn.shopify.com/s/files/1/0884/0278/8685/files/bamboo-fitted-sheet-coco-white-bedroom-detail.jpg?v=1786183250,https://cdn.shopify.com/s/files/1/0884/0278/8685/files/bamboo-fitted-sheet-coco-white-bedroom-full.jpg?v=1786183250,https://cdn.shopify.com/s/files/1/0884/0278/8685/files/bamboo-fitted-sheet-coco-white-bedroom-angle.jpg?v=1786183250,https://cdn.shopify.com/s/files/1/0884/0278/8685/files/bamboo-fitted-sheet-coco-white-packaging.jpg?v=1786183250",out_of_stock,129.00 EUR,Boomba Bamboo,new,8720648154263,8720648154263,bamboo-fitted-sheet-coco-white-400tc,Coco white,90x200 cm,100% Bamboo (Tanboocel™)
8720618860583,Drap-housse en bambou « Coco White » 400TC,"Un drap-housse en bambou d'une douceur soyeuse, 400TC, dans la teinte éclatante « Coco White » — respirant, hypoallergénique et frais au contact de la peau, doté d'un élastique qui s'ajuste parfaitement aux matelas d'une épaisseur maximale de 30 cm.",https://www.maisondecocon.com/fr/products/bamboo-fitted-sheet-coco-white-400tc?variant_sku=8720618860583,https://cdn.shopify.com/s/files/1/0884/0278/8685/files/bamboo-fitted-sheet-coco-white-seam-detail.jpg?v=1786183250,"https://cdn.shopify.com/s/files/1/0884/0278/8685/files/bamboo-fitted-sheet-coco-white-bedroom-lifestyle.jpg?v=1786183250,https://cdn.shopify.com/s/files/1/0884/0278/8685/files/bamboo-fitted-sheet-coco-white-corner-loose.jpg?v=1786183250,https://cdn.shopify.com/s/files/1/0884/0278/8685/files/bamboo-fitted-sheet-coco-white-fabric-drape.jpg?v=1786183250,https://cdn.shopify.com/s/files/1/0884/0278/8685/files/bamboo-fitted-sheet-coco-white-bedroom-front.jpg?v=1786183250,https://cdn.shopify.com/s/files/1/0884/0278/8685/files/bamboo-fitted-sheet-coco-white-bedroom-detail.jpg?v=1786183250,https://cdn.shopify.com/s/files/1/0884/0278/8685/files/bamboo-fitted-sheet-coco-white-bedroom-full.jpg?v=1786183250,https://cdn.shopify.com/s/files/1/0884/0278/8685/files/bamboo-fitted-sheet-coco-white-bedroom-angle.jpg?v=1786183250,https://cdn.shopify.com/s/files/1/0884/0278/8685/files/bamboo-fitted-sheet-coco-white-packaging.jpg?v=1786183250",in_stock,135.00 EUR,Boomba Bamboo,new,8720618860583,8720618860583,bamboo-fitted-sheet-coco-white-400tc,Coco white,90x220 cm,100% Bamboo (Tanboocel™)
8720828225806,Drap-housse en bambou « Coco White » 400TC,"Un drap-housse en bambou d'une douceur soyeuse, 400TC, dans la teinte éclatante « Coco White » — respirant, hypoallergénique et frais au contact de la peau, doté d'un élastique qui s'ajuste parfaitement aux matelas d'une épaisseur maximale de 30 cm.",https://www.maisondecocon.com/fr/products/bamboo-fitted-sheet-coco-white-400tc?variant_sku=8720828225806,https://cdn.shopify.com/s/files/1/0884/0278/8685/files/bamboo-fitted-sheet-coco-white-seam-detail.jpg?v=1786183250,"https://cdn.shopify.com/s/files/1/0884/0278/8685/files/bamboo-fitted-sheet-coco-white-bedroom-lifestyle.jpg?v=1786183250,https://cdn.shopify.com/s/files/1/0884/0278/8685/files/bamboo-fitted-sheet-coco-white-corner-loose.jpg?v=1786183250,https://cdn.shopify.com/s/files/1/0884/0278/8685/files/bamboo-fitted-sheet-coco-white-fabric-drape.jpg?v=1786183250,https://cdn.shopify.com/s/files/1/0884/0278/8685/files/bamboo-fitted-sheet-coco-white-bedroom-front.jpg?v=1786183250,https://cdn.shopify.com/s/files/1/0884/0278/8685/files/bamboo-fitted-sheet-coco-white-bedroom-detail.jpg?v=1786183250,https://cdn.shopify.com/s/files/1/0884/0278/8685/files/bamboo-fitted-sheet-coco-white-bedroom-full.jpg?v=1786183250,https://cdn.shopify.com/s/files/1/0884/0278/8685/files/bamboo-fitted-sheet-coco-white-bedroom-angle.jpg?v=1786183250,https://cdn.shopify.com/s/files/1/0884/0278/8685/files/bamboo-fitted-sheet-coco-white-packaging.jpg?v=1786183250",in_stock,153.00 EUR,Boomba Bamboo,new,8720828225806,8720828225806,bamboo-fitted-sheet-coco-white-400tc,Coco white,160x220/210,100% Bamboo (Tanboocel™)
8720648154317,Drap-housse en bambou « Coco White » 400TC,"Un drap-housse en bambou d'une douceur soyeuse, 400TC, dans la teinte éclatante « Coco White » — respirant, hypoallergénique et frais au contact de la peau, doté d'un élastique qui s'ajuste parfaitement aux matelas d'une épaisseur maximale de 30 cm.",https://www.maisondecocon.com/fr/products/bamboo-fitted-sheet-coco-white-400tc?variant_sku=8720648154317,https://cdn.shopify.com/s/files/1/0884/0278/8685/files/bamboo-fitted-sheet-coco-white-seam-detail.jpg?v=1786183250,"https://cdn.shopify.com/s/files/1/0884/0278/8685/files/bamboo-fitted-sheet-coco-white-bedroom-lifestyle.jpg?v=1786183250,https://cdn.shopify.com/s/files/1/0884/0278/8685/files/bamboo-fitted-sheet-coco-white-corner-loose.jpg?v=1786183250,https://cdn.shopify.com/s/files/1/0884/0278/8685/files/bamboo-fitted-sheet-coco-white-fabric-drape.jpg?v=1786183250,https://cdn.shopify.com/s/files/1/0884/0278/8685/files/bamboo-fitted-sheet-coco-white-bedroom-front.jpg?v=1786183250,https://cdn.shopify.com/s/files/1/0884/0278/8685/files/bamboo-fitted-sheet-coco-white-bedroom-detail.jpg?v=1786183250,https://cdn.shopify.com/s/files/1/0884/0278/8685/files/bamboo-fitted-sheet-coco-white-bedroom-full.jpg?v=1786183250,https://cdn.shopify.com/s/files/1/0884/0278/8685/files/bamboo-fitted-sheet-coco-white-bedroom-angle.jpg?v=1786183250,https://cdn.shopify.com/s/files/1/0884/0278/8685/files/bamboo-fitted-sheet-coco-white-packaging.jpg?v=1786183250",in_stock,168.00 EUR,Boomba Bamboo,new,8720648154317,8720648154317,bamboo-fitted-sheet-coco-white-400tc,Coco white,200x200 cm,100% Bamboo (Tanboocel™)
8720618860446,"Drap-housse en bambou pour surmatelas, vert sauge, 400TC","Un drap-housse haut de gamme 100 % bambou, adapté aux surmatelas d'une épaisseur maximale de 10 cm, couleur vert sauge. Confectionné dans un tissu Tanboocel™ 400TC au toucher soyeux, il est respirant et régule la température pour vous offrir une nuit de sommeil fraîche, tout au long de l'année.",https://www.maisondecocon.com/fr/products/bamboo-fitted-sheet-for-mattress-topper-sage-green-400tc?variant_sku=8720618860446,https://cdn.shopify.com/s/files/1/0884/0278/8685/files/bamboo-fitted-sheet-mattress-topper-sage-green-seam-detail.jpg?v=1786182010,"https://cdn.shopify.com/s/files/1/0884/0278/8685/files/bamboo-fitted-sheet-mattress-topper-sage-green-corner-loose.jpg?v=1786182010,https://cdn.shopify.com/s/files/1/0884/0278/8685/files/bamboo-fitted-sheet-mattress-topper-sage-green-fabric-drape.jpg?v=1786182010,https://cdn.shopify.com/s/files/1/0884/0278/8685/files/bamboo-fitted-sheet-mattress-topper-sage-green-packaging.jpg?v=1786182009",in_stock,132.00 EUR,Boomba Bamboo,new,8720618860446,8720618860446,bamboo-fitted-sheet-for-mattress-topper-sage-green-400tc,Sage Green,180x200 cm,100% Bamboo (Tanboocel™)
8720618860422,"Drap-housse en bambou pour surmatelas, vert sauge, 400TC","Un drap-housse haut de gamme 100 % bambou, adapté aux surmatelas d'une épaisseur maximale de 10 cm, couleur vert sauge. Confectionné dans un tissu Tanboocel™ 400TC au toucher soyeux, il est respirant et régule la température pour vous offrir une nuit de sommeil fraîche, tout au long de l'année.",https://www.maisondecocon.com/fr/products/bamboo-fitted-sheet-for-mattress-topper-sage-green-400tc?variant_sku=8720618860422,https://cdn.shopify.com/s/files/1/0884/0278/8685/files/bamboo-fitted-sheet-mattress-topper-sage-green-seam-detail.jpg?v=1786182010,"https://cdn.shopify.com/s/files/1/0884/0278/8685/files/bamboo-fitted-sheet-mattress-topper-sage-green-corner-loose.jpg?v=1786182010,https://cdn.shopify.com/s/files/1/0884/0278/8685/files/bamboo-fitted-sheet-mattress-topper-sage-green-fabric-drape.jpg?v=1786182010,https://cdn.shopify.com/s/files/1/0884/0278/8685/files/bamboo-fitted-sheet-mattress-topper-sage-green-packaging.jpg?v=1786182009",in_stock,120.00 EUR,Boomba Bamboo,new,8720618860422,8720618860422,bamboo-fitted-sheet-for-mattress-topper-sage-green-400tc,Sage Green,140x200 cm,100% Bamboo (Tanboocel™)
8720618860477,"Drap-housse en bambou pour surmatelas, vert sauge, 400TC","Un drap-housse haut de gamme 100 % bambou, adapté aux surmatelas d'une épaisseur maximale de 10 cm, couleur vert sauge. Confectionné dans un tissu Tanboocel™ 400TC au toucher soyeux, il est respirant et régule la température pour vous offrir une nuit de sommeil fraîche, tout au long de l'année.",https://www.maisondecocon.com/fr/products/bamboo-fitted-sheet-for-mattress-topper-sage-green-400tc?variant_sku=8720618860477,https://cdn.shopify.com/s/files/1/0884/0278/8685/files/bamboo-fitted-sheet-mattress-topper-sage-green-seam-detail.jpg?v=1786182010,"https://cdn.shopify.com/s/files/1/0884/0278/8685/files/bamboo-fitted-sheet-mattress-topper-sage-green-corner-loose.jpg?v=1786182010,https://cdn.shopify.com/s/files/1/0884/0278/8685/files/bamboo-fitted-sheet-mattress-topper-sage-green-fabric-drape.jpg?v=1786182010,https://cdn.shopify.com/s/files/1/0884/0278/8685/files/bamboo-fitted-sheet-mattress-topper-sage-green-packaging.jpg?v=1786182009",in_stock,150.00 EUR,Boomba Bamboo,new,8720618860477,8720618860477,bamboo-fitted-sheet-for-mattress-topper-sage-green-400tc,Sage Green,200x200 cm,100% Bamboo (Tanboocel™)
8720618860484,"Drap-housse en bambou pour surmatelas, vert sauge, 400TC","Un drap-housse haut de gamme 100 % bambou, adapté aux surmatelas d'une épaisseur maximale de 10 cm, couleur vert sauge. Confectionné dans un tissu Tanboocel™ 400TC au toucher soyeux, il est respirant et régule la température pour vous offrir une nuit de sommeil fraîche, tout au long de l'année.",https://www.maisondecocon.com/fr/products/bamboo-fitted-sheet-for-mattress-topper-sage-green-400tc?variant_sku=8720618860484,https://cdn.shopify.com/s/files/1/0884/0278/8685/files/bamboo-fitted-sheet-mattress-topper-sage-green-seam-detail.jpg?v=1786182010,"https://cdn.shopify.com/s/files/1/0884/0278/8685/files/bamboo-fitted-sheet-mattress-topper-sage-green-corner-loose.jpg?v=1786182010,https://cdn.shopify.com/s/files/1/0884/0278/8685/files/bamboo-fitted-sheet-mattress-topper-sage-green-fabric-drape.jpg?v=1786182010,https://cdn.shopify.com/s/files/1/0884/0278/8685/files/bamboo-fitted-sheet-mattress-topper-sage-green-packaging.jpg?v=1786182009",in_stock,156.00 EUR,Boomba Bamboo,new,8720618860484,8720618860484,bamboo-fitted-sheet-for-mattress-topper-sage-green-400tc,Sage Green,200x210 cm,100% Bamboo (Tanboocel™)
8720618860491,"Drap-housse en bambou pour surmatelas, vert sauge, 400TC","Un drap-housse haut de gamme 100 % bambou, adapté aux surmatelas d'une épaisseur maximale de 10 cm, couleur vert sauge. Confectionné dans un tissu Tanboocel™ 400TC au toucher soyeux, il est respirant et régule la température pour vous offrir une nuit de sommeil fraîche, tout au long de l'année.",https://www.maisondecocon.com/fr/products/bamboo-fitted-sheet-for-mattress-topper-sage-green-400tc?variant_sku=8720618860491,https://cdn.shopify.com/s/files/1/0884/0278/8685/files/bamboo-fitted-sheet-mattress-topper-sage-green-seam-detail.jpg?v=1786182010,"https://cdn.shopify.com/s/files/1/0884/0278/8685/files/bamboo-fitted-sheet-mattress-topper-sage-green-corner-loose.jpg?v=1786182010,https://cdn.shopify.com/s/files/1/0884/0278/8685/files/bamboo-fitted-sheet-mattress-topper-sage-green-fabric-drape.jpg?v=1786182010,https://cdn.shopify.com/s/files/1/0884/0278/8685/files/bamboo-fitted-sheet-mattress-topper-sage-green-packaging.jpg?v=1786182009",in_stock,162.00 EUR,Boomba Bamboo,new,8720618860491,8720618860491,bamboo-fitted-sheet-for-mattress-topper-sage-green-400tc,Sage Green,200x220/210 cm,100% Bamboo (Tanboocel™)
8720618860460,"Drap-housse en bambou pour surmatelas, vert sauge, 400TC","Un drap-housse haut de gamme 100 % bambou, adapté aux surmatelas d'une épaisseur maximale de 10 cm, couleur vert sauge. Confectionné dans un tissu Tanboocel™ 400TC au toucher soyeux, il est respirant et régule la température pour vous offrir une nuit de sommeil fraîche, tout au long de l'année.",https://www.maisondecocon.com/fr/products/bamboo-fitted-sheet-for-mattress-topper-sage-green-400tc?variant_sku=8720618860460,https://cdn.shopify.com/s/files/1/0884/0278/8685/files/bamboo-fitted-sheet-mattress-topper-sage-green-seam-detail.jpg?v=1786182010,"https://cdn.shopify.com/s/files/1/0884/0278/8685/files/bamboo-fitted-sheet-mattress-topper-sage-green-corner-loose.jpg?v=1786182010,https://cdn.shopify.com/s/files/1/0884/0278/8685/files/bamboo-fitted-sheet-mattress-topper-sage-green-fabric-drape.jpg?v=1786182010,https://cdn.shopify.com/s/files/1/0884/0278/8685/files/bamboo-fitted-sheet-mattress-topper-sage-green-packaging.jpg?v=1786182009",in_stock,144.00 EUR,Boomba Bamboo,new,8720618860460,8720618860460,bamboo-fitted-sheet-for-mattress-topper-sage-green-400tc,Sage Green,180x220/210 cm,100% Bamboo (Tanboocel™)
8720618860453,"Drap-housse en bambou pour surmatelas, vert sauge, 400TC","Un drap-housse haut de gamme 100 % bambou, adapté aux surmatelas d'une épaisseur maximale de 10 cm, couleur vert sauge. Confectionné dans un tissu Tanboocel™ 400TC au toucher soyeux, il est respirant et régule la température pour vous offrir une nuit de sommeil fraîche, tout au long de l'année.",https://www.maisondecocon.com/fr/products/bamboo-fitted-sheet-for-mattress-topper-sage-green-400tc?variant_sku=8720618860453,https://cdn.shopify.com/s/files/1/0884/0278/8685/files/bamboo-fitted-sheet-mattress-topper-sage-green-seam-detail.jpg?v=1786182010,"https://cdn.shopify.com/s/files/1/0884/0278/8685/files/bamboo-fitted-sheet-mattress-topper-sage-green-corner-loose.jpg?v=1786182010,https://cdn.shopify.com/s/files/1/0884/0278/8685/files/bamboo-fitted-sheet-mattress-topper-sage-green-fabric-drape.jpg?v=1786182010,https://cdn.shopify.com/s/files/1/0884/0278/8685/files/bamboo-fitted-sheet-mattress-topper-sage-green-packaging.jpg?v=1786182009",in_stock,138.00 EUR,Boomba Bamboo,new,8720618860453,8720618860453,bamboo-fitted-sheet-for-mattress-topper-sage-green-400tc,Sage Green,180x210 cm,100% Bamboo (Tanboocel™)
8720618860439,"Drap-housse en bambou pour surmatelas, vert sauge, 400TC","Un drap-housse haut de gamme 100 % bambou, adapté aux surmatelas d'une épaisseur maximale de 10 cm, couleur vert sauge. Confectionné dans un tissu Tanboocel™ 400TC au toucher soyeux, il est respirant et régule la température pour vous offrir une nuit de sommeil fraîche, tout au long de l'année.",https://www.maisondecocon.com/fr/products/bamboo-fitted-sheet-for-mattress-topper-sage-green-400tc?variant_sku=8720618860439,https://cdn.shopify.com/s/files/1/0884/0278/8685/files/bamboo-fitted-sheet-mattress-topper-sage-green-seam-detail.jpg?v=1786182010,"https://cdn.shopify.com/s/files/1/0884/0278/8685/files/bamboo-fitted-sheet-mattress-topper-sage-green-corner-loose.jpg?v=1786182010,https://cdn.shopify.com/s/files/1/0884/0278/8685/files/bamboo-fitted-sheet-mattress-topper-sage-green-fabric-drape.jpg?v=1786182010,https://cdn.shopify.com/s/files/1/0884/0278/8685/files/bamboo-fitted-sheet-mattress-topper-sage-green-packaging.jpg?v=1786182009",in_stock,126.00 EUR,Boomba Bamboo,new,8720618860439,8720618860439,bamboo-fitted-sheet-for-mattress-topper-sage-green-400tc,Sage Green,160x200 cm,100% Bamboo (Tanboocel™)
6154510884866,"Drap-housse en bambou pour surmatelas, couleur « Deep Moss », 400TC","Un drap-housse haut de gamme 100 % bambou, adapté aux surmatelas d'une épaisseur maximale de 10 cm, dans la teinte « Deep Moss » : un tissu Tanboocel™ 400TC au toucher soyeux, respirant et thermorégulateur, pour des nuits fraîches tout au long de l'année.",https://www.maisondecocon.com/fr/products/bamboo-fitted-sheet-for-mattress-topper-deep-moss-400tc?variant_sku=6154510884866,https://cdn.shopify.com/s/files/1/0884/0278/8685/files/bamboo-fitted-sheet-mattress-topper-deep-moss-seam-detail.jpg?v=1786182010,"https://cdn.shopify.com/s/files/1/0884/0278/8685/files/bamboo-fitted-sheet-mattress-topper-deep-moss-corner-detail.jpg?v=1786182010,https://cdn.shopify.com/s/files/1/0884/0278/8685/files/bamboo-fitted-sheet-mattress-topper-deep-moss-fabric-drape-1.jpg?v=1786182010,https://cdn.shopify.com/s/files/1/0884/0278/8685/files/bamboo-fitted-sheet-mattress-topper-deep-moss-corner-loose.jpg?v=1786182010,https://cdn.shopify.com/s/files/1/0884/0278/8685/files/bamboo-fitted-sheet-mattress-topper-deep-moss-fabric-drape-2.jpg?v=1786182010,https://cdn.shopify.com/s/files/1/0884/0278/8685/files/bamboo-fitted-sheet-mattress-topper-deep-moss-packaging.jpg?v=1786182010",in_stock,180.00 EUR,Boomba Bamboo,new,6154510884866,6154510884866,bamboo-fitted-sheet-for-mattress-topper-deep-moss-400tc,Deep Moss,200x220/210 cm,100% Bamboo (Tanboocel™)
6154510163145,"Drap-housse en bambou pour surmatelas, couleur « Deep Moss », 400TC","Un drap-housse haut de gamme 100 % bambou, adapté aux surmatelas d'une épaisseur maximale de 10 cm, dans la teinte « Deep Moss » : un tissu Tanboocel™ 400TC au toucher soyeux, respirant et thermorégulateur, pour des nuits fraîches tout au long de l'année.",https://www.maisondecocon.com/fr/products/bamboo-fitted-sheet-for-mattress-topper-deep-moss-400tc?variant_sku=6154510163145,https://cdn.shopify.com/s/files/1/0884/0278/8685/files/bamboo-fitted-sheet-mattress-topper-deep-moss-seam-detail.jpg?v=1786182010,"https://cdn.shopify.com/s/files/1/0884/0278/8685/files/bamboo-fitted-sheet-mattress-topper-deep-moss-corner-detail.jpg?v=1786182010,https://cdn.shopify.com/s/files/1/0884/0278/8685/files/bamboo-fitted-sheet-mattress-topper-deep-moss-fabric-drape-1.jpg?v=1786182010,https://cdn.shopify.com/s/files/1/0884/0278/8685/files/bamboo-fitted-sheet-mattress-topper-deep-moss-corner-loose.jpg?v=1786182010,https://cdn.shopify.com/s/files/1/0884/0278/8685/files/bamboo-fitted-sheet-mattress-topper-deep-moss-fabric-drape-2.jpg?v=1786182010,https://cdn.shopify.com/s/files/1/0884/0278/8685/files/bamboo-fitted-sheet-mattress-topper-deep-moss-packaging.jpg?v=1786182010",in_stock,144.00 EUR,Boomba Bamboo,new,6154510163145,6154510163145,bamboo-fitted-sheet-for-mattress-topper-deep-moss-400tc,Deep Moss,140x200 cm,100% Bamboo (Tanboocel™)
6154510711780,"Drap-housse en bambou pour surmatelas, couleur « Deep Moss », 400TC","Un drap-housse haut de gamme 100 % bambou, adapté aux surmatelas d'une épaisseur maximale de 10 cm, dans la teinte « Deep Moss » : un tissu Tanboocel™ 400TC au toucher soyeux, respirant et thermorégulateur, pour des nuits fraîches tout au long de l'année.",https://www.maisondecocon.com/fr/products/bamboo-fitted-sheet-for-mattress-topper-deep-moss-400tc?variant_sku=6154510711780,https://cdn.shopify.com/s/files/1/0884/0278/8685/files/bamboo-fitted-sheet-mattress-topper-deep-moss-seam-detail.jpg?v=1786182010,"https://cdn.shopify.com/s/files/1/0884/0278/8685/files/bamboo-fitted-sheet-mattress-topper-deep-moss-corner-detail.jpg?v=1786182010,https://cdn.shopify.com/s/files/1/0884/0278/8685/files/bamboo-fitted-sheet-mattress-topper-deep-moss-fabric-drape-1.jpg?v=1786182010,https://cdn.shopify.com/s/files/1/0884/0278/8685/files/bamboo-fitted-sheet-mattress-topper-deep-moss-corner-loose.jpg?v=1786182010,https://cdn.shopify.com/s/files/1/0884/0278/8685/files/bamboo-fitted-sheet-mattress-topper-deep-moss-fabric-drape-2.jpg?v=1786182010,https://cdn.shopify.com/s/files/1/0884/0278/8685/files/bamboo-fitted-sheet-mattress-topper-deep-moss-packaging.jpg?v=1786182010",in_stock,168.00 EUR,Boomba Bamboo,new,6154510711780,6154510711780,bamboo-fitted-sheet-for-mattress-topper-deep-moss-400tc,Deep Moss,200x200 cm,100% Bamboo (Tanboocel™)
6154510653622,"Drap-housse en bambou pour surmatelas, couleur « Deep Moss », 400TC","Un drap-housse haut de gamme 100 % bambou, adapté aux surmatelas d'une épaisseur maximale de 10 cm, dans la teinte « Deep Moss » : un tissu Tanboocel™ 400TC au toucher soyeux, respirant et thermorégulateur, pour des nuits fraîches tout au long de l'année.",https://www.maisondecocon.com/fr/products/bamboo-fitted-sheet-for-mattress-topper-deep-moss-400tc?variant_sku=6154510653622,https://cdn.shopify.com/s/files/1/0884/0278/8685/files/bamboo-fitted-sheet-mattress-topper-deep-moss-seam-detail.jpg?v=1786182010,"https://cdn.shopify.com/s/files/1/0884/0278/8685/files/bamboo-fitted-sheet-mattress-topper-deep-moss-corner-detail.jpg?v=1786182010,https://cdn.shopify.com/s/files/1/0884/0278/8685/files/bamboo-fitted-sheet-mattress-topper-deep-moss-fabric-drape-1.jpg?v=1786182010,https://cdn.shopify.com/s/files/1/0884/0278/8685/files/bamboo-fitted-sheet-mattress-topper-deep-moss-corner-loose.jpg?v=1786182010,https://cdn.shopify.com/s/files/1/0884/0278/8685/files/bamboo-fitted-sheet-mattress-topper-deep-moss-fabric-drape-2.jpg?v=1786182010,https://cdn.shopify.com/s/files/1/0884/0278/8685/files/bamboo-fitted-sheet-mattress-topper-deep-moss-packaging.jpg?v=1786182010",in_stock,156.00 EUR,Boomba Bamboo,new,6154510653622,6154510653622,bamboo-fitted-sheet-for-mattress-topper-deep-moss-400tc,Deep Moss,180x200 cm,100% Bamboo (Tanboocel™)
6154510671626,"Drap-housse en bambou pour surmatelas, couleur « Deep Moss », 400TC","Un drap-housse haut de gamme 100 % bambou, adapté aux surmatelas d'une épaisseur maximale de 10 cm, dans la teinte « Deep Moss » : un tissu Tanboocel™ 400TC au toucher soyeux, respirant et thermorégulateur, pour des nuits fraîches tout au long de l'année.",https://www.maisondecocon.com/fr/products/bamboo-fitted-sheet-for-mattress-topper-deep-moss-400tc?variant_sku=6154510671626,https://cdn.shopify.com/s/files/1/0884/0278/8685/files/bamboo-fitted-sheet-mattress-topper-deep-moss-seam-detail.jpg?v=1786182010,"https://cdn.shopify.com/s/files/1/0884/0278/8685/files/bamboo-fitted-sheet-mattress-topper-deep-moss-corner-detail.jpg?v=1786182010,https://cdn.shopify.com/s/files/1/0884/0278/8685/files/bamboo-fitted-sheet-mattress-topper-deep-moss-fabric-drape-1.jpg?v=1786182010,https://cdn.shopify.com/s/files/1/0884/0278/8685/files/bamboo-fitted-sheet-mattress-topper-deep-moss-corner-loose.jpg?v=1786182010,https://cdn.shopify.com/s/files/1/0884/0278/8685/files/bamboo-fitted-sheet-mattress-topper-deep-moss-fabric-drape-2.jpg?v=1786182010,https://cdn.shopify.com/s/files/1/0884/0278/8685/files/bamboo-fitted-sheet-mattress-topper-deep-moss-packaging.jpg?v=1786182010",in_stock,162.00 EUR,Boomba Bamboo,new,6154510671626,6154510671626,bamboo-fitted-sheet-for-mattress-topper-deep-moss-400tc,Deep Moss,180x220/210 cm,100% Bamboo (Tanboocel™)
6154510458470,"Drap-housse en bambou pour surmatelas, couleur « Deep Moss », 400TC","Un drap-housse haut de gamme 100 % bambou, adapté aux surmatelas d'une épaisseur maximale de 10 cm, dans la teinte « Deep Moss » : un tissu Tanboocel™ 400TC au toucher soyeux, respirant et thermorégulateur, pour des nuits fraîches tout au long de l'année.",https://www.maisondecocon.com/fr/products/bamboo-fitted-sheet-for-mattress-topper-deep-moss-400tc?variant_sku=6154510458470,https://cdn.shopify.com/s/files/1/0884/0278/8685/files/bamboo-fitted-sheet-mattress-topper-deep-moss-seam-detail.jpg?v=1786182010,"https://cdn.shopify.com/s/files/1/0884/0278/8685/files/bamboo-fitted-sheet-mattress-topper-deep-moss-corner-detail.jpg?v=1786182010,https://cdn.shopify.com/s/files/1/0884/0278/8685/files/bamboo-fitted-sheet-mattress-topper-deep-moss-fabric-drape-1.jpg?v=1786182010,https://cdn.shopify.com/s/files/1/0884/0278/8685/files/bamboo-fitted-sheet-mattress-topper-deep-moss-corner-loose.jpg?v=1786182010,https://cdn.shopify.com/s/files/1/0884/0278/8685/files/bamboo-fitted-sheet-mattress-topper-deep-moss-fabric-drape-2.jpg?v=1786182010,https://cdn.shopify.com/s/files/1/0884/0278/8685/files/bamboo-fitted-sheet-mattress-topper-deep-moss-packaging.jpg?v=1786182010",in_stock,153.00 EUR,Boomba Bamboo,new,6154510458470,6154510458470,bamboo-fitted-sheet-for-mattress-topper-deep-moss-400tc,Deep Moss,160x220/210,100% Bamboo (Tanboocel™)
6154510372370,"Drap-housse en bambou pour surmatelas, couleur « Deep Moss », 400TC","Un drap-housse haut de gamme 100 % bambou, adapté aux surmatelas d'une épaisseur maximale de 10 cm, dans la teinte « Deep Moss » : un tissu Tanboocel™ 400TC au toucher soyeux, respirant et thermorégulateur, pour des nuits fraîches tout au long de l'année.",https://www.maisondecocon.com/fr/products/bamboo-fitted-sheet-for-mattress-topper-deep-moss-400tc?variant_sku=6154510372370,https://cdn.shopify.com/s/files/1/0884/0278/8685/files/bamboo-fitted-sheet-mattress-topper-deep-moss-seam-detail.jpg?v=1786182010,"https://cdn.shopify.com/s/files/1/0884/0278/8685/files/bamboo-fitted-sheet-mattress-topper-deep-moss-corner-detail.jpg?v=1786182010,https://cdn.shopify.com/s/files/1/0884/0278/8685/files/bamboo-fitted-sheet-mattress-topper-deep-moss-fabric-drape-1.jpg?v=1786182010,https://cdn.shopify.com/s/files/1/0884/0278/8685/files/bamboo-fitted-sheet-mattress-topper-deep-moss-corner-loose.jpg?v=1786182010,https://cdn.shopify.com/s/files/1/0884/0278/8685/files/bamboo-fitted-sheet-mattress-topper-deep-moss-fabric-drape-2.jpg?v=1786182010,https://cdn.shopify.com/s/files/1/0884/0278/8685/files/bamboo-fitted-sheet-mattress-topper-deep-moss-packaging.jpg?v=1786182010",in_stock,147.00 EUR,Boomba Bamboo,new,6154510372370,6154510372370,bamboo-fitted-sheet-for-mattress-topper-deep-moss-400tc,Deep Moss,160x200 cm,100% Bamboo (Tanboocel™)
8720828225646,"Housse de couette en bambou, vert sauge, 400TC","Une housse de couette en bambou d'une douceur soyeuse, 400TC, dans une teinte apaisante de vert sauge — respirante, hypoallergénique et disponible avec une fermeture à boutons en bambou ou une bande à rentrer sous le matelas.",https://www.maisondecocon.com/fr/products/bamboo-duvet-cover-sage-green-400tc?variant_sku=8720828225646,https://cdn.shopify.com/s/files/1/0884/0278/8685/files/bamboo-duvet-cover-sage-green-bedroom-lifestyle-1.jpg?v=1786136046,"https://cdn.shopify.com/s/files/1/0884/0278/8685/files/bamboo-duvet-cover-sage-green-bamboo-button-detail.jpg?v=1786136046,https://cdn.shopify.com/s/files/1/0884/0278/8685/files/bamboo-duvet-cover-sage-green-fabric-detail.jpg?v=1786136046,https://cdn.shopify.com/s/files/1/0884/0278/8685/files/bamboo-duvet-cover-sage-green-tuck-in-strip-detail.jpg?v=1786136046,https://cdn.shopify.com/s/files/1/0884/0278/8685/files/bamboo-duvet-cover-sage-green-bedroom-lifestyle-2.jpg?v=1786136046,https://cdn.shopify.com/s/files/1/0884/0278/8685/files/bamboo-duvet-cover-sage-green-bedroom-lifestyle-3.jpg?v=1786136046,https://cdn.shopify.com/s/files/1/0884/0278/8685/files/bamboo-duvet-cover-sage-green-packaging.jpg?v=1786136046",out_of_stock,297.00 EUR,Boomba Bamboo,new,8720828225646,8720828225646,bamboo-duvet-cover-sage-green-400tc,Sage Green,140x220 cm,100% Bamboo (Tanboocel™)
8720828225639,"Housse de couette en bambou, vert sauge, 400TC","Une housse de couette en bambou d'une douceur soyeuse, 400TC, dans une teinte apaisante de vert sauge — respirante, hypoallergénique et disponible avec une fermeture à boutons en bambou ou une bande à rentrer sous le matelas.",https://www.maisondecocon.com/fr/products/bamboo-duvet-cover-sage-green-400tc?variant_sku=8720828225639,https://cdn.shopify.com/s/files/1/0884/0278/8685/files/bamboo-duvet-cover-sage-green-bedroom-lifestyle-1.jpg?v=1786136046,"https://cdn.shopify.com/s/files/1/0884/0278/8685/files/bamboo-duvet-cover-sage-green-bamboo-button-detail.jpg?v=1786136046,https://cdn.shopify.com/s/files/1/0884/0278/8685/files/bamboo-duvet-cover-sage-green-fabric-detail.jpg?v=1786136046,https://cdn.shopify.com/s/files/1/0884/0278/8685/files/bamboo-duvet-cover-sage-green-tuck-in-strip-detail.jpg?v=1786136046,https://cdn.shopify.com/s/files/1/0884/0278/8685/files/bamboo-duvet-cover-sage-green-bedroom-lifestyle-2.jpg?v=1786136046,https://cdn.shopify.com/s/files/1/0884/0278/8685/files/bamboo-duvet-cover-sage-green-bedroom-lifestyle-3.jpg?v=1786136046,https://cdn.shopify.com/s/files/1/0884/0278/8685/files/bamboo-duvet-cover-sage-green-packaging.jpg?v=1786136046",in_stock,282.00 EUR,Boomba Bamboo,new,8720828225639,8720828225639,bamboo-duvet-cover-sage-green-400tc,Sage Green,140x200 cm,100% Bamboo (Tanboocel™)
8720828225677,"Housse de couette en bambou, vert sauge, 400TC","Une housse de couette en bambou d'une douceur soyeuse, 400TC, dans une teinte apaisante de vert sauge — respirante, hypoallergénique et disponible avec une fermeture à boutons en bambou ou une bande à rentrer sous le matelas.",https://www.maisondecocon.com/fr/products/bamboo-duvet-cover-sage-green-400tc?variant_sku=8720828225677,https://cdn.shopify.com/s/files/1/0884/0278/8685/files/bamboo-duvet-cover-sage-green-bedroom-lifestyle-1.jpg?v=1786136046,"https://cdn.shopify.com/s/files/1/0884/0278/8685/files/bamboo-duvet-cover-sage-green-bamboo-button-detail.jpg?v=1786136046,https://cdn.shopify.com/s/files/1/0884/0278/8685/files/bamboo-duvet-cover-sage-green-fabric-detail.jpg?v=1786136046,https://cdn.shopify.com/s/files/1/0884/0278/8685/files/bamboo-duvet-cover-sage-green-tuck-in-strip-detail.jpg?v=1786136046,https://cdn.shopify.com/s/files/1/0884/0278/8685/files/bamboo-duvet-cover-sage-green-bedroom-lifestyle-2.jpg?v=1786136046,https://cdn.shopify.com/s/files/1/0884/0278/8685/files/bamboo-duvet-cover-sage-green-bedroom-lifestyle-3.jpg?v=1786136046,https://cdn.shopify.com/s/files/1/0884/0278/8685/files/bamboo-duvet-cover-sage-green-packaging.jpg?v=1786136046",out_of_stock,387.00 EUR,Boomba Bamboo,new,8720828225677,8720828225677,bamboo-duvet-cover-sage-green-400tc,Sage Green,240x220 cm,100% Bamboo (Tanboocel™)
8720828225691,"Housse de couette en bambou, vert sauge, 400TC","Une housse de couette en bambou d'une douceur soyeuse, 400TC, dans une teinte apaisante de vert sauge — respirante, hypoallergénique et disponible avec une fermeture à boutons en bambou ou une bande à rentrer sous le matelas.",https://www.maisondecocon.com/fr/products/bamboo-duvet-cover-sage-green-400tc?variant_sku=8720828225691,https://cdn.shopify.com/s/files/1/0884/0278/8685/files/bamboo-duvet-cover-sage-green-bedroom-lifestyle-1.jpg?v=1786136046,"https://cdn.shopify.com/s/files/1/0884/0278/8685/files/bamboo-duvet-cover-sage-green-bamboo-button-detail.jpg?v=1786136046,https://cdn.shopify.com/s/files/1/0884/0278/8685/files/bamboo-duvet-cover-sage-green-fabric-detail.jpg?v=1786136046,https://cdn.shopify.com/s/files/1/0884/0278/8685/files/bamboo-duvet-cover-sage-green-tuck-in-strip-detail.jpg?v=1786136046,https://cdn.shopify.com/s/files/1/0884/0278/8685/files/bamboo-duvet-cover-sage-green-bedroom-lifestyle-2.jpg?v=1786136046,https://cdn.shopify.com/s/files/1/0884/0278/8685/files/bamboo-duvet-cover-sage-green-bedroom-lifestyle-3.jpg?v=1786136046,https://cdn.shopify.com/s/files/1/0884/0278/8685/files/bamboo-duvet-cover-sage-green-packaging.jpg?v=1786136046",in_stock,267.00 EUR,Boomba Bamboo,new,8720828225691,8720828225691,bamboo-duvet-cover-sage-green-400tc,Sage Green,140x220 cm,100% Bamboo (Tanboocel™)
8720828225684,"Housse de couette en bambou, vert sauge, 400TC","Une housse de couette en bambou d'une douceur soyeuse, 400TC, dans une teinte apaisante de vert sauge — respirante, hypoallergénique et disponible avec une fermeture à boutons en bambou ou une bande à rentrer sous le matelas.",https://www.maisondecocon.com/fr/products/bamboo-duvet-cover-sage-green-400tc?variant_sku=8720828225684,https://cdn.shopify.com/s/files/1/0884/0278/8685/files/bamboo-duvet-cover-sage-green-bedroom-lifestyle-1.jpg?v=1786136046,"https://cdn.shopify.com/s/files/1/0884/0278/8685/files/bamboo-duvet-cover-sage-green-bamboo-button-detail.jpg?v=1786136046,https://cdn.shopify.com/s/files/1/0884/0278/8685/files/bamboo-duvet-cover-sage-green-fabric-detail.jpg?v=1786136046,https://cdn.shopify.com/s/files/1/0884/0278/8685/files/bamboo-duvet-cover-sage-green-tuck-in-strip-detail.jpg?v=1786136046,https://cdn.shopify.com/s/files/1/0884/0278/8685/files/bamboo-duvet-cover-sage-green-bedroom-lifestyle-2.jpg?v=1786136046,https://cdn.shopify.com/s/files/1/0884/0278/8685/files/bamboo-duvet-cover-sage-green-bedroom-lifestyle-3.jpg?v=1786136046,https://cdn.shopify.com/s/files/1/0884/0278/8685/files/bamboo-duvet-cover-sage-green-packaging.jpg?v=1786136046",in_stock,420.00 EUR,Boomba Bamboo,new,8720828225684,8720828225684,bamboo-duvet-cover-sage-green-400tc,Sage Green,260x240/220 cm,100% Bamboo (Tanboocel™)
8720618860309,"Housse de couette en bambou, vert sauge, 400TC","Une housse de couette en bambou d'une douceur soyeuse, 400TC, dans une teinte apaisante de vert sauge — respirante, hypoallergénique et disponible avec une fermeture à boutons en bambou ou une bande à rentrer sous le matelas.",https://www.maisondecocon.com/fr/products/bamboo-duvet-cover-sage-green-400tc?variant_sku=8720618860309,https://cdn.shopify.com/s/files/1/0884/0278/8685/files/bamboo-duvet-cover-sage-green-bedroom-lifestyle-1.jpg?v=1786136046,"https://cdn.shopify.com/s/files/1/0884/0278/8685/files/bamboo-duvet-cover-sage-green-bamboo-button-detail.jpg?v=1786136046,https://cdn.shopify.com/s/files/1/0884/0278/8685/files/bamboo-duvet-cover-sage-green-fabric-detail.jpg?v=1786136046,https://cdn.shopify.com/s/files/1/0884/0278/8685/files/bamboo-duvet-cover-sage-green-tuck-in-strip-detail.jpg?v=1786136046,https://cdn.shopify.com/s/files/1/0884/0278/8685/files/bamboo-duvet-cover-sage-green-bedroom-lifestyle-2.jpg?v=1786136046,https://cdn.shopify.com/s/files/1/0884/0278/8685/files/bamboo-duvet-cover-sage-green-bedroom-lifestyle-3.jpg?v=1786136046,https://cdn.shopify.com/s/files/1/0884/0278/8685/files/bamboo-duvet-cover-sage-green-packaging.jpg?v=1786136046",in_stock,369.00 EUR,Boomba Bamboo,new,8720618860309,8720618860309,bamboo-duvet-cover-sage-green-400tc,Sage Green,240x220 cm,100% Bamboo (Tanboocel™)
8720618860293,"Housse de couette en bambou, vert sauge, 400TC","Une housse de couette en bambou d'une douceur soyeuse, 400TC, dans une teinte apaisante de vert sauge — respirante, hypoallergénique et disponible avec une fermeture à boutons en bambou ou une bande à rentrer sous le matelas.",https://www.maisondecocon.com/fr/products/bamboo-duvet-cover-sage-green-400tc?variant_sku=8720618860293,https://cdn.shopify.com/s/files/1/0884/0278/8685/files/bamboo-duvet-cover-sage-green-bedroom-lifestyle-1.jpg?v=1786136046,"https://cdn.shopify.com/s/files/1/0884/0278/8685/files/bamboo-duvet-cover-sage-green-bamboo-button-detail.jpg?v=1786136046,https://cdn.shopify.com/s/files/1/0884/0278/8685/files/bamboo-duvet-cover-sage-green-fabric-detail.jpg?v=1786136046,https://cdn.shopify.com/s/files/1/0884/0278/8685/files/bamboo-duvet-cover-sage-green-tuck-in-strip-detail.jpg?v=1786136046,https://cdn.shopify.com/s/files/1/0884/0278/8685/files/bamboo-duvet-cover-sage-green-bedroom-lifestyle-2.jpg?v=1786136046,https://cdn.shopify.com/s/files/1/0884/0278/8685/files/bamboo-duvet-cover-sage-green-bedroom-lifestyle-3.jpg?v=1786136046,https://cdn.shopify.com/s/files/1/0884/0278/8685/files/bamboo-duvet-cover-sage-green-packaging.jpg?v=1786136046",in_stock,318.00 EUR,Boomba Bamboo,new,8720618860293,8720618860293,bamboo-duvet-cover-sage-green-400tc,Sage Green,200x220/210 cm,100% Bamboo (Tanboocel™)
8720618860286,"Housse de couette en bambou, vert sauge, 400TC","Une housse de couette en bambou d'une douceur soyeuse, 400TC, dans une teinte apaisante de vert sauge — respirante, hypoallergénique et disponible avec une fermeture à boutons en bambou ou une bande à rentrer sous le matelas.",https://www.maisondecocon.com/fr/products/bamboo-duvet-cover-sage-green-400tc?variant_sku=8720618860286,https://cdn.shopify.com/s/files/1/0884/0278/8685/files/bamboo-duvet-cover-sage-green-bedroom-lifestyle-1.jpg?v=1786136046,"https://cdn.shopify.com/s/files/1/0884/0278/8685/files/bamboo-duvet-cover-sage-green-bamboo-button-detail.jpg?v=1786136046,https://cdn.shopify.com/s/files/1/0884/0278/8685/files/bamboo-duvet-cover-sage-green-fabric-detail.jpg?v=1786136046,https://cdn.shopify.com/s/files/1/0884/0278/8685/files/bamboo-duvet-cover-sage-green-tuck-in-strip-detail.jpg?v=1786136046,https://cdn.shopify.com/s/files/1/0884/0278/8685/files/bamboo-duvet-cover-sage-green-bedroom-lifestyle-2.jpg?v=1786136046,https://cdn.shopify.com/s/files/1/0884/0278/8685/files/bamboo-duvet-cover-sage-green-bedroom-lifestyle-3.jpg?v=1786136046,https://cdn.shopify.com/s/files/1/0884/0278/8685/files/bamboo-duvet-cover-sage-green-packaging.jpg?v=1786136046",in_stock,300.00 EUR,Boomba Bamboo,new,8720618860286,8720618860286,bamboo-duvet-cover-sage-green-400tc,Sage Green,200x200 cm,100% Bamboo (Tanboocel™)
8720828225660,"Housse de couette en bambou, vert sauge, 400TC","Une housse de couette en bambou d'une douceur soyeuse, 400TC, dans une teinte apaisante de vert sauge — respirante, hypoallergénique et disponible avec une fermeture à boutons en bambou ou une bande à rentrer sous le matelas.",https://www.maisondecocon.com/fr/products/bamboo-duvet-cover-sage-green-400tc?variant_sku=8720828225660,https://cdn.shopify.com/s/files/1/0884/0278/8685/files/bamboo-duvet-cover-sage-green-bedroom-lifestyle-1.jpg?v=1786136046,"https://cdn.shopify.com/s/files/1/0884/0278/8685/files/bamboo-duvet-cover-sage-green-bamboo-button-detail.jpg?v=1786136046,https://cdn.shopify.com/s/files/1/0884/0278/8685/files/bamboo-duvet-cover-sage-green-fabric-detail.jpg?v=1786136046,https://cdn.shopify.com/s/files/1/0884/0278/8685/files/bamboo-duvet-cover-sage-green-tuck-in-strip-detail.jpg?v=1786136046,https://cdn.shopify.com/s/files/1/0884/0278/8685/files/bamboo-duvet-cover-sage-green-bedroom-lifestyle-2.jpg?v=1786136046,https://cdn.shopify.com/s/files/1/0884/0278/8685/files/bamboo-duvet-cover-sage-green-bedroom-lifestyle-3.jpg?v=1786136046,https://cdn.shopify.com/s/files/1/0884/0278/8685/files/bamboo-duvet-cover-sage-green-packaging.jpg?v=1786136046",in_stock,336.00 EUR,Boomba Bamboo,new,8720828225660,8720828225660,bamboo-duvet-cover-sage-green-400tc,Sage Green,200x220/210 cm,100% Bamboo (Tanboocel™)
8720618860279,"Housse de couette en bambou, vert sauge, 400TC","Une housse de couette en bambou d'une douceur soyeuse, 400TC, dans une teinte apaisante de vert sauge — respirante, hypoallergénique et disponible avec une fermeture à boutons en bambou ou une bande à rentrer sous le matelas.",https://www.maisondecocon.com/fr/products/bamboo-duvet-cover-sage-green-400tc?variant_sku=8720618860279,https://cdn.shopify.com/s/files/1/0884/0278/8685/files/bamboo-duvet-cover-sage-green-bedroom-lifestyle-1.jpg?v=1786136046,"https://cdn.shopify.com/s/files/1/0884/0278/8685/files/bamboo-duvet-cover-sage-green-bamboo-button-detail.jpg?v=1786136046,https://cdn.shopify.com/s/files/1/0884/0278/8685/files/bamboo-duvet-cover-sage-green-fabric-detail.jpg?v=1786136046,https://cdn.shopify.com/s/files/1/0884/0278/8685/files/bamboo-duvet-cover-sage-green-tuck-in-strip-detail.jpg?v=1786136046,https://cdn.shopify.com/s/files/1/0884/0278/8685/files/bamboo-duvet-cover-sage-green-bedroom-lifestyle-2.jpg?v=1786136046,https://cdn.shopify.com/s/files/1/0884/0278/8685/files/bamboo-duvet-cover-sage-green-bedroom-lifestyle-3.jpg?v=1786136046,https://cdn.shopify.com/s/files/1/0884/0278/8685/files/bamboo-duvet-cover-sage-green-packaging.jpg?v=1786136046",in_stock,258.00 EUR,Boomba Bamboo,new,8720618860279,8720618860279,bamboo-duvet-cover-sage-green-400tc,Sage Green,140x200 cm,100% Bamboo (Tanboocel™)
8720828225653,"Housse de couette en bambou, vert sauge, 400TC","Une housse de couette en bambou d'une douceur soyeuse, 400TC, dans une teinte apaisante de vert sauge — respirante, hypoallergénique et disponible avec une fermeture à boutons en bambou ou une bande à rentrer sous le matelas.",https://www.maisondecocon.com/fr/products/bamboo-duvet-cover-sage-green-400tc?variant_sku=8720828225653,https://cdn.shopify.com/s/files/1/0884/0278/8685/files/bamboo-duvet-cover-sage-green-bedroom-lifestyle-1.jpg?v=1786136046,"https://cdn.shopify.com/s/files/1/0884/0278/8685/files/bamboo-duvet-cover-sage-green-bamboo-button-detail.jpg?v=1786136046,https://cdn.shopify.com/s/files/1/0884/0278/8685/files/bamboo-duvet-cover-sage-green-fabric-detail.jpg?v=1786136046,https://cdn.shopify.com/s/files/1/0884/0278/8685/files/bamboo-duvet-cover-sage-green-tuck-in-strip-detail.jpg?v=1786136046,https://cdn.shopify.com/s/files/1/0884/0278/8685/files/bamboo-duvet-cover-sage-green-bedroom-lifestyle-2.jpg?v=1786136046,https://cdn.shopify.com/s/files/1/0884/0278/8685/files/bamboo-duvet-cover-sage-green-bedroom-lifestyle-3.jpg?v=1786136046,https://cdn.shopify.com/s/files/1/0884/0278/8685/files/bamboo-duvet-cover-sage-green-packaging.jpg?v=1786136046",in_stock,318.00 EUR,Boomba Bamboo,new,8720828225653,8720828225653,bamboo-duvet-cover-sage-green-400tc,Sage Green,200x200 cm,100% Bamboo (Tanboocel™)
8720618860316,"Housse de couette en bambou, vert sauge, 400TC","Une housse de couette en bambou d'une douceur soyeuse, 400TC, dans une teinte apaisante de vert sauge — respirante, hypoallergénique et disponible avec une fermeture à boutons en bambou ou une bande à rentrer sous le matelas.",https://www.maisondecocon.com/fr/products/bamboo-duvet-cover-sage-green-400tc?variant_sku=8720618860316,https://cdn.shopify.com/s/files/1/0884/0278/8685/files/bamboo-duvet-cover-sage-green-bedroom-lifestyle-1.jpg?v=1786136046,"https://cdn.shopify.com/s/files/1/0884/0278/8685/files/bamboo-duvet-cover-sage-green-bamboo-button-detail.jpg?v=1786136046,https://cdn.shopify.com/s/files/1/0884/0278/8685/files/bamboo-duvet-cover-sage-green-fabric-detail.jpg?v=1786136046,https://cdn.shopify.com/s/files/1/0884/0278/8685/files/bamboo-duvet-cover-sage-green-tuck-in-strip-detail.jpg?v=1786136046,https://cdn.shopify.com/s/files/1/0884/0278/8685/files/bamboo-duvet-cover-sage-green-bedroom-lifestyle-2.jpg?v=1786136046,https://cdn.shopify.com/s/files/1/0884/0278/8685/files/bamboo-duvet-cover-sage-green-bedroom-lifestyle-3.jpg?v=1786136046,https://cdn.shopify.com/s/files/1/0884/0278/8685/files/bamboo-duvet-cover-sage-green-packaging.jpg?v=1786136046",in_stock,402.00 EUR,Boomba Bamboo,new,8720618860316,8720618860316,bamboo-duvet-cover-sage-green-400tc,Sage Green,260x240/220 cm,100% Bamboo (Tanboocel™)
8720648154683,"Drap-housse en bambou pour surmatelas, couleur taupe clair, 400TC","Un drap-housse haut de gamme 100 % bambou, adapté aux surmatelas d'une épaisseur maximale de 10 cm, disponible en « Soft Taupe » : un tissu Tanboocel™ 400TC au toucher soyeux, respirant et thermorégulateur, pour des nuits fraîches tout au long de l'année.",https://www.maisondecocon.com/fr/products/bamboo-fitted-sheet-for-mattress-topper-soft-taupe-400tc?variant_sku=8720648154683,https://cdn.shopify.com/s/files/1/0884/0278/8685/files/bamboo-fitted-sheet-mattress-topper-soft-taupe-corner-fit.jpg?v=1786182490,"https://cdn.shopify.com/s/files/1/0884/0278/8685/files/bamboo-fitted-sheet-mattress-topper-soft-taupe-seam-detail.jpg?v=1786182117,https://cdn.shopify.com/s/files/1/0884/0278/8685/files/bamboo-fitted-sheet-mattress-topper-soft-taupe-fabric-drape-1.jpg?v=1786182117,https://cdn.shopify.com/s/files/1/0884/0278/8685/files/bamboo-fitted-sheet-mattress-topper-soft-taupe-fabric-drape-2.jpg?v=1786182117,https://cdn.shopify.com/s/files/1/0884/0278/8685/files/bamboo-fitted-sheet-mattress-topper-soft-taupe-corner-loose.jpg?v=1786182117",out_of_stock,174.00 EUR,Boomba Bamboo,new,8720648154683,8720648154683,bamboo-fitted-sheet-for-mattress-topper-soft-taupe-400tc,Soft taupe,200x210 cm,100% Bamboo (Tanboocel™)
8720648154652,"Drap-housse en bambou pour surmatelas, couleur taupe clair, 400TC","Un drap-housse haut de gamme 100 % bambou, adapté aux surmatelas d'une épaisseur maximale de 10 cm, disponible en « Soft Taupe » : un tissu Tanboocel™ 400TC au toucher soyeux, respirant et thermorégulateur, pour des nuits fraîches tout au long de l'année.",https://www.maisondecocon.com/fr/products/bamboo-fitted-sheet-for-mattress-topper-soft-taupe-400tc?variant_sku=8720648154652,https://cdn.shopify.com/s/files/1/0884/0278/8685/files/bamboo-fitted-sheet-mattress-topper-soft-taupe-corner-fit.jpg?v=1786182490,"https://cdn.shopify.com/s/files/1/0884/0278/8685/files/bamboo-fitted-sheet-mattress-topper-soft-taupe-seam-detail.jpg?v=1786182117,https://cdn.shopify.com/s/files/1/0884/0278/8685/files/bamboo-fitted-sheet-mattress-topper-soft-taupe-fabric-drape-1.jpg?v=1786182117,https://cdn.shopify.com/s/files/1/0884/0278/8685/files/bamboo-fitted-sheet-mattress-topper-soft-taupe-fabric-drape-2.jpg?v=1786182117,https://cdn.shopify.com/s/files/1/0884/0278/8685/files/bamboo-fitted-sheet-mattress-topper-soft-taupe-corner-loose.jpg?v=1786182117",in_stock,159.00 EUR,Boomba Bamboo,new,8720648154652,8720648154652,bamboo-fitted-sheet-for-mattress-topper-soft-taupe-400tc,Soft taupe,180x210 cm,100% Bamboo (Tanboocel™)
8720648154621,"Drap-housse en bambou pour surmatelas, couleur taupe clair, 400TC","Un drap-housse haut de gamme 100 % bambou, adapté aux surmatelas d'une épaisseur maximale de 10 cm, disponible en « Soft Taupe » : un tissu Tanboocel™ 400TC au toucher soyeux, respirant et thermorégulateur, pour des nuits fraîches tout au long de l'année.",https://www.maisondecocon.com/fr/products/bamboo-fitted-sheet-for-mattress-topper-soft-taupe-400tc?variant_sku=8720648154621,https://cdn.shopify.com/s/files/1/0884/0278/8685/files/bamboo-fitted-sheet-mattress-topper-soft-taupe-corner-fit.jpg?v=1786182490,"https://cdn.shopify.com/s/files/1/0884/0278/8685/files/bamboo-fitted-sheet-mattress-topper-soft-taupe-seam-detail.jpg?v=1786182117,https://cdn.shopify.com/s/files/1/0884/0278/8685/files/bamboo-fitted-sheet-mattress-topper-soft-taupe-fabric-drape-1.jpg?v=1786182117,https://cdn.shopify.com/s/files/1/0884/0278/8685/files/bamboo-fitted-sheet-mattress-topper-soft-taupe-fabric-drape-2.jpg?v=1786182117,https://cdn.shopify.com/s/files/1/0884/0278/8685/files/bamboo-fitted-sheet-mattress-topper-soft-taupe-corner-loose.jpg?v=1786182117",in_stock,144.00 EUR,Boomba Bamboo,new,8720648154621,8720648154621,bamboo-fitted-sheet-for-mattress-topper-soft-taupe-400tc,Soft taupe,140x200 cm,100% Bamboo (Tanboocel™)
8720648154676,"Drap-housse en bambou pour surmatelas, couleur taupe clair, 400TC","Un drap-housse haut de gamme 100 % bambou, adapté aux surmatelas d'une épaisseur maximale de 10 cm, disponible en « Soft Taupe » : un tissu Tanboocel™ 400TC au toucher soyeux, respirant et thermorégulateur, pour des nuits fraîches tout au long de l'année.",https://www.maisondecocon.com/fr/products/bamboo-fitted-sheet-for-mattress-topper-soft-taupe-400tc?variant_sku=8720648154676,https://cdn.shopify.com/s/files/1/0884/0278/8685/files/bamboo-fitted-sheet-mattress-topper-soft-taupe-corner-fit.jpg?v=1786182490,"https://cdn.shopify.com/s/files/1/0884/0278/8685/files/bamboo-fitted-sheet-mattress-topper-soft-taupe-seam-detail.jpg?v=1786182117,https://cdn.shopify.com/s/files/1/0884/0278/8685/files/bamboo-fitted-sheet-mattress-topper-soft-taupe-fabric-drape-1.jpg?v=1786182117,https://cdn.shopify.com/s/files/1/0884/0278/8685/files/bamboo-fitted-sheet-mattress-topper-soft-taupe-fabric-drape-2.jpg?v=1786182117,https://cdn.shopify.com/s/files/1/0884/0278/8685/files/bamboo-fitted-sheet-mattress-topper-soft-taupe-corner-loose.jpg?v=1786182117",in_stock,168.00 EUR,Boomba Bamboo,new,8720648154676,8720648154676,bamboo-fitted-sheet-for-mattress-topper-soft-taupe-400tc,Soft taupe,200x200 cm,100% Bamboo (Tanboocel™)
8720648154669,"Drap-housse en bambou pour surmatelas, couleur taupe clair, 400TC","Un drap-housse haut de gamme 100 % bambou, adapté aux surmatelas d'une épaisseur maximale de 10 cm, disponible en « Soft Taupe » : un tissu Tanboocel™ 400TC au toucher soyeux, respirant et thermorégulateur, pour des nuits fraîches tout au long de l'année.",https://www.maisondecocon.com/fr/products/bamboo-fitted-sheet-for-mattress-topper-soft-taupe-400tc?variant_sku=8720648154669,https://cdn.shopify.com/s/files/1/0884/0278/8685/files/bamboo-fitted-sheet-mattress-topper-soft-taupe-corner-fit.jpg?v=1786182490,"https://cdn.shopify.com/s/files/1/0884/0278/8685/files/bamboo-fitted-sheet-mattress-topper-soft-taupe-seam-detail.jpg?v=1786182117,https://cdn.shopify.com/s/files/1/0884/0278/8685/files/bamboo-fitted-sheet-mattress-topper-soft-taupe-fabric-drape-1.jpg?v=1786182117,https://cdn.shopify.com/s/files/1/0884/0278/8685/files/bamboo-fitted-sheet-mattress-topper-soft-taupe-fabric-drape-2.jpg?v=1786182117,https://cdn.shopify.com/s/files/1/0884/0278/8685/files/bamboo-fitted-sheet-mattress-topper-soft-taupe-corner-loose.jpg?v=1786182117",in_stock,162.00 EUR,Boomba Bamboo,new,8720648154669,8720648154669,bamboo-fitted-sheet-for-mattress-topper-soft-taupe-400tc,Soft taupe,180x220/210 cm,100% Bamboo (Tanboocel™)
8720648154638,"Drap-housse en bambou pour surmatelas, couleur taupe clair, 400TC","Un drap-housse haut de gamme 100 % bambou, adapté aux surmatelas d'une épaisseur maximale de 10 cm, disponible en « Soft Taupe » : un tissu Tanboocel™ 400TC au toucher soyeux, respirant et thermorégulateur, pour des nuits fraîches tout au long de l'année.",https://www.maisondecocon.com/fr/products/bamboo-fitted-sheet-for-mattress-topper-soft-taupe-400tc?variant_sku=8720648154638,https://cdn.shopify.com/s/files/1/0884/0278/8685/files/bamboo-fitted-sheet-mattress-topper-soft-taupe-corner-fit.jpg?v=1786182490,"https://cdn.shopify.com/s/files/1/0884/0278/8685/files/bamboo-fitted-sheet-mattress-topper-soft-taupe-seam-detail.jpg?v=1786182117,https://cdn.shopify.com/s/files/1/0884/0278/8685/files/bamboo-fitted-sheet-mattress-topper-soft-taupe-fabric-drape-1.jpg?v=1786182117,https://cdn.shopify.com/s/files/1/0884/0278/8685/files/bamboo-fitted-sheet-mattress-topper-soft-taupe-fabric-drape-2.jpg?v=1786182117,https://cdn.shopify.com/s/files/1/0884/0278/8685/files/bamboo-fitted-sheet-mattress-topper-soft-taupe-corner-loose.jpg?v=1786182117",in_stock,147.00 EUR,Boomba Bamboo,new,8720648154638,8720648154638,bamboo-fitted-sheet-for-mattress-topper-soft-taupe-400tc,Soft taupe,160x200 cm,100% Bamboo (Tanboocel™)
8720648154690,"Drap-housse en bambou pour surmatelas, couleur taupe clair, 400TC","Un drap-housse haut de gamme 100 % bambou, adapté aux surmatelas d'une épaisseur maximale de 10 cm, disponible en « Soft Taupe » : un tissu Tanboocel™ 400TC au toucher soyeux, respirant et thermorégulateur, pour des nuits fraîches tout au long de l'année.",https://www.maisondecocon.com/fr/products/bamboo-fitted-sheet-for-mattress-topper-soft-taupe-400tc?variant_sku=8720648154690,https://cdn.shopify.com/s/files/1/0884/0278/8685/files/bamboo-fitted-sheet-mattress-topper-soft-taupe-corner-fit.jpg?v=1786182490,"https://cdn.shopify.com/s/files/1/0884/0278/8685/files/bamboo-fitted-sheet-mattress-topper-soft-taupe-seam-detail.jpg?v=1786182117,https://cdn.shopify.com/s/files/1/0884/0278/8685/files/bamboo-fitted-sheet-mattress-topper-soft-taupe-fabric-drape-1.jpg?v=1786182117,https://cdn.shopify.com/s/files/1/0884/0278/8685/files/bamboo-fitted-sheet-mattress-topper-soft-taupe-fabric-drape-2.jpg?v=1786182117,https://cdn.shopify.com/s/files/1/0884/0278/8685/files/bamboo-fitted-sheet-mattress-topper-soft-taupe-corner-loose.jpg?v=1786182117",in_stock,180.00 EUR,Boomba Bamboo,new,8720648154690,8720648154690,bamboo-fitted-sheet-for-mattress-topper-soft-taupe-400tc,Soft taupe,200x220/210 cm,100% Bamboo (Tanboocel™)
8720648154645,"Drap-housse en bambou pour surmatelas, couleur taupe clair, 400TC","Un drap-housse haut de gamme 100 % bambou, adapté aux surmatelas d'une épaisseur maximale de 10 cm, disponible en « Soft Taupe » : un tissu Tanboocel™ 400TC au toucher soyeux, respirant et thermorégulateur, pour des nuits fraîches tout au long de l'année.",https://www.maisondecocon.com/fr/products/bamboo-fitted-sheet-for-mattress-topper-soft-taupe-400tc?variant_sku=8720648154645,https://cdn.shopify.com/s/files/1/0884/0278/8685/files/bamboo-fitted-sheet-mattress-topper-soft-taupe-corner-fit.jpg?v=1786182490,"https://cdn.shopify.com/s/files/1/0884/0278/8685/files/bamboo-fitted-sheet-mattress-topper-soft-taupe-seam-detail.jpg?v=1786182117,https://cdn.shopify.com/s/files/1/0884/0278/8685/files/bamboo-fitted-sheet-mattress-topper-soft-taupe-fabric-drape-1.jpg?v=1786182117,https://cdn.shopify.com/s/files/1/0884/0278/8685/files/bamboo-fitted-sheet-mattress-topper-soft-taupe-fabric-drape-2.jpg?v=1786182117,https://cdn.shopify.com/s/files/1/0884/0278/8685/files/bamboo-fitted-sheet-mattress-topper-soft-taupe-corner-loose.jpg?v=1786182117",out_of_stock,156.00 EUR,Boomba Bamboo,new,8720648154645,8720648154645,bamboo-fitted-sheet-for-mattress-topper-soft-taupe-400tc,Soft taupe,180x200 cm,100% Bamboo (Tanboocel™)
6154518089058,Housse de couette en bambou « Lavender Mist » 400TC,"Une housse de couette en bambou d'une douceur soyeuse, 400TC, dans la teinte apaisante « Lavender Mist » : respirante, hypoallergénique et disponible avec une fermeture à boutons en bambou ou une bande à rentrer sous le matelas.",https://www.maisondecocon.com/fr/products/bamboo-duvet-cover-lavender-mist-400tc?variant_sku=6154518089058,https://cdn.shopify.com/s/files/1/0884/0278/8685/files/bamboo-duvet-cover-lavender-mist-bedroom-lifestyle-1.jpg?v=1786136174,"https://cdn.shopify.com/s/files/1/0884/0278/8685/files/bamboo-duvet-cover-lavender-mist-fabric-detail-2.jpg?v=1786136174,https://cdn.shopify.com/s/files/1/0884/0278/8685/files/bamboo-duvet-cover-lavender-mist-bedroom-lifestyle-2.jpg?v=1786136174,https://cdn.shopify.com/s/files/1/0884/0278/8685/files/bamboo-duvet-cover-lavender-mist-fabric-detail-1.jpg?v=1786136174,https://cdn.shopify.com/s/files/1/0884/0278/8685/files/bamboo-duvet-cover-lavender-mist-bedroom-lifestyle-3.jpg?v=1786136174,https://cdn.shopify.com/s/files/1/0884/0278/8685/files/bamboo-duvet-cover-lavender-mist-bedroom-lifestyle-4.jpg?v=1786136174,https://cdn.shopify.com/s/files/1/0884/0278/8685/files/bamboo-duvet-cover-lavender-mist-packaging.jpg?v=1786136174",in_stock,336.00 EUR,Boomba Bamboo,new,6154518089058,6154518089058,bamboo-duvet-cover-lavender-mist-400tc,Lavender Mist,200x220/210 cm,100% Bamboo (Tanboocel™)
6154516245234,Housse de couette en bambou « Lavender Mist » 400TC,"Une housse de couette en bambou d'une douceur soyeuse, 400TC, dans la teinte apaisante « Lavender Mist » : respirante, hypoallergénique et disponible avec une fermeture à boutons en bambou ou une bande à rentrer sous le matelas.",https://www.maisondecocon.com/fr/products/bamboo-duvet-cover-lavender-mist-400tc?variant_sku=6154516245234,https://cdn.shopify.com/s/files/1/0884/0278/8685/files/bamboo-duvet-cover-lavender-mist-bedroom-lifestyle-1.jpg?v=1786136174,"https://cdn.shopify.com/s/files/1/0884/0278/8685/files/bamboo-duvet-cover-lavender-mist-fabric-detail-2.jpg?v=1786136174,https://cdn.shopify.com/s/files/1/0884/0278/8685/files/bamboo-duvet-cover-lavender-mist-bedroom-lifestyle-2.jpg?v=1786136174,https://cdn.shopify.com/s/files/1/0884/0278/8685/files/bamboo-duvet-cover-lavender-mist-fabric-detail-1.jpg?v=1786136174,https://cdn.shopify.com/s/files/1/0884/0278/8685/files/bamboo-duvet-cover-lavender-mist-bedroom-lifestyle-3.jpg?v=1786136174,https://cdn.shopify.com/s/files/1/0884/0278/8685/files/bamboo-duvet-cover-lavender-mist-bedroom-lifestyle-4.jpg?v=1786136174,https://cdn.shopify.com/s/files/1/0884/0278/8685/files/bamboo-duvet-cover-lavender-mist-packaging.jpg?v=1786136174",in_stock,267.00 EUR,Boomba Bamboo,new,6154516245234,6154516245234,bamboo-duvet-cover-lavender-mist-400tc,Lavender Mist,140x220 cm,100% Bamboo (Tanboocel™)
6154518158129,Housse de couette en bambou « Lavender Mist » 400TC,"Une housse de couette en bambou d'une douceur soyeuse, 400TC, dans la teinte apaisante « Lavender Mist » : respirante, hypoallergénique et disponible avec une fermeture à boutons en bambou ou une bande à rentrer sous le matelas.",https://www.maisondecocon.com/fr/products/bamboo-duvet-cover-lavender-mist-400tc?variant_sku=6154518158129,https://cdn.shopify.com/s/files/1/0884/0278/8685/files/bamboo-duvet-cover-lavender-mist-bedroom-lifestyle-1.jpg?v=1786136174,"https://cdn.shopify.com/s/files/1/0884/0278/8685/files/bamboo-duvet-cover-lavender-mist-fabric-detail-2.jpg?v=1786136174,https://cdn.shopify.com/s/files/1/0884/0278/8685/files/bamboo-duvet-cover-lavender-mist-bedroom-lifestyle-2.jpg?v=1786136174,https://cdn.shopify.com/s/files/1/0884/0278/8685/files/bamboo-duvet-cover-lavender-mist-fabric-detail-1.jpg?v=1786136174,https://cdn.shopify.com/s/files/1/0884/0278/8685/files/bamboo-duvet-cover-lavender-mist-bedroom-lifestyle-3.jpg?v=1786136174,https://cdn.shopify.com/s/files/1/0884/0278/8685/files/bamboo-duvet-cover-lavender-mist-bedroom-lifestyle-4.jpg?v=1786136174,https://cdn.shopify.com/s/files/1/0884/0278/8685/files/bamboo-duvet-cover-lavender-mist-packaging.jpg?v=1786136174",in_stock,387.00 EUR,Boomba Bamboo,new,6154518158129,6154518158129,bamboo-duvet-cover-lavender-mist-400tc,Lavender Mist,240x220 cm,100% Bamboo (Tanboocel™)
6154516770743,Housse de couette en bambou « Lavender Mist » 400TC,"Une housse de couette en bambou d'une douceur soyeuse, 400TC, dans la teinte apaisante « Lavender Mist » : respirante, hypoallergénique et disponible avec une fermeture à boutons en bambou ou une bande à rentrer sous le matelas.",https://www.maisondecocon.com/fr/products/bamboo-duvet-cover-lavender-mist-400tc?variant_sku=6154516770743,https://cdn.shopify.com/s/files/1/0884/0278/8685/files/bamboo-duvet-cover-lavender-mist-bedroom-lifestyle-1.jpg?v=1786136174,"https://cdn.shopify.com/s/files/1/0884/0278/8685/files/bamboo-duvet-cover-lavender-mist-fabric-detail-2.jpg?v=1786136174,https://cdn.shopify.com/s/files/1/0884/0278/8685/files/bamboo-duvet-cover-lavender-mist-bedroom-lifestyle-2.jpg?v=1786136174,https://cdn.shopify.com/s/files/1/0884/0278/8685/files/bamboo-duvet-cover-lavender-mist-fabric-detail-1.jpg?v=1786136174,https://cdn.shopify.com/s/files/1/0884/0278/8685/files/bamboo-duvet-cover-lavender-mist-bedroom-lifestyle-3.jpg?v=1786136174,https://cdn.shopify.com/s/files/1/0884/0278/8685/files/bamboo-duvet-cover-lavender-mist-bedroom-lifestyle-4.jpg?v=1786136174,https://cdn.shopify.com/s/files/1/0884/0278/8685/files/bamboo-duvet-cover-lavender-mist-packaging.jpg?v=1786136174",in_stock,402.00 EUR,Boomba Bamboo,new,6154516770743,6154516770743,bamboo-duvet-cover-lavender-mist-400tc,Lavender Mist,260x240/220 cm,100% Bamboo (Tanboocel™)
6154518295268,Housse de couette en bambou « Lavender Mist » 400TC,"Une housse de couette en bambou d'une douceur soyeuse, 400TC, dans la teinte apaisante « Lavender Mist » : respirante, hypoallergénique et disponible avec une fermeture à boutons en bambou ou une bande à rentrer sous le matelas.",https://www.maisondecocon.com/fr/products/bamboo-duvet-cover-lavender-mist-400tc?variant_sku=6154518295268,https://cdn.shopify.com/s/files/1/0884/0278/8685/files/bamboo-duvet-cover-lavender-mist-bedroom-lifestyle-1.jpg?v=1786136174,"https://cdn.shopify.com/s/files/1/0884/0278/8685/files/bamboo-duvet-cover-lavender-mist-fabric-detail-2.jpg?v=1786136174,https://cdn.shopify.com/s/files/1/0884/0278/8685/files/bamboo-duvet-cover-lavender-mist-bedroom-lifestyle-2.jpg?v=1786136174,https://cdn.shopify.com/s/files/1/0884/0278/8685/files/bamboo-duvet-cover-lavender-mist-fabric-detail-1.jpg?v=1786136174,https://cdn.shopify.com/s/files/1/0884/0278/8685/files/bamboo-duvet-cover-lavender-mist-bedroom-lifestyle-3.jpg?v=1786136174,https://cdn.shopify.com/s/files/1/0884/0278/8685/files/bamboo-duvet-cover-lavender-mist-bedroom-lifestyle-4.jpg?v=1786136174,https://cdn.shopify.com/s/files/1/0884/0278/8685/files/bamboo-duvet-cover-lavender-mist-packaging.jpg?v=1786136174",in_stock,420.00 EUR,Boomba Bamboo,new,6154518295268,6154518295268,bamboo-duvet-cover-lavender-mist-400tc,Lavender Mist,260x240/220 cm,100% Bamboo (Tanboocel™)
6154517521573,Housse de couette en bambou « Lavender Mist » 400TC,"Une housse de couette en bambou d'une douceur soyeuse, 400TC, dans la teinte apaisante « Lavender Mist » : respirante, hypoallergénique et disponible avec une fermeture à boutons en bambou ou une bande à rentrer sous le matelas.",https://www.maisondecocon.com/fr/products/bamboo-duvet-cover-lavender-mist-400tc?variant_sku=6154517521573,https://cdn.shopify.com/s/files/1/0884/0278/8685/files/bamboo-duvet-cover-lavender-mist-bedroom-lifestyle-1.jpg?v=1786136174,"https://cdn.shopify.com/s/files/1/0884/0278/8685/files/bamboo-duvet-cover-lavender-mist-fabric-detail-2.jpg?v=1786136174,https://cdn.shopify.com/s/files/1/0884/0278/8685/files/bamboo-duvet-cover-lavender-mist-bedroom-lifestyle-2.jpg?v=1786136174,https://cdn.shopify.com/s/files/1/0884/0278/8685/files/bamboo-duvet-cover-lavender-mist-fabric-detail-1.jpg?v=1786136174,https://cdn.shopify.com/s/files/1/0884/0278/8685/files/bamboo-duvet-cover-lavender-mist-bedroom-lifestyle-3.jpg?v=1786136174,https://cdn.shopify.com/s/files/1/0884/0278/8685/files/bamboo-duvet-cover-lavender-mist-bedroom-lifestyle-4.jpg?v=1786136174,https://cdn.shopify.com/s/files/1/0884/0278/8685/files/bamboo-duvet-cover-lavender-mist-packaging.jpg?v=1786136174",in_stock,282.00 EUR,Boomba Bamboo,new,6154517521573,6154517521573,bamboo-duvet-cover-lavender-mist-400tc,Lavender Mist,140x200 cm,100% Bamboo (Tanboocel™)
6154516397339,Housse de couette en bambou « Lavender Mist » 400TC,"Une housse de couette en bambou d'une douceur soyeuse, 400TC, dans la teinte apaisante « Lavender Mist » : respirante, hypoallergénique et disponible avec une fermeture à boutons en bambou ou une bande à rentrer sous le matelas.",https://www.maisondecocon.com/fr/products/bamboo-duvet-cover-lavender-mist-400tc?variant_sku=6154516397339,https://cdn.shopify.com/s/files/1/0884/0278/8685/files/bamboo-duvet-cover-lavender-mist-bedroom-lifestyle-1.jpg?v=1786136174,"https://cdn.shopify.com/s/files/1/0884/0278/8685/files/bamboo-duvet-cover-lavender-mist-fabric-detail-2.jpg?v=1786136174,https://cdn.shopify.com/s/files/1/0884/0278/8685/files/bamboo-duvet-cover-lavender-mist-bedroom-lifestyle-2.jpg?v=1786136174,https://cdn.shopify.com/s/files/1/0884/0278/8685/files/bamboo-duvet-cover-lavender-mist-fabric-detail-1.jpg?v=1786136174,https://cdn.shopify.com/s/files/1/0884/0278/8685/files/bamboo-duvet-cover-lavender-mist-bedroom-lifestyle-3.jpg?v=1786136174,https://cdn.shopify.com/s/files/1/0884/0278/8685/files/bamboo-duvet-cover-lavender-mist-bedroom-lifestyle-4.jpg?v=1786136174,https://cdn.shopify.com/s/files/1/0884/0278/8685/files/bamboo-duvet-cover-lavender-mist-packaging.jpg?v=1786136174",in_stock,300.00 EUR,Boomba Bamboo,new,6154516397339,6154516397339,bamboo-duvet-cover-lavender-mist-400tc,Lavender Mist,200x200 cm,100% Bamboo (Tanboocel™)
6154517821871,Housse de couette en bambou « Lavender Mist » 400TC,"Une housse de couette en bambou d'une douceur soyeuse, 400TC, dans la teinte apaisante « Lavender Mist » : respirante, hypoallergénique et disponible avec une fermeture à boutons en bambou ou une bande à rentrer sous le matelas.",https://www.maisondecocon.com/fr/products/bamboo-duvet-cover-lavender-mist-400tc?variant_sku=6154517821871,https://cdn.shopify.com/s/files/1/0884/0278/8685/files/bamboo-duvet-cover-lavender-mist-bedroom-lifestyle-1.jpg?v=1786136174,"https://cdn.shopify.com/s/files/1/0884/0278/8685/files/bamboo-duvet-cover-lavender-mist-fabric-detail-2.jpg?v=1786136174,https://cdn.shopify.com/s/files/1/0884/0278/8685/files/bamboo-duvet-cover-lavender-mist-bedroom-lifestyle-2.jpg?v=1786136174,https://cdn.shopify.com/s/files/1/0884/0278/8685/files/bamboo-duvet-cover-lavender-mist-fabric-detail-1.jpg?v=1786136174,https://cdn.shopify.com/s/files/1/0884/0278/8685/files/bamboo-duvet-cover-lavender-mist-bedroom-lifestyle-3.jpg?v=1786136174,https://cdn.shopify.com/s/files/1/0884/0278/8685/files/bamboo-duvet-cover-lavender-mist-bedroom-lifestyle-4.jpg?v=1786136174,https://cdn.shopify.com/s/files/1/0884/0278/8685/files/bamboo-duvet-cover-lavender-mist-packaging.jpg?v=1786136174",in_stock,297.00 EUR,Boomba Bamboo,new,6154517821871,6154517821871,bamboo-duvet-cover-lavender-mist-400tc,Lavender Mist,140x220 cm,100% Bamboo (Tanboocel™)
6154516219228,Housse de couette en bambou « Lavender Mist » 400TC,"Une housse de couette en bambou d'une douceur soyeuse, 400TC, dans la teinte apaisante « Lavender Mist » : respirante, hypoallergénique et disponible avec une fermeture à boutons en bambou ou une bande à rentrer sous le matelas.",https://www.maisondecocon.com/fr/products/bamboo-duvet-cover-lavender-mist-400tc?variant_sku=6154516219228,https://cdn.shopify.com/s/files/1/0884/0278/8685/files/bamboo-duvet-cover-lavender-mist-bedroom-lifestyle-1.jpg?v=1786136174,"https://cdn.shopify.com/s/files/1/0884/0278/8685/files/bamboo-duvet-cover-lavender-mist-fabric-detail-2.jpg?v=1786136174,https://cdn.shopify.com/s/files/1/0884/0278/8685/files/bamboo-duvet-cover-lavender-mist-bedroom-lifestyle-2.jpg?v=1786136174,https://cdn.shopify.com/s/files/1/0884/0278/8685/files/bamboo-duvet-cover-lavender-mist-fabric-detail-1.jpg?v=1786136174,https://cdn.shopify.com/s/files/1/0884/0278/8685/files/bamboo-duvet-cover-lavender-mist-bedroom-lifestyle-3.jpg?v=1786136174,https://cdn.shopify.com/s/files/1/0884/0278/8685/files/bamboo-duvet-cover-lavender-mist-bedroom-lifestyle-4.jpg?v=1786136174,https://cdn.shopify.com/s/files/1/0884/0278/8685/files/bamboo-duvet-cover-lavender-mist-packaging.jpg?v=1786136174",in_stock,258.00 EUR,Boomba Bamboo,new,6154516219228,6154516219228,bamboo-duvet-cover-lavender-mist-400tc,Lavender Mist,140x200 cm,100% Bamboo (Tanboocel™)
6154516527507,Housse de couette en bambou « Lavender Mist » 400TC,"Une housse de couette en bambou d'une douceur soyeuse, 400TC, dans la teinte apaisante « Lavender Mist » : respirante, hypoallergénique et disponible avec une fermeture à boutons en bambou ou une bande à rentrer sous le matelas.",https://www.maisondecocon.com/fr/products/bamboo-duvet-cover-lavender-mist-400tc?variant_sku=6154516527507,https://cdn.shopify.com/s/files/1/0884/0278/8685/files/bamboo-duvet-cover-lavender-mist-bedroom-lifestyle-1.jpg?v=1786136174,"https://cdn.shopify.com/s/files/1/0884/0278/8685/files/bamboo-duvet-cover-lavender-mist-fabric-detail-2.jpg?v=1786136174,https://cdn.shopify.com/s/files/1/0884/0278/8685/files/bamboo-duvet-cover-lavender-mist-bedroom-lifestyle-2.jpg?v=1786136174,https://cdn.shopify.com/s/files/1/0884/0278/8685/files/bamboo-duvet-cover-lavender-mist-fabric-detail-1.jpg?v=1786136174,https://cdn.shopify.com/s/files/1/0884/0278/8685/files/bamboo-duvet-cover-lavender-mist-bedroom-lifestyle-3.jpg?v=1786136174,https://cdn.shopify.com/s/files/1/0884/0278/8685/files/bamboo-duvet-cover-lavender-mist-bedroom-lifestyle-4.jpg?v=1786136174,https://cdn.shopify.com/s/files/1/0884/0278/8685/files/bamboo-duvet-cover-lavender-mist-packaging.jpg?v=1786136174",in_stock,318.00 EUR,Boomba Bamboo,new,6154516527507,6154516527507,bamboo-duvet-cover-lavender-mist-400tc,Lavender Mist,200x220/210 cm,100% Bamboo (Tanboocel™)
6154516651622,Housse de couette en bambou « Lavender Mist » 400TC,"Une housse de couette en bambou d'une douceur soyeuse, 400TC, dans la teinte apaisante « Lavender Mist » : respirante, hypoallergénique et disponible avec une fermeture à boutons en bambou ou une bande à rentrer sous le matelas.",https://www.maisondecocon.com/fr/products/bamboo-duvet-cover-lavender-mist-400tc?variant_sku=6154516651622,https://cdn.shopify.com/s/files/1/0884/0278/8685/files/bamboo-duvet-cover-lavender-mist-bedroom-lifestyle-1.jpg?v=1786136174,"https://cdn.shopify.com/s/files/1/0884/0278/8685/files/bamboo-duvet-cover-lavender-mist-fabric-detail-2.jpg?v=1786136174,https://cdn.shopify.com/s/files/1/0884/0278/8685/files/bamboo-duvet-cover-lavender-mist-bedroom-lifestyle-2.jpg?v=1786136174,https://cdn.shopify.com/s/files/1/0884/0278/8685/files/bamboo-duvet-cover-lavender-mist-fabric-detail-1.jpg?v=1786136174,https://cdn.shopify.com/s/files/1/0884/0278/8685/files/bamboo-duvet-cover-lavender-mist-bedroom-lifestyle-3.jpg?v=1786136174,https://cdn.shopify.com/s/files/1/0884/0278/8685/files/bamboo-duvet-cover-lavender-mist-bedroom-lifestyle-4.jpg?v=1786136174,https://cdn.shopify.com/s/files/1/0884/0278/8685/files/bamboo-duvet-cover-lavender-mist-packaging.jpg?v=1786136174",in_stock,369.00 EUR,Boomba Bamboo,new,6154516651622,6154516651622,bamboo-duvet-cover-lavender-mist-400tc,Lavender Mist,240x220 cm,100% Bamboo (Tanboocel™)
6154517867855,Housse de couette en bambou « Lavender Mist » 400TC,"Une housse de couette en bambou d'une douceur soyeuse, 400TC, dans la teinte apaisante « Lavender Mist » : respirante, hypoallergénique et disponible avec une fermeture à boutons en bambou ou une bande à rentrer sous le matelas.",https://www.maisondecocon.com/fr/products/bamboo-duvet-cover-lavender-mist-400tc?variant_sku=6154517867855,https://cdn.shopify.com/s/files/1/0884/0278/8685/files/bamboo-duvet-cover-lavender-mist-bedroom-lifestyle-1.jpg?v=1786136174,"https://cdn.shopify.com/s/files/1/0884/0278/8685/files/bamboo-duvet-cover-lavender-mist-fabric-detail-2.jpg?v=1786136174,https://cdn.shopify.com/s/files/1/0884/0278/8685/files/bamboo-duvet-cover-lavender-mist-bedroom-lifestyle-2.jpg?v=1786136174,https://cdn.shopify.com/s/files/1/0884/0278/8685/files/bamboo-duvet-cover-lavender-mist-fabric-detail-1.jpg?v=1786136174,https://cdn.shopify.com/s/files/1/0884/0278/8685/files/bamboo-duvet-cover-lavender-mist-bedroom-lifestyle-3.jpg?v=1786136174,https://cdn.shopify.com/s/files/1/0884/0278/8685/files/bamboo-duvet-cover-lavender-mist-bedroom-lifestyle-4.jpg?v=1786136174,https://cdn.shopify.com/s/files/1/0884/0278/8685/files/bamboo-duvet-cover-lavender-mist-packaging.jpg?v=1786136174",in_stock,318.00 EUR,Boomba Bamboo,new,6154517867855,6154517867855,bamboo-duvet-cover-lavender-mist-400tc,Lavender Mist,200x200 cm,100% Bamboo (Tanboocel™)
8720648154775,"Housse de couette en bambou, Space Blue, 400TC","Une housse de couette en bambou d'une douceur soyeuse, 400TC, dans un Space Blue profond — respirante, hypoallergénique et disponible avec une fermeture à boutons en bambou ou une bande à rentrer sous le matelas.",https://www.maisondecocon.com/fr/products/bamboo-duvet-cover-space-blue-400tc?variant_sku=8720648154775,https://cdn.shopify.com/s/files/1/0884/0278/8685/files/bamboo-duvet-cover-space-blue-bedroom-lifestyle-1.jpg?v=1786136300,"https://cdn.shopify.com/s/files/1/0884/0278/8685/files/bamboo-duvet-cover-space-blue-bedroom-lifestyle-2.jpg?v=1786136300,https://cdn.shopify.com/s/files/1/0884/0278/8685/files/bamboo-duvet-cover-space-blue-fabric-detail.jpg?v=1786136300,https://cdn.shopify.com/s/files/1/0884/0278/8685/files/bamboo-duvet-cover-space-blue-tuck-in-strip-detail.jpg?v=1786136300,https://cdn.shopify.com/s/files/1/0884/0278/8685/files/bamboo-duvet-cover-space-blue-bamboo-button-detail.jpg?v=1786136300,https://cdn.shopify.com/s/files/1/0884/0278/8685/files/bamboo-duvet-cover-space-blue-bedroom-lifestyle-3.jpg?v=1786136300,https://cdn.shopify.com/s/files/1/0884/0278/8685/files/bamboo-duvet-cover-space-blue-bedroom-lifestyle-4.jpg?v=1786136300,https://cdn.shopify.com/s/files/1/0884/0278/8685/files/bamboo-duvet-cover-space-blue-packaging.jpg?v=1786136300",in_stock,402.00 EUR,Boomba Bamboo,new,8720648154775,8720648154775,bamboo-duvet-cover-space-blue-400tc,Space Blue,260x240/220 cm,100% Bamboo (Tanboocel™)
8720648154737,"Housse de couette en bambou, Space Blue, 400TC","Une housse de couette en bambou d'une douceur soyeuse, 400TC, dans un Space Blue profond — respirante, hypoallergénique et disponible avec une fermeture à boutons en bambou ou une bande à rentrer sous le matelas.",https://www.maisondecocon.com/fr/products/bamboo-duvet-cover-space-blue-400tc?variant_sku=8720648154737,https://cdn.shopify.com/s/files/1/0884/0278/8685/files/bamboo-duvet-cover-space-blue-bedroom-lifestyle-1.jpg?v=1786136300,"https://cdn.shopify.com/s/files/1/0884/0278/8685/files/bamboo-duvet-cover-space-blue-bedroom-lifestyle-2.jpg?v=1786136300,https://cdn.shopify.com/s/files/1/0884/0278/8685/files/bamboo-duvet-cover-space-blue-fabric-detail.jpg?v=1786136300,https://cdn.shopify.com/s/files/1/0884/0278/8685/files/bamboo-duvet-cover-space-blue-tuck-in-strip-detail.jpg?v=1786136300,https://cdn.shopify.com/s/files/1/0884/0278/8685/files/bamboo-duvet-cover-space-blue-bamboo-button-detail.jpg?v=1786136300,https://cdn.shopify.com/s/files/1/0884/0278/8685/files/bamboo-duvet-cover-space-blue-bedroom-lifestyle-3.jpg?v=1786136300,https://cdn.shopify.com/s/files/1/0884/0278/8685/files/bamboo-duvet-cover-space-blue-bedroom-lifestyle-4.jpg?v=1786136300,https://cdn.shopify.com/s/files/1/0884/0278/8685/files/bamboo-duvet-cover-space-blue-packaging.jpg?v=1786136300",out_of_stock,258.00 EUR,Boomba Bamboo,new,8720648154737,8720648154737,bamboo-duvet-cover-space-blue-400tc,Space Blue,140x200 cm,100% Bamboo (Tanboocel™)
8720618860750,"Housse de couette en bambou, Space Blue, 400TC","Une housse de couette en bambou d'une douceur soyeuse, 400TC, dans un Space Blue profond — respirante, hypoallergénique et disponible avec une fermeture à boutons en bambou ou une bande à rentrer sous le matelas.",https://www.maisondecocon.com/fr/products/bamboo-duvet-cover-space-blue-400tc?variant_sku=8720618860750,https://cdn.shopify.com/s/files/1/0884/0278/8685/files/bamboo-duvet-cover-space-blue-bedroom-lifestyle-1.jpg?v=1786136300,"https://cdn.shopify.com/s/files/1/0884/0278/8685/files/bamboo-duvet-cover-space-blue-bedroom-lifestyle-2.jpg?v=1786136300,https://cdn.shopify.com/s/files/1/0884/0278/8685/files/bamboo-duvet-cover-space-blue-fabric-detail.jpg?v=1786136300,https://cdn.shopify.com/s/files/1/0884/0278/8685/files/bamboo-duvet-cover-space-blue-tuck-in-strip-detail.jpg?v=1786136300,https://cdn.shopify.com/s/files/1/0884/0278/8685/files/bamboo-duvet-cover-space-blue-bamboo-button-detail.jpg?v=1786136300,https://cdn.shopify.com/s/files/1/0884/0278/8685/files/bamboo-duvet-cover-space-blue-bedroom-lifestyle-3.jpg?v=1786136300,https://cdn.shopify.com/s/files/1/0884/0278/8685/files/bamboo-duvet-cover-space-blue-bedroom-lifestyle-4.jpg?v=1786136300,https://cdn.shopify.com/s/files/1/0884/0278/8685/files/bamboo-duvet-cover-space-blue-packaging.jpg?v=1786136300",in_stock,420.00 EUR,Boomba Bamboo,new,8720618860750,8720618860750,bamboo-duvet-cover-space-blue-400tc,Space Blue,260x240/220 cm,100% Bamboo (Tanboocel™)
8720618860729,"Housse de couette en bambou, Space Blue, 400TC","Une housse de couette en bambou d'une douceur soyeuse, 400TC, dans un Space Blue profond — respirante, hypoallergénique et disponible avec une fermeture à boutons en bambou ou une bande à rentrer sous le matelas.",https://www.maisondecocon.com/fr/products/bamboo-duvet-cover-space-blue-400tc?variant_sku=8720618860729,https://cdn.shopify.com/s/files/1/0884/0278/8685/files/bamboo-duvet-cover-space-blue-bedroom-lifestyle-1.jpg?v=1786136300,"https://cdn.shopify.com/s/files/1/0884/0278/8685/files/bamboo-duvet-cover-space-blue-bedroom-lifestyle-2.jpg?v=1786136300,https://cdn.shopify.com/s/files/1/0884/0278/8685/files/bamboo-duvet-cover-space-blue-fabric-detail.jpg?v=1786136300,https://cdn.shopify.com/s/files/1/0884/0278/8685/files/bamboo-duvet-cover-space-blue-tuck-in-strip-detail.jpg?v=1786136300,https://cdn.shopify.com/s/files/1/0884/0278/8685/files/bamboo-duvet-cover-space-blue-bamboo-button-detail.jpg?v=1786136300,https://cdn.shopify.com/s/files/1/0884/0278/8685/files/bamboo-duvet-cover-space-blue-bedroom-lifestyle-3.jpg?v=1786136300,https://cdn.shopify.com/s/files/1/0884/0278/8685/files/bamboo-duvet-cover-space-blue-bedroom-lifestyle-4.jpg?v=1786136300,https://cdn.shopify.com/s/files/1/0884/0278/8685/files/bamboo-duvet-cover-space-blue-packaging.jpg?v=1786136300",in_stock,318.00 EUR,Boomba Bamboo,new,8720618860729,8720618860729,bamboo-duvet-cover-space-blue-400tc,Space Blue,200x200 cm,100% Bamboo (Tanboocel™)
8720618860736,"Housse de couette en bambou, Space Blue, 400TC","Une housse de couette en bambou d'une douceur soyeuse, 400TC, dans un Space Blue profond — respirante, hypoallergénique et disponible avec une fermeture à boutons en bambou ou une bande à rentrer sous le matelas.",https://www.maisondecocon.com/fr/products/bamboo-duvet-cover-space-blue-400tc?variant_sku=8720618860736,https://cdn.shopify.com/s/files/1/0884/0278/8685/files/bamboo-duvet-cover-space-blue-bedroom-lifestyle-1.jpg?v=1786136300,"https://cdn.shopify.com/s/files/1/0884/0278/8685/files/bamboo-duvet-cover-space-blue-bedroom-lifestyle-2.jpg?v=1786136300,https://cdn.shopify.com/s/files/1/0884/0278/8685/files/bamboo-duvet-cover-space-blue-fabric-detail.jpg?v=1786136300,https://cdn.shopify.com/s/files/1/0884/0278/8685/files/bamboo-duvet-cover-space-blue-tuck-in-strip-detail.jpg?v=1786136300,https://cdn.shopify.com/s/files/1/0884/0278/8685/files/bamboo-duvet-cover-space-blue-bamboo-button-detail.jpg?v=1786136300,https://cdn.shopify.com/s/files/1/0884/0278/8685/files/bamboo-duvet-cover-space-blue-bedroom-lifestyle-3.jpg?v=1786136300,https://cdn.shopify.com/s/files/1/0884/0278/8685/files/bamboo-duvet-cover-space-blue-bedroom-lifestyle-4.jpg?v=1786136300,https://cdn.shopify.com/s/files/1/0884/0278/8685/files/bamboo-duvet-cover-space-blue-packaging.jpg?v=1786136300",in_stock,336.00 EUR,Boomba Bamboo,new,8720618860736,8720618860736,bamboo-duvet-cover-space-blue-400tc,Space Blue,200x220/210 cm,100% Bamboo (Tanboocel™)
8720648154768,"Housse de couette en bambou, Space Blue, 400TC","Une housse de couette en bambou d'une douceur soyeuse, 400TC, dans un Space Blue profond — respirante, hypoallergénique et disponible avec une fermeture à boutons en bambou ou une bande à rentrer sous le matelas.",https://www.maisondecocon.com/fr/products/bamboo-duvet-cover-space-blue-400tc?variant_sku=8720648154768,https://cdn.shopify.com/s/files/1/0884/0278/8685/files/bamboo-duvet-cover-space-blue-bedroom-lifestyle-1.jpg?v=1786136300,"https://cdn.shopify.com/s/files/1/0884/0278/8685/files/bamboo-duvet-cover-space-blue-bedroom-lifestyle-2.jpg?v=1786136300,https://cdn.shopify.com/s/files/1/0884/0278/8685/files/bamboo-duvet-cover-space-blue-fabric-detail.jpg?v=1786136300,https://cdn.shopify.com/s/files/1/0884/0278/8685/files/bamboo-duvet-cover-space-blue-tuck-in-strip-detail.jpg?v=1786136300,https://cdn.shopify.com/s/files/1/0884/0278/8685/files/bamboo-duvet-cover-space-blue-bamboo-button-detail.jpg?v=1786136300,https://cdn.shopify.com/s/files/1/0884/0278/8685/files/bamboo-duvet-cover-space-blue-bedroom-lifestyle-3.jpg?v=1786136300,https://cdn.shopify.com/s/files/1/0884/0278/8685/files/bamboo-duvet-cover-space-blue-bedroom-lifestyle-4.jpg?v=1786136300,https://cdn.shopify.com/s/files/1/0884/0278/8685/files/bamboo-duvet-cover-space-blue-packaging.jpg?v=1786136300",in_stock,369.00 EUR,Boomba Bamboo,new,8720648154768,8720648154768,bamboo-duvet-cover-space-blue-400tc,Space Blue,240x220 cm,100% Bamboo (Tanboocel™)
8720618860699,"Housse de couette en bambou, Space Blue, 400TC","Une housse de couette en bambou d'une douceur soyeuse, 400TC, dans un Space Blue profond — respirante, hypoallergénique et disponible avec une fermeture à boutons en bambou ou une bande à rentrer sous le matelas.",https://www.maisondecocon.com/fr/products/bamboo-duvet-cover-space-blue-400tc?variant_sku=8720618860699,https://cdn.shopify.com/s/files/1/0884/0278/8685/files/bamboo-duvet-cover-space-blue-bedroom-lifestyle-1.jpg?v=1786136300,"https://cdn.shopify.com/s/files/1/0884/0278/8685/files/bamboo-duvet-cover-space-blue-bedroom-lifestyle-2.jpg?v=1786136300,https://cdn.shopify.com/s/files/1/0884/0278/8685/files/bamboo-duvet-cover-space-blue-fabric-detail.jpg?v=1786136300,https://cdn.shopify.com/s/files/1/0884/0278/8685/files/bamboo-duvet-cover-space-blue-tuck-in-strip-detail.jpg?v=1786136300,https://cdn.shopify.com/s/files/1/0884/0278/8685/files/bamboo-duvet-cover-space-blue-bamboo-button-detail.jpg?v=1786136300,https://cdn.shopify.com/s/files/1/0884/0278/8685/files/bamboo-duvet-cover-space-blue-bedroom-lifestyle-3.jpg?v=1786136300,https://cdn.shopify.com/s/files/1/0884/0278/8685/files/bamboo-duvet-cover-space-blue-bedroom-lifestyle-4.jpg?v=1786136300,https://cdn.shopify.com/s/files/1/0884/0278/8685/files/bamboo-duvet-cover-space-blue-packaging.jpg?v=1786136300",in_stock,282.00 EUR,Boomba Bamboo,new,8720618860699,8720618860699,bamboo-duvet-cover-space-blue-400tc,Space Blue,140x200 cm,100% Bamboo (Tanboocel™)
8720648154744,"Housse de couette en bambou, Space Blue, 400TC","Une housse de couette en bambou d'une douceur soyeuse, 400TC, dans un Space Blue profond — respirante, hypoallergénique et disponible avec une fermeture à boutons en bambou ou une bande à rentrer sous le matelas.",https://www.maisondecocon.com/fr/products/bamboo-duvet-cover-space-blue-400tc?variant_sku=8720648154744,https://cdn.shopify.com/s/files/1/0884/0278/8685/files/bamboo-duvet-cover-space-blue-bedroom-lifestyle-1.jpg?v=1786136300,"https://cdn.shopify.com/s/files/1/0884/0278/8685/files/bamboo-duvet-cover-space-blue-bedroom-lifestyle-2.jpg?v=1786136300,https://cdn.shopify.com/s/files/1/0884/0278/8685/files/bamboo-duvet-cover-space-blue-fabric-detail.jpg?v=1786136300,https://cdn.shopify.com/s/files/1/0884/0278/8685/files/bamboo-duvet-cover-space-blue-tuck-in-strip-detail.jpg?v=1786136300,https://cdn.shopify.com/s/files/1/0884/0278/8685/files/bamboo-duvet-cover-space-blue-bamboo-button-detail.jpg?v=1786136300,https://cdn.shopify.com/s/files/1/0884/0278/8685/files/bamboo-duvet-cover-space-blue-bedroom-lifestyle-3.jpg?v=1786136300,https://cdn.shopify.com/s/files/1/0884/0278/8685/files/bamboo-duvet-cover-space-blue-bedroom-lifestyle-4.jpg?v=1786136300,https://cdn.shopify.com/s/files/1/0884/0278/8685/files/bamboo-duvet-cover-space-blue-packaging.jpg?v=1786136300",in_stock,300.00 EUR,Boomba Bamboo,new,8720648154744,8720648154744,bamboo-duvet-cover-space-blue-400tc,Space Blue,200x200 cm,100% Bamboo (Tanboocel™)
8720648154751,"Housse de couette en bambou, Space Blue, 400TC","Une housse de couette en bambou d'une douceur soyeuse, 400TC, dans un Space Blue profond — respirante, hypoallergénique et disponible avec une fermeture à boutons en bambou ou une bande à rentrer sous le matelas.",https://www.maisondecocon.com/fr/products/bamboo-duvet-cover-space-blue-400tc?variant_sku=8720648154751,https://cdn.shopify.com/s/files/1/0884/0278/8685/files/bamboo-duvet-cover-space-blue-bedroom-lifestyle-1.jpg?v=1786136300,"https://cdn.shopify.com/s/files/1/0884/0278/8685/files/bamboo-duvet-cover-space-blue-bedroom-lifestyle-2.jpg?v=1786136300,https://cdn.shopify.com/s/files/1/0884/0278/8685/files/bamboo-duvet-cover-space-blue-fabric-detail.jpg?v=1786136300,https://cdn.shopify.com/s/files/1/0884/0278/8685/files/bamboo-duvet-cover-space-blue-tuck-in-strip-detail.jpg?v=1786136300,https://cdn.shopify.com/s/files/1/0884/0278/8685/files/bamboo-duvet-cover-space-blue-bamboo-button-detail.jpg?v=1786136300,https://cdn.shopify.com/s/files/1/0884/0278/8685/files/bamboo-duvet-cover-space-blue-bedroom-lifestyle-3.jpg?v=1786136300,https://cdn.shopify.com/s/files/1/0884/0278/8685/files/bamboo-duvet-cover-space-blue-bedroom-lifestyle-4.jpg?v=1786136300,https://cdn.shopify.com/s/files/1/0884/0278/8685/files/bamboo-duvet-cover-space-blue-packaging.jpg?v=1786136300",in_stock,318.00 EUR,Boomba Bamboo,new,8720648154751,8720648154751,bamboo-duvet-cover-space-blue-400tc,Space Blue,200x220/210 cm,100% Bamboo (Tanboocel™)
8720618860682,"Housse de couette en bambou, Space Blue, 400TC","Une housse de couette en bambou d'une douceur soyeuse, 400TC, dans un Space Blue profond — respirante, hypoallergénique et disponible avec une fermeture à boutons en bambou ou une bande à rentrer sous le matelas.",https://www.maisondecocon.com/fr/products/bamboo-duvet-cover-space-blue-400tc?variant_sku=8720618860682,https://cdn.shopify.com/s/files/1/0884/0278/8685/files/bamboo-duvet-cover-space-blue-bedroom-lifestyle-1.jpg?v=1786136300,"https://cdn.shopify.com/s/files/1/0884/0278/8685/files/bamboo-duvet-cover-space-blue-bedroom-lifestyle-2.jpg?v=1786136300,https://cdn.shopify.com/s/files/1/0884/0278/8685/files/bamboo-duvet-cover-space-blue-fabric-detail.jpg?v=1786136300,https://cdn.shopify.com/s/files/1/0884/0278/8685/files/bamboo-duvet-cover-space-blue-tuck-in-strip-detail.jpg?v=1786136300,https://cdn.shopify.com/s/files/1/0884/0278/8685/files/bamboo-duvet-cover-space-blue-bamboo-button-detail.jpg?v=1786136300,https://cdn.shopify.com/s/files/1/0884/0278/8685/files/bamboo-duvet-cover-space-blue-bedroom-lifestyle-3.jpg?v=1786136300,https://cdn.shopify.com/s/files/1/0884/0278/8685/files/bamboo-duvet-cover-space-blue-bedroom-lifestyle-4.jpg?v=1786136300,https://cdn.shopify.com/s/files/1/0884/0278/8685/files/bamboo-duvet-cover-space-blue-packaging.jpg?v=1786136300",in_stock,267.00 EUR,Boomba Bamboo,new,8720618860682,8720618860682,bamboo-duvet-cover-space-blue-400tc,Space Blue,140x220 cm,100% Bamboo (Tanboocel™)
8720618860743,"Housse de couette en bambou, Space Blue, 400TC","Une housse de couette en bambou d'une douceur soyeuse, 400TC, dans un Space Blue profond — respirante, hypoallergénique et disponible avec une fermeture à boutons en bambou ou une bande à rentrer sous le matelas.",https://www.maisondecocon.com/fr/products/bamboo-duvet-cover-space-blue-400tc?variant_sku=8720618860743,https://cdn.shopify.com/s/files/1/0884/0278/8685/files/bamboo-duvet-cover-space-blue-bedroom-lifestyle-1.jpg?v=1786136300,"https://cdn.shopify.com/s/files/1/0884/0278/8685/files/bamboo-duvet-cover-space-blue-bedroom-lifestyle-2.jpg?v=1786136300,https://cdn.shopify.com/s/files/1/0884/0278/8685/files/bamboo-duvet-cover-space-blue-fabric-detail.jpg?v=1786136300,https://cdn.shopify.com/s/files/1/0884/0278/8685/files/bamboo-duvet-cover-space-blue-tuck-in-strip-detail.jpg?v=1786136300,https://cdn.shopify.com/s/files/1/0884/0278/8685/files/bamboo-duvet-cover-space-blue-bamboo-button-detail.jpg?v=1786136300,https://cdn.shopify.com/s/files/1/0884/0278/8685/files/bamboo-duvet-cover-space-blue-bedroom-lifestyle-3.jpg?v=1786136300,https://cdn.shopify.com/s/files/1/0884/0278/8685/files/bamboo-duvet-cover-space-blue-bedroom-lifestyle-4.jpg?v=1786136300,https://cdn.shopify.com/s/files/1/0884/0278/8685/files/bamboo-duvet-cover-space-blue-packaging.jpg?v=1786136300",in_stock,387.00 EUR,Boomba Bamboo,new,8720618860743,8720618860743,bamboo-duvet-cover-space-blue-400tc,Space Blue,240x220 cm,100% Bamboo (Tanboocel™)
8720618860712,"Housse de couette en bambou, Space Blue, 400TC","Une housse de couette en bambou d'une douceur soyeuse, 400TC, dans un Space Blue profond — respirante, hypoallergénique et disponible avec une fermeture à boutons en bambou ou une bande à rentrer sous le matelas.",https://www.maisondecocon.com/fr/products/bamboo-duvet-cover-space-blue-400tc?variant_sku=8720618860712,https://cdn.shopify.com/s/files/1/0884/0278/8685/files/bamboo-duvet-cover-space-blue-bedroom-lifestyle-1.jpg?v=1786136300,"https://cdn.shopify.com/s/files/1/0884/0278/8685/files/bamboo-duvet-cover-space-blue-bedroom-lifestyle-2.jpg?v=1786136300,https://cdn.shopify.com/s/files/1/0884/0278/8685/files/bamboo-duvet-cover-space-blue-fabric-detail.jpg?v=1786136300,https://cdn.shopify.com/s/files/1/0884/0278/8685/files/bamboo-duvet-cover-space-blue-tuck-in-strip-detail.jpg?v=1786136300,https://cdn.shopify.com/s/files/1/0884/0278/8685/files/bamboo-duvet-cover-space-blue-bamboo-button-detail.jpg?v=1786136300,https://cdn.shopify.com/s/files/1/0884/0278/8685/files/bamboo-duvet-cover-space-blue-bedroom-lifestyle-3.jpg?v=1786136300,https://cdn.shopify.com/s/files/1/0884/0278/8685/files/bamboo-duvet-cover-space-blue-bedroom-lifestyle-4.jpg?v=1786136300,https://cdn.shopify.com/s/files/1/0884/0278/8685/files/bamboo-duvet-cover-space-blue-packaging.jpg?v=1786136300",in_stock,297.00 EUR,Boomba Bamboo,new,8720618860712,8720618860712,bamboo-duvet-cover-space-blue-400tc,Space Blue,140x220 cm,100% Bamboo (Tanboocel™)
8720648154508,"Housse de couette en bambou, couleur taupe clair, 400TC","Une housse de couette en bambou d'une douceur soyeuse, 400TC, dans une teinte « Soft Taupe » chaleureuse — respirante, hypoallergénique et disponible avec une fermeture à boutons en bambou ou une bande à rentrer sous le matelas.",https://www.maisondecocon.com/fr/products/bamboo-duvet-cover-soft-taupe-400tc?variant_sku=8720648154508,https://cdn.shopify.com/s/files/1/0884/0278/8685/files/bamboo-duvet-cover-soft-taupe-bedroom-lifestyle-1.jpg?v=1786136464,"https://cdn.shopify.com/s/files/1/0884/0278/8685/files/bamboo-duvet-cover-soft-taupe-bamboo-button-detail-2.jpg?v=1786136464,https://cdn.shopify.com/s/files/1/0884/0278/8685/files/bamboo-duvet-cover-soft-taupe-bedroom-lifestyle-2.jpg?v=1786136464,https://cdn.shopify.com/s/files/1/0884/0278/8685/files/bamboo-duvet-cover-soft-taupe-fabric-detail-1.jpg?v=1786136464,https://cdn.shopify.com/s/files/1/0884/0278/8685/files/bamboo-duvet-cover-soft-taupe-bedroom-lifestyle-3.jpg?v=1786136464,https://cdn.shopify.com/s/files/1/0884/0278/8685/files/bamboo-duvet-cover-soft-taupe-tuck-in-strip-detail.jpg?v=1786136464,https://cdn.shopify.com/s/files/1/0884/0278/8685/files/bamboo-duvet-cover-soft-taupe-fabric-detail-2.jpg?v=1786136464,https://cdn.shopify.com/s/files/1/0884/0278/8685/files/bamboo-duvet-cover-soft-taupe-bedding-set-packaging.jpg?v=1786136464",in_stock,369.00 EUR,Boomba Bamboo,new,8720648154508,8720648154508,bamboo-duvet-cover-soft-taupe-400tc,Soft taupe,240x220 cm,100% Bamboo (Tanboocel™)
8720618860637,"Housse de couette en bambou, couleur taupe clair, 400TC","Une housse de couette en bambou d'une douceur soyeuse, 400TC, dans une teinte « Soft Taupe » chaleureuse — respirante, hypoallergénique et disponible avec une fermeture à boutons en bambou ou une bande à rentrer sous le matelas.",https://www.maisondecocon.com/fr/products/bamboo-duvet-cover-soft-taupe-400tc?variant_sku=8720618860637,https://cdn.shopify.com/s/files/1/0884/0278/8685/files/bamboo-duvet-cover-soft-taupe-bedroom-lifestyle-1.jpg?v=1786136464,"https://cdn.shopify.com/s/files/1/0884/0278/8685/files/bamboo-duvet-cover-soft-taupe-bamboo-button-detail-2.jpg?v=1786136464,https://cdn.shopify.com/s/files/1/0884/0278/8685/files/bamboo-duvet-cover-soft-taupe-bedroom-lifestyle-2.jpg?v=1786136464,https://cdn.shopify.com/s/files/1/0884/0278/8685/files/bamboo-duvet-cover-soft-taupe-fabric-detail-1.jpg?v=1786136464,https://cdn.shopify.com/s/files/1/0884/0278/8685/files/bamboo-duvet-cover-soft-taupe-bedroom-lifestyle-3.jpg?v=1786136464,https://cdn.shopify.com/s/files/1/0884/0278/8685/files/bamboo-duvet-cover-soft-taupe-tuck-in-strip-detail.jpg?v=1786136464,https://cdn.shopify.com/s/files/1/0884/0278/8685/files/bamboo-duvet-cover-soft-taupe-fabric-detail-2.jpg?v=1786136464,https://cdn.shopify.com/s/files/1/0884/0278/8685/files/bamboo-duvet-cover-soft-taupe-bedding-set-packaging.jpg?v=1786136464",in_stock,336.00 EUR,Boomba Bamboo,new,8720618860637,8720618860637,bamboo-duvet-cover-soft-taupe-400tc,Soft taupe,200x220/210 cm,100% Bamboo (Tanboocel™)
8720618860620,"Housse de couette en bambou, couleur taupe clair, 400TC","Une housse de couette en bambou d'une douceur soyeuse, 400TC, dans une teinte « Soft Taupe » chaleureuse — respirante, hypoallergénique et disponible avec une fermeture à boutons en bambou ou une bande à rentrer sous le matelas.",https://www.maisondecocon.com/fr/products/bamboo-duvet-cover-soft-taupe-400tc?variant_sku=8720618860620,https://cdn.shopify.com/s/files/1/0884/0278/8685/files/bamboo-duvet-cover-soft-taupe-bedroom-lifestyle-1.jpg?v=1786136464,"https://cdn.shopify.com/s/files/1/0884/0278/8685/files/bamboo-duvet-cover-soft-taupe-bamboo-button-detail-2.jpg?v=1786136464,https://cdn.shopify.com/s/files/1/0884/0278/8685/files/bamboo-duvet-cover-soft-taupe-bedroom-lifestyle-2.jpg?v=1786136464,https://cdn.shopify.com/s/files/1/0884/0278/8685/files/bamboo-duvet-cover-soft-taupe-fabric-detail-1.jpg?v=1786136464,https://cdn.shopify.com/s/files/1/0884/0278/8685/files/bamboo-duvet-cover-soft-taupe-bedroom-lifestyle-3.jpg?v=1786136464,https://cdn.shopify.com/s/files/1/0884/0278/8685/files/bamboo-duvet-cover-soft-taupe-tuck-in-strip-detail.jpg?v=1786136464,https://cdn.shopify.com/s/files/1/0884/0278/8685/files/bamboo-duvet-cover-soft-taupe-fabric-detail-2.jpg?v=1786136464,https://cdn.shopify.com/s/files/1/0884/0278/8685/files/bamboo-duvet-cover-soft-taupe-bedding-set-packaging.jpg?v=1786136464",in_stock,318.00 EUR,Boomba Bamboo,new,8720618860620,8720618860620,bamboo-duvet-cover-soft-taupe-400tc,Soft taupe,200x200 cm,100% Bamboo (Tanboocel™)
8720648154478,"Housse de couette en bambou, couleur taupe clair, 400TC","Une housse de couette en bambou d'une douceur soyeuse, 400TC, dans une teinte « Soft Taupe » chaleureuse — respirante, hypoallergénique et disponible avec une fermeture à boutons en bambou ou une bande à rentrer sous le matelas.",https://www.maisondecocon.com/fr/products/bamboo-duvet-cover-soft-taupe-400tc?variant_sku=8720648154478,https://cdn.shopify.com/s/files/1/0884/0278/8685/files/bamboo-duvet-cover-soft-taupe-bedroom-lifestyle-1.jpg?v=1786136464,"https://cdn.shopify.com/s/files/1/0884/0278/8685/files/bamboo-duvet-cover-soft-taupe-bamboo-button-detail-2.jpg?v=1786136464,https://cdn.shopify.com/s/files/1/0884/0278/8685/files/bamboo-duvet-cover-soft-taupe-bedroom-lifestyle-2.jpg?v=1786136464,https://cdn.shopify.com/s/files/1/0884/0278/8685/files/bamboo-duvet-cover-soft-taupe-fabric-detail-1.jpg?v=1786136464,https://cdn.shopify.com/s/files/1/0884/0278/8685/files/bamboo-duvet-cover-soft-taupe-bedroom-lifestyle-3.jpg?v=1786136464,https://cdn.shopify.com/s/files/1/0884/0278/8685/files/bamboo-duvet-cover-soft-taupe-tuck-in-strip-detail.jpg?v=1786136464,https://cdn.shopify.com/s/files/1/0884/0278/8685/files/bamboo-duvet-cover-soft-taupe-fabric-detail-2.jpg?v=1786136464,https://cdn.shopify.com/s/files/1/0884/0278/8685/files/bamboo-duvet-cover-soft-taupe-bedding-set-packaging.jpg?v=1786136464",in_stock,258.00 EUR,Boomba Bamboo,new,8720648154478,8720648154478,bamboo-duvet-cover-soft-taupe-400tc,Soft taupe,140x200 cm,100% Bamboo (Tanboocel™)
8720618860644,"Housse de couette en bambou, couleur taupe clair, 400TC","Une housse de couette en bambou d'une douceur soyeuse, 400TC, dans une teinte « Soft Taupe » chaleureuse — respirante, hypoallergénique et disponible avec une fermeture à boutons en bambou ou une bande à rentrer sous le matelas.",https://www.maisondecocon.com/fr/products/bamboo-duvet-cover-soft-taupe-400tc?variant_sku=8720618860644,https://cdn.shopify.com/s/files/1/0884/0278/8685/files/bamboo-duvet-cover-soft-taupe-bedroom-lifestyle-1.jpg?v=1786136464,"https://cdn.shopify.com/s/files/1/0884/0278/8685/files/bamboo-duvet-cover-soft-taupe-bamboo-button-detail-2.jpg?v=1786136464,https://cdn.shopify.com/s/files/1/0884/0278/8685/files/bamboo-duvet-cover-soft-taupe-bedroom-lifestyle-2.jpg?v=1786136464,https://cdn.shopify.com/s/files/1/0884/0278/8685/files/bamboo-duvet-cover-soft-taupe-fabric-detail-1.jpg?v=1786136464,https://cdn.shopify.com/s/files/1/0884/0278/8685/files/bamboo-duvet-cover-soft-taupe-bedroom-lifestyle-3.jpg?v=1786136464,https://cdn.shopify.com/s/files/1/0884/0278/8685/files/bamboo-duvet-cover-soft-taupe-tuck-in-strip-detail.jpg?v=1786136464,https://cdn.shopify.com/s/files/1/0884/0278/8685/files/bamboo-duvet-cover-soft-taupe-fabric-detail-2.jpg?v=1786136464,https://cdn.shopify.com/s/files/1/0884/0278/8685/files/bamboo-duvet-cover-soft-taupe-bedding-set-packaging.jpg?v=1786136464",in_stock,387.00 EUR,Boomba Bamboo,new,8720618860644,8720618860644,bamboo-duvet-cover-soft-taupe-400tc,Soft taupe,240x220 cm,100% Bamboo (Tanboocel™)
8720618860613,"Housse de couette en bambou, couleur taupe clair, 400TC","Une housse de couette en bambou d'une douceur soyeuse, 400TC, dans une teinte « Soft Taupe » chaleureuse — respirante, hypoallergénique et disponible avec une fermeture à boutons en bambou ou une bande à rentrer sous le matelas.",https://www.maisondecocon.com/fr/products/bamboo-duvet-cover-soft-taupe-400tc?variant_sku=8720618860613,https://cdn.shopify.com/s/files/1/0884/0278/8685/files/bamboo-duvet-cover-soft-taupe-bedroom-lifestyle-1.jpg?v=1786136464,"https://cdn.shopify.com/s/files/1/0884/0278/8685/files/bamboo-duvet-cover-soft-taupe-bamboo-button-detail-2.jpg?v=1786136464,https://cdn.shopify.com/s/files/1/0884/0278/8685/files/bamboo-duvet-cover-soft-taupe-bedroom-lifestyle-2.jpg?v=1786136464,https://cdn.shopify.com/s/files/1/0884/0278/8685/files/bamboo-duvet-cover-soft-taupe-fabric-detail-1.jpg?v=1786136464,https://cdn.shopify.com/s/files/1/0884/0278/8685/files/bamboo-duvet-cover-soft-taupe-bedroom-lifestyle-3.jpg?v=1786136464,https://cdn.shopify.com/s/files/1/0884/0278/8685/files/bamboo-duvet-cover-soft-taupe-tuck-in-strip-detail.jpg?v=1786136464,https://cdn.shopify.com/s/files/1/0884/0278/8685/files/bamboo-duvet-cover-soft-taupe-fabric-detail-2.jpg?v=1786136464,https://cdn.shopify.com/s/files/1/0884/0278/8685/files/bamboo-duvet-cover-soft-taupe-bedding-set-packaging.jpg?v=1786136464",in_stock,297.00 EUR,Boomba Bamboo,new,8720618860613,8720618860613,bamboo-duvet-cover-soft-taupe-400tc,Soft taupe,140x220 cm,100% Bamboo (Tanboocel™)
8720618860606,"Housse de couette en bambou, couleur taupe clair, 400TC","Une housse de couette en bambou d'une douceur soyeuse, 400TC, dans une teinte « Soft Taupe » chaleureuse — respirante, hypoallergénique et disponible avec une fermeture à boutons en bambou ou une bande à rentrer sous le matelas.",https://www.maisondecocon.com/fr/products/bamboo-duvet-cover-soft-taupe-400tc?variant_sku=8720618860606,https://cdn.shopify.com/s/files/1/0884/0278/8685/files/bamboo-duvet-cover-soft-taupe-bedroom-lifestyle-1.jpg?v=1786136464,"https://cdn.shopify.com/s/files/1/0884/0278/8685/files/bamboo-duvet-cover-soft-taupe-bamboo-button-detail-2.jpg?v=1786136464,https://cdn.shopify.com/s/files/1/0884/0278/8685/files/bamboo-duvet-cover-soft-taupe-bedroom-lifestyle-2.jpg?v=1786136464,https://cdn.shopify.com/s/files/1/0884/0278/8685/files/bamboo-duvet-cover-soft-taupe-fabric-detail-1.jpg?v=1786136464,https://cdn.shopify.com/s/files/1/0884/0278/8685/files/bamboo-duvet-cover-soft-taupe-bedroom-lifestyle-3.jpg?v=1786136464,https://cdn.shopify.com/s/files/1/0884/0278/8685/files/bamboo-duvet-cover-soft-taupe-tuck-in-strip-detail.jpg?v=1786136464,https://cdn.shopify.com/s/files/1/0884/0278/8685/files/bamboo-duvet-cover-soft-taupe-fabric-detail-2.jpg?v=1786136464,https://cdn.shopify.com/s/files/1/0884/0278/8685/files/bamboo-duvet-cover-soft-taupe-bedding-set-packaging.jpg?v=1786136464",in_stock,282.00 EUR,Boomba Bamboo,new,8720618860606,8720618860606,bamboo-duvet-cover-soft-taupe-400tc,Soft taupe,140x200 cm,100% Bamboo (Tanboocel™)
8720648154485,"Housse de couette en bambou, couleur taupe clair, 400TC","Une housse de couette en bambou d'une douceur soyeuse, 400TC, dans une teinte « Soft Taupe » chaleureuse — respirante, hypoallergénique et disponible avec une fermeture à boutons en bambou ou une bande à rentrer sous le matelas.",https://www.maisondecocon.com/fr/products/bamboo-duvet-cover-soft-taupe-400tc?variant_sku=8720648154485,https://cdn.shopify.com/s/files/1/0884/0278/8685/files/bamboo-duvet-cover-soft-taupe-bedroom-lifestyle-1.jpg?v=1786136464,"https://cdn.shopify.com/s/files/1/0884/0278/8685/files/bamboo-duvet-cover-soft-taupe-bamboo-button-detail-2.jpg?v=1786136464,https://cdn.shopify.com/s/files/1/0884/0278/8685/files/bamboo-duvet-cover-soft-taupe-bedroom-lifestyle-2.jpg?v=1786136464,https://cdn.shopify.com/s/files/1/0884/0278/8685/files/bamboo-duvet-cover-soft-taupe-fabric-detail-1.jpg?v=1786136464,https://cdn.shopify.com/s/files/1/0884/0278/8685/files/bamboo-duvet-cover-soft-taupe-bedroom-lifestyle-3.jpg?v=1786136464,https://cdn.shopify.com/s/files/1/0884/0278/8685/files/bamboo-duvet-cover-soft-taupe-tuck-in-strip-detail.jpg?v=1786136464,https://cdn.shopify.com/s/files/1/0884/0278/8685/files/bamboo-duvet-cover-soft-taupe-fabric-detail-2.jpg?v=1786136464,https://cdn.shopify.com/s/files/1/0884/0278/8685/files/bamboo-duvet-cover-soft-taupe-bedding-set-packaging.jpg?v=1786136464",in_stock,300.00 EUR,Boomba Bamboo,new,8720648154485,8720648154485,bamboo-duvet-cover-soft-taupe-400tc,Soft taupe,200x200 cm,100% Bamboo (Tanboocel™)
8720618860651,"Housse de couette en bambou, couleur taupe clair, 400TC","Une housse de couette en bambou d'une douceur soyeuse, 400TC, dans une teinte « Soft Taupe » chaleureuse — respirante, hypoallergénique et disponible avec une fermeture à boutons en bambou ou une bande à rentrer sous le matelas.",https://www.maisondecocon.com/fr/products/bamboo-duvet-cover-soft-taupe-400tc?variant_sku=8720618860651,https://cdn.shopify.com/s/files/1/0884/0278/8685/files/bamboo-duvet-cover-soft-taupe-bedroom-lifestyle-1.jpg?v=1786136464,"https://cdn.shopify.com/s/files/1/0884/0278/8685/files/bamboo-duvet-cover-soft-taupe-bamboo-button-detail-2.jpg?v=1786136464,https://cdn.shopify.com/s/files/1/0884/0278/8685/files/bamboo-duvet-cover-soft-taupe-bedroom-lifestyle-2.jpg?v=1786136464,https://cdn.shopify.com/s/files/1/0884/0278/8685/files/bamboo-duvet-cover-soft-taupe-fabric-detail-1.jpg?v=1786136464,https://cdn.shopify.com/s/files/1/0884/0278/8685/files/bamboo-duvet-cover-soft-taupe-bedroom-lifestyle-3.jpg?v=1786136464,https://cdn.shopify.com/s/files/1/0884/0278/8685/files/bamboo-duvet-cover-soft-taupe-tuck-in-strip-detail.jpg?v=1786136464,https://cdn.shopify.com/s/files/1/0884/0278/8685/files/bamboo-duvet-cover-soft-taupe-fabric-detail-2.jpg?v=1786136464,https://cdn.shopify.com/s/files/1/0884/0278/8685/files/bamboo-duvet-cover-soft-taupe-bedding-set-packaging.jpg?v=1786136464",in_stock,420.00 EUR,Boomba Bamboo,new,8720618860651,8720618860651,bamboo-duvet-cover-soft-taupe-400tc,Soft taupe,260x240/220 cm,100% Bamboo (Tanboocel™)
8720618860590,"Housse de couette en bambou, couleur taupe clair, 400TC","Une housse de couette en bambou d'une douceur soyeuse, 400TC, dans une teinte « Soft Taupe » chaleureuse — respirante, hypoallergénique et disponible avec une fermeture à boutons en bambou ou une bande à rentrer sous le matelas.",https://www.maisondecocon.com/fr/products/bamboo-duvet-cover-soft-taupe-400tc?variant_sku=8720618860590,https://cdn.shopify.com/s/files/1/0884/0278/8685/files/bamboo-duvet-cover-soft-taupe-bedroom-lifestyle-1.jpg?v=1786136464,"https://cdn.shopify.com/s/files/1/0884/0278/8685/files/bamboo-duvet-cover-soft-taupe-bamboo-button-detail-2.jpg?v=1786136464,https://cdn.shopify.com/s/files/1/0884/0278/8685/files/bamboo-duvet-cover-soft-taupe-bedroom-lifestyle-2.jpg?v=1786136464,https://cdn.shopify.com/s/files/1/0884/0278/8685/files/bamboo-duvet-cover-soft-taupe-fabric-detail-1.jpg?v=1786136464,https://cdn.shopify.com/s/files/1/0884/0278/8685/files/bamboo-duvet-cover-soft-taupe-bedroom-lifestyle-3.jpg?v=1786136464,https://cdn.shopify.com/s/files/1/0884/0278/8685/files/bamboo-duvet-cover-soft-taupe-tuck-in-strip-detail.jpg?v=1786136464,https://cdn.shopify.com/s/files/1/0884/0278/8685/files/bamboo-duvet-cover-soft-taupe-fabric-detail-2.jpg?v=1786136464,https://cdn.shopify.com/s/files/1/0884/0278/8685/files/bamboo-duvet-cover-soft-taupe-bedding-set-packaging.jpg?v=1786136464",in_stock,267.00 EUR,Boomba Bamboo,new,8720618860590,8720618860590,bamboo-duvet-cover-soft-taupe-400tc,Soft taupe,140x220 cm,100% Bamboo (Tanboocel™)
8720648154515,"Housse de couette en bambou, couleur taupe clair, 400TC","Une housse de couette en bambou d'une douceur soyeuse, 400TC, dans une teinte « Soft Taupe » chaleureuse — respirante, hypoallergénique et disponible avec une fermeture à boutons en bambou ou une bande à rentrer sous le matelas.",https://www.maisondecocon.com/fr/products/bamboo-duvet-cover-soft-taupe-400tc?variant_sku=8720648154515,https://cdn.shopify.com/s/files/1/0884/0278/8685/files/bamboo-duvet-cover-soft-taupe-bedroom-lifestyle-1.jpg?v=1786136464,"https://cdn.shopify.com/s/files/1/0884/0278/8685/files/bamboo-duvet-cover-soft-taupe-bamboo-button-detail-2.jpg?v=1786136464,https://cdn.shopify.com/s/files/1/0884/0278/8685/files/bamboo-duvet-cover-soft-taupe-bedroom-lifestyle-2.jpg?v=1786136464,https://cdn.shopify.com/s/files/1/0884/0278/8685/files/bamboo-duvet-cover-soft-taupe-fabric-detail-1.jpg?v=1786136464,https://cdn.shopify.com/s/files/1/0884/0278/8685/files/bamboo-duvet-cover-soft-taupe-bedroom-lifestyle-3.jpg?v=1786136464,https://cdn.shopify.com/s/files/1/0884/0278/8685/files/bamboo-duvet-cover-soft-taupe-tuck-in-strip-detail.jpg?v=1786136464,https://cdn.shopify.com/s/files/1/0884/0278/8685/files/bamboo-duvet-cover-soft-taupe-fabric-detail-2.jpg?v=1786136464,https://cdn.shopify.com/s/files/1/0884/0278/8685/files/bamboo-duvet-cover-soft-taupe-bedding-set-packaging.jpg?v=1786136464",in_stock,402.00 EUR,Boomba Bamboo,new,8720648154515,8720648154515,bamboo-duvet-cover-soft-taupe-400tc,Soft taupe,260x240/220 cm,100% Bamboo (Tanboocel™)
8720648154492,"Housse de couette en bambou, couleur taupe clair, 400TC","Une housse de couette en bambou d'une douceur soyeuse, 400TC, dans une teinte « Soft Taupe » chaleureuse — respirante, hypoallergénique et disponible avec une fermeture à boutons en bambou ou une bande à rentrer sous le matelas.",https://www.maisondecocon.com/fr/products/bamboo-duvet-cover-soft-taupe-400tc?variant_sku=8720648154492,https://cdn.shopify.com/s/files/1/0884/0278/8685/files/bamboo-duvet-cover-soft-taupe-bedroom-lifestyle-1.jpg?v=1786136464,"https://cdn.shopify.com/s/files/1/0884/0278/8685/files/bamboo-duvet-cover-soft-taupe-bamboo-button-detail-2.jpg?v=1786136464,https://cdn.shopify.com/s/files/1/0884/0278/8685/files/bamboo-duvet-cover-soft-taupe-bedroom-lifestyle-2.jpg?v=1786136464,https://cdn.shopify.com/s/files/1/0884/0278/8685/files/bamboo-duvet-cover-soft-taupe-fabric-detail-1.jpg?v=1786136464,https://cdn.shopify.com/s/files/1/0884/0278/8685/files/bamboo-duvet-cover-soft-taupe-bedroom-lifestyle-3.jpg?v=1786136464,https://cdn.shopify.com/s/files/1/0884/0278/8685/files/bamboo-duvet-cover-soft-taupe-tuck-in-strip-detail.jpg?v=1786136464,https://cdn.shopify.com/s/files/1/0884/0278/8685/files/bamboo-duvet-cover-soft-taupe-fabric-detail-2.jpg?v=1786136464,https://cdn.shopify.com/s/files/1/0884/0278/8685/files/bamboo-duvet-cover-soft-taupe-bedding-set-packaging.jpg?v=1786136464",in_stock,318.00 EUR,Boomba Bamboo,new,8720648154492,8720648154492,bamboo-duvet-cover-soft-taupe-400tc,Soft taupe,200x220/210 cm,100% Bamboo (Tanboocel™)
6154511275236,Housse de couette en bambou « Deep Moss » 400TC,"Une housse de couette en bambou d'une douceur soyeuse, 400TC, dans une riche teinte « Deep Moss » : respirante, hypoallergénique et disponible avec une fermeture à boutons en bambou ou une bande à rentrer sous le matelas.",https://www.maisondecocon.com/fr/products/bamboo-duvet-cover-deep-moss-400tc?variant_sku=6154511275236,https://cdn.shopify.com/s/files/1/0884/0278/8685/files/bamboo-duvet-cover-deep-moss-bedroom-lifestyle-1.jpg?v=1786136656,"https://cdn.shopify.com/s/files/1/0884/0278/8685/files/bamboo-duvet-cover-deep-moss-bamboo-button-detail.jpg?v=1786136756,https://cdn.shopify.com/s/files/1/0884/0278/8685/files/bamboo-duvet-cover-deep-moss-bedroom-lifestyle-2.jpg?v=1786136656,https://cdn.shopify.com/s/files/1/0884/0278/8685/files/bamboo-duvet-cover-deep-moss-fabric-detail-1.jpg?v=1786136656,https://cdn.shopify.com/s/files/1/0884/0278/8685/files/bamboo-duvet-cover-deep-moss-bedroom-lifestyle-3.jpg?v=1786136656,https://cdn.shopify.com/s/files/1/0884/0278/8685/files/bamboo-duvet-cover-deep-moss-tuck-in-strip-detail.jpg?v=1786136756,https://cdn.shopify.com/s/files/1/0884/0278/8685/files/bamboo-duvet-cover-deep-moss-bedroom-lifestyle-4.jpg?v=1786136656,https://cdn.shopify.com/s/files/1/0884/0278/8685/files/bamboo-duvet-cover-deep-moss-fabric-detail-2.jpg?v=1786136756,https://cdn.shopify.com/s/files/1/0884/0278/8685/files/bamboo-duvet-cover-deep-moss-bedroom-lifestyle-5.jpg?v=1786136702,https://cdn.shopify.com/s/files/1/0884/0278/8685/files/bamboo-duvet-cover-deep-moss-packaging.jpg?v=1786136656",in_stock,258.00 EUR,Boomba Bamboo,new,6154511275236,6154511275236,bamboo-duvet-cover-deep-moss-400tc,Deep Moss,140x200 cm,100% Bamboo (Tanboocel™)
6154511529513,Housse de couette en bambou « Deep Moss » 400TC,"Une housse de couette en bambou d'une douceur soyeuse, 400TC, dans une riche teinte « Deep Moss » : respirante, hypoallergénique et disponible avec une fermeture à boutons en bambou ou une bande à rentrer sous le matelas.",https://www.maisondecocon.com/fr/products/bamboo-duvet-cover-deep-moss-400tc?variant_sku=6154511529513,https://cdn.shopify.com/s/files/1/0884/0278/8685/files/bamboo-duvet-cover-deep-moss-bedroom-lifestyle-1.jpg?v=1786136656,"https://cdn.shopify.com/s/files/1/0884/0278/8685/files/bamboo-duvet-cover-deep-moss-bamboo-button-detail.jpg?v=1786136756,https://cdn.shopify.com/s/files/1/0884/0278/8685/files/bamboo-duvet-cover-deep-moss-bedroom-lifestyle-2.jpg?v=1786136656,https://cdn.shopify.com/s/files/1/0884/0278/8685/files/bamboo-duvet-cover-deep-moss-fabric-detail-1.jpg?v=1786136656,https://cdn.shopify.com/s/files/1/0884/0278/8685/files/bamboo-duvet-cover-deep-moss-bedroom-lifestyle-3.jpg?v=1786136656,https://cdn.shopify.com/s/files/1/0884/0278/8685/files/bamboo-duvet-cover-deep-moss-tuck-in-strip-detail.jpg?v=1786136756,https://cdn.shopify.com/s/files/1/0884/0278/8685/files/bamboo-duvet-cover-deep-moss-bedroom-lifestyle-4.jpg?v=1786136656,https://cdn.shopify.com/s/files/1/0884/0278/8685/files/bamboo-duvet-cover-deep-moss-fabric-detail-2.jpg?v=1786136756,https://cdn.shopify.com/s/files/1/0884/0278/8685/files/bamboo-duvet-cover-deep-moss-bedroom-lifestyle-5.jpg?v=1786136702,https://cdn.shopify.com/s/files/1/0884/0278/8685/files/bamboo-duvet-cover-deep-moss-packaging.jpg?v=1786136656",in_stock,300.00 EUR,Boomba Bamboo,new,6154511529513,6154511529513,bamboo-duvet-cover-deep-moss-400tc,Deep Moss,200x200 cm,100% Bamboo (Tanboocel™)
6154512390341,Housse de couette en bambou « Deep Moss » 400TC,"Une housse de couette en bambou d'une douceur soyeuse, 400TC, dans une riche teinte « Deep Moss » : respirante, hypoallergénique et disponible avec une fermeture à boutons en bambou ou une bande à rentrer sous le matelas.",https://www.maisondecocon.com/fr/products/bamboo-duvet-cover-deep-moss-400tc?variant_sku=6154512390341,https://cdn.shopify.com/s/files/1/0884/0278/8685/files/bamboo-duvet-cover-deep-moss-bedroom-lifestyle-1.jpg?v=1786136656,"https://cdn.shopify.com/s/files/1/0884/0278/8685/files/bamboo-duvet-cover-deep-moss-bamboo-button-detail.jpg?v=1786136756,https://cdn.shopify.com/s/files/1/0884/0278/8685/files/bamboo-duvet-cover-deep-moss-bedroom-lifestyle-2.jpg?v=1786136656,https://cdn.shopify.com/s/files/1/0884/0278/8685/files/bamboo-duvet-cover-deep-moss-fabric-detail-1.jpg?v=1786136656,https://cdn.shopify.com/s/files/1/0884/0278/8685/files/bamboo-duvet-cover-deep-moss-bedroom-lifestyle-3.jpg?v=1786136656,https://cdn.shopify.com/s/files/1/0884/0278/8685/files/bamboo-duvet-cover-deep-moss-tuck-in-strip-detail.jpg?v=1786136756,https://cdn.shopify.com/s/files/1/0884/0278/8685/files/bamboo-duvet-cover-deep-moss-bedroom-lifestyle-4.jpg?v=1786136656,https://cdn.shopify.com/s/files/1/0884/0278/8685/files/bamboo-duvet-cover-deep-moss-fabric-detail-2.jpg?v=1786136756,https://cdn.shopify.com/s/files/1/0884/0278/8685/files/bamboo-duvet-cover-deep-moss-bedroom-lifestyle-5.jpg?v=1786136702,https://cdn.shopify.com/s/files/1/0884/0278/8685/files/bamboo-duvet-cover-deep-moss-packaging.jpg?v=1786136656",in_stock,420.00 EUR,Boomba Bamboo,new,6154512390341,6154512390341,bamboo-duvet-cover-deep-moss-400tc,Deep Moss,260x240/220 cm,100% Bamboo (Tanboocel™)
6154511546527,Housse de couette en bambou « Deep Moss » 400TC,"Une housse de couette en bambou d'une douceur soyeuse, 400TC, dans une riche teinte « Deep Moss » : respirante, hypoallergénique et disponible avec une fermeture à boutons en bambou ou une bande à rentrer sous le matelas.",https://www.maisondecocon.com/fr/products/bamboo-duvet-cover-deep-moss-400tc?variant_sku=6154511546527,https://cdn.shopify.com/s/files/1/0884/0278/8685/files/bamboo-duvet-cover-deep-moss-bedroom-lifestyle-1.jpg?v=1786136656,"https://cdn.shopify.com/s/files/1/0884/0278/8685/files/bamboo-duvet-cover-deep-moss-bamboo-button-detail.jpg?v=1786136756,https://cdn.shopify.com/s/files/1/0884/0278/8685/files/bamboo-duvet-cover-deep-moss-bedroom-lifestyle-2.jpg?v=1786136656,https://cdn.shopify.com/s/files/1/0884/0278/8685/files/bamboo-duvet-cover-deep-moss-fabric-detail-1.jpg?v=1786136656,https://cdn.shopify.com/s/files/1/0884/0278/8685/files/bamboo-duvet-cover-deep-moss-bedroom-lifestyle-3.jpg?v=1786136656,https://cdn.shopify.com/s/files/1/0884/0278/8685/files/bamboo-duvet-cover-deep-moss-tuck-in-strip-detail.jpg?v=1786136756,https://cdn.shopify.com/s/files/1/0884/0278/8685/files/bamboo-duvet-cover-deep-moss-bedroom-lifestyle-4.jpg?v=1786136656,https://cdn.shopify.com/s/files/1/0884/0278/8685/files/bamboo-duvet-cover-deep-moss-fabric-detail-2.jpg?v=1786136756,https://cdn.shopify.com/s/files/1/0884/0278/8685/files/bamboo-duvet-cover-deep-moss-bedroom-lifestyle-5.jpg?v=1786136702,https://cdn.shopify.com/s/files/1/0884/0278/8685/files/bamboo-duvet-cover-deep-moss-packaging.jpg?v=1786136656",in_stock,318.00 EUR,Boomba Bamboo,new,6154511546527,6154511546527,bamboo-duvet-cover-deep-moss-400tc,Deep Moss,200x220/210 cm,100% Bamboo (Tanboocel™)
6154512267230,Housse de couette en bambou « Deep Moss » 400TC,"Une housse de couette en bambou d'une douceur soyeuse, 400TC, dans une riche teinte « Deep Moss » : respirante, hypoallergénique et disponible avec une fermeture à boutons en bambou ou une bande à rentrer sous le matelas.",https://www.maisondecocon.com/fr/products/bamboo-duvet-cover-deep-moss-400tc?variant_sku=6154512267230,https://cdn.shopify.com/s/files/1/0884/0278/8685/files/bamboo-duvet-cover-deep-moss-bedroom-lifestyle-1.jpg?v=1786136656,"https://cdn.shopify.com/s/files/1/0884/0278/8685/files/bamboo-duvet-cover-deep-moss-bamboo-button-detail.jpg?v=1786136756,https://cdn.shopify.com/s/files/1/0884/0278/8685/files/bamboo-duvet-cover-deep-moss-bedroom-lifestyle-2.jpg?v=1786136656,https://cdn.shopify.com/s/files/1/0884/0278/8685/files/bamboo-duvet-cover-deep-moss-fabric-detail-1.jpg?v=1786136656,https://cdn.shopify.com/s/files/1/0884/0278/8685/files/bamboo-duvet-cover-deep-moss-bedroom-lifestyle-3.jpg?v=1786136656,https://cdn.shopify.com/s/files/1/0884/0278/8685/files/bamboo-duvet-cover-deep-moss-tuck-in-strip-detail.jpg?v=1786136756,https://cdn.shopify.com/s/files/1/0884/0278/8685/files/bamboo-duvet-cover-deep-moss-bedroom-lifestyle-4.jpg?v=1786136656,https://cdn.shopify.com/s/files/1/0884/0278/8685/files/bamboo-duvet-cover-deep-moss-fabric-detail-2.jpg?v=1786136756,https://cdn.shopify.com/s/files/1/0884/0278/8685/files/bamboo-duvet-cover-deep-moss-bedroom-lifestyle-5.jpg?v=1786136702,https://cdn.shopify.com/s/files/1/0884/0278/8685/files/bamboo-duvet-cover-deep-moss-packaging.jpg?v=1786136656",in_stock,336.00 EUR,Boomba Bamboo,new,6154512267230,6154512267230,bamboo-duvet-cover-deep-moss-400tc,Deep Moss,200x220/210 cm,100% Bamboo (Tanboocel™)
6154512219246,Housse de couette en bambou « Deep Moss » 400TC,"Une housse de couette en bambou d'une douceur soyeuse, 400TC, dans une riche teinte « Deep Moss » : respirante, hypoallergénique et disponible avec une fermeture à boutons en bambou ou une bande à rentrer sous le matelas.",https://www.maisondecocon.com/fr/products/bamboo-duvet-cover-deep-moss-400tc?variant_sku=6154512219246,https://cdn.shopify.com/s/files/1/0884/0278/8685/files/bamboo-duvet-cover-deep-moss-bedroom-lifestyle-1.jpg?v=1786136656,"https://cdn.shopify.com/s/files/1/0884/0278/8685/files/bamboo-duvet-cover-deep-moss-bamboo-button-detail.jpg?v=1786136756,https://cdn.shopify.com/s/files/1/0884/0278/8685/files/bamboo-duvet-cover-deep-moss-bedroom-lifestyle-2.jpg?v=1786136656,https://cdn.shopify.com/s/files/1/0884/0278/8685/files/bamboo-duvet-cover-deep-moss-fabric-detail-1.jpg?v=1786136656,https://cdn.shopify.com/s/files/1/0884/0278/8685/files/bamboo-duvet-cover-deep-moss-bedroom-lifestyle-3.jpg?v=1786136656,https://cdn.shopify.com/s/files/1/0884/0278/8685/files/bamboo-duvet-cover-deep-moss-tuck-in-strip-detail.jpg?v=1786136756,https://cdn.shopify.com/s/files/1/0884/0278/8685/files/bamboo-duvet-cover-deep-moss-bedroom-lifestyle-4.jpg?v=1786136656,https://cdn.shopify.com/s/files/1/0884/0278/8685/files/bamboo-duvet-cover-deep-moss-fabric-detail-2.jpg?v=1786136756,https://cdn.shopify.com/s/files/1/0884/0278/8685/files/bamboo-duvet-cover-deep-moss-bedroom-lifestyle-5.jpg?v=1786136702,https://cdn.shopify.com/s/files/1/0884/0278/8685/files/bamboo-duvet-cover-deep-moss-packaging.jpg?v=1786136656",in_stock,318.00 EUR,Boomba Bamboo,new,6154512219246,6154512219246,bamboo-duvet-cover-deep-moss-400tc,Deep Moss,200x200 cm,100% Bamboo (Tanboocel™)
6154512333379,Housse de couette en bambou « Deep Moss » 400TC,"Une housse de couette en bambou d'une douceur soyeuse, 400TC, dans une riche teinte « Deep Moss » : respirante, hypoallergénique et disponible avec une fermeture à boutons en bambou ou une bande à rentrer sous le matelas.",https://www.maisondecocon.com/fr/products/bamboo-duvet-cover-deep-moss-400tc?variant_sku=6154512333379,https://cdn.shopify.com/s/files/1/0884/0278/8685/files/bamboo-duvet-cover-deep-moss-bedroom-lifestyle-1.jpg?v=1786136656,"https://cdn.shopify.com/s/files/1/0884/0278/8685/files/bamboo-duvet-cover-deep-moss-bamboo-button-detail.jpg?v=1786136756,https://cdn.shopify.com/s/files/1/0884/0278/8685/files/bamboo-duvet-cover-deep-moss-bedroom-lifestyle-2.jpg?v=1786136656,https://cdn.shopify.com/s/files/1/0884/0278/8685/files/bamboo-duvet-cover-deep-moss-fabric-detail-1.jpg?v=1786136656,https://cdn.shopify.com/s/files/1/0884/0278/8685/files/bamboo-duvet-cover-deep-moss-bedroom-lifestyle-3.jpg?v=1786136656,https://cdn.shopify.com/s/files/1/0884/0278/8685/files/bamboo-duvet-cover-deep-moss-tuck-in-strip-detail.jpg?v=1786136756,https://cdn.shopify.com/s/files/1/0884/0278/8685/files/bamboo-duvet-cover-deep-moss-bedroom-lifestyle-4.jpg?v=1786136656,https://cdn.shopify.com/s/files/1/0884/0278/8685/files/bamboo-duvet-cover-deep-moss-fabric-detail-2.jpg?v=1786136756,https://cdn.shopify.com/s/files/1/0884/0278/8685/files/bamboo-duvet-cover-deep-moss-bedroom-lifestyle-5.jpg?v=1786136702,https://cdn.shopify.com/s/files/1/0884/0278/8685/files/bamboo-duvet-cover-deep-moss-packaging.jpg?v=1786136656",in_stock,387.00 EUR,Boomba Bamboo,new,6154512333379,6154512333379,bamboo-duvet-cover-deep-moss-400tc,Deep Moss,240x220 cm,100% Bamboo (Tanboocel™)
6154511734733,Housse de couette en bambou « Deep Moss » 400TC,"Une housse de couette en bambou d'une douceur soyeuse, 400TC, dans une riche teinte « Deep Moss » : respirante, hypoallergénique et disponible avec une fermeture à boutons en bambou ou une bande à rentrer sous le matelas.",https://www.maisondecocon.com/fr/products/bamboo-duvet-cover-deep-moss-400tc?variant_sku=6154511734733,https://cdn.shopify.com/s/files/1/0884/0278/8685/files/bamboo-duvet-cover-deep-moss-bedroom-lifestyle-1.jpg?v=1786136656,"https://cdn.shopify.com/s/files/1/0884/0278/8685/files/bamboo-duvet-cover-deep-moss-bamboo-button-detail.jpg?v=1786136756,https://cdn.shopify.com/s/files/1/0884/0278/8685/files/bamboo-duvet-cover-deep-moss-bedroom-lifestyle-2.jpg?v=1786136656,https://cdn.shopify.com/s/files/1/0884/0278/8685/files/bamboo-duvet-cover-deep-moss-fabric-detail-1.jpg?v=1786136656,https://cdn.shopify.com/s/files/1/0884/0278/8685/files/bamboo-duvet-cover-deep-moss-bedroom-lifestyle-3.jpg?v=1786136656,https://cdn.shopify.com/s/files/1/0884/0278/8685/files/bamboo-duvet-cover-deep-moss-tuck-in-strip-detail.jpg?v=1786136756,https://cdn.shopify.com/s/files/1/0884/0278/8685/files/bamboo-duvet-cover-deep-moss-bedroom-lifestyle-4.jpg?v=1786136656,https://cdn.shopify.com/s/files/1/0884/0278/8685/files/bamboo-duvet-cover-deep-moss-fabric-detail-2.jpg?v=1786136756,https://cdn.shopify.com/s/files/1/0884/0278/8685/files/bamboo-duvet-cover-deep-moss-bedroom-lifestyle-5.jpg?v=1786136702,https://cdn.shopify.com/s/files/1/0884/0278/8685/files/bamboo-duvet-cover-deep-moss-packaging.jpg?v=1786136656",in_stock,402.00 EUR,Boomba Bamboo,new,6154511734733,6154511734733,bamboo-duvet-cover-deep-moss-400tc,Deep Moss,260x240/220 cm,100% Bamboo (Tanboocel™)
6154512077020,Housse de couette en bambou « Deep Moss » 400TC,"Une housse de couette en bambou d'une douceur soyeuse, 400TC, dans une riche teinte « Deep Moss » : respirante, hypoallergénique et disponible avec une fermeture à boutons en bambou ou une bande à rentrer sous le matelas.",https://www.maisondecocon.com/fr/products/bamboo-duvet-cover-deep-moss-400tc?variant_sku=6154512077020,https://cdn.shopify.com/s/files/1/0884/0278/8685/files/bamboo-duvet-cover-deep-moss-bedroom-lifestyle-1.jpg?v=1786136656,"https://cdn.shopify.com/s/files/1/0884/0278/8685/files/bamboo-duvet-cover-deep-moss-bamboo-button-detail.jpg?v=1786136756,https://cdn.shopify.com/s/files/1/0884/0278/8685/files/bamboo-duvet-cover-deep-moss-bedroom-lifestyle-2.jpg?v=1786136656,https://cdn.shopify.com/s/files/1/0884/0278/8685/files/bamboo-duvet-cover-deep-moss-fabric-detail-1.jpg?v=1786136656,https://cdn.shopify.com/s/files/1/0884/0278/8685/files/bamboo-duvet-cover-deep-moss-bedroom-lifestyle-3.jpg?v=1786136656,https://cdn.shopify.com/s/files/1/0884/0278/8685/files/bamboo-duvet-cover-deep-moss-tuck-in-strip-detail.jpg?v=1786136756,https://cdn.shopify.com/s/files/1/0884/0278/8685/files/bamboo-duvet-cover-deep-moss-bedroom-lifestyle-4.jpg?v=1786136656,https://cdn.shopify.com/s/files/1/0884/0278/8685/files/bamboo-duvet-cover-deep-moss-fabric-detail-2.jpg?v=1786136756,https://cdn.shopify.com/s/files/1/0884/0278/8685/files/bamboo-duvet-cover-deep-moss-bedroom-lifestyle-5.jpg?v=1786136702,https://cdn.shopify.com/s/files/1/0884/0278/8685/files/bamboo-duvet-cover-deep-moss-packaging.jpg?v=1786136656",in_stock,282.00 EUR,Boomba Bamboo,new,6154512077020,6154512077020,bamboo-duvet-cover-deep-moss-400tc,Deep Moss,140x200 cm,100% Bamboo (Tanboocel™)
6154512115180,Housse de couette en bambou « Deep Moss » 400TC,"Une housse de couette en bambou d'une douceur soyeuse, 400TC, dans une riche teinte « Deep Moss » : respirante, hypoallergénique et disponible avec une fermeture à boutons en bambou ou une bande à rentrer sous le matelas.",https://www.maisondecocon.com/fr/products/bamboo-duvet-cover-deep-moss-400tc?variant_sku=6154512115180,https://cdn.shopify.com/s/files/1/0884/0278/8685/files/bamboo-duvet-cover-deep-moss-bedroom-lifestyle-1.jpg?v=1786136656,"https://cdn.shopify.com/s/files/1/0884/0278/8685/files/bamboo-duvet-cover-deep-moss-bamboo-button-detail.jpg?v=1786136756,https://cdn.shopify.com/s/files/1/0884/0278/8685/files/bamboo-duvet-cover-deep-moss-bedroom-lifestyle-2.jpg?v=1786136656,https://cdn.shopify.com/s/files/1/0884/0278/8685/files/bamboo-duvet-cover-deep-moss-fabric-detail-1.jpg?v=1786136656,https://cdn.shopify.com/s/files/1/0884/0278/8685/files/bamboo-duvet-cover-deep-moss-bedroom-lifestyle-3.jpg?v=1786136656,https://cdn.shopify.com/s/files/1/0884/0278/8685/files/bamboo-duvet-cover-deep-moss-tuck-in-strip-detail.jpg?v=1786136756,https://cdn.shopify.com/s/files/1/0884/0278/8685/files/bamboo-duvet-cover-deep-moss-bedroom-lifestyle-4.jpg?v=1786136656,https://cdn.shopify.com/s/files/1/0884/0278/8685/files/bamboo-duvet-cover-deep-moss-fabric-detail-2.jpg?v=1786136756,https://cdn.shopify.com/s/files/1/0884/0278/8685/files/bamboo-duvet-cover-deep-moss-bedroom-lifestyle-5.jpg?v=1786136702,https://cdn.shopify.com/s/files/1/0884/0278/8685/files/bamboo-duvet-cover-deep-moss-packaging.jpg?v=1786136656",out_of_stock,297.00 EUR,Boomba Bamboo,new,6154512115180,6154512115180,bamboo-duvet-cover-deep-moss-400tc,Deep Moss,140x220 cm,100% Bamboo (Tanboocel™)
6154511567577,Housse de couette en bambou « Deep Moss » 400TC,"Une housse de couette en bambou d'une douceur soyeuse, 400TC, dans une riche teinte « Deep Moss » : respirante, hypoallergénique et disponible avec une fermeture à boutons en bambou ou une bande à rentrer sous le matelas.",https://www.maisondecocon.com/fr/products/bamboo-duvet-cover-deep-moss-400tc?variant_sku=6154511567577,https://cdn.shopify.com/s/files/1/0884/0278/8685/files/bamboo-duvet-cover-deep-moss-bedroom-lifestyle-1.jpg?v=1786136656,"https://cdn.shopify.com/s/files/1/0884/0278/8685/files/bamboo-duvet-cover-deep-moss-bamboo-button-detail.jpg?v=1786136756,https://cdn.shopify.com/s/files/1/0884/0278/8685/files/bamboo-duvet-cover-deep-moss-bedroom-lifestyle-2.jpg?v=1786136656,https://cdn.shopify.com/s/files/1/0884/0278/8685/files/bamboo-duvet-cover-deep-moss-fabric-detail-1.jpg?v=1786136656,https://cdn.shopify.com/s/files/1/0884/0278/8685/files/bamboo-duvet-cover-deep-moss-bedroom-lifestyle-3.jpg?v=1786136656,https://cdn.shopify.com/s/files/1/0884/0278/8685/files/bamboo-duvet-cover-deep-moss-tuck-in-strip-detail.jpg?v=1786136756,https://cdn.shopify.com/s/files/1/0884/0278/8685/files/bamboo-duvet-cover-deep-moss-bedroom-lifestyle-4.jpg?v=1786136656,https://cdn.shopify.com/s/files/1/0884/0278/8685/files/bamboo-duvet-cover-deep-moss-fabric-detail-2.jpg?v=1786136756,https://cdn.shopify.com/s/files/1/0884/0278/8685/files/bamboo-duvet-cover-deep-moss-bedroom-lifestyle-5.jpg?v=1786136702,https://cdn.shopify.com/s/files/1/0884/0278/8685/files/bamboo-duvet-cover-deep-moss-packaging.jpg?v=1786136656",in_stock,369.00 EUR,Boomba Bamboo,new,6154511567577,6154511567577,bamboo-duvet-cover-deep-moss-400tc,Deep Moss,240x220 cm,100% Bamboo (Tanboocel™)
6154511344314,Housse de couette en bambou « Deep Moss » 400TC,"Une housse de couette en bambou d'une douceur soyeuse, 400TC, dans une riche teinte « Deep Moss » : respirante, hypoallergénique et disponible avec une fermeture à boutons en bambou ou une bande à rentrer sous le matelas.",https://www.maisondecocon.com/fr/products/bamboo-duvet-cover-deep-moss-400tc?variant_sku=6154511344314,https://cdn.shopify.com/s/files/1/0884/0278/8685/files/bamboo-duvet-cover-deep-moss-bedroom-lifestyle-1.jpg?v=1786136656,"https://cdn.shopify.com/s/files/1/0884/0278/8685/files/bamboo-duvet-cover-deep-moss-bamboo-button-detail.jpg?v=1786136756,https://cdn.shopify.com/s/files/1/0884/0278/8685/files/bamboo-duvet-cover-deep-moss-bedroom-lifestyle-2.jpg?v=1786136656,https://cdn.shopify.com/s/files/1/0884/0278/8685/files/bamboo-duvet-cover-deep-moss-fabric-detail-1.jpg?v=1786136656,https://cdn.shopify.com/s/files/1/0884/0278/8685/files/bamboo-duvet-cover-deep-moss-bedroom-lifestyle-3.jpg?v=1786136656,https://cdn.shopify.com/s/files/1/0884/0278/8685/files/bamboo-duvet-cover-deep-moss-tuck-in-strip-detail.jpg?v=1786136756,https://cdn.shopify.com/s/files/1/0884/0278/8685/files/bamboo-duvet-cover-deep-moss-bedroom-lifestyle-4.jpg?v=1786136656,https://cdn.shopify.com/s/files/1/0884/0278/8685/files/bamboo-duvet-cover-deep-moss-fabric-detail-2.jpg?v=1786136756,https://cdn.shopify.com/s/files/1/0884/0278/8685/files/bamboo-duvet-cover-deep-moss-bedroom-lifestyle-5.jpg?v=1786136702,https://cdn.shopify.com/s/files/1/0884/0278/8685/files/bamboo-duvet-cover-deep-moss-packaging.jpg?v=1786136656",in_stock,267.00 EUR,Boomba Bamboo,new,6154511344314,6154511344314,bamboo-duvet-cover-deep-moss-400tc,Deep Moss,140x220 cm,100% Bamboo (Tanboocel™)
8720618860255,"Taies d'oreiller en bambou vert sauge, 400TC – Lot de 2","Apportez une touche naturelle et harmonieuse à votre chambre à coucher grâce à ces taies d'oreiller en bambou 400TC au tissu d'un vert sauge délicat : soyeuses, hypoallergéniques et douces pour la peau et les cheveux.",https://www.maisondecocon.com/fr/products/bamboo-pillowcases-sage-green-400tc?variant_sku=8720618860255,https://cdn.shopify.com/s/files/1/0884/0278/8685/files/bamboo-pillowcases-sage-green-bench-lifestyle.jpg?v=1786130554,"https://cdn.shopify.com/s/files/1/0884/0278/8685/files/bamboo-pillowcases-sage-green-fabric-swirl.jpg?v=1786130569,https://cdn.shopify.com/s/files/1/0884/0278/8685/files/bamboo-pillowcases-sage-green-chair-styled.jpg?v=1786130601,https://cdn.shopify.com/s/files/1/0884/0278/8685/files/bamboo-pillowcases-sage-green-bed-wood-frame.jpg?v=1786130612,https://cdn.shopify.com/s/files/1/0884/0278/8685/files/bamboo-pillowcases-sage-green-bedroom-window.jpg?v=1786130628,https://cdn.shopify.com/s/files/1/0884/0278/8685/files/bamboo-pillowcases-sage-green-packaging.jpg?v=1786130638",in_stock,96.00 EUR,Boomba Bamboo,new,8720618860255,8720618860255,bamboo-pillowcases-sage-green-400tc,Sage Green,50x75 cm,100% Bamboo (Tanboocel™)
8720618860262,"Taies d'oreiller en bambou vert sauge, 400TC – Lot de 2","Apportez une touche naturelle et harmonieuse à votre chambre à coucher grâce à ces taies d'oreiller en bambou 400TC au tissu d'un vert sauge délicat : soyeuses, hypoallergéniques et douces pour la peau et les cheveux.",https://www.maisondecocon.com/fr/products/bamboo-pillowcases-sage-green-400tc?variant_sku=8720618860262,https://cdn.shopify.com/s/files/1/0884/0278/8685/files/bamboo-pillowcases-sage-green-bench-lifestyle.jpg?v=1786130554,"https://cdn.shopify.com/s/files/1/0884/0278/8685/files/bamboo-pillowcases-sage-green-fabric-swirl.jpg?v=1786130569,https://cdn.shopify.com/s/files/1/0884/0278/8685/files/bamboo-pillowcases-sage-green-chair-styled.jpg?v=1786130601,https://cdn.shopify.com/s/files/1/0884/0278/8685/files/bamboo-pillowcases-sage-green-bed-wood-frame.jpg?v=1786130612,https://cdn.shopify.com/s/files/1/0884/0278/8685/files/bamboo-pillowcases-sage-green-bedroom-window.jpg?v=1786130628,https://cdn.shopify.com/s/files/1/0884/0278/8685/files/bamboo-pillowcases-sage-green-packaging.jpg?v=1786130638",in_stock,99.00 EUR,Boomba Bamboo,new,8720618860262,8720618860262,bamboo-pillowcases-sage-green-400tc,Sage Green,60x70 cm,100% Bamboo (Tanboocel™)
8720618860248,"Taies d'oreiller en bambou vert sauge, 400TC – Lot de 2","Apportez une touche naturelle et harmonieuse à votre chambre à coucher grâce à ces taies d'oreiller en bambou 400TC au tissu d'un vert sauge délicat : soyeuses, hypoallergéniques et douces pour la peau et les cheveux.",https://www.maisondecocon.com/fr/products/bamboo-pillowcases-sage-green-400tc?variant_sku=8720618860248,https://cdn.shopify.com/s/files/1/0884/0278/8685/files/bamboo-pillowcases-sage-green-bench-lifestyle.jpg?v=1786130554,"https://cdn.shopify.com/s/files/1/0884/0278/8685/files/bamboo-pillowcases-sage-green-fabric-swirl.jpg?v=1786130569,https://cdn.shopify.com/s/files/1/0884/0278/8685/files/bamboo-pillowcases-sage-green-chair-styled.jpg?v=1786130601,https://cdn.shopify.com/s/files/1/0884/0278/8685/files/bamboo-pillowcases-sage-green-bed-wood-frame.jpg?v=1786130612,https://cdn.shopify.com/s/files/1/0884/0278/8685/files/bamboo-pillowcases-sage-green-bedroom-window.jpg?v=1786130628,https://cdn.shopify.com/s/files/1/0884/0278/8685/files/bamboo-pillowcases-sage-green-packaging.jpg?v=1786130638",in_stock,93.00 EUR,Boomba Bamboo,new,8720618860248,8720618860248,bamboo-pillowcases-sage-green-400tc,Sage Green,40x80 cm,100% Bamboo (Tanboocel™)
8720648154560,"Drap-housse en bambou, couleur taupe clair, 400TC","Un drap-housse en bambou 400TC, d'une douceur soyeuse, dans une élégante teinte « Soft Taupe » : respirant, hypoallergénique et frais au contact de la peau, doté d'un élastique qui s'ajuste parfaitement aux matelas d'une épaisseur maximale de 30 cm.",https://www.maisondecocon.com/fr/products/bamboo-fitted-sheet-soft-taupe-400tc?variant_sku=8720648154560,https://cdn.shopify.com/s/files/1/0884/0278/8685/files/bamboo-fitted-sheet-soft-taupe-seam-detail.jpg?v=1786183469,"https://cdn.shopify.com/s/files/1/0884/0278/8685/files/bamboo-fitted-sheet-soft-taupe-bedroom-lifestyle.jpg?v=1786183469,https://cdn.shopify.com/s/files/1/0884/0278/8685/files/bamboo-fitted-sheet-soft-taupe-corner-loose.jpg?v=1786183469,https://cdn.shopify.com/s/files/1/0884/0278/8685/files/bamboo-fitted-sheet-soft-taupe-fabric-drape.jpg?v=1786183469,https://cdn.shopify.com/s/files/1/0884/0278/8685/files/bamboo-fitted-sheet-soft-taupe-bedroom-detail.jpg?v=1786183469,https://cdn.shopify.com/s/files/1/0884/0278/8685/files/bamboo-fitted-sheet-soft-taupe-bedroom-full.jpg?v=1786183469,https://cdn.shopify.com/s/files/1/0884/0278/8685/files/bamboo-fitted-sheet-soft-taupe-bedroom-front.jpg?v=1786183469",out_of_stock,159.00 EUR,Boomba Bamboo,new,8720648154560,8720648154560,bamboo-fitted-sheet-soft-taupe-400tc,Soft taupe,180x200 cm,100% Bamboo (Tanboocel™)
8720828225820,"Drap-housse en bambou, couleur taupe clair, 400TC","Un drap-housse en bambou 400TC, d'une douceur soyeuse, dans une élégante teinte « Soft Taupe » : respirant, hypoallergénique et frais au contact de la peau, doté d'un élastique qui s'ajuste parfaitement aux matelas d'une épaisseur maximale de 30 cm.",https://www.maisondecocon.com/fr/products/bamboo-fitted-sheet-soft-taupe-400tc?variant_sku=8720828225820,https://cdn.shopify.com/s/files/1/0884/0278/8685/files/bamboo-fitted-sheet-soft-taupe-seam-detail.jpg?v=1786183469,"https://cdn.shopify.com/s/files/1/0884/0278/8685/files/bamboo-fitted-sheet-soft-taupe-bedroom-lifestyle.jpg?v=1786183469,https://cdn.shopify.com/s/files/1/0884/0278/8685/files/bamboo-fitted-sheet-soft-taupe-corner-loose.jpg?v=1786183469,https://cdn.shopify.com/s/files/1/0884/0278/8685/files/bamboo-fitted-sheet-soft-taupe-fabric-drape.jpg?v=1786183469,https://cdn.shopify.com/s/files/1/0884/0278/8685/files/bamboo-fitted-sheet-soft-taupe-bedroom-detail.jpg?v=1786183469,https://cdn.shopify.com/s/files/1/0884/0278/8685/files/bamboo-fitted-sheet-soft-taupe-bedroom-full.jpg?v=1786183469,https://cdn.shopify.com/s/files/1/0884/0278/8685/files/bamboo-fitted-sheet-soft-taupe-bedroom-front.jpg?v=1786183469",in_stock,156.00 EUR,Boomba Bamboo,new,8720828225820,8720828225820,bamboo-fitted-sheet-soft-taupe-400tc,Soft taupe,160x220/210,100% Bamboo (Tanboocel™)
8720648154614,"Drap-housse en bambou, couleur taupe clair, 400TC","Un drap-housse en bambou 400TC, d'une douceur soyeuse, dans une élégante teinte « Soft Taupe » : respirant, hypoallergénique et frais au contact de la peau, doté d'un élastique qui s'ajuste parfaitement aux matelas d'une épaisseur maximale de 30 cm.",https://www.maisondecocon.com/fr/products/bamboo-fitted-sheet-soft-taupe-400tc?variant_sku=8720648154614,https://cdn.shopify.com/s/files/1/0884/0278/8685/files/bamboo-fitted-sheet-soft-taupe-seam-detail.jpg?v=1786183469,"https://cdn.shopify.com/s/files/1/0884/0278/8685/files/bamboo-fitted-sheet-soft-taupe-bedroom-lifestyle.jpg?v=1786183469,https://cdn.shopify.com/s/files/1/0884/0278/8685/files/bamboo-fitted-sheet-soft-taupe-corner-loose.jpg?v=1786183469,https://cdn.shopify.com/s/files/1/0884/0278/8685/files/bamboo-fitted-sheet-soft-taupe-fabric-drape.jpg?v=1786183469,https://cdn.shopify.com/s/files/1/0884/0278/8685/files/bamboo-fitted-sheet-soft-taupe-bedroom-detail.jpg?v=1786183469,https://cdn.shopify.com/s/files/1/0884/0278/8685/files/bamboo-fitted-sheet-soft-taupe-bedroom-full.jpg?v=1786183469,https://cdn.shopify.com/s/files/1/0884/0278/8685/files/bamboo-fitted-sheet-soft-taupe-bedroom-front.jpg?v=1786183469",out_of_stock,180.00 EUR,Boomba Bamboo,new,8720648154614,8720648154614,bamboo-fitted-sheet-soft-taupe-400tc,Soft taupe,200x220/210 cm,100% Bamboo (Tanboocel™)
8720648154584,"Drap-housse en bambou, couleur taupe clair, 400TC","Un drap-housse en bambou 400TC, d'une douceur soyeuse, dans une élégante teinte « Soft Taupe » : respirant, hypoallergénique et frais au contact de la peau, doté d'un élastique qui s'ajuste parfaitement aux matelas d'une épaisseur maximale de 30 cm.",https://www.maisondecocon.com/fr/products/bamboo-fitted-sheet-soft-taupe-400tc?variant_sku=8720648154584,https://cdn.shopify.com/s/files/1/0884/0278/8685/files/bamboo-fitted-sheet-soft-taupe-seam-detail.jpg?v=1786183469,"https://cdn.shopify.com/s/files/1/0884/0278/8685/files/bamboo-fitted-sheet-soft-taupe-bedroom-lifestyle.jpg?v=1786183469,https://cdn.shopify.com/s/files/1/0884/0278/8685/files/bamboo-fitted-sheet-soft-taupe-corner-loose.jpg?v=1786183469,https://cdn.shopify.com/s/files/1/0884/0278/8685/files/bamboo-fitted-sheet-soft-taupe-fabric-drape.jpg?v=1786183469,https://cdn.shopify.com/s/files/1/0884/0278/8685/files/bamboo-fitted-sheet-soft-taupe-bedroom-detail.jpg?v=1786183469,https://cdn.shopify.com/s/files/1/0884/0278/8685/files/bamboo-fitted-sheet-soft-taupe-bedroom-full.jpg?v=1786183469,https://cdn.shopify.com/s/files/1/0884/0278/8685/files/bamboo-fitted-sheet-soft-taupe-bedroom-front.jpg?v=1786183469",in_stock,165.00 EUR,Boomba Bamboo,new,8720648154584,8720648154584,bamboo-fitted-sheet-soft-taupe-400tc,Soft taupe,180x220/210 cm,100% Bamboo (Tanboocel™)
8720648154553,"Drap-housse en bambou, couleur taupe clair, 400TC","Un drap-housse en bambou 400TC, d'une douceur soyeuse, dans une élégante teinte « Soft Taupe » : respirant, hypoallergénique et frais au contact de la peau, doté d'un élastique qui s'ajuste parfaitement aux matelas d'une épaisseur maximale de 30 cm.",https://www.maisondecocon.com/fr/products/bamboo-fitted-sheet-soft-taupe-400tc?variant_sku=8720648154553,https://cdn.shopify.com/s/files/1/0884/0278/8685/files/bamboo-fitted-sheet-soft-taupe-seam-detail.jpg?v=1786183469,"https://cdn.shopify.com/s/files/1/0884/0278/8685/files/bamboo-fitted-sheet-soft-taupe-bedroom-lifestyle.jpg?v=1786183469,https://cdn.shopify.com/s/files/1/0884/0278/8685/files/bamboo-fitted-sheet-soft-taupe-corner-loose.jpg?v=1786183469,https://cdn.shopify.com/s/files/1/0884/0278/8685/files/bamboo-fitted-sheet-soft-taupe-fabric-drape.jpg?v=1786183469,https://cdn.shopify.com/s/files/1/0884/0278/8685/files/bamboo-fitted-sheet-soft-taupe-bedroom-detail.jpg?v=1786183469,https://cdn.shopify.com/s/files/1/0884/0278/8685/files/bamboo-fitted-sheet-soft-taupe-bedroom-full.jpg?v=1786183469,https://cdn.shopify.com/s/files/1/0884/0278/8685/files/bamboo-fitted-sheet-soft-taupe-bedroom-front.jpg?v=1786183469",out_of_stock,147.00 EUR,Boomba Bamboo,new,8720648154553,8720648154553,bamboo-fitted-sheet-soft-taupe-400tc,Soft taupe,160x200 cm,100% Bamboo (Tanboocel™)
8720618860675,"Drap-housse en bambou, couleur taupe clair, 400TC","Un drap-housse en bambou 400TC, d'une douceur soyeuse, dans une élégante teinte « Soft Taupe » : respirant, hypoallergénique et frais au contact de la peau, doté d'un élastique qui s'ajuste parfaitement aux matelas d'une épaisseur maximale de 30 cm.",https://www.maisondecocon.com/fr/products/bamboo-fitted-sheet-soft-taupe-400tc?variant_sku=8720618860675,https://cdn.shopify.com/s/files/1/0884/0278/8685/files/bamboo-fitted-sheet-soft-taupe-seam-detail.jpg?v=1786183469,"https://cdn.shopify.com/s/files/1/0884/0278/8685/files/bamboo-fitted-sheet-soft-taupe-bedroom-lifestyle.jpg?v=1786183469,https://cdn.shopify.com/s/files/1/0884/0278/8685/files/bamboo-fitted-sheet-soft-taupe-corner-loose.jpg?v=1786183469,https://cdn.shopify.com/s/files/1/0884/0278/8685/files/bamboo-fitted-sheet-soft-taupe-fabric-drape.jpg?v=1786183469,https://cdn.shopify.com/s/files/1/0884/0278/8685/files/bamboo-fitted-sheet-soft-taupe-bedroom-detail.jpg?v=1786183469,https://cdn.shopify.com/s/files/1/0884/0278/8685/files/bamboo-fitted-sheet-soft-taupe-bedroom-full.jpg?v=1786183469,https://cdn.shopify.com/s/files/1/0884/0278/8685/files/bamboo-fitted-sheet-soft-taupe-bedroom-front.jpg?v=1786183469",out_of_stock,135.00 EUR,Boomba Bamboo,new,8720618860675,8720618860675,bamboo-fitted-sheet-soft-taupe-400tc,Soft taupe,90x220/210 cm,100% Bamboo (Tanboocel™)
8720828225516,"Drap-housse en bambou, couleur taupe clair, 400TC","Un drap-housse en bambou 400TC, d'une douceur soyeuse, dans une élégante teinte « Soft Taupe » : respirant, hypoallergénique et frais au contact de la peau, doté d'un élastique qui s'ajuste parfaitement aux matelas d'une épaisseur maximale de 30 cm.",https://www.maisondecocon.com/fr/products/bamboo-fitted-sheet-soft-taupe-400tc?variant_sku=8720828225516,https://cdn.shopify.com/s/files/1/0884/0278/8685/files/bamboo-fitted-sheet-soft-taupe-seam-detail.jpg?v=1786183469,"https://cdn.shopify.com/s/files/1/0884/0278/8685/files/bamboo-fitted-sheet-soft-taupe-bedroom-lifestyle.jpg?v=1786183469,https://cdn.shopify.com/s/files/1/0884/0278/8685/files/bamboo-fitted-sheet-soft-taupe-corner-loose.jpg?v=1786183469,https://cdn.shopify.com/s/files/1/0884/0278/8685/files/bamboo-fitted-sheet-soft-taupe-fabric-drape.jpg?v=1786183469,https://cdn.shopify.com/s/files/1/0884/0278/8685/files/bamboo-fitted-sheet-soft-taupe-bedroom-detail.jpg?v=1786183469,https://cdn.shopify.com/s/files/1/0884/0278/8685/files/bamboo-fitted-sheet-soft-taupe-bedroom-full.jpg?v=1786183469,https://cdn.shopify.com/s/files/1/0884/0278/8685/files/bamboo-fitted-sheet-soft-taupe-bedroom-front.jpg?v=1786183469",in_stock,123.00 EUR,Boomba Bamboo,new,8720828225516,8720828225516,bamboo-fitted-sheet-soft-taupe-400tc,Soft taupe,80x210 cm,100% Bamboo (Tanboocel™)
8720648154539,"Drap-housse en bambou, couleur taupe clair, 400TC","Un drap-housse en bambou 400TC, d'une douceur soyeuse, dans une élégante teinte « Soft Taupe » : respirant, hypoallergénique et frais au contact de la peau, doté d'un élastique qui s'ajuste parfaitement aux matelas d'une épaisseur maximale de 30 cm.",https://www.maisondecocon.com/fr/products/bamboo-fitted-sheet-soft-taupe-400tc?variant_sku=8720648154539,https://cdn.shopify.com/s/files/1/0884/0278/8685/files/bamboo-fitted-sheet-soft-taupe-seam-detail.jpg?v=1786183469,"https://cdn.shopify.com/s/files/1/0884/0278/8685/files/bamboo-fitted-sheet-soft-taupe-bedroom-lifestyle.jpg?v=1786183469,https://cdn.shopify.com/s/files/1/0884/0278/8685/files/bamboo-fitted-sheet-soft-taupe-corner-loose.jpg?v=1786183469,https://cdn.shopify.com/s/files/1/0884/0278/8685/files/bamboo-fitted-sheet-soft-taupe-fabric-drape.jpg?v=1786183469,https://cdn.shopify.com/s/files/1/0884/0278/8685/files/bamboo-fitted-sheet-soft-taupe-bedroom-detail.jpg?v=1786183469,https://cdn.shopify.com/s/files/1/0884/0278/8685/files/bamboo-fitted-sheet-soft-taupe-bedroom-full.jpg?v=1786183469,https://cdn.shopify.com/s/files/1/0884/0278/8685/files/bamboo-fitted-sheet-soft-taupe-bedroom-front.jpg?v=1786183469",out_of_stock,129.00 EUR,Boomba Bamboo,new,8720648154539,8720648154539,bamboo-fitted-sheet-soft-taupe-400tc,Soft taupe,90x200 cm,100% Bamboo (Tanboocel™)
8720648154522,"Drap-housse en bambou, couleur taupe clair, 400TC","Un drap-housse en bambou 400TC, d'une douceur soyeuse, dans une élégante teinte « Soft Taupe » : respirant, hypoallergénique et frais au contact de la peau, doté d'un élastique qui s'ajuste parfaitement aux matelas d'une épaisseur maximale de 30 cm.",https://www.maisondecocon.com/fr/products/bamboo-fitted-sheet-soft-taupe-400tc?variant_sku=8720648154522,https://cdn.shopify.com/s/files/1/0884/0278/8685/files/bamboo-fitted-sheet-soft-taupe-seam-detail.jpg?v=1786183469,"https://cdn.shopify.com/s/files/1/0884/0278/8685/files/bamboo-fitted-sheet-soft-taupe-bedroom-lifestyle.jpg?v=1786183469,https://cdn.shopify.com/s/files/1/0884/0278/8685/files/bamboo-fitted-sheet-soft-taupe-corner-loose.jpg?v=1786183469,https://cdn.shopify.com/s/files/1/0884/0278/8685/files/bamboo-fitted-sheet-soft-taupe-fabric-drape.jpg?v=1786183469,https://cdn.shopify.com/s/files/1/0884/0278/8685/files/bamboo-fitted-sheet-soft-taupe-bedroom-detail.jpg?v=1786183469,https://cdn.shopify.com/s/files/1/0884/0278/8685/files/bamboo-fitted-sheet-soft-taupe-bedroom-full.jpg?v=1786183469,https://cdn.shopify.com/s/files/1/0884/0278/8685/files/bamboo-fitted-sheet-soft-taupe-bedroom-front.jpg?v=1786183469",in_stock,120.00 EUR,Boomba Bamboo,new,8720648154522,8720648154522,bamboo-fitted-sheet-soft-taupe-400tc,Soft taupe,80x200 cm,100% Bamboo (Tanboocel™)
8720648154546,"Drap-housse en bambou, couleur taupe clair, 400TC","Un drap-housse en bambou 400TC, d'une douceur soyeuse, dans une élégante teinte « Soft Taupe » : respirant, hypoallergénique et frais au contact de la peau, doté d'un élastique qui s'ajuste parfaitement aux matelas d'une épaisseur maximale de 30 cm.",https://www.maisondecocon.com/fr/products/bamboo-fitted-sheet-soft-taupe-400tc?variant_sku=8720648154546,https://cdn.shopify.com/s/files/1/0884/0278/8685/files/bamboo-fitted-sheet-soft-taupe-seam-detail.jpg?v=1786183469,"https://cdn.shopify.com/s/files/1/0884/0278/8685/files/bamboo-fitted-sheet-soft-taupe-bedroom-lifestyle.jpg?v=1786183469,https://cdn.shopify.com/s/files/1/0884/0278/8685/files/bamboo-fitted-sheet-soft-taupe-corner-loose.jpg?v=1786183469,https://cdn.shopify.com/s/files/1/0884/0278/8685/files/bamboo-fitted-sheet-soft-taupe-fabric-drape.jpg?v=1786183469,https://cdn.shopify.com/s/files/1/0884/0278/8685/files/bamboo-fitted-sheet-soft-taupe-bedroom-detail.jpg?v=1786183469,https://cdn.shopify.com/s/files/1/0884/0278/8685/files/bamboo-fitted-sheet-soft-taupe-bedroom-full.jpg?v=1786183469,https://cdn.shopify.com/s/files/1/0884/0278/8685/files/bamboo-fitted-sheet-soft-taupe-bedroom-front.jpg?v=1786183469",out_of_stock,144.00 EUR,Boomba Bamboo,new,8720648154546,8720648154546,bamboo-fitted-sheet-soft-taupe-400tc,Soft taupe,140x200 cm,100% Bamboo (Tanboocel™)
8720618860668,"Drap-housse en bambou, couleur taupe clair, 400TC","Un drap-housse en bambou 400TC, d'une douceur soyeuse, dans une élégante teinte « Soft Taupe » : respirant, hypoallergénique et frais au contact de la peau, doté d'un élastique qui s'ajuste parfaitement aux matelas d'une épaisseur maximale de 30 cm.",https://www.maisondecocon.com/fr/products/bamboo-fitted-sheet-soft-taupe-400tc?variant_sku=8720618860668,https://cdn.shopify.com/s/files/1/0884/0278/8685/files/bamboo-fitted-sheet-soft-taupe-seam-detail.jpg?v=1786183469,"https://cdn.shopify.com/s/files/1/0884/0278/8685/files/bamboo-fitted-sheet-soft-taupe-bedroom-lifestyle.jpg?v=1786183469,https://cdn.shopify.com/s/files/1/0884/0278/8685/files/bamboo-fitted-sheet-soft-taupe-corner-loose.jpg?v=1786183469,https://cdn.shopify.com/s/files/1/0884/0278/8685/files/bamboo-fitted-sheet-soft-taupe-fabric-drape.jpg?v=1786183469,https://cdn.shopify.com/s/files/1/0884/0278/8685/files/bamboo-fitted-sheet-soft-taupe-bedroom-detail.jpg?v=1786183469,https://cdn.shopify.com/s/files/1/0884/0278/8685/files/bamboo-fitted-sheet-soft-taupe-bedroom-full.jpg?v=1786183469,https://cdn.shopify.com/s/files/1/0884/0278/8685/files/bamboo-fitted-sheet-soft-taupe-bedroom-front.jpg?v=1786183469",out_of_stock,132.00 EUR,Boomba Bamboo,new,8720618860668,8720618860668,bamboo-fitted-sheet-soft-taupe-400tc,Soft taupe,90x210 cm,100% Bamboo (Tanboocel™)
8720648154577,"Drap-housse en bambou, couleur taupe clair, 400TC","Un drap-housse en bambou 400TC, d'une douceur soyeuse, dans une élégante teinte « Soft Taupe » : respirant, hypoallergénique et frais au contact de la peau, doté d'un élastique qui s'ajuste parfaitement aux matelas d'une épaisseur maximale de 30 cm.",https://www.maisondecocon.com/fr/products/bamboo-fitted-sheet-soft-taupe-400tc?variant_sku=8720648154577,https://cdn.shopify.com/s/files/1/0884/0278/8685/files/bamboo-fitted-sheet-soft-taupe-seam-detail.jpg?v=1786183469,"https://cdn.shopify.com/s/files/1/0884/0278/8685/files/bamboo-fitted-sheet-soft-taupe-bedroom-lifestyle.jpg?v=1786183469,https://cdn.shopify.com/s/files/1/0884/0278/8685/files/bamboo-fitted-sheet-soft-taupe-corner-loose.jpg?v=1786183469,https://cdn.shopify.com/s/files/1/0884/0278/8685/files/bamboo-fitted-sheet-soft-taupe-fabric-drape.jpg?v=1786183469,https://cdn.shopify.com/s/files/1/0884/0278/8685/files/bamboo-fitted-sheet-soft-taupe-bedroom-detail.jpg?v=1786183469,https://cdn.shopify.com/s/files/1/0884/0278/8685/files/bamboo-fitted-sheet-soft-taupe-bedroom-full.jpg?v=1786183469,https://cdn.shopify.com/s/files/1/0884/0278/8685/files/bamboo-fitted-sheet-soft-taupe-bedroom-front.jpg?v=1786183469",in_stock,162.00 EUR,Boomba Bamboo,new,8720648154577,8720648154577,bamboo-fitted-sheet-soft-taupe-400tc,Soft taupe,180x210 cm,100% Bamboo (Tanboocel™)
8720648154591,"Drap-housse en bambou, couleur taupe clair, 400TC","Un drap-housse en bambou 400TC, d'une douceur soyeuse, dans une élégante teinte « Soft Taupe » : respirant, hypoallergénique et frais au contact de la peau, doté d'un élastique qui s'ajuste parfaitement aux matelas d'une épaisseur maximale de 30 cm.",https://www.maisondecocon.com/fr/products/bamboo-fitted-sheet-soft-taupe-400tc?variant_sku=8720648154591,https://cdn.shopify.com/s/files/1/0884/0278/8685/files/bamboo-fitted-sheet-soft-taupe-seam-detail.jpg?v=1786183469,"https://cdn.shopify.com/s/files/1/0884/0278/8685/files/bamboo-fitted-sheet-soft-taupe-bedroom-lifestyle.jpg?v=1786183469,https://cdn.shopify.com/s/files/1/0884/0278/8685/files/bamboo-fitted-sheet-soft-taupe-corner-loose.jpg?v=1786183469,https://cdn.shopify.com/s/files/1/0884/0278/8685/files/bamboo-fitted-sheet-soft-taupe-fabric-drape.jpg?v=1786183469,https://cdn.shopify.com/s/files/1/0884/0278/8685/files/bamboo-fitted-sheet-soft-taupe-bedroom-detail.jpg?v=1786183469,https://cdn.shopify.com/s/files/1/0884/0278/8685/files/bamboo-fitted-sheet-soft-taupe-bedroom-full.jpg?v=1786183469,https://cdn.shopify.com/s/files/1/0884/0278/8685/files/bamboo-fitted-sheet-soft-taupe-bedroom-front.jpg?v=1786183469",in_stock,168.00 EUR,Boomba Bamboo,new,8720648154591,8720648154591,bamboo-fitted-sheet-soft-taupe-400tc,Soft taupe,200x200 cm,100% Bamboo (Tanboocel™)
4444448014050,"Parure de lit en bambou pour une personne, couleur « Cuddle Pink », 400TC","Un ensemble de literie en bambou 400TC, chaleureux et romantique, pour une personne, dans la teinte « Cuddle Pink » : respirant, hypoallergénique et doux pour la peau, pour une nuit de sommeil digne d'un hôtel.",https://www.maisondecocon.com/fr/products/1-person-bamboo-bedding-set-cuddle-pink-400tc?variant_sku=4444448014050,https://cdn.shopify.com/s/files/1/0884/0278/8685/files/bamboo-bedding-set-cuddle-pink-1-person-bedroom-lifestyle.jpg?v=1786137986,"https://cdn.shopify.com/s/files/1/0884/0278/8685/files/bamboo-bedding-set-cuddle-pink-1-person-button-detail.jpg?v=1786137995,https://cdn.shopify.com/s/files/1/0884/0278/8685/files/bamboo-bedding-set-cuddle-pink-1-person-bed-styled.jpg?v=1786138003,https://cdn.shopify.com/s/files/1/0884/0278/8685/files/bamboo-bedding-set-cuddle-pink-1-person-fabric-drape.jpg?v=1786138012,https://cdn.shopify.com/s/files/1/0884/0278/8685/files/bamboo-bedding-set-cuddle-pink-1-person-bedroom-chair.jpg?v=1786138022,https://cdn.shopify.com/s/files/1/0884/0278/8685/files/bamboo-bedding-set-cuddle-pink-1-person-tie-detail.jpg?v=1786138032,https://cdn.shopify.com/s/files/1/0884/0278/8685/files/bamboo-bedding-set-cuddle-pink-1-person-pillow-detail.jpg?v=1786138040,https://cdn.shopify.com/s/files/1/0884/0278/8685/files/bamboo-bedding-set-cuddle-pink-1-person-fitted-sheet-corner.jpg?v=1786138049,https://cdn.shopify.com/s/files/1/0884/0278/8685/files/bamboo-bedding-set-cuddle-pink-1-person-fabric-fold.jpg?v=1786138075,https://cdn.shopify.com/s/files/1/0884/0278/8685/files/bamboo-bedding-set-cuddle-pink-1-person-bed-wood-frame.jpg?v=1786138083,https://cdn.shopify.com/s/files/1/0884/0278/8685/files/bamboo-bedding-set-cuddle-pink-1-person-bedroom-angle.jpg?v=1786138092",in_stock,483.00 EUR,Boomba Bamboo,new,,4444448014050,1-person-bamboo-bedding-set-cuddle-pink-400tc,,M — 80×200 + 140×220 + 50×75,100% Bamboo (Tanboocel™)
4444449014050,"Parure de lit en bambou pour une personne, couleur « Cuddle Pink », 400TC","Un ensemble de literie en bambou 400TC, chaleureux et romantique, pour une personne, dans la teinte « Cuddle Pink » : respirant, hypoallergénique et doux pour la peau, pour une nuit de sommeil digne d'un hôtel.",https://www.maisondecocon.com/fr/products/1-person-bamboo-bedding-set-cuddle-pink-400tc?variant_sku=4444449014050,https://cdn.shopify.com/s/files/1/0884/0278/8685/files/bamboo-bedding-set-cuddle-pink-1-person-bedroom-lifestyle.jpg?v=1786137986,"https://cdn.shopify.com/s/files/1/0884/0278/8685/files/bamboo-bedding-set-cuddle-pink-1-person-button-detail.jpg?v=1786137995,https://cdn.shopify.com/s/files/1/0884/0278/8685/files/bamboo-bedding-set-cuddle-pink-1-person-bed-styled.jpg?v=1786138003,https://cdn.shopify.com/s/files/1/0884/0278/8685/files/bamboo-bedding-set-cuddle-pink-1-person-fabric-drape.jpg?v=1786138012,https://cdn.shopify.com/s/files/1/0884/0278/8685/files/bamboo-bedding-set-cuddle-pink-1-person-bedroom-chair.jpg?v=1786138022,https://cdn.shopify.com/s/files/1/0884/0278/8685/files/bamboo-bedding-set-cuddle-pink-1-person-tie-detail.jpg?v=1786138032,https://cdn.shopify.com/s/files/1/0884/0278/8685/files/bamboo-bedding-set-cuddle-pink-1-person-pillow-detail.jpg?v=1786138040,https://cdn.shopify.com/s/files/1/0884/0278/8685/files/bamboo-bedding-set-cuddle-pink-1-person-fitted-sheet-corner.jpg?v=1786138049,https://cdn.shopify.com/s/files/1/0884/0278/8685/files/bamboo-bedding-set-cuddle-pink-1-person-fabric-fold.jpg?v=1786138075,https://cdn.shopify.com/s/files/1/0884/0278/8685/files/bamboo-bedding-set-cuddle-pink-1-person-bed-wood-frame.jpg?v=1786138083,https://cdn.shopify.com/s/files/1/0884/0278/8685/files/bamboo-bedding-set-cuddle-pink-1-person-bedroom-angle.jpg?v=1786138092",in_stock,492.00 EUR,Boomba Bamboo,new,,4444449014050,1-person-bamboo-bedding-set-cuddle-pink-400tc,,L — 90×200 + 140×220 + 50×75,100% Bamboo (Tanboocel™)
8720828225790,"Drap-housse en bambou, vert sauge, 400TC","Un drap-housse en bambou 400TC, d'une douceur soyeuse, dans une douce teinte vert sauge — respirant, hypoallergénique et agréable au toucher, doté d'un élastique qui s'adapte parfaitement aux matelas d'une épaisseur maximale de 30 cm.",https://www.maisondecocon.com/fr/products/bamboo-fitted-sheet-sage-green-400tc?variant_sku=8720828225790,https://cdn.shopify.com/s/files/1/0884/0278/8685/files/bamboo-fitted-sheet-sage-green-seam-detail.jpg?v=1786181871,"https://cdn.shopify.com/s/files/1/0884/0278/8685/files/bamboo-fitted-sheet-sage-green-bedroom-window.jpg?v=1786182101,https://cdn.shopify.com/s/files/1/0884/0278/8685/files/bamboo-fitted-sheet-sage-green-corner-loose.jpg?v=1786182102,https://cdn.shopify.com/s/files/1/0884/0278/8685/files/bamboo-fitted-sheet-sage-green-fabric-drape.jpg?v=1786181871,https://cdn.shopify.com/s/files/1/0884/0278/8685/files/bamboo-fitted-sheet-sage-green-bedroom-front.jpg?v=1786181871,https://cdn.shopify.com/s/files/1/0884/0278/8685/files/bamboo-fitted-sheet-sage-green-bedroom-detail.jpg?v=1786181871,https://cdn.shopify.com/s/files/1/0884/0278/8685/files/bamboo-fitted-sheet-sage-green-bedroom-wide.jpg?v=1786182102,https://cdn.shopify.com/s/files/1/0884/0278/8685/files/bamboo-fitted-sheet-sage-green-packaging.jpg?v=1786181871",in_stock,132.00 EUR,Boomba Bamboo,new,8720828225790,8720828225790,bamboo-fitted-sheet-sage-green-400tc,Sage Green,90x220/210 cm,100% Bamboo (Tanboocel™)
8720828225783,"Drap-housse en bambou, vert sauge, 400TC","Un drap-housse en bambou 400TC, d'une douceur soyeuse, dans une douce teinte vert sauge — respirant, hypoallergénique et agréable au toucher, doté d'un élastique qui s'adapte parfaitement aux matelas d'une épaisseur maximale de 30 cm.",https://www.maisondecocon.com/fr/products/bamboo-fitted-sheet-sage-green-400tc?variant_sku=8720828225783,https://cdn.shopify.com/s/files/1/0884/0278/8685/files/bamboo-fitted-sheet-sage-green-seam-detail.jpg?v=1786181871,"https://cdn.shopify.com/s/files/1/0884/0278/8685/files/bamboo-fitted-sheet-sage-green-bedroom-window.jpg?v=1786182101,https://cdn.shopify.com/s/files/1/0884/0278/8685/files/bamboo-fitted-sheet-sage-green-corner-loose.jpg?v=1786182102,https://cdn.shopify.com/s/files/1/0884/0278/8685/files/bamboo-fitted-sheet-sage-green-fabric-drape.jpg?v=1786181871,https://cdn.shopify.com/s/files/1/0884/0278/8685/files/bamboo-fitted-sheet-sage-green-bedroom-front.jpg?v=1786181871,https://cdn.shopify.com/s/files/1/0884/0278/8685/files/bamboo-fitted-sheet-sage-green-bedroom-detail.jpg?v=1786181871,https://cdn.shopify.com/s/files/1/0884/0278/8685/files/bamboo-fitted-sheet-sage-green-bedroom-wide.jpg?v=1786182102,https://cdn.shopify.com/s/files/1/0884/0278/8685/files/bamboo-fitted-sheet-sage-green-packaging.jpg?v=1786181871",in_stock,126.00 EUR,Boomba Bamboo,new,8720828225783,8720828225783,bamboo-fitted-sheet-sage-green-400tc,Sage Green,80x220/210 cm,100% Bamboo (Tanboocel™)
8720618860354,"Drap-housse en bambou, vert sauge, 400TC","Un drap-housse en bambou 400TC, d'une douceur soyeuse, dans une douce teinte vert sauge — respirant, hypoallergénique et agréable au toucher, doté d'un élastique qui s'adapte parfaitement aux matelas d'une épaisseur maximale de 30 cm.",https://www.maisondecocon.com/fr/products/bamboo-fitted-sheet-sage-green-400tc?variant_sku=8720618860354,https://cdn.shopify.com/s/files/1/0884/0278/8685/files/bamboo-fitted-sheet-sage-green-seam-detail.jpg?v=1786181871,"https://cdn.shopify.com/s/files/1/0884/0278/8685/files/bamboo-fitted-sheet-sage-green-bedroom-window.jpg?v=1786182101,https://cdn.shopify.com/s/files/1/0884/0278/8685/files/bamboo-fitted-sheet-sage-green-corner-loose.jpg?v=1786182102,https://cdn.shopify.com/s/files/1/0884/0278/8685/files/bamboo-fitted-sheet-sage-green-fabric-drape.jpg?v=1786181871,https://cdn.shopify.com/s/files/1/0884/0278/8685/files/bamboo-fitted-sheet-sage-green-bedroom-front.jpg?v=1786181871,https://cdn.shopify.com/s/files/1/0884/0278/8685/files/bamboo-fitted-sheet-sage-green-bedroom-detail.jpg?v=1786181871,https://cdn.shopify.com/s/files/1/0884/0278/8685/files/bamboo-fitted-sheet-sage-green-bedroom-wide.jpg?v=1786182102,https://cdn.shopify.com/s/files/1/0884/0278/8685/files/bamboo-fitted-sheet-sage-green-packaging.jpg?v=1786181871",in_stock,147.00 EUR,Boomba Bamboo,new,8720618860354,8720618860354,bamboo-fitted-sheet-sage-green-400tc,Sage Green,160x200 cm,100% Bamboo (Tanboocel™)
8720618860392,"Drap-housse en bambou, vert sauge, 400TC","Un drap-housse en bambou 400TC, d'une douceur soyeuse, dans une douce teinte vert sauge — respirant, hypoallergénique et agréable au toucher, doté d'un élastique qui s'adapte parfaitement aux matelas d'une épaisseur maximale de 30 cm.",https://www.maisondecocon.com/fr/products/bamboo-fitted-sheet-sage-green-400tc?variant_sku=8720618860392,https://cdn.shopify.com/s/files/1/0884/0278/8685/files/bamboo-fitted-sheet-sage-green-seam-detail.jpg?v=1786181871,"https://cdn.shopify.com/s/files/1/0884/0278/8685/files/bamboo-fitted-sheet-sage-green-bedroom-window.jpg?v=1786182101,https://cdn.shopify.com/s/files/1/0884/0278/8685/files/bamboo-fitted-sheet-sage-green-corner-loose.jpg?v=1786182102,https://cdn.shopify.com/s/files/1/0884/0278/8685/files/bamboo-fitted-sheet-sage-green-fabric-drape.jpg?v=1786181871,https://cdn.shopify.com/s/files/1/0884/0278/8685/files/bamboo-fitted-sheet-sage-green-bedroom-front.jpg?v=1786181871,https://cdn.shopify.com/s/files/1/0884/0278/8685/files/bamboo-fitted-sheet-sage-green-bedroom-detail.jpg?v=1786181871,https://cdn.shopify.com/s/files/1/0884/0278/8685/files/bamboo-fitted-sheet-sage-green-bedroom-wide.jpg?v=1786182102,https://cdn.shopify.com/s/files/1/0884/0278/8685/files/bamboo-fitted-sheet-sage-green-packaging.jpg?v=1786181871",in_stock,168.00 EUR,Boomba Bamboo,new,8720618860392,8720618860392,bamboo-fitted-sheet-sage-green-400tc,Sage Green,200x200 cm,100% Bamboo (Tanboocel™)
8720618860347,"Drap-housse en bambou, vert sauge, 400TC","Un drap-housse en bambou 400TC, d'une douceur soyeuse, dans une douce teinte vert sauge — respirant, hypoallergénique et agréable au toucher, doté d'un élastique qui s'adapte parfaitement aux matelas d'une épaisseur maximale de 30 cm.",https://www.maisondecocon.com/fr/products/bamboo-fitted-sheet-sage-green-400tc?variant_sku=8720618860347,https://cdn.shopify.com/s/files/1/0884/0278/8685/files/bamboo-fitted-sheet-sage-green-seam-detail.jpg?v=1786181871,"https://cdn.shopify.com/s/files/1/0884/0278/8685/files/bamboo-fitted-sheet-sage-green-bedroom-window.jpg?v=1786182101,https://cdn.shopify.com/s/files/1/0884/0278/8685/files/bamboo-fitted-sheet-sage-green-corner-loose.jpg?v=1786182102,https://cdn.shopify.com/s/files/1/0884/0278/8685/files/bamboo-fitted-sheet-sage-green-fabric-drape.jpg?v=1786181871,https://cdn.shopify.com/s/files/1/0884/0278/8685/files/bamboo-fitted-sheet-sage-green-bedroom-front.jpg?v=1786181871,https://cdn.shopify.com/s/files/1/0884/0278/8685/files/bamboo-fitted-sheet-sage-green-bedroom-detail.jpg?v=1786181871,https://cdn.shopify.com/s/files/1/0884/0278/8685/files/bamboo-fitted-sheet-sage-green-bedroom-wide.jpg?v=1786182102,https://cdn.shopify.com/s/files/1/0884/0278/8685/files/bamboo-fitted-sheet-sage-green-packaging.jpg?v=1786181871",in_stock,144.00 EUR,Boomba Bamboo,new,8720618860347,8720618860347,bamboo-fitted-sheet-sage-green-400tc,Sage Green,140x200 cm,100% Bamboo (Tanboocel™)
8720618860378,"Drap-housse en bambou, vert sauge, 400TC","Un drap-housse en bambou 400TC, d'une douceur soyeuse, dans une douce teinte vert sauge — respirant, hypoallergénique et agréable au toucher, doté d'un élastique qui s'adapte parfaitement aux matelas d'une épaisseur maximale de 30 cm.",https://www.maisondecocon.com/fr/products/bamboo-fitted-sheet-sage-green-400tc?variant_sku=8720618860378,https://cdn.shopify.com/s/files/1/0884/0278/8685/files/bamboo-fitted-sheet-sage-green-seam-detail.jpg?v=1786181871,"https://cdn.shopify.com/s/files/1/0884/0278/8685/files/bamboo-fitted-sheet-sage-green-bedroom-window.jpg?v=1786182101,https://cdn.shopify.com/s/files/1/0884/0278/8685/files/bamboo-fitted-sheet-sage-green-corner-loose.jpg?v=1786182102,https://cdn.shopify.com/s/files/1/0884/0278/8685/files/bamboo-fitted-sheet-sage-green-fabric-drape.jpg?v=1786181871,https://cdn.shopify.com/s/files/1/0884/0278/8685/files/bamboo-fitted-sheet-sage-green-bedroom-front.jpg?v=1786181871,https://cdn.shopify.com/s/files/1/0884/0278/8685/files/bamboo-fitted-sheet-sage-green-bedroom-detail.jpg?v=1786181871,https://cdn.shopify.com/s/files/1/0884/0278/8685/files/bamboo-fitted-sheet-sage-green-bedroom-wide.jpg?v=1786182102,https://cdn.shopify.com/s/files/1/0884/0278/8685/files/bamboo-fitted-sheet-sage-green-packaging.jpg?v=1786181871",out_of_stock,159.00 EUR,Boomba Bamboo,new,8720618860378,8720618860378,bamboo-fitted-sheet-sage-green-400tc,Sage Green,180x210 cm,100% Bamboo (Tanboocel™)
8720618860361,"Drap-housse en bambou, vert sauge, 400TC","Un drap-housse en bambou 400TC, d'une douceur soyeuse, dans une douce teinte vert sauge — respirant, hypoallergénique et agréable au toucher, doté d'un élastique qui s'adapte parfaitement aux matelas d'une épaisseur maximale de 30 cm.",https://www.maisondecocon.com/fr/products/bamboo-fitted-sheet-sage-green-400tc?variant_sku=8720618860361,https://cdn.shopify.com/s/files/1/0884/0278/8685/files/bamboo-fitted-sheet-sage-green-seam-detail.jpg?v=1786181871,"https://cdn.shopify.com/s/files/1/0884/0278/8685/files/bamboo-fitted-sheet-sage-green-bedroom-window.jpg?v=1786182101,https://cdn.shopify.com/s/files/1/0884/0278/8685/files/bamboo-fitted-sheet-sage-green-corner-loose.jpg?v=1786182102,https://cdn.shopify.com/s/files/1/0884/0278/8685/files/bamboo-fitted-sheet-sage-green-fabric-drape.jpg?v=1786181871,https://cdn.shopify.com/s/files/1/0884/0278/8685/files/bamboo-fitted-sheet-sage-green-bedroom-front.jpg?v=1786181871,https://cdn.shopify.com/s/files/1/0884/0278/8685/files/bamboo-fitted-sheet-sage-green-bedroom-detail.jpg?v=1786181871,https://cdn.shopify.com/s/files/1/0884/0278/8685/files/bamboo-fitted-sheet-sage-green-bedroom-wide.jpg?v=1786182102,https://cdn.shopify.com/s/files/1/0884/0278/8685/files/bamboo-fitted-sheet-sage-green-packaging.jpg?v=1786181871",out_of_stock,156.00 EUR,Boomba Bamboo,new,8720618860361,8720618860361,bamboo-fitted-sheet-sage-green-400tc,Sage Green,180x200 cm,100% Bamboo (Tanboocel™)
8720828225905,"Drap-housse en bambou, vert sauge, 400TC","Un drap-housse en bambou 400TC, d'une douceur soyeuse, dans une douce teinte vert sauge — respirant, hypoallergénique et agréable au toucher, doté d'un élastique qui s'adapte parfaitement aux matelas d'une épaisseur maximale de 30 cm.",https://www.maisondecocon.com/fr/products/bamboo-fitted-sheet-sage-green-400tc?variant_sku=8720828225905,https://cdn.shopify.com/s/files/1/0884/0278/8685/files/bamboo-fitted-sheet-sage-green-seam-detail.jpg?v=1786181871,"https://cdn.shopify.com/s/files/1/0884/0278/8685/files/bamboo-fitted-sheet-sage-green-bedroom-window.jpg?v=1786182101,https://cdn.shopify.com/s/files/1/0884/0278/8685/files/bamboo-fitted-sheet-sage-green-corner-loose.jpg?v=1786182102,https://cdn.shopify.com/s/files/1/0884/0278/8685/files/bamboo-fitted-sheet-sage-green-fabric-drape.jpg?v=1786181871,https://cdn.shopify.com/s/files/1/0884/0278/8685/files/bamboo-fitted-sheet-sage-green-bedroom-front.jpg?v=1786181871,https://cdn.shopify.com/s/files/1/0884/0278/8685/files/bamboo-fitted-sheet-sage-green-bedroom-detail.jpg?v=1786181871,https://cdn.shopify.com/s/files/1/0884/0278/8685/files/bamboo-fitted-sheet-sage-green-bedroom-wide.jpg?v=1786182102,https://cdn.shopify.com/s/files/1/0884/0278/8685/files/bamboo-fitted-sheet-sage-green-packaging.jpg?v=1786181871",in_stock,150.00 EUR,Boomba Bamboo,new,8720828225905,8720828225905,bamboo-fitted-sheet-sage-green-400tc,Sage Green,160x220/210,100% Bamboo (Tanboocel™)
8720618860385,"Drap-housse en bambou, vert sauge, 400TC","Un drap-housse en bambou 400TC, d'une douceur soyeuse, dans une douce teinte vert sauge — respirant, hypoallergénique et agréable au toucher, doté d'un élastique qui s'adapte parfaitement aux matelas d'une épaisseur maximale de 30 cm.",https://www.maisondecocon.com/fr/products/bamboo-fitted-sheet-sage-green-400tc?variant_sku=8720618860385,https://cdn.shopify.com/s/files/1/0884/0278/8685/files/bamboo-fitted-sheet-sage-green-seam-detail.jpg?v=1786181871,"https://cdn.shopify.com/s/files/1/0884/0278/8685/files/bamboo-fitted-sheet-sage-green-bedroom-window.jpg?v=1786182101,https://cdn.shopify.com/s/files/1/0884/0278/8685/files/bamboo-fitted-sheet-sage-green-corner-loose.jpg?v=1786182102,https://cdn.shopify.com/s/files/1/0884/0278/8685/files/bamboo-fitted-sheet-sage-green-fabric-drape.jpg?v=1786181871,https://cdn.shopify.com/s/files/1/0884/0278/8685/files/bamboo-fitted-sheet-sage-green-bedroom-front.jpg?v=1786181871,https://cdn.shopify.com/s/files/1/0884/0278/8685/files/bamboo-fitted-sheet-sage-green-bedroom-detail.jpg?v=1786181871,https://cdn.shopify.com/s/files/1/0884/0278/8685/files/bamboo-fitted-sheet-sage-green-bedroom-wide.jpg?v=1786182102,https://cdn.shopify.com/s/files/1/0884/0278/8685/files/bamboo-fitted-sheet-sage-green-packaging.jpg?v=1786181871",out_of_stock,162.00 EUR,Boomba Bamboo,new,8720618860385,8720618860385,bamboo-fitted-sheet-sage-green-400tc,Sage Green,180x220/210 cm,100% Bamboo (Tanboocel™)
8720618860323,"Drap-housse en bambou, vert sauge, 400TC","Un drap-housse en bambou 400TC, d'une douceur soyeuse, dans une douce teinte vert sauge — respirant, hypoallergénique et agréable au toucher, doté d'un élastique qui s'adapte parfaitement aux matelas d'une épaisseur maximale de 30 cm.",https://www.maisondecocon.com/fr/products/bamboo-fitted-sheet-sage-green-400tc?variant_sku=8720618860323,https://cdn.shopify.com/s/files/1/0884/0278/8685/files/bamboo-fitted-sheet-sage-green-seam-detail.jpg?v=1786181871,"https://cdn.shopify.com/s/files/1/0884/0278/8685/files/bamboo-fitted-sheet-sage-green-bedroom-window.jpg?v=1786182101,https://cdn.shopify.com/s/files/1/0884/0278/8685/files/bamboo-fitted-sheet-sage-green-corner-loose.jpg?v=1786182102,https://cdn.shopify.com/s/files/1/0884/0278/8685/files/bamboo-fitted-sheet-sage-green-fabric-drape.jpg?v=1786181871,https://cdn.shopify.com/s/files/1/0884/0278/8685/files/bamboo-fitted-sheet-sage-green-bedroom-front.jpg?v=1786181871,https://cdn.shopify.com/s/files/1/0884/0278/8685/files/bamboo-fitted-sheet-sage-green-bedroom-detail.jpg?v=1786181871,https://cdn.shopify.com/s/files/1/0884/0278/8685/files/bamboo-fitted-sheet-sage-green-bedroom-wide.jpg?v=1786182102,https://cdn.shopify.com/s/files/1/0884/0278/8685/files/bamboo-fitted-sheet-sage-green-packaging.jpg?v=1786181871",in_stock,120.00 EUR,Boomba Bamboo,new,8720618860323,8720618860323,bamboo-fitted-sheet-sage-green-400tc,Sage Green,80x200 cm,100% Bamboo (Tanboocel™)
8720618860415,"Drap-housse en bambou, vert sauge, 400TC","Un drap-housse en bambou 400TC, d'une douceur soyeuse, dans une douce teinte vert sauge — respirant, hypoallergénique et agréable au toucher, doté d'un élastique qui s'adapte parfaitement aux matelas d'une épaisseur maximale de 30 cm.",https://www.maisondecocon.com/fr/products/bamboo-fitted-sheet-sage-green-400tc?variant_sku=8720618860415,https://cdn.shopify.com/s/files/1/0884/0278/8685/files/bamboo-fitted-sheet-sage-green-seam-detail.jpg?v=1786181871,"https://cdn.shopify.com/s/files/1/0884/0278/8685/files/bamboo-fitted-sheet-sage-green-bedroom-window.jpg?v=1786182101,https://cdn.shopify.com/s/files/1/0884/0278/8685/files/bamboo-fitted-sheet-sage-green-corner-loose.jpg?v=1786182102,https://cdn.shopify.com/s/files/1/0884/0278/8685/files/bamboo-fitted-sheet-sage-green-fabric-drape.jpg?v=1786181871,https://cdn.shopify.com/s/files/1/0884/0278/8685/files/bamboo-fitted-sheet-sage-green-bedroom-front.jpg?v=1786181871,https://cdn.shopify.com/s/files/1/0884/0278/8685/files/bamboo-fitted-sheet-sage-green-bedroom-detail.jpg?v=1786181871,https://cdn.shopify.com/s/files/1/0884/0278/8685/files/bamboo-fitted-sheet-sage-green-bedroom-wide.jpg?v=1786182102,https://cdn.shopify.com/s/files/1/0884/0278/8685/files/bamboo-fitted-sheet-sage-green-packaging.jpg?v=1786181871",in_stock,180.00 EUR,Boomba Bamboo,new,8720618860415,8720618860415,bamboo-fitted-sheet-sage-green-400tc,Sage Green,200x220/210 cm,100% Bamboo (Tanboocel™)
8720618860330,"Drap-housse en bambou, vert sauge, 400TC","Un drap-housse en bambou 400TC, d'une douceur soyeuse, dans une douce teinte vert sauge — respirant, hypoallergénique et agréable au toucher, doté d'un élastique qui s'adapte parfaitement aux matelas d'une épaisseur maximale de 30 cm.",https://www.maisondecocon.com/fr/products/bamboo-fitted-sheet-sage-green-400tc?variant_sku=8720618860330,https://cdn.shopify.com/s/files/1/0884/0278/8685/files/bamboo-fitted-sheet-sage-green-seam-detail.jpg?v=1786181871,"https://cdn.shopify.com/s/files/1/0884/0278/8685/files/bamboo-fitted-sheet-sage-green-bedroom-window.jpg?v=1786182101,https://cdn.shopify.com/s/files/1/0884/0278/8685/files/bamboo-fitted-sheet-sage-green-corner-loose.jpg?v=1786182102,https://cdn.shopify.com/s/files/1/0884/0278/8685/files/bamboo-fitted-sheet-sage-green-fabric-drape.jpg?v=1786181871,https://cdn.shopify.com/s/files/1/0884/0278/8685/files/bamboo-fitted-sheet-sage-green-bedroom-front.jpg?v=1786181871,https://cdn.shopify.com/s/files/1/0884/0278/8685/files/bamboo-fitted-sheet-sage-green-bedroom-detail.jpg?v=1786181871,https://cdn.shopify.com/s/files/1/0884/0278/8685/files/bamboo-fitted-sheet-sage-green-bedroom-wide.jpg?v=1786182102,https://cdn.shopify.com/s/files/1/0884/0278/8685/files/bamboo-fitted-sheet-sage-green-packaging.jpg?v=1786181871",in_stock,129.00 EUR,Boomba Bamboo,new,8720618860330,8720618860330,bamboo-fitted-sheet-sage-green-400tc,Sage Green,90x200 cm,100% Bamboo (Tanboocel™)
8720828225257,"Drap-housse en bambou bleu ciel, 400TC","Un drap-housse en bambou 400TC, d'une douceur soyeuse, dans un délicat bleu ciel : respirant, hypoallergénique et frais au contact de la peau, doté d'un élastique qui s'ajuste parfaitement aux matelas d'une épaisseur maximale de 30 cm.",https://www.maisondecocon.com/fr/products/bamboo-fitted-sheet-sky-blue-400tc?variant_sku=8720828225257,https://cdn.shopify.com/s/files/1/0884/0278/8685/files/bamboo-fitted-sheet-sky-blue-corner-detail.jpg?v=1786181969,"https://cdn.shopify.com/s/files/1/0884/0278/8685/files/bamboo-fitted-sheet-sky-blue-bedroom-lifestyle.jpg?v=1786181969,https://cdn.shopify.com/s/files/1/0884/0278/8685/files/bamboo-fitted-sheet-sky-blue-corner-loose.jpg?v=1786181969,https://cdn.shopify.com/s/files/1/0884/0278/8685/files/bamboo-fitted-sheet-sky-blue-fabric-drape.jpg?v=1786181969,https://cdn.shopify.com/s/files/1/0884/0278/8685/files/bamboo-fitted-sheet-sky-blue-bedroom-window.jpg?v=1786182102,https://cdn.shopify.com/s/files/1/0884/0278/8685/files/bamboo-fitted-sheet-sky-blue-bedroom-detail.jpg?v=1786181969,https://cdn.shopify.com/s/files/1/0884/0278/8685/files/bamboo-fitted-sheet-sky-blue-packaging.jpg?v=1786181969",in_stock,144.00 EUR,Boomba Bamboo,new,8720828225257,8720828225257,bamboo-fitted-sheet-sky-blue-400tc,Sky Blue,140x200 cm,100% Bamboo (Tanboocel™)
8720828225530,"Drap-housse en bambou bleu ciel, 400TC","Un drap-housse en bambou 400TC, d'une douceur soyeuse, dans un délicat bleu ciel : respirant, hypoallergénique et frais au contact de la peau, doté d'un élastique qui s'ajuste parfaitement aux matelas d'une épaisseur maximale de 30 cm.",https://www.maisondecocon.com/fr/products/bamboo-fitted-sheet-sky-blue-400tc?variant_sku=8720828225530,https://cdn.shopify.com/s/files/1/0884/0278/8685/files/bamboo-fitted-sheet-sky-blue-corner-detail.jpg?v=1786181969,"https://cdn.shopify.com/s/files/1/0884/0278/8685/files/bamboo-fitted-sheet-sky-blue-bedroom-lifestyle.jpg?v=1786181969,https://cdn.shopify.com/s/files/1/0884/0278/8685/files/bamboo-fitted-sheet-sky-blue-corner-loose.jpg?v=1786181969,https://cdn.shopify.com/s/files/1/0884/0278/8685/files/bamboo-fitted-sheet-sky-blue-fabric-drape.jpg?v=1786181969,https://cdn.shopify.com/s/files/1/0884/0278/8685/files/bamboo-fitted-sheet-sky-blue-bedroom-window.jpg?v=1786182102,https://cdn.shopify.com/s/files/1/0884/0278/8685/files/bamboo-fitted-sheet-sky-blue-bedroom-detail.jpg?v=1786181969,https://cdn.shopify.com/s/files/1/0884/0278/8685/files/bamboo-fitted-sheet-sky-blue-packaging.jpg?v=1786181969",in_stock,123.00 EUR,Boomba Bamboo,new,8720828225530,8720828225530,bamboo-fitted-sheet-sky-blue-400tc,Sky Blue,80x210 cm,100% Bamboo (Tanboocel™)
8720828225240,"Drap-housse en bambou bleu ciel, 400TC","Un drap-housse en bambou 400TC, d'une douceur soyeuse, dans un délicat bleu ciel : respirant, hypoallergénique et frais au contact de la peau, doté d'un élastique qui s'ajuste parfaitement aux matelas d'une épaisseur maximale de 30 cm.",https://www.maisondecocon.com/fr/products/bamboo-fitted-sheet-sky-blue-400tc?variant_sku=8720828225240,https://cdn.shopify.com/s/files/1/0884/0278/8685/files/bamboo-fitted-sheet-sky-blue-corner-detail.jpg?v=1786181969,"https://cdn.shopify.com/s/files/1/0884/0278/8685/files/bamboo-fitted-sheet-sky-blue-bedroom-lifestyle.jpg?v=1786181969,https://cdn.shopify.com/s/files/1/0884/0278/8685/files/bamboo-fitted-sheet-sky-blue-corner-loose.jpg?v=1786181969,https://cdn.shopify.com/s/files/1/0884/0278/8685/files/bamboo-fitted-sheet-sky-blue-fabric-drape.jpg?v=1786181969,https://cdn.shopify.com/s/files/1/0884/0278/8685/files/bamboo-fitted-sheet-sky-blue-bedroom-window.jpg?v=1786182102,https://cdn.shopify.com/s/files/1/0884/0278/8685/files/bamboo-fitted-sheet-sky-blue-bedroom-detail.jpg?v=1786181969,https://cdn.shopify.com/s/files/1/0884/0278/8685/files/bamboo-fitted-sheet-sky-blue-packaging.jpg?v=1786181969",in_stock,135.00 EUR,Boomba Bamboo,new,8720828225240,8720828225240,bamboo-fitted-sheet-sky-blue-400tc,Sky Blue,90x220/210 cm,100% Bamboo (Tanboocel™)
8720828225295,"Drap-housse en bambou bleu ciel, 400TC","Un drap-housse en bambou 400TC, d'une douceur soyeuse, dans un délicat bleu ciel : respirant, hypoallergénique et frais au contact de la peau, doté d'un élastique qui s'ajuste parfaitement aux matelas d'une épaisseur maximale de 30 cm.",https://www.maisondecocon.com/fr/products/bamboo-fitted-sheet-sky-blue-400tc?variant_sku=8720828225295,https://cdn.shopify.com/s/files/1/0884/0278/8685/files/bamboo-fitted-sheet-sky-blue-corner-detail.jpg?v=1786181969,"https://cdn.shopify.com/s/files/1/0884/0278/8685/files/bamboo-fitted-sheet-sky-blue-bedroom-lifestyle.jpg?v=1786181969,https://cdn.shopify.com/s/files/1/0884/0278/8685/files/bamboo-fitted-sheet-sky-blue-corner-loose.jpg?v=1786181969,https://cdn.shopify.com/s/files/1/0884/0278/8685/files/bamboo-fitted-sheet-sky-blue-fabric-drape.jpg?v=1786181969,https://cdn.shopify.com/s/files/1/0884/0278/8685/files/bamboo-fitted-sheet-sky-blue-bedroom-window.jpg?v=1786182102,https://cdn.shopify.com/s/files/1/0884/0278/8685/files/bamboo-fitted-sheet-sky-blue-bedroom-detail.jpg?v=1786181969,https://cdn.shopify.com/s/files/1/0884/0278/8685/files/bamboo-fitted-sheet-sky-blue-packaging.jpg?v=1786181969",in_stock,162.00 EUR,Boomba Bamboo,new,8720828225295,8720828225295,bamboo-fitted-sheet-sky-blue-400tc,Sky Blue,180x220/210 cm,100% Bamboo (Tanboocel™)
8720828225318,"Drap-housse en bambou bleu ciel, 400TC","Un drap-housse en bambou 400TC, d'une douceur soyeuse, dans un délicat bleu ciel : respirant, hypoallergénique et frais au contact de la peau, doté d'un élastique qui s'ajuste parfaitement aux matelas d'une épaisseur maximale de 30 cm.",https://www.maisondecocon.com/fr/products/bamboo-fitted-sheet-sky-blue-400tc?variant_sku=8720828225318,https://cdn.shopify.com/s/files/1/0884/0278/8685/files/bamboo-fitted-sheet-sky-blue-corner-detail.jpg?v=1786181969,"https://cdn.shopify.com/s/files/1/0884/0278/8685/files/bamboo-fitted-sheet-sky-blue-bedroom-lifestyle.jpg?v=1786181969,https://cdn.shopify.com/s/files/1/0884/0278/8685/files/bamboo-fitted-sheet-sky-blue-corner-loose.jpg?v=1786181969,https://cdn.shopify.com/s/files/1/0884/0278/8685/files/bamboo-fitted-sheet-sky-blue-fabric-drape.jpg?v=1786181969,https://cdn.shopify.com/s/files/1/0884/0278/8685/files/bamboo-fitted-sheet-sky-blue-bedroom-window.jpg?v=1786182102,https://cdn.shopify.com/s/files/1/0884/0278/8685/files/bamboo-fitted-sheet-sky-blue-bedroom-detail.jpg?v=1786181969,https://cdn.shopify.com/s/files/1/0884/0278/8685/files/bamboo-fitted-sheet-sky-blue-packaging.jpg?v=1786181969",in_stock,174.00 EUR,Boomba Bamboo,new,8720828225318,8720828225318,bamboo-fitted-sheet-sky-blue-400tc,Sky Blue,200x210 cm,100% Bamboo (Tanboocel™)
8720828225219,"Drap-housse en bambou bleu ciel, 400TC","Un drap-housse en bambou 400TC, d'une douceur soyeuse, dans un délicat bleu ciel : respirant, hypoallergénique et frais au contact de la peau, doté d'un élastique qui s'ajuste parfaitement aux matelas d'une épaisseur maximale de 30 cm.",https://www.maisondecocon.com/fr/products/bamboo-fitted-sheet-sky-blue-400tc?variant_sku=8720828225219,https://cdn.shopify.com/s/files/1/0884/0278/8685/files/bamboo-fitted-sheet-sky-blue-corner-detail.jpg?v=1786181969,"https://cdn.shopify.com/s/files/1/0884/0278/8685/files/bamboo-fitted-sheet-sky-blue-bedroom-lifestyle.jpg?v=1786181969,https://cdn.shopify.com/s/files/1/0884/0278/8685/files/bamboo-fitted-sheet-sky-blue-corner-loose.jpg?v=1786181969,https://cdn.shopify.com/s/files/1/0884/0278/8685/files/bamboo-fitted-sheet-sky-blue-fabric-drape.jpg?v=1786181969,https://cdn.shopify.com/s/files/1/0884/0278/8685/files/bamboo-fitted-sheet-sky-blue-bedroom-window.jpg?v=1786182102,https://cdn.shopify.com/s/files/1/0884/0278/8685/files/bamboo-fitted-sheet-sky-blue-bedroom-detail.jpg?v=1786181969,https://cdn.shopify.com/s/files/1/0884/0278/8685/files/bamboo-fitted-sheet-sky-blue-packaging.jpg?v=1786181969",in_stock,120.00 EUR,Boomba Bamboo,new,8720828225219,8720828225219,bamboo-fitted-sheet-sky-blue-400tc,Sky Blue,80x200 cm,100% Bamboo (Tanboocel™)
8720828225325,"Drap-housse en bambou bleu ciel, 400TC","Un drap-housse en bambou 400TC, d'une douceur soyeuse, dans un délicat bleu ciel : respirant, hypoallergénique et frais au contact de la peau, doté d'un élastique qui s'ajuste parfaitement aux matelas d'une épaisseur maximale de 30 cm.",https://www.maisondecocon.com/fr/products/bamboo-fitted-sheet-sky-blue-400tc?variant_sku=8720828225325,https://cdn.shopify.com/s/files/1/0884/0278/8685/files/bamboo-fitted-sheet-sky-blue-corner-detail.jpg?v=1786181969,"https://cdn.shopify.com/s/files/1/0884/0278/8685/files/bamboo-fitted-sheet-sky-blue-bedroom-lifestyle.jpg?v=1786181969,https://cdn.shopify.com/s/files/1/0884/0278/8685/files/bamboo-fitted-sheet-sky-blue-corner-loose.jpg?v=1786181969,https://cdn.shopify.com/s/files/1/0884/0278/8685/files/bamboo-fitted-sheet-sky-blue-fabric-drape.jpg?v=1786181969,https://cdn.shopify.com/s/files/1/0884/0278/8685/files/bamboo-fitted-sheet-sky-blue-bedroom-window.jpg?v=1786182102,https://cdn.shopify.com/s/files/1/0884/0278/8685/files/bamboo-fitted-sheet-sky-blue-bedroom-detail.jpg?v=1786181969,https://cdn.shopify.com/s/files/1/0884/0278/8685/files/bamboo-fitted-sheet-sky-blue-packaging.jpg?v=1786181969",in_stock,180.00 EUR,Boomba Bamboo,new,8720828225325,8720828225325,bamboo-fitted-sheet-sky-blue-400tc,Sky Blue,200x220/210 cm,100% Bamboo (Tanboocel™)
8720828225226,"Drap-housse en bambou bleu ciel, 400TC","Un drap-housse en bambou 400TC, d'une douceur soyeuse, dans un délicat bleu ciel : respirant, hypoallergénique et frais au contact de la peau, doté d'un élastique qui s'ajuste parfaitement aux matelas d'une épaisseur maximale de 30 cm.",https://www.maisondecocon.com/fr/products/bamboo-fitted-sheet-sky-blue-400tc?variant_sku=8720828225226,https://cdn.shopify.com/s/files/1/0884/0278/8685/files/bamboo-fitted-sheet-sky-blue-corner-detail.jpg?v=1786181969,"https://cdn.shopify.com/s/files/1/0884/0278/8685/files/bamboo-fitted-sheet-sky-blue-bedroom-lifestyle.jpg?v=1786181969,https://cdn.shopify.com/s/files/1/0884/0278/8685/files/bamboo-fitted-sheet-sky-blue-corner-loose.jpg?v=1786181969,https://cdn.shopify.com/s/files/1/0884/0278/8685/files/bamboo-fitted-sheet-sky-blue-fabric-drape.jpg?v=1786181969,https://cdn.shopify.com/s/files/1/0884/0278/8685/files/bamboo-fitted-sheet-sky-blue-bedroom-window.jpg?v=1786182102,https://cdn.shopify.com/s/files/1/0884/0278/8685/files/bamboo-fitted-sheet-sky-blue-bedroom-detail.jpg?v=1786181969,https://cdn.shopify.com/s/files/1/0884/0278/8685/files/bamboo-fitted-sheet-sky-blue-packaging.jpg?v=1786181969",in_stock,129.00 EUR,Boomba Bamboo,new,8720828225226,8720828225226,bamboo-fitted-sheet-sky-blue-400tc,Sky Blue,90x200 cm,100% Bamboo (Tanboocel™)
8022025,"Drap-housse en bambou bleu ciel, 400TC","Un drap-housse en bambou 400TC, d'une douceur soyeuse, dans un délicat bleu ciel : respirant, hypoallergénique et frais au contact de la peau, doté d'un élastique qui s'ajuste parfaitement aux matelas d'une épaisseur maximale de 30 cm.",https://www.maisondecocon.com/fr/products/bamboo-fitted-sheet-sky-blue-400tc?variant_sku=8022025,https://cdn.shopify.com/s/files/1/0884/0278/8685/files/bamboo-fitted-sheet-sky-blue-corner-detail.jpg?v=1786181969,"https://cdn.shopify.com/s/files/1/0884/0278/8685/files/bamboo-fitted-sheet-sky-blue-bedroom-lifestyle.jpg?v=1786181969,https://cdn.shopify.com/s/files/1/0884/0278/8685/files/bamboo-fitted-sheet-sky-blue-corner-loose.jpg?v=1786181969,https://cdn.shopify.com/s/files/1/0884/0278/8685/files/bamboo-fitted-sheet-sky-blue-fabric-drape.jpg?v=1786181969,https://cdn.shopify.com/s/files/1/0884/0278/8685/files/bamboo-fitted-sheet-sky-blue-bedroom-window.jpg?v=1786182102,https://cdn.shopify.com/s/files/1/0884/0278/8685/files/bamboo-fitted-sheet-sky-blue-bedroom-detail.jpg?v=1786181969,https://cdn.shopify.com/s/files/1/0884/0278/8685/files/bamboo-fitted-sheet-sky-blue-packaging.jpg?v=1786181969",out_of_stock,126.00 EUR,Boomba Bamboo,new,,8022025,bamboo-fitted-sheet-sky-blue-400tc,Sky Blue,80x220/210 cm,100% Bamboo (Tanboocel™)
8720828225288,"Drap-housse en bambou bleu ciel, 400TC","Un drap-housse en bambou 400TC, d'une douceur soyeuse, dans un délicat bleu ciel : respirant, hypoallergénique et frais au contact de la peau, doté d'un élastique qui s'ajuste parfaitement aux matelas d'une épaisseur maximale de 30 cm.",https://www.maisondecocon.com/fr/products/bamboo-fitted-sheet-sky-blue-400tc?variant_sku=8720828225288,https://cdn.shopify.com/s/files/1/0884/0278/8685/files/bamboo-fitted-sheet-sky-blue-corner-detail.jpg?v=1786181969,"https://cdn.shopify.com/s/files/1/0884/0278/8685/files/bamboo-fitted-sheet-sky-blue-bedroom-lifestyle.jpg?v=1786181969,https://cdn.shopify.com/s/files/1/0884/0278/8685/files/bamboo-fitted-sheet-sky-blue-corner-loose.jpg?v=1786181969,https://cdn.shopify.com/s/files/1/0884/0278/8685/files/bamboo-fitted-sheet-sky-blue-fabric-drape.jpg?v=1786181969,https://cdn.shopify.com/s/files/1/0884/0278/8685/files/bamboo-fitted-sheet-sky-blue-bedroom-window.jpg?v=1786182102,https://cdn.shopify.com/s/files/1/0884/0278/8685/files/bamboo-fitted-sheet-sky-blue-bedroom-detail.jpg?v=1786181969,https://cdn.shopify.com/s/files/1/0884/0278/8685/files/bamboo-fitted-sheet-sky-blue-packaging.jpg?v=1786181969",in_stock,159.00 EUR,Boomba Bamboo,new,8720828225288,8720828225288,bamboo-fitted-sheet-sky-blue-400tc,Sky Blue,180x210 cm,100% Bamboo (Tanboocel™)
8720828225868,"Drap-housse en bambou bleu ciel, 400TC","Un drap-housse en bambou 400TC, d'une douceur soyeuse, dans un délicat bleu ciel : respirant, hypoallergénique et frais au contact de la peau, doté d'un élastique qui s'ajuste parfaitement aux matelas d'une épaisseur maximale de 30 cm.",https://www.maisondecocon.com/fr/products/bamboo-fitted-sheet-sky-blue-400tc?variant_sku=8720828225868,https://cdn.shopify.com/s/files/1/0884/0278/8685/files/bamboo-fitted-sheet-sky-blue-corner-detail.jpg?v=1786181969,"https://cdn.shopify.com/s/files/1/0884/0278/8685/files/bamboo-fitted-sheet-sky-blue-bedroom-lifestyle.jpg?v=1786181969,https://cdn.shopify.com/s/files/1/0884/0278/8685/files/bamboo-fitted-sheet-sky-blue-corner-loose.jpg?v=1786181969,https://cdn.shopify.com/s/files/1/0884/0278/8685/files/bamboo-fitted-sheet-sky-blue-fabric-drape.jpg?v=1786181969,https://cdn.shopify.com/s/files/1/0884/0278/8685/files/bamboo-fitted-sheet-sky-blue-bedroom-window.jpg?v=1786182102,https://cdn.shopify.com/s/files/1/0884/0278/8685/files/bamboo-fitted-sheet-sky-blue-bedroom-detail.jpg?v=1786181969,https://cdn.shopify.com/s/files/1/0884/0278/8685/files/bamboo-fitted-sheet-sky-blue-packaging.jpg?v=1786181969",in_stock,153.00 EUR,Boomba Bamboo,new,8720828225868,8720828225868,bamboo-fitted-sheet-sky-blue-400tc,Sky Blue,160x220/210,100% Bamboo (Tanboocel™)
8720828225264,"Drap-housse en bambou bleu ciel, 400TC","Un drap-housse en bambou 400TC, d'une douceur soyeuse, dans un délicat bleu ciel : respirant, hypoallergénique et frais au contact de la peau, doté d'un élastique qui s'ajuste parfaitement aux matelas d'une épaisseur maximale de 30 cm.",https://www.maisondecocon.com/fr/products/bamboo-fitted-sheet-sky-blue-400tc?variant_sku=8720828225264,https://cdn.shopify.com/s/files/1/0884/0278/8685/files/bamboo-fitted-sheet-sky-blue-corner-detail.jpg?v=1786181969,"https://cdn.shopify.com/s/files/1/0884/0278/8685/files/bamboo-fitted-sheet-sky-blue-bedroom-lifestyle.jpg?v=1786181969,https://cdn.shopify.com/s/files/1/0884/0278/8685/files/bamboo-fitted-sheet-sky-blue-corner-loose.jpg?v=1786181969,https://cdn.shopify.com/s/files/1/0884/0278/8685/files/bamboo-fitted-sheet-sky-blue-fabric-drape.jpg?v=1786181969,https://cdn.shopify.com/s/files/1/0884/0278/8685/files/bamboo-fitted-sheet-sky-blue-bedroom-window.jpg?v=1786182102,https://cdn.shopify.com/s/files/1/0884/0278/8685/files/bamboo-fitted-sheet-sky-blue-bedroom-detail.jpg?v=1786181969,https://cdn.shopify.com/s/files/1/0884/0278/8685/files/bamboo-fitted-sheet-sky-blue-packaging.jpg?v=1786181969",in_stock,147.00 EUR,Boomba Bamboo,new,8720828225264,8720828225264,bamboo-fitted-sheet-sky-blue-400tc,Sky Blue,160x200 cm,100% Bamboo (Tanboocel™)
8720828225233,"Drap-housse en bambou bleu ciel, 400TC","Un drap-housse en bambou 400TC, d'une douceur soyeuse, dans un délicat bleu ciel : respirant, hypoallergénique et frais au contact de la peau, doté d'un élastique qui s'ajuste parfaitement aux matelas d'une épaisseur maximale de 30 cm.",https://www.maisondecocon.com/fr/products/bamboo-fitted-sheet-sky-blue-400tc?variant_sku=8720828225233,https://cdn.shopify.com/s/files/1/0884/0278/8685/files/bamboo-fitted-sheet-sky-blue-corner-detail.jpg?v=1786181969,"https://cdn.shopify.com/s/files/1/0884/0278/8685/files/bamboo-fitted-sheet-sky-blue-bedroom-lifestyle.jpg?v=1786181969,https://cdn.shopify.com/s/files/1/0884/0278/8685/files/bamboo-fitted-sheet-sky-blue-corner-loose.jpg?v=1786181969,https://cdn.shopify.com/s/files/1/0884/0278/8685/files/bamboo-fitted-sheet-sky-blue-fabric-drape.jpg?v=1786181969,https://cdn.shopify.com/s/files/1/0884/0278/8685/files/bamboo-fitted-sheet-sky-blue-bedroom-window.jpg?v=1786182102,https://cdn.shopify.com/s/files/1/0884/0278/8685/files/bamboo-fitted-sheet-sky-blue-bedroom-detail.jpg?v=1786181969,https://cdn.shopify.com/s/files/1/0884/0278/8685/files/bamboo-fitted-sheet-sky-blue-packaging.jpg?v=1786181969",in_stock,132.00 EUR,Boomba Bamboo,new,8720828225233,8720828225233,bamboo-fitted-sheet-sky-blue-400tc,Sky Blue,90x210 cm,100% Bamboo (Tanboocel™)
8720828225301,"Drap-housse en bambou bleu ciel, 400TC","Un drap-housse en bambou 400TC, d'une douceur soyeuse, dans un délicat bleu ciel : respirant, hypoallergénique et frais au contact de la peau, doté d'un élastique qui s'ajuste parfaitement aux matelas d'une épaisseur maximale de 30 cm.",https://www.maisondecocon.com/fr/products/bamboo-fitted-sheet-sky-blue-400tc?variant_sku=8720828225301,https://cdn.shopify.com/s/files/1/0884/0278/8685/files/bamboo-fitted-sheet-sky-blue-corner-detail.jpg?v=1786181969,"https://cdn.shopify.com/s/files/1/0884/0278/8685/files/bamboo-fitted-sheet-sky-blue-bedroom-lifestyle.jpg?v=1786181969,https://cdn.shopify.com/s/files/1/0884/0278/8685/files/bamboo-fitted-sheet-sky-blue-corner-loose.jpg?v=1786181969,https://cdn.shopify.com/s/files/1/0884/0278/8685/files/bamboo-fitted-sheet-sky-blue-fabric-drape.jpg?v=1786181969,https://cdn.shopify.com/s/files/1/0884/0278/8685/files/bamboo-fitted-sheet-sky-blue-bedroom-window.jpg?v=1786182102,https://cdn.shopify.com/s/files/1/0884/0278/8685/files/bamboo-fitted-sheet-sky-blue-bedroom-detail.jpg?v=1786181969,https://cdn.shopify.com/s/files/1/0884/0278/8685/files/bamboo-fitted-sheet-sky-blue-packaging.jpg?v=1786181969",in_stock,168.00 EUR,Boomba Bamboo,new,8720828225301,8720828225301,bamboo-fitted-sheet-sky-blue-400tc,Sky Blue,200x200 cm,100% Bamboo (Tanboocel™)
8720828225271,"Drap-housse en bambou bleu ciel, 400TC","Un drap-housse en bambou 400TC, d'une douceur soyeuse, dans un délicat bleu ciel : respirant, hypoallergénique et frais au contact de la peau, doté d'un élastique qui s'ajuste parfaitement aux matelas d'une épaisseur maximale de 30 cm.",https://www.maisondecocon.com/fr/products/bamboo-fitted-sheet-sky-blue-400tc?variant_sku=8720828225271,https://cdn.shopify.com/s/files/1/0884/0278/8685/files/bamboo-fitted-sheet-sky-blue-corner-detail.jpg?v=1786181969,"https://cdn.shopify.com/s/files/1/0884/0278/8685/files/bamboo-fitted-sheet-sky-blue-bedroom-lifestyle.jpg?v=1786181969,https://cdn.shopify.com/s/files/1/0884/0278/8685/files/bamboo-fitted-sheet-sky-blue-corner-loose.jpg?v=1786181969,https://cdn.shopify.com/s/files/1/0884/0278/8685/files/bamboo-fitted-sheet-sky-blue-fabric-drape.jpg?v=1786181969,https://cdn.shopify.com/s/files/1/0884/0278/8685/files/bamboo-fitted-sheet-sky-blue-bedroom-window.jpg?v=1786182102,https://cdn.shopify.com/s/files/1/0884/0278/8685/files/bamboo-fitted-sheet-sky-blue-bedroom-detail.jpg?v=1786181969,https://cdn.shopify.com/s/files/1/0884/0278/8685/files/bamboo-fitted-sheet-sky-blue-packaging.jpg?v=1786181969",in_stock,156.00 EUR,Boomba Bamboo,new,8720828225271,8720828225271,bamboo-fitted-sheet-sky-blue-400tc,Sky Blue,180x200 cm,100% Bamboo (Tanboocel™)
7777776020060,"Parure de lit en bambou pour 2 personnes, couleur « Deep Moss », 400TC","Un ensemble de literie en bambou 400TC au toucher naturel et somptueux, pour deux personnes, dans la teinte « Deep Moss » : respirant, hypoallergénique et doux pour la peau, pour une nuit de sommeil digne d'un hôtel.",https://www.maisondecocon.com/fr/products/2-person-bamboo-bedding-set-deep-moss-400tc?variant_sku=7777776020060,https://cdn.shopify.com/s/files/1/0884/0278/8685/files/bamboo-bedding-set-deep-moss-2-person-bedroom-lifestyle.jpg?v=1786137534,"https://cdn.shopify.com/s/files/1/0884/0278/8685/files/bamboo-bedding-set-deep-moss-2-person-button-detail.jpg?v=1786137585,https://cdn.shopify.com/s/files/1/0884/0278/8685/files/bamboo-bedding-set-deep-moss-2-person-bedroom-window.jpg?v=1786137597,https://cdn.shopify.com/s/files/1/0884/0278/8685/files/bamboo-bedding-set-deep-moss-2-person-tie-detail.jpg?v=1786137607,https://cdn.shopify.com/s/files/1/0884/0278/8685/files/bamboo-bedding-set-deep-moss-2-person-bed-styled.jpg?v=1786137615,https://cdn.shopify.com/s/files/1/0884/0278/8685/files/bamboo-bedding-set-deep-moss-2-person-fitted-sheet-corner-02.jpg?v=1786137648,https://cdn.shopify.com/s/files/1/0884/0278/8685/files/bamboo-bedding-set-deep-moss-2-person-fabric-swirl.jpg?v=1786137662,https://cdn.shopify.com/s/files/1/0884/0278/8685/files/bamboo-bedding-set-deep-moss-2-person-bedroom-wood-frame.jpg?v=1786137671,https://cdn.shopify.com/s/files/1/0884/0278/8685/files/bamboo-bedding-set-deep-moss-2-person-bed-full.jpg?v=1786137681,https://cdn.shopify.com/s/files/1/0884/0278/8685/files/bamboo-bedding-set-deep-moss-2-person-fitted-sheet-corner.jpg?v=1786137692,https://cdn.shopify.com/s/files/1/0884/0278/8685/files/bamboo-bedding-set-deep-moss-2-person-linen-stack.jpg?v=1786137703",in_stock,564.00 EUR,Boomba Bamboo,new,,7777776020060,2-person-bamboo-bedding-set-deep-moss-400tc,Deep Moss,L — 160×200 + 200×220 + 60×70,100% Bamboo (Tanboocel™)
77777720026060,"Parure de lit en bambou pour 2 personnes, couleur « Deep Moss », 400TC","Un ensemble de literie en bambou 400TC au toucher naturel et somptueux, pour deux personnes, dans la teinte « Deep Moss » : respirant, hypoallergénique et doux pour la peau, pour une nuit de sommeil digne d'un hôtel.",https://www.maisondecocon.com/fr/products/2-person-bamboo-bedding-set-deep-moss-400tc?variant_sku=77777720026060,https://cdn.shopify.com/s/files/1/0884/0278/8685/files/bamboo-bedding-set-deep-moss-2-person-bedroom-lifestyle.jpg?v=1786137534,"https://cdn.shopify.com/s/files/1/0884/0278/8685/files/bamboo-bedding-set-deep-moss-2-person-button-detail.jpg?v=1786137585,https://cdn.shopify.com/s/files/1/0884/0278/8685/files/bamboo-bedding-set-deep-moss-2-person-bedroom-window.jpg?v=1786137597,https://cdn.shopify.com/s/files/1/0884/0278/8685/files/bamboo-bedding-set-deep-moss-2-person-tie-detail.jpg?v=1786137607,https://cdn.shopify.com/s/files/1/0884/0278/8685/files/bamboo-bedding-set-deep-moss-2-person-bed-styled.jpg?v=1786137615,https://cdn.shopify.com/s/files/1/0884/0278/8685/files/bamboo-bedding-set-deep-moss-2-person-fitted-sheet-corner-02.jpg?v=1786137648,https://cdn.shopify.com/s/files/1/0884/0278/8685/files/bamboo-bedding-set-deep-moss-2-person-fabric-swirl.jpg?v=1786137662,https://cdn.shopify.com/s/files/1/0884/0278/8685/files/bamboo-bedding-set-deep-moss-2-person-bedroom-wood-frame.jpg?v=1786137671,https://cdn.shopify.com/s/files/1/0884/0278/8685/files/bamboo-bedding-set-deep-moss-2-person-bed-full.jpg?v=1786137681,https://cdn.shopify.com/s/files/1/0884/0278/8685/files/bamboo-bedding-set-deep-moss-2-person-fitted-sheet-corner.jpg?v=1786137692,https://cdn.shopify.com/s/files/1/0884/0278/8685/files/bamboo-bedding-set-deep-moss-2-person-linen-stack.jpg?v=1786137703",in_stock,669.00 EUR,Boomba Bamboo,new,,77777720026060,2-person-bamboo-bedding-set-deep-moss-400tc,Deep Moss,XXL — 200×200 + 260×240 + 60×70,100% Bamboo (Tanboocel™)
7777774020060,"Parure de lit en bambou pour 2 personnes, couleur « Deep Moss », 400TC","Un ensemble de literie en bambou 400TC au toucher naturel et somptueux, pour deux personnes, dans la teinte « Deep Moss » : respirant, hypoallergénique et doux pour la peau, pour une nuit de sommeil digne d'un hôtel.",https://www.maisondecocon.com/fr/products/2-person-bamboo-bedding-set-deep-moss-400tc?variant_sku=7777774020060,https://cdn.shopify.com/s/files/1/0884/0278/8685/files/bamboo-bedding-set-deep-moss-2-person-bedroom-lifestyle.jpg?v=1786137534,"https://cdn.shopify.com/s/files/1/0884/0278/8685/files/bamboo-bedding-set-deep-moss-2-person-button-detail.jpg?v=1786137585,https://cdn.shopify.com/s/files/1/0884/0278/8685/files/bamboo-bedding-set-deep-moss-2-person-bedroom-window.jpg?v=1786137597,https://cdn.shopify.com/s/files/1/0884/0278/8685/files/bamboo-bedding-set-deep-moss-2-person-tie-detail.jpg?v=1786137607,https://cdn.shopify.com/s/files/1/0884/0278/8685/files/bamboo-bedding-set-deep-moss-2-person-bed-styled.jpg?v=1786137615,https://cdn.shopify.com/s/files/1/0884/0278/8685/files/bamboo-bedding-set-deep-moss-2-person-fitted-sheet-corner-02.jpg?v=1786137648,https://cdn.shopify.com/s/files/1/0884/0278/8685/files/bamboo-bedding-set-deep-moss-2-person-fabric-swirl.jpg?v=1786137662,https://cdn.shopify.com/s/files/1/0884/0278/8685/files/bamboo-bedding-set-deep-moss-2-person-bedroom-wood-frame.jpg?v=1786137671,https://cdn.shopify.com/s/files/1/0884/0278/8685/files/bamboo-bedding-set-deep-moss-2-person-bed-full.jpg?v=1786137681,https://cdn.shopify.com/s/files/1/0884/0278/8685/files/bamboo-bedding-set-deep-moss-2-person-fitted-sheet-corner.jpg?v=1786137692,https://cdn.shopify.com/s/files/1/0884/0278/8685/files/bamboo-bedding-set-deep-moss-2-person-linen-stack.jpg?v=1786137703",in_stock,561.00 EUR,Boomba Bamboo,new,,7777774020060,2-person-bamboo-bedding-set-deep-moss-400tc,Deep Moss,M — 140×200 + 200×220 + 60×70,100% Bamboo (Tanboocel™)
7777778024060,"Parure de lit en bambou pour 2 personnes, couleur « Deep Moss », 400TC","Un ensemble de literie en bambou 400TC au toucher naturel et somptueux, pour deux personnes, dans la teinte « Deep Moss » : respirant, hypoallergénique et doux pour la peau, pour une nuit de sommeil digne d'un hôtel.",https://www.maisondecocon.com/fr/products/2-person-bamboo-bedding-set-deep-moss-400tc?variant_sku=7777778024060,https://cdn.shopify.com/s/files/1/0884/0278/8685/files/bamboo-bedding-set-deep-moss-2-person-bedroom-lifestyle.jpg?v=1786137534,"https://cdn.shopify.com/s/files/1/0884/0278/8685/files/bamboo-bedding-set-deep-moss-2-person-button-detail.jpg?v=1786137585,https://cdn.shopify.com/s/files/1/0884/0278/8685/files/bamboo-bedding-set-deep-moss-2-person-bedroom-window.jpg?v=1786137597,https://cdn.shopify.com/s/files/1/0884/0278/8685/files/bamboo-bedding-set-deep-moss-2-person-tie-detail.jpg?v=1786137607,https://cdn.shopify.com/s/files/1/0884/0278/8685/files/bamboo-bedding-set-deep-moss-2-person-bed-styled.jpg?v=1786137615,https://cdn.shopify.com/s/files/1/0884/0278/8685/files/bamboo-bedding-set-deep-moss-2-person-fitted-sheet-corner-02.jpg?v=1786137648,https://cdn.shopify.com/s/files/1/0884/0278/8685/files/bamboo-bedding-set-deep-moss-2-person-fabric-swirl.jpg?v=1786137662,https://cdn.shopify.com/s/files/1/0884/0278/8685/files/bamboo-bedding-set-deep-moss-2-person-bedroom-wood-frame.jpg?v=1786137671,https://cdn.shopify.com/s/files/1/0884/0278/8685/files/bamboo-bedding-set-deep-moss-2-person-bed-full.jpg?v=1786137681,https://cdn.shopify.com/s/files/1/0884/0278/8685/files/bamboo-bedding-set-deep-moss-2-person-fitted-sheet-corner.jpg?v=1786137692,https://cdn.shopify.com/s/files/1/0884/0278/8685/files/bamboo-bedding-set-deep-moss-2-person-linen-stack.jpg?v=1786137703",in_stock,642.00 EUR,Boomba Bamboo,new,,7777778024060,2-person-bamboo-bedding-set-deep-moss-400tc,Deep Moss,XL — 180×200 + 240×220 + 60×70,100% Bamboo (Tanboocel™)
9999994020060,"Parure de lit en bambou pour 2 personnes, Coffee Brown, 400TC","Un ensemble de literie en bambou 400TC, chaud et moelleux, pour deux personnes, couleur « Coffee Brown » : respirant, hypoallergénique et doux pour la peau, pour une nuit de sommeil digne d'un hôtel.",https://www.maisondecocon.com/fr/products/2-person-bamboo-bedding-set-coffee-brown-400tc?variant_sku=9999994020060,https://cdn.shopify.com/s/files/1/0884/0278/8685/files/bamboo-bedding-set-coffee-brown-2-person-bedroom-chair.jpg?v=1786137332,"https://cdn.shopify.com/s/files/1/0884/0278/8685/files/bamboo-bedding-set-coffee-brown-2-person-button-detail.jpg?v=1786137340,https://cdn.shopify.com/s/files/1/0884/0278/8685/files/bamboo-bedding-set-coffee-brown-2-person-bedroom-window.jpg?v=1786137349,https://cdn.shopify.com/s/files/1/0884/0278/8685/files/bamboo-bedding-set-coffee-brown-2-person-tie-detail.jpg?v=1786137367,https://cdn.shopify.com/s/files/1/0884/0278/8685/files/bamboo-bedding-set-coffee-brown-2-person-bed-styled.jpg?v=1786137376,https://cdn.shopify.com/s/files/1/0884/0278/8685/files/bamboo-bedding-set-coffee-brown-2-person-fabric-swirl.jpg?v=1786137385,https://cdn.shopify.com/s/files/1/0884/0278/8685/files/bamboo-bedding-set-coffee-brown-2-person-linen-stack.jpg?v=1786137394,https://cdn.shopify.com/s/files/1/0884/0278/8685/files/bamboo-bedding-set-coffee-brown-2-person-bedroom-wood-frame.jpg?v=1786137403,https://cdn.shopify.com/s/files/1/0884/0278/8685/files/bamboo-bedding-set-coffee-brown-2-person-bedroom-wood-frame-02.jpg?v=1786137426,https://cdn.shopify.com/s/files/1/0884/0278/8685/files/bamboo-bedding-set-coffee-brown-2-person-fitted-sheet-corner.jpg?v=1786137441,https://cdn.shopify.com/s/files/1/0884/0278/8685/files/bamboo-bedding-set-coffee-brown-2-person-fitted-sheet-detail.jpg?v=1786137454",in_stock,561.00 EUR,Boomba Bamboo,new,,9999994020060,2-person-bamboo-bedding-set-coffee-brown-400tc,Coffee Brown,M — 140×200 + 200×220 + 60×70,100% Bamboo (Tanboocel™)
9999998024060,"Parure de lit en bambou pour 2 personnes, Coffee Brown, 400TC","Un ensemble de literie en bambou 400TC, chaud et moelleux, pour deux personnes, couleur « Coffee Brown » : respirant, hypoallergénique et doux pour la peau, pour une nuit de sommeil digne d'un hôtel.",https://www.maisondecocon.com/fr/products/2-person-bamboo-bedding-set-coffee-brown-400tc?variant_sku=9999998024060,https://cdn.shopify.com/s/files/1/0884/0278/8685/files/bamboo-bedding-set-coffee-brown-2-person-bedroom-chair.jpg?v=1786137332,"https://cdn.shopify.com/s/files/1/0884/0278/8685/files/bamboo-bedding-set-coffee-brown-2-person-button-detail.jpg?v=1786137340,https://cdn.shopify.com/s/files/1/0884/0278/8685/files/bamboo-bedding-set-coffee-brown-2-person-bedroom-window.jpg?v=1786137349,https://cdn.shopify.com/s/files/1/0884/0278/8685/files/bamboo-bedding-set-coffee-brown-2-person-tie-detail.jpg?v=1786137367,https://cdn.shopify.com/s/files/1/0884/0278/8685/files/bamboo-bedding-set-coffee-brown-2-person-bed-styled.jpg?v=1786137376,https://cdn.shopify.com/s/files/1/0884/0278/8685/files/bamboo-bedding-set-coffee-brown-2-person-fabric-swirl.jpg?v=1786137385,https://cdn.shopify.com/s/files/1/0884/0278/8685/files/bamboo-bedding-set-coffee-brown-2-person-linen-stack.jpg?v=1786137394,https://cdn.shopify.com/s/files/1/0884/0278/8685/files/bamboo-bedding-set-coffee-brown-2-person-bedroom-wood-frame.jpg?v=1786137403,https://cdn.shopify.com/s/files/1/0884/0278/8685/files/bamboo-bedding-set-coffee-brown-2-person-bedroom-wood-frame-02.jpg?v=1786137426,https://cdn.shopify.com/s/files/1/0884/0278/8685/files/bamboo-bedding-set-coffee-brown-2-person-fitted-sheet-corner.jpg?v=1786137441,https://cdn.shopify.com/s/files/1/0884/0278/8685/files/bamboo-bedding-set-coffee-brown-2-person-fitted-sheet-detail.jpg?v=1786137454",in_stock,642.00 EUR,Boomba Bamboo,new,,9999998024060,2-person-bamboo-bedding-set-coffee-brown-400tc,Coffee Brown,XL — 180×200 + 240×220 + 60×70,100% Bamboo (Tanboocel™)
99999920026060,"Parure de lit en bambou pour 2 personnes, Coffee Brown, 400TC","Un ensemble de literie en bambou 400TC, chaud et moelleux, pour deux personnes, couleur « Coffee Brown » : respirant, hypoallergénique et doux pour la peau, pour une nuit de sommeil digne d'un hôtel.",https://www.maisondecocon.com/fr/products/2-person-bamboo-bedding-set-coffee-brown-400tc?variant_sku=99999920026060,https://cdn.shopify.com/s/files/1/0884/0278/8685/files/bamboo-bedding-set-coffee-brown-2-person-bedroom-chair.jpg?v=1786137332,"https://cdn.shopify.com/s/files/1/0884/0278/8685/files/bamboo-bedding-set-coffee-brown-2-person-button-detail.jpg?v=1786137340,https://cdn.shopify.com/s/files/1/0884/0278/8685/files/bamboo-bedding-set-coffee-brown-2-person-bedroom-window.jpg?v=1786137349,https://cdn.shopify.com/s/files/1/0884/0278/8685/files/bamboo-bedding-set-coffee-brown-2-person-tie-detail.jpg?v=1786137367,https://cdn.shopify.com/s/files/1/0884/0278/8685/files/bamboo-bedding-set-coffee-brown-2-person-bed-styled.jpg?v=1786137376,https://cdn.shopify.com/s/files/1/0884/0278/8685/files/bamboo-bedding-set-coffee-brown-2-person-fabric-swirl.jpg?v=1786137385,https://cdn.shopify.com/s/files/1/0884/0278/8685/files/bamboo-bedding-set-coffee-brown-2-person-linen-stack.jpg?v=1786137394,https://cdn.shopify.com/s/files/1/0884/0278/8685/files/bamboo-bedding-set-coffee-brown-2-person-bedroom-wood-frame.jpg?v=1786137403,https://cdn.shopify.com/s/files/1/0884/0278/8685/files/bamboo-bedding-set-coffee-brown-2-person-bedroom-wood-frame-02.jpg?v=1786137426,https://cdn.shopify.com/s/files/1/0884/0278/8685/files/bamboo-bedding-set-coffee-brown-2-person-fitted-sheet-corner.jpg?v=1786137441,https://cdn.shopify.com/s/files/1/0884/0278/8685/files/bamboo-bedding-set-coffee-brown-2-person-fitted-sheet-detail.jpg?v=1786137454",in_stock,669.00 EUR,Boomba Bamboo,new,,99999920026060,2-person-bamboo-bedding-set-coffee-brown-400tc,Coffee Brown,XXL — 200×200 + 260×240 + 60×70,100% Bamboo (Tanboocel™)
9999996020060,"Parure de lit en bambou pour 2 personnes, Coffee Brown, 400TC","Un ensemble de literie en bambou 400TC, chaud et moelleux, pour deux personnes, couleur « Coffee Brown » : respirant, hypoallergénique et doux pour la peau, pour une nuit de sommeil digne d'un hôtel.",https://www.maisondecocon.com/fr/products/2-person-bamboo-bedding-set-coffee-brown-400tc?variant_sku=9999996020060,https://cdn.shopify.com/s/files/1/0884/0278/8685/files/bamboo-bedding-set-coffee-brown-2-person-bedroom-chair.jpg?v=1786137332,"https://cdn.shopify.com/s/files/1/0884/0278/8685/files/bamboo-bedding-set-coffee-brown-2-person-button-detail.jpg?v=1786137340,https://cdn.shopify.com/s/files/1/0884/0278/8685/files/bamboo-bedding-set-coffee-brown-2-person-bedroom-window.jpg?v=1786137349,https://cdn.shopify.com/s/files/1/0884/0278/8685/files/bamboo-bedding-set-coffee-brown-2-person-tie-detail.jpg?v=1786137367,https://cdn.shopify.com/s/files/1/0884/0278/8685/files/bamboo-bedding-set-coffee-brown-2-person-bed-styled.jpg?v=1786137376,https://cdn.shopify.com/s/files/1/0884/0278/8685/files/bamboo-bedding-set-coffee-brown-2-person-fabric-swirl.jpg?v=1786137385,https://cdn.shopify.com/s/files/1/0884/0278/8685/files/bamboo-bedding-set-coffee-brown-2-person-linen-stack.jpg?v=1786137394,https://cdn.shopify.com/s/files/1/0884/0278/8685/files/bamboo-bedding-set-coffee-brown-2-person-bedroom-wood-frame.jpg?v=1786137403,https://cdn.shopify.com/s/files/1/0884/0278/8685/files/bamboo-bedding-set-coffee-brown-2-person-bedroom-wood-frame-02.jpg?v=1786137426,https://cdn.shopify.com/s/files/1/0884/0278/8685/files/bamboo-bedding-set-coffee-brown-2-person-fitted-sheet-corner.jpg?v=1786137441,https://cdn.shopify.com/s/files/1/0884/0278/8685/files/bamboo-bedding-set-coffee-brown-2-person-fitted-sheet-detail.jpg?v=1786137454",in_stock,564.00 EUR,Boomba Bamboo,new,,9999996020060,2-person-bamboo-bedding-set-coffee-brown-400tc,Coffee Brown,L — 160×200 + 200×220 + 60×70,100% Bamboo (Tanboocel™)
8720648154454,"Taies d'oreiller en bambou, couleur taupe clair, 400TC – Lot de 2","Apportez une touche chaleureuse et élégante à votre chambre à coucher grâce à ces taies d'oreiller en bambou 400TC au ton neutre « Soft Taupe » : soyeuses, hypoallergéniques et douces pour la peau et les cheveux.",https://www.maisondecocon.com/fr/products/bamboo-pillowcases-soft-taupe-400tc?variant_sku=8720648154454,https://cdn.shopify.com/s/files/1/0884/0278/8685/files/bamboo-pillowcases-soft-taupe-bench-lifestyle.jpg?v=1786130269,"https://cdn.shopify.com/s/files/1/0884/0278/8685/files/bamboo-pillowcases-soft-taupe-fabric-swirl.jpg?v=1786130280,https://cdn.shopify.com/s/files/1/0884/0278/8685/files/bamboo-pillowcases-soft-taupe-chair-styled.jpg?v=1786130291,https://cdn.shopify.com/s/files/1/0884/0278/8685/files/bamboo-pillowcases-soft-taupe-bed-wood-frame.jpg?v=1786130308,https://cdn.shopify.com/s/files/1/0884/0278/8685/files/bamboo-pillowcases-soft-taupe-pillow-detail.jpg?v=1786130319,https://cdn.shopify.com/s/files/1/0884/0278/8685/files/bamboo-pillowcases-soft-taupe-bed-styled.jpg?v=1786130337,https://cdn.shopify.com/s/files/1/0884/0278/8685/files/bamboo-pillowcases-soft-taupe-packaging.jpg?v=1786130300",in_stock,96.00 EUR,Boomba Bamboo,new,8720648154454,8720648154454,bamboo-pillowcases-soft-taupe-400tc,Soft taupe,50x75 cm,100% Bamboo (Tanboocel™)
8720648154447,"Taies d'oreiller en bambou, couleur taupe clair, 400TC – Lot de 2","Apportez une touche chaleureuse et élégante à votre chambre à coucher grâce à ces taies d'oreiller en bambou 400TC au ton neutre « Soft Taupe » : soyeuses, hypoallergéniques et douces pour la peau et les cheveux.",https://www.maisondecocon.com/fr/products/bamboo-pillowcases-soft-taupe-400tc?variant_sku=8720648154447,https://cdn.shopify.com/s/files/1/0884/0278/8685/files/bamboo-pillowcases-soft-taupe-bench-lifestyle.jpg?v=1786130269,"https://cdn.shopify.com/s/files/1/0884/0278/8685/files/bamboo-pillowcases-soft-taupe-fabric-swirl.jpg?v=1786130280,https://cdn.shopify.com/s/files/1/0884/0278/8685/files/bamboo-pillowcases-soft-taupe-chair-styled.jpg?v=1786130291,https://cdn.shopify.com/s/files/1/0884/0278/8685/files/bamboo-pillowcases-soft-taupe-bed-wood-frame.jpg?v=1786130308,https://cdn.shopify.com/s/files/1/0884/0278/8685/files/bamboo-pillowcases-soft-taupe-pillow-detail.jpg?v=1786130319,https://cdn.shopify.com/s/files/1/0884/0278/8685/files/bamboo-pillowcases-soft-taupe-bed-styled.jpg?v=1786130337,https://cdn.shopify.com/s/files/1/0884/0278/8685/files/bamboo-pillowcases-soft-taupe-packaging.jpg?v=1786130300",in_stock,93.00 EUR,Boomba Bamboo,new,8720648154447,8720648154447,bamboo-pillowcases-soft-taupe-400tc,Soft taupe,40x80 cm,100% Bamboo (Tanboocel™)
8720648154461,"Taies d'oreiller en bambou, couleur taupe clair, 400TC – Lot de 2","Apportez une touche chaleureuse et élégante à votre chambre à coucher grâce à ces taies d'oreiller en bambou 400TC au ton neutre « Soft Taupe » : soyeuses, hypoallergéniques et douces pour la peau et les cheveux.",https://www.maisondecocon.com/fr/products/bamboo-pillowcases-soft-taupe-400tc?variant_sku=8720648154461,https://cdn.shopify.com/s/files/1/0884/0278/8685/files/bamboo-pillowcases-soft-taupe-bench-lifestyle.jpg?v=1786130269,"https://cdn.shopify.com/s/files/1/0884/0278/8685/files/bamboo-pillowcases-soft-taupe-fabric-swirl.jpg?v=1786130280,https://cdn.shopify.com/s/files/1/0884/0278/8685/files/bamboo-pillowcases-soft-taupe-chair-styled.jpg?v=1786130291,https://cdn.shopify.com/s/files/1/0884/0278/8685/files/bamboo-pillowcases-soft-taupe-bed-wood-frame.jpg?v=1786130308,https://cdn.shopify.com/s/files/1/0884/0278/8685/files/bamboo-pillowcases-soft-taupe-pillow-detail.jpg?v=1786130319,https://cdn.shopify.com/s/files/1/0884/0278/8685/files/bamboo-pillowcases-soft-taupe-bed-styled.jpg?v=1786130337,https://cdn.shopify.com/s/files/1/0884/0278/8685/files/bamboo-pillowcases-soft-taupe-packaging.jpg?v=1786130300",in_stock,99.00 EUR,Boomba Bamboo,new,8720648154461,8720648154461,bamboo-pillowcases-soft-taupe-400tc,Soft taupe,60x70 cm,100% Bamboo (Tanboocel™)
8888889014050,"Parure de lit en bambou pour une personne, « Lavender Mist », 400TC","Un ensemble de literie en bambou 400TC, doux et apaisant, pour une personne, dans la teinte « Lavender Mist » : respirant, hypoallergénique et doux pour la peau, pour une nuit de sommeil digne d'un hôtel.",https://www.maisondecocon.com/fr/products/1-person-bamboo-bedding-set-lavender-mist-400tc?variant_sku=8888889014050,https://cdn.shopify.com/s/files/1/0884/0278/8685/files/bamboo-bedding-set-lavender-mist-1-person-bedroom-lifestyle.jpg?v=1786136942,"https://cdn.shopify.com/s/files/1/0884/0278/8685/files/bamboo-bedding-set-lavender-mist-1-person-button-detail.jpg?v=1786136956,https://cdn.shopify.com/s/files/1/0884/0278/8685/files/bamboo-bedding-set-lavender-mist-1-person-bed-styled.jpg?v=1786136970,https://cdn.shopify.com/s/files/1/0884/0278/8685/files/bamboo-bedding-set-lavender-mist-1-person-fabric-swirl.jpg?v=1786137110,https://cdn.shopify.com/s/files/1/0884/0278/8685/files/bamboo-bedding-set-lavender-mist-1-person-bedroom-wood-frame.jpg?v=1786137120,https://cdn.shopify.com/s/files/1/0884/0278/8685/files/bamboo-bedding-set-lavender-mist-1-person-tie-detail.jpg?v=1786137131,https://cdn.shopify.com/s/files/1/0884/0278/8685/files/bamboo-bedding-set-lavender-mist-1-person-pillow-detail.jpg?v=1786137140,https://cdn.shopify.com/s/files/1/0884/0278/8685/files/bamboo-bedding-set-lavender-mist-1-person-fitted-sheet-corner.jpg?v=1786137149,https://cdn.shopify.com/s/files/1/0884/0278/8685/files/bamboo-bedding-set-lavender-mist-1-person-bedroom-window.jpg?v=1786137164,https://cdn.shopify.com/s/files/1/0884/0278/8685/files/bamboo-bedding-set-lavender-mist-1-person-bed-full.jpg?v=1786137172,https://cdn.shopify.com/s/files/1/0884/0278/8685/files/bamboo-bedding-set-lavender-mist-1-person-fitted-sheet-detail.jpg?v=1786137184",in_stock,492.00 EUR,Boomba Bamboo,new,,8888889014050,1-person-bamboo-bedding-set-lavender-mist-400tc,Lavender Mist,L — 90×200 + 140×220 + 50×75,100% Bamboo (Tanboocel™)
8888888014050,"Parure de lit en bambou pour une personne, « Lavender Mist », 400TC","Un ensemble de literie en bambou 400TC, doux et apaisant, pour une personne, dans la teinte « Lavender Mist » : respirant, hypoallergénique et doux pour la peau, pour une nuit de sommeil digne d'un hôtel.",https://www.maisondecocon.com/fr/products/1-person-bamboo-bedding-set-lavender-mist-400tc?variant_sku=8888888014050,https://cdn.shopify.com/s/files/1/0884/0278/8685/files/bamboo-bedding-set-lavender-mist-1-person-bedroom-lifestyle.jpg?v=1786136942,"https://cdn.shopify.com/s/files/1/0884/0278/8685/files/bamboo-bedding-set-lavender-mist-1-person-button-detail.jpg?v=1786136956,https://cdn.shopify.com/s/files/1/0884/0278/8685/files/bamboo-bedding-set-lavender-mist-1-person-bed-styled.jpg?v=1786136970,https://cdn.shopify.com/s/files/1/0884/0278/8685/files/bamboo-bedding-set-lavender-mist-1-person-fabric-swirl.jpg?v=1786137110,https://cdn.shopify.com/s/files/1/0884/0278/8685/files/bamboo-bedding-set-lavender-mist-1-person-bedroom-wood-frame.jpg?v=1786137120,https://cdn.shopify.com/s/files/1/0884/0278/8685/files/bamboo-bedding-set-lavender-mist-1-person-tie-detail.jpg?v=1786137131,https://cdn.shopify.com/s/files/1/0884/0278/8685/files/bamboo-bedding-set-lavender-mist-1-person-pillow-detail.jpg?v=1786137140,https://cdn.shopify.com/s/files/1/0884/0278/8685/files/bamboo-bedding-set-lavender-mist-1-person-fitted-sheet-corner.jpg?v=1786137149,https://cdn.shopify.com/s/files/1/0884/0278/8685/files/bamboo-bedding-set-lavender-mist-1-person-bedroom-window.jpg?v=1786137164,https://cdn.shopify.com/s/files/1/0884/0278/8685/files/bamboo-bedding-set-lavender-mist-1-person-bed-full.jpg?v=1786137172,https://cdn.shopify.com/s/files/1/0884/0278/8685/files/bamboo-bedding-set-lavender-mist-1-person-fitted-sheet-detail.jpg?v=1786137184",in_stock,483.00 EUR,Boomba Bamboo,new,,8888888014050,1-person-bamboo-bedding-set-lavender-mist-400tc,Lavender Mist,M — 80×200 + 140×220 + 50×75,100% Bamboo (Tanboocel™)
8720618860095,Drap-housse en bambou « Cuddle Pink » 400TC,"Un drap-housse en bambou 400TC, d'une douceur soyeuse, dans la teinte douce « Cuddle Pink » — respirant, hypoallergénique et agréable au toucher, doté d'un élastique qui s'ajuste parfaitement aux matelas d'une épaisseur maximale de 30 cm.",https://www.maisondecocon.com/fr/products/bamboo-fitted-sheet-cuddle-pink-400tc?variant_sku=8720618860095,https://cdn.shopify.com/s/files/1/0884/0278/8685/files/bamboo-fitted-sheet-cuddle-pink-corner-detail.jpg?v=1786182085,"https://cdn.shopify.com/s/files/1/0884/0278/8685/files/bamboo-fitted-sheet-cuddle-pink-bedroom-lifestyle.jpg?v=1786182085,https://cdn.shopify.com/s/files/1/0884/0278/8685/files/bamboo-fitted-sheet-cuddle-pink-corner-loose.jpg?v=1786182085,https://cdn.shopify.com/s/files/1/0884/0278/8685/files/bamboo-fitted-sheet-cuddle-pink-fabric-drape.jpg?v=1786182085,https://cdn.shopify.com/s/files/1/0884/0278/8685/files/bamboo-fitted-sheet-cuddle-pink-bedroom-front.jpg?v=1786182085,https://cdn.shopify.com/s/files/1/0884/0278/8685/files/bamboo-fitted-sheet-cuddle-pink-bedroom-detail.jpg?v=1786182085,https://cdn.shopify.com/s/files/1/0884/0278/8685/files/bamboo-fitted-sheet-cuddle-pink-bedroom-full.jpg?v=1786182085,https://cdn.shopify.com/s/files/1/0884/0278/8685/files/bamboo-fitted-sheet-cuddle-pink-packaging.jpg?v=1786182085",in_stock,147.00 EUR,Boomba Bamboo,new,8720618860095,8720618860095,bamboo-fitted-sheet-cuddle-pink-400tc,Cuddle Pink,160x200 cm,100% Bamboo (Tanboocel™)
8720618860101,Drap-housse en bambou « Cuddle Pink » 400TC,"Un drap-housse en bambou 400TC, d'une douceur soyeuse, dans la teinte douce « Cuddle Pink » — respirant, hypoallergénique et agréable au toucher, doté d'un élastique qui s'ajuste parfaitement aux matelas d'une épaisseur maximale de 30 cm.",https://www.maisondecocon.com/fr/products/bamboo-fitted-sheet-cuddle-pink-400tc?variant_sku=8720618860101,https://cdn.shopify.com/s/files/1/0884/0278/8685/files/bamboo-fitted-sheet-cuddle-pink-corner-detail.jpg?v=1786182085,"https://cdn.shopify.com/s/files/1/0884/0278/8685/files/bamboo-fitted-sheet-cuddle-pink-bedroom-lifestyle.jpg?v=1786182085,https://cdn.shopify.com/s/files/1/0884/0278/8685/files/bamboo-fitted-sheet-cuddle-pink-corner-loose.jpg?v=1786182085,https://cdn.shopify.com/s/files/1/0884/0278/8685/files/bamboo-fitted-sheet-cuddle-pink-fabric-drape.jpg?v=1786182085,https://cdn.shopify.com/s/files/1/0884/0278/8685/files/bamboo-fitted-sheet-cuddle-pink-bedroom-front.jpg?v=1786182085,https://cdn.shopify.com/s/files/1/0884/0278/8685/files/bamboo-fitted-sheet-cuddle-pink-bedroom-detail.jpg?v=1786182085,https://cdn.shopify.com/s/files/1/0884/0278/8685/files/bamboo-fitted-sheet-cuddle-pink-bedroom-full.jpg?v=1786182085,https://cdn.shopify.com/s/files/1/0884/0278/8685/files/bamboo-fitted-sheet-cuddle-pink-packaging.jpg?v=1786182085",in_stock,156.00 EUR,Boomba Bamboo,new,8720618860101,8720618860101,bamboo-fitted-sheet-cuddle-pink-400tc,Cuddle Pink,180x200 cm,100% Bamboo (Tanboocel™)
8720618860064,Drap-housse en bambou « Cuddle Pink » 400TC,"Un drap-housse en bambou 400TC, d'une douceur soyeuse, dans la teinte douce « Cuddle Pink » — respirant, hypoallergénique et agréable au toucher, doté d'un élastique qui s'ajuste parfaitement aux matelas d'une épaisseur maximale de 30 cm.",https://www.maisondecocon.com/fr/products/bamboo-fitted-sheet-cuddle-pink-400tc?variant_sku=8720618860064,https://cdn.shopify.com/s/files/1/0884/0278/8685/files/bamboo-fitted-sheet-cuddle-pink-corner-detail.jpg?v=1786182085,"https://cdn.shopify.com/s/files/1/0884/0278/8685/files/bamboo-fitted-sheet-cuddle-pink-bedroom-lifestyle.jpg?v=1786182085,https://cdn.shopify.com/s/files/1/0884/0278/8685/files/bamboo-fitted-sheet-cuddle-pink-corner-loose.jpg?v=1786182085,https://cdn.shopify.com/s/files/1/0884/0278/8685/files/bamboo-fitted-sheet-cuddle-pink-fabric-drape.jpg?v=1786182085,https://cdn.shopify.com/s/files/1/0884/0278/8685/files/bamboo-fitted-sheet-cuddle-pink-bedroom-front.jpg?v=1786182085,https://cdn.shopify.com/s/files/1/0884/0278/8685/files/bamboo-fitted-sheet-cuddle-pink-bedroom-detail.jpg?v=1786182085,https://cdn.shopify.com/s/files/1/0884/0278/8685/files/bamboo-fitted-sheet-cuddle-pink-bedroom-full.jpg?v=1786182085,https://cdn.shopify.com/s/files/1/0884/0278/8685/files/bamboo-fitted-sheet-cuddle-pink-packaging.jpg?v=1786182085",in_stock,120.00 EUR,Boomba Bamboo,new,8720618860064,8720618860064,bamboo-fitted-sheet-cuddle-pink-400tc,Cuddle Pink,80x200 cm,100% Bamboo (Tanboocel™)
8721161968016,Drap-housse en bambou « Cuddle Pink » 400TC,"Un drap-housse en bambou 400TC, d'une douceur soyeuse, dans la teinte douce « Cuddle Pink » — respirant, hypoallergénique et agréable au toucher, doté d'un élastique qui s'ajuste parfaitement aux matelas d'une épaisseur maximale de 30 cm.",https://www.maisondecocon.com/fr/products/bamboo-fitted-sheet-cuddle-pink-400tc?variant_sku=8721161968016,https://cdn.shopify.com/s/files/1/0884/0278/8685/files/bamboo-fitted-sheet-cuddle-pink-corner-detail.jpg?v=1786182085,"https://cdn.shopify.com/s/files/1/0884/0278/8685/files/bamboo-fitted-sheet-cuddle-pink-bedroom-lifestyle.jpg?v=1786182085,https://cdn.shopify.com/s/files/1/0884/0278/8685/files/bamboo-fitted-sheet-cuddle-pink-corner-loose.jpg?v=1786182085,https://cdn.shopify.com/s/files/1/0884/0278/8685/files/bamboo-fitted-sheet-cuddle-pink-fabric-drape.jpg?v=1786182085,https://cdn.shopify.com/s/files/1/0884/0278/8685/files/bamboo-fitted-sheet-cuddle-pink-bedroom-front.jpg?v=1786182085,https://cdn.shopify.com/s/files/1/0884/0278/8685/files/bamboo-fitted-sheet-cuddle-pink-bedroom-detail.jpg?v=1786182085,https://cdn.shopify.com/s/files/1/0884/0278/8685/files/bamboo-fitted-sheet-cuddle-pink-bedroom-full.jpg?v=1786182085,https://cdn.shopify.com/s/files/1/0884/0278/8685/files/bamboo-fitted-sheet-cuddle-pink-packaging.jpg?v=1786182085",in_stock,135.00 EUR,Boomba Bamboo,new,8721161968016,8721161968016,bamboo-fitted-sheet-cuddle-pink-400tc,Cuddle Pink,90x220/210 cm,100% Bamboo (Tanboocel™)
8721161968009,Drap-housse en bambou « Cuddle Pink » 400TC,"Un drap-housse en bambou 400TC, d'une douceur soyeuse, dans la teinte douce « Cuddle Pink » — respirant, hypoallergénique et agréable au toucher, doté d'un élastique qui s'ajuste parfaitement aux matelas d'une épaisseur maximale de 30 cm.",https://www.maisondecocon.com/fr/products/bamboo-fitted-sheet-cuddle-pink-400tc?variant_sku=8721161968009,https://cdn.shopify.com/s/files/1/0884/0278/8685/files/bamboo-fitted-sheet-cuddle-pink-corner-detail.jpg?v=1786182085,"https://cdn.shopify.com/s/files/1/0884/0278/8685/files/bamboo-fitted-sheet-cuddle-pink-bedroom-lifestyle.jpg?v=1786182085,https://cdn.shopify.com/s/files/1/0884/0278/8685/files/bamboo-fitted-sheet-cuddle-pink-corner-loose.jpg?v=1786182085,https://cdn.shopify.com/s/files/1/0884/0278/8685/files/bamboo-fitted-sheet-cuddle-pink-fabric-drape.jpg?v=1786182085,https://cdn.shopify.com/s/files/1/0884/0278/8685/files/bamboo-fitted-sheet-cuddle-pink-bedroom-front.jpg?v=1786182085,https://cdn.shopify.com/s/files/1/0884/0278/8685/files/bamboo-fitted-sheet-cuddle-pink-bedroom-detail.jpg?v=1786182085,https://cdn.shopify.com/s/files/1/0884/0278/8685/files/bamboo-fitted-sheet-cuddle-pink-bedroom-full.jpg?v=1786182085,https://cdn.shopify.com/s/files/1/0884/0278/8685/files/bamboo-fitted-sheet-cuddle-pink-packaging.jpg?v=1786182085",in_stock,126.00 EUR,Boomba Bamboo,new,8721161968009,8721161968009,bamboo-fitted-sheet-cuddle-pink-400tc,Cuddle Pink,80x220/210 cm,100% Bamboo (Tanboocel™)
8720618860125,Drap-housse en bambou « Cuddle Pink » 400TC,"Un drap-housse en bambou 400TC, d'une douceur soyeuse, dans la teinte douce « Cuddle Pink » — respirant, hypoallergénique et agréable au toucher, doté d'un élastique qui s'ajuste parfaitement aux matelas d'une épaisseur maximale de 30 cm.",https://www.maisondecocon.com/fr/products/bamboo-fitted-sheet-cuddle-pink-400tc?variant_sku=8720618860125,https://cdn.shopify.com/s/files/1/0884/0278/8685/files/bamboo-fitted-sheet-cuddle-pink-corner-detail.jpg?v=1786182085,"https://cdn.shopify.com/s/files/1/0884/0278/8685/files/bamboo-fitted-sheet-cuddle-pink-bedroom-lifestyle.jpg?v=1786182085,https://cdn.shopify.com/s/files/1/0884/0278/8685/files/bamboo-fitted-sheet-cuddle-pink-corner-loose.jpg?v=1786182085,https://cdn.shopify.com/s/files/1/0884/0278/8685/files/bamboo-fitted-sheet-cuddle-pink-fabric-drape.jpg?v=1786182085,https://cdn.shopify.com/s/files/1/0884/0278/8685/files/bamboo-fitted-sheet-cuddle-pink-bedroom-front.jpg?v=1786182085,https://cdn.shopify.com/s/files/1/0884/0278/8685/files/bamboo-fitted-sheet-cuddle-pink-bedroom-detail.jpg?v=1786182085,https://cdn.shopify.com/s/files/1/0884/0278/8685/files/bamboo-fitted-sheet-cuddle-pink-bedroom-full.jpg?v=1786182085,https://cdn.shopify.com/s/files/1/0884/0278/8685/files/bamboo-fitted-sheet-cuddle-pink-packaging.jpg?v=1786182085",in_stock,159.00 EUR,Boomba Bamboo,new,8720618860125,8720618860125,bamboo-fitted-sheet-cuddle-pink-400tc,Cuddle Pink,180x220/210 cm,100% Bamboo (Tanboocel™)
8720618860071,Drap-housse en bambou « Cuddle Pink » 400TC,"Un drap-housse en bambou 400TC, d'une douceur soyeuse, dans la teinte douce « Cuddle Pink » — respirant, hypoallergénique et agréable au toucher, doté d'un élastique qui s'ajuste parfaitement aux matelas d'une épaisseur maximale de 30 cm.",https://www.maisondecocon.com/fr/products/bamboo-fitted-sheet-cuddle-pink-400tc?variant_sku=8720618860071,https://cdn.shopify.com/s/files/1/0884/0278/8685/files/bamboo-fitted-sheet-cuddle-pink-corner-detail.jpg?v=1786182085,"https://cdn.shopify.com/s/files/1/0884/0278/8685/files/bamboo-fitted-sheet-cuddle-pink-bedroom-lifestyle.jpg?v=1786182085,https://cdn.shopify.com/s/files/1/0884/0278/8685/files/bamboo-fitted-sheet-cuddle-pink-corner-loose.jpg?v=1786182085,https://cdn.shopify.com/s/files/1/0884/0278/8685/files/bamboo-fitted-sheet-cuddle-pink-fabric-drape.jpg?v=1786182085,https://cdn.shopify.com/s/files/1/0884/0278/8685/files/bamboo-fitted-sheet-cuddle-pink-bedroom-front.jpg?v=1786182085,https://cdn.shopify.com/s/files/1/0884/0278/8685/files/bamboo-fitted-sheet-cuddle-pink-bedroom-detail.jpg?v=1786182085,https://cdn.shopify.com/s/files/1/0884/0278/8685/files/bamboo-fitted-sheet-cuddle-pink-bedroom-full.jpg?v=1786182085,https://cdn.shopify.com/s/files/1/0884/0278/8685/files/bamboo-fitted-sheet-cuddle-pink-packaging.jpg?v=1786182085",in_stock,129.00 EUR,Boomba Bamboo,new,8720618860071,8720618860071,bamboo-fitted-sheet-cuddle-pink-400tc,Cuddle Pink,90x200 cm,100% Bamboo (Tanboocel™)
8720618860132,Drap-housse en bambou « Cuddle Pink » 400TC,"Un drap-housse en bambou 400TC, d'une douceur soyeuse, dans la teinte douce « Cuddle Pink » — respirant, hypoallergénique et agréable au toucher, doté d'un élastique qui s'ajuste parfaitement aux matelas d'une épaisseur maximale de 30 cm.",https://www.maisondecocon.com/fr/products/bamboo-fitted-sheet-cuddle-pink-400tc?variant_sku=8720618860132,https://cdn.shopify.com/s/files/1/0884/0278/8685/files/bamboo-fitted-sheet-cuddle-pink-corner-detail.jpg?v=1786182085,"https://cdn.shopify.com/s/files/1/0884/0278/8685/files/bamboo-fitted-sheet-cuddle-pink-bedroom-lifestyle.jpg?v=1786182085,https://cdn.shopify.com/s/files/1/0884/0278/8685/files/bamboo-fitted-sheet-cuddle-pink-corner-loose.jpg?v=1786182085,https://cdn.shopify.com/s/files/1/0884/0278/8685/files/bamboo-fitted-sheet-cuddle-pink-fabric-drape.jpg?v=1786182085,https://cdn.shopify.com/s/files/1/0884/0278/8685/files/bamboo-fitted-sheet-cuddle-pink-bedroom-front.jpg?v=1786182085,https://cdn.shopify.com/s/files/1/0884/0278/8685/files/bamboo-fitted-sheet-cuddle-pink-bedroom-detail.jpg?v=1786182085,https://cdn.shopify.com/s/files/1/0884/0278/8685/files/bamboo-fitted-sheet-cuddle-pink-bedroom-full.jpg?v=1786182085,https://cdn.shopify.com/s/files/1/0884/0278/8685/files/bamboo-fitted-sheet-cuddle-pink-packaging.jpg?v=1786182085",in_stock,162.00 EUR,Boomba Bamboo,new,8720618860132,8720618860132,bamboo-fitted-sheet-cuddle-pink-400tc,Cuddle Pink,200x200 cm,100% Bamboo (Tanboocel™)
8720618860088,Drap-housse en bambou « Cuddle Pink » 400TC,"Un drap-housse en bambou 400TC, d'une douceur soyeuse, dans la teinte douce « Cuddle Pink » — respirant, hypoallergénique et agréable au toucher, doté d'un élastique qui s'ajuste parfaitement aux matelas d'une épaisseur maximale de 30 cm.",https://www.maisondecocon.com/fr/products/bamboo-fitted-sheet-cuddle-pink-400tc?variant_sku=8720618860088,https://cdn.shopify.com/s/files/1/0884/0278/8685/files/bamboo-fitted-sheet-cuddle-pink-corner-detail.jpg?v=1786182085,"https://cdn.shopify.com/s/files/1/0884/0278/8685/files/bamboo-fitted-sheet-cuddle-pink-bedroom-lifestyle.jpg?v=1786182085,https://cdn.shopify.com/s/files/1/0884/0278/8685/files/bamboo-fitted-sheet-cuddle-pink-corner-loose.jpg?v=1786182085,https://cdn.shopify.com/s/files/1/0884/0278/8685/files/bamboo-fitted-sheet-cuddle-pink-fabric-drape.jpg?v=1786182085,https://cdn.shopify.com/s/files/1/0884/0278/8685/files/bamboo-fitted-sheet-cuddle-pink-bedroom-front.jpg?v=1786182085,https://cdn.shopify.com/s/files/1/0884/0278/8685/files/bamboo-fitted-sheet-cuddle-pink-bedroom-detail.jpg?v=1786182085,https://cdn.shopify.com/s/files/1/0884/0278/8685/files/bamboo-fitted-sheet-cuddle-pink-bedroom-full.jpg?v=1786182085,https://cdn.shopify.com/s/files/1/0884/0278/8685/files/bamboo-fitted-sheet-cuddle-pink-packaging.jpg?v=1786182085",in_stock,144.00 EUR,Boomba Bamboo,new,8720618860088,8720618860088,bamboo-fitted-sheet-cuddle-pink-400tc,Cuddle Pink,140x200 cm,100% Bamboo (Tanboocel™)
8721161968047,Drap-housse en bambou « Cuddle Pink » 400TC,"Un drap-housse en bambou 400TC, d'une douceur soyeuse, dans la teinte douce « Cuddle Pink » — respirant, hypoallergénique et agréable au toucher, doté d'un élastique qui s'ajuste parfaitement aux matelas d'une épaisseur maximale de 30 cm.",https://www.maisondecocon.com/fr/products/bamboo-fitted-sheet-cuddle-pink-400tc?variant_sku=8721161968047,https://cdn.shopify.com/s/files/1/0884/0278/8685/files/bamboo-fitted-sheet-cuddle-pink-corner-detail.jpg?v=1786182085,"https://cdn.shopify.com/s/files/1/0884/0278/8685/files/bamboo-fitted-sheet-cuddle-pink-bedroom-lifestyle.jpg?v=1786182085,https://cdn.shopify.com/s/files/1/0884/0278/8685/files/bamboo-fitted-sheet-cuddle-pink-corner-loose.jpg?v=1786182085,https://cdn.shopify.com/s/files/1/0884/0278/8685/files/bamboo-fitted-sheet-cuddle-pink-fabric-drape.jpg?v=1786182085,https://cdn.shopify.com/s/files/1/0884/0278/8685/files/bamboo-fitted-sheet-cuddle-pink-bedroom-front.jpg?v=1786182085,https://cdn.shopify.com/s/files/1/0884/0278/8685/files/bamboo-fitted-sheet-cuddle-pink-bedroom-detail.jpg?v=1786182085,https://cdn.shopify.com/s/files/1/0884/0278/8685/files/bamboo-fitted-sheet-cuddle-pink-bedroom-full.jpg?v=1786182085,https://cdn.shopify.com/s/files/1/0884/0278/8685/files/bamboo-fitted-sheet-cuddle-pink-packaging.jpg?v=1786182085",in_stock,153.00 EUR,Boomba Bamboo,new,8721161968047,8721161968047,bamboo-fitted-sheet-cuddle-pink-400tc,Cuddle Pink,160x220/210,100% Bamboo (Tanboocel™)
8720618860156,Drap-housse en bambou « Cuddle Pink » 400TC,"Un drap-housse en bambou 400TC, d'une douceur soyeuse, dans la teinte douce « Cuddle Pink » — respirant, hypoallergénique et agréable au toucher, doté d'un élastique qui s'ajuste parfaitement aux matelas d'une épaisseur maximale de 30 cm.",https://www.maisondecocon.com/fr/products/bamboo-fitted-sheet-cuddle-pink-400tc?variant_sku=8720618860156,https://cdn.shopify.com/s/files/1/0884/0278/8685/files/bamboo-fitted-sheet-cuddle-pink-corner-detail.jpg?v=1786182085,"https://cdn.shopify.com/s/files/1/0884/0278/8685/files/bamboo-fitted-sheet-cuddle-pink-bedroom-lifestyle.jpg?v=1786182085,https://cdn.shopify.com/s/files/1/0884/0278/8685/files/bamboo-fitted-sheet-cuddle-pink-corner-loose.jpg?v=1786182085,https://cdn.shopify.com/s/files/1/0884/0278/8685/files/bamboo-fitted-sheet-cuddle-pink-fabric-drape.jpg?v=1786182085,https://cdn.shopify.com/s/files/1/0884/0278/8685/files/bamboo-fitted-sheet-cuddle-pink-bedroom-front.jpg?v=1786182085,https://cdn.shopify.com/s/files/1/0884/0278/8685/files/bamboo-fitted-sheet-cuddle-pink-bedroom-detail.jpg?v=1786182085,https://cdn.shopify.com/s/files/1/0884/0278/8685/files/bamboo-fitted-sheet-cuddle-pink-bedroom-full.jpg?v=1786182085,https://cdn.shopify.com/s/files/1/0884/0278/8685/files/bamboo-fitted-sheet-cuddle-pink-packaging.jpg?v=1786182085",in_stock,180.00 EUR,Boomba Bamboo,new,8720618860156,8720618860156,bamboo-fitted-sheet-cuddle-pink-400tc,Cuddle Pink,200x220/210 cm,100% Bamboo (Tanboocel™)
8721161968030,Drap-housse en bambou « Cuddle Pink » 400TC,"Un drap-housse en bambou 400TC, d'une douceur soyeuse, dans la teinte douce « Cuddle Pink » — respirant, hypoallergénique et agréable au toucher, doté d'un élastique qui s'ajuste parfaitement aux matelas d'une épaisseur maximale de 30 cm.",https://www.maisondecocon.com/fr/products/bamboo-fitted-sheet-cuddle-pink-400tc?variant_sku=8721161968030,https://cdn.shopify.com/s/files/1/0884/0278/8685/files/bamboo-fitted-sheet-cuddle-pink-corner-detail.jpg?v=1786182085,"https://cdn.shopify.com/s/files/1/0884/0278/8685/files/bamboo-fitted-sheet-cuddle-pink-bedroom-lifestyle.jpg?v=1786182085,https://cdn.shopify.com/s/files/1/0884/0278/8685/files/bamboo-fitted-sheet-cuddle-pink-corner-loose.jpg?v=1786182085,https://cdn.shopify.com/s/files/1/0884/0278/8685/files/bamboo-fitted-sheet-cuddle-pink-fabric-drape.jpg?v=1786182085,https://cdn.shopify.com/s/files/1/0884/0278/8685/files/bamboo-fitted-sheet-cuddle-pink-bedroom-front.jpg?v=1786182085,https://cdn.shopify.com/s/files/1/0884/0278/8685/files/bamboo-fitted-sheet-cuddle-pink-bedroom-detail.jpg?v=1786182085,https://cdn.shopify.com/s/files/1/0884/0278/8685/files/bamboo-fitted-sheet-cuddle-pink-bedroom-full.jpg?v=1786182085,https://cdn.shopify.com/s/files/1/0884/0278/8685/files/bamboo-fitted-sheet-cuddle-pink-packaging.jpg?v=1786182085",in_stock,141.00 EUR,Boomba Bamboo,new,8721161968030,8721161968030,bamboo-fitted-sheet-cuddle-pink-400tc,Cuddle Pink,100x220/210 cm,100% Bamboo (Tanboocel™)
8720618860149,Drap-housse en bambou « Cuddle Pink » 400TC,"Un drap-housse en bambou 400TC, d'une douceur soyeuse, dans la teinte douce « Cuddle Pink » — respirant, hypoallergénique et agréable au toucher, doté d'un élastique qui s'ajuste parfaitement aux matelas d'une épaisseur maximale de 30 cm.",https://www.maisondecocon.com/fr/products/bamboo-fitted-sheet-cuddle-pink-400tc?variant_sku=8720618860149,https://cdn.shopify.com/s/files/1/0884/0278/8685/files/bamboo-fitted-sheet-cuddle-pink-corner-detail.jpg?v=1786182085,"https://cdn.shopify.com/s/files/1/0884/0278/8685/files/bamboo-fitted-sheet-cuddle-pink-bedroom-lifestyle.jpg?v=1786182085,https://cdn.shopify.com/s/files/1/0884/0278/8685/files/bamboo-fitted-sheet-cuddle-pink-corner-loose.jpg?v=1786182085,https://cdn.shopify.com/s/files/1/0884/0278/8685/files/bamboo-fitted-sheet-cuddle-pink-fabric-drape.jpg?v=1786182085,https://cdn.shopify.com/s/files/1/0884/0278/8685/files/bamboo-fitted-sheet-cuddle-pink-bedroom-front.jpg?v=1786182085,https://cdn.shopify.com/s/files/1/0884/0278/8685/files/bamboo-fitted-sheet-cuddle-pink-bedroom-detail.jpg?v=1786182085,https://cdn.shopify.com/s/files/1/0884/0278/8685/files/bamboo-fitted-sheet-cuddle-pink-bedroom-full.jpg?v=1786182085,https://cdn.shopify.com/s/files/1/0884/0278/8685/files/bamboo-fitted-sheet-cuddle-pink-packaging.jpg?v=1786182085",in_stock,174.00 EUR,Boomba Bamboo,new,8720618860149,8720618860149,bamboo-fitted-sheet-cuddle-pink-400tc,Cuddle Pink,200x210 cm,100% Bamboo (Tanboocel™)
8721161968023,Drap-housse en bambou « Cuddle Pink » 400TC,"Un drap-housse en bambou 400TC, d'une douceur soyeuse, dans la teinte douce « Cuddle Pink » — respirant, hypoallergénique et agréable au toucher, doté d'un élastique qui s'ajuste parfaitement aux matelas d'une épaisseur maximale de 30 cm.",https://www.maisondecocon.com/fr/products/bamboo-fitted-sheet-cuddle-pink-400tc?variant_sku=8721161968023,https://cdn.shopify.com/s/files/1/0884/0278/8685/files/bamboo-fitted-sheet-cuddle-pink-corner-detail.jpg?v=1786182085,"https://cdn.shopify.com/s/files/1/0884/0278/8685/files/bamboo-fitted-sheet-cuddle-pink-bedroom-lifestyle.jpg?v=1786182085,https://cdn.shopify.com/s/files/1/0884/0278/8685/files/bamboo-fitted-sheet-cuddle-pink-corner-loose.jpg?v=1786182085,https://cdn.shopify.com/s/files/1/0884/0278/8685/files/bamboo-fitted-sheet-cuddle-pink-fabric-drape.jpg?v=1786182085,https://cdn.shopify.com/s/files/1/0884/0278/8685/files/bamboo-fitted-sheet-cuddle-pink-bedroom-front.jpg?v=1786182085,https://cdn.shopify.com/s/files/1/0884/0278/8685/files/bamboo-fitted-sheet-cuddle-pink-bedroom-detail.jpg?v=1786182085,https://cdn.shopify.com/s/files/1/0884/0278/8685/files/bamboo-fitted-sheet-cuddle-pink-bedroom-full.jpg?v=1786182085,https://cdn.shopify.com/s/files/1/0884/0278/8685/files/bamboo-fitted-sheet-cuddle-pink-packaging.jpg?v=1786182085",in_stock,138.00 EUR,Boomba Bamboo,new,8721161968023,8721161968023,bamboo-fitted-sheet-cuddle-pink-400tc,Cuddle Pink,100x200,100% Bamboo (Tanboocel™)
8720648154799,"Drap-housse en bambou, Space Blue, 400TC","Un drap-housse en bambou d'une douceur soyeuse, 400TC, dans un Space Blue profond — respirant, hypoallergénique et frais au contact de la peau, doté d'un élastique qui s'ajuste parfaitement aux matelas d'une épaisseur maximale de 30 cm.",https://www.maisondecocon.com/fr/products/bamboo-fitted-sheet-space-blue-400tc?variant_sku=8720648154799,https://cdn.shopify.com/s/files/1/0884/0278/8685/files/bamboo-fitted-sheet-space-blue-corner-detail.jpg?v=1786182178,"https://cdn.shopify.com/s/files/1/0884/0278/8685/files/bamboo-fitted-sheet-space-blue-bedroom-lifestyle.jpg?v=1786182178,https://cdn.shopify.com/s/files/1/0884/0278/8685/files/bamboo-fitted-sheet-space-blue-fabric-drape.jpg?v=1786182102,https://cdn.shopify.com/s/files/1/0884/0278/8685/files/bamboo-fitted-sheet-space-blue-bedroom-front.jpg?v=1786182102,https://cdn.shopify.com/s/files/1/0884/0278/8685/files/bamboo-fitted-sheet-space-blue-corner-loose.jpg?v=1786182102,https://cdn.shopify.com/s/files/1/0884/0278/8685/files/bamboo-fitted-sheet-space-blue-bedroom-detail.jpg?v=1786182102,https://cdn.shopify.com/s/files/1/0884/0278/8685/files/bamboo-fitted-sheet-space-blue-bedroom-full.jpg?v=1786182178,https://cdn.shopify.com/s/files/1/0884/0278/8685/files/bamboo-fitted-sheet-space-blue-packaging.jpg?v=1786182102",in_stock,129.00 EUR,Boomba Bamboo,new,8720648154799,8720648154799,bamboo-fitted-sheet-space-blue-400tc,Space Blue,90x200 cm,100% Bamboo (Tanboocel™)
8720648154850,"Drap-housse en bambou, Space Blue, 400TC","Un drap-housse en bambou d'une douceur soyeuse, 400TC, dans un Space Blue profond — respirant, hypoallergénique et frais au contact de la peau, doté d'un élastique qui s'ajuste parfaitement aux matelas d'une épaisseur maximale de 30 cm.",https://www.maisondecocon.com/fr/products/bamboo-fitted-sheet-space-blue-400tc?variant_sku=8720648154850,https://cdn.shopify.com/s/files/1/0884/0278/8685/files/bamboo-fitted-sheet-space-blue-corner-detail.jpg?v=1786182178,"https://cdn.shopify.com/s/files/1/0884/0278/8685/files/bamboo-fitted-sheet-space-blue-bedroom-lifestyle.jpg?v=1786182178,https://cdn.shopify.com/s/files/1/0884/0278/8685/files/bamboo-fitted-sheet-space-blue-fabric-drape.jpg?v=1786182102,https://cdn.shopify.com/s/files/1/0884/0278/8685/files/bamboo-fitted-sheet-space-blue-bedroom-front.jpg?v=1786182102,https://cdn.shopify.com/s/files/1/0884/0278/8685/files/bamboo-fitted-sheet-space-blue-corner-loose.jpg?v=1786182102,https://cdn.shopify.com/s/files/1/0884/0278/8685/files/bamboo-fitted-sheet-space-blue-bedroom-detail.jpg?v=1786182102,https://cdn.shopify.com/s/files/1/0884/0278/8685/files/bamboo-fitted-sheet-space-blue-bedroom-full.jpg?v=1786182178,https://cdn.shopify.com/s/files/1/0884/0278/8685/files/bamboo-fitted-sheet-space-blue-packaging.jpg?v=1786182102",in_stock,168.00 EUR,Boomba Bamboo,new,8720648154850,8720648154850,bamboo-fitted-sheet-space-blue-400tc,Space Blue,200x200 cm,100% Bamboo (Tanboocel™)
8720648154874,"Drap-housse en bambou, Space Blue, 400TC","Un drap-housse en bambou d'une douceur soyeuse, 400TC, dans un Space Blue profond — respirant, hypoallergénique et frais au contact de la peau, doté d'un élastique qui s'ajuste parfaitement aux matelas d'une épaisseur maximale de 30 cm.",https://www.maisondecocon.com/fr/products/bamboo-fitted-sheet-space-blue-400tc?variant_sku=8720648154874,https://cdn.shopify.com/s/files/1/0884/0278/8685/files/bamboo-fitted-sheet-space-blue-corner-detail.jpg?v=1786182178,"https://cdn.shopify.com/s/files/1/0884/0278/8685/files/bamboo-fitted-sheet-space-blue-bedroom-lifestyle.jpg?v=1786182178,https://cdn.shopify.com/s/files/1/0884/0278/8685/files/bamboo-fitted-sheet-space-blue-fabric-drape.jpg?v=1786182102,https://cdn.shopify.com/s/files/1/0884/0278/8685/files/bamboo-fitted-sheet-space-blue-bedroom-front.jpg?v=1786182102,https://cdn.shopify.com/s/files/1/0884/0278/8685/files/bamboo-fitted-sheet-space-blue-corner-loose.jpg?v=1786182102,https://cdn.shopify.com/s/files/1/0884/0278/8685/files/bamboo-fitted-sheet-space-blue-bedroom-detail.jpg?v=1786182102,https://cdn.shopify.com/s/files/1/0884/0278/8685/files/bamboo-fitted-sheet-space-blue-bedroom-full.jpg?v=1786182178,https://cdn.shopify.com/s/files/1/0884/0278/8685/files/bamboo-fitted-sheet-space-blue-packaging.jpg?v=1786182102",in_stock,180.00 EUR,Boomba Bamboo,new,8720648154874,8720648154874,bamboo-fitted-sheet-space-blue-400tc,Space Blue,200x220/210 cm,100% Bamboo (Tanboocel™)
8720648154812,"Drap-housse en bambou, Space Blue, 400TC","Un drap-housse en bambou d'une douceur soyeuse, 400TC, dans un Space Blue profond — respirant, hypoallergénique et frais au contact de la peau, doté d'un élastique qui s'ajuste parfaitement aux matelas d'une épaisseur maximale de 30 cm.",https://www.maisondecocon.com/fr/products/bamboo-fitted-sheet-space-blue-400tc?variant_sku=8720648154812,https://cdn.shopify.com/s/files/1/0884/0278/8685/files/bamboo-fitted-sheet-space-blue-corner-detail.jpg?v=1786182178,"https://cdn.shopify.com/s/files/1/0884/0278/8685/files/bamboo-fitted-sheet-space-blue-bedroom-lifestyle.jpg?v=1786182178,https://cdn.shopify.com/s/files/1/0884/0278/8685/files/bamboo-fitted-sheet-space-blue-fabric-drape.jpg?v=1786182102,https://cdn.shopify.com/s/files/1/0884/0278/8685/files/bamboo-fitted-sheet-space-blue-bedroom-front.jpg?v=1786182102,https://cdn.shopify.com/s/files/1/0884/0278/8685/files/bamboo-fitted-sheet-space-blue-corner-loose.jpg?v=1786182102,https://cdn.shopify.com/s/files/1/0884/0278/8685/files/bamboo-fitted-sheet-space-blue-bedroom-detail.jpg?v=1786182102,https://cdn.shopify.com/s/files/1/0884/0278/8685/files/bamboo-fitted-sheet-space-blue-bedroom-full.jpg?v=1786182178,https://cdn.shopify.com/s/files/1/0884/0278/8685/files/bamboo-fitted-sheet-space-blue-packaging.jpg?v=1786182102",in_stock,147.00 EUR,Boomba Bamboo,new,8720648154812,8720648154812,bamboo-fitted-sheet-space-blue-400tc,Space Blue,160x200 cm,100% Bamboo (Tanboocel™)
8720618860774,"Drap-housse en bambou, Space Blue, 400TC","Un drap-housse en bambou d'une douceur soyeuse, 400TC, dans un Space Blue profond — respirant, hypoallergénique et frais au contact de la peau, doté d'un élastique qui s'ajuste parfaitement aux matelas d'une épaisseur maximale de 30 cm.",https://www.maisondecocon.com/fr/products/bamboo-fitted-sheet-space-blue-400tc?variant_sku=8720618860774,https://cdn.shopify.com/s/files/1/0884/0278/8685/files/bamboo-fitted-sheet-space-blue-corner-detail.jpg?v=1786182178,"https://cdn.shopify.com/s/files/1/0884/0278/8685/files/bamboo-fitted-sheet-space-blue-bedroom-lifestyle.jpg?v=1786182178,https://cdn.shopify.com/s/files/1/0884/0278/8685/files/bamboo-fitted-sheet-space-blue-fabric-drape.jpg?v=1786182102,https://cdn.shopify.com/s/files/1/0884/0278/8685/files/bamboo-fitted-sheet-space-blue-bedroom-front.jpg?v=1786182102,https://cdn.shopify.com/s/files/1/0884/0278/8685/files/bamboo-fitted-sheet-space-blue-corner-loose.jpg?v=1786182102,https://cdn.shopify.com/s/files/1/0884/0278/8685/files/bamboo-fitted-sheet-space-blue-bedroom-detail.jpg?v=1786182102,https://cdn.shopify.com/s/files/1/0884/0278/8685/files/bamboo-fitted-sheet-space-blue-bedroom-full.jpg?v=1786182178,https://cdn.shopify.com/s/files/1/0884/0278/8685/files/bamboo-fitted-sheet-space-blue-packaging.jpg?v=1786182102",in_stock,135.00 EUR,Boomba Bamboo,new,8720618860774,8720618860774,bamboo-fitted-sheet-space-blue-400tc,Space Blue,90x220/210 cm,100% Bamboo (Tanboocel™)
8720648154782,"Drap-housse en bambou, Space Blue, 400TC","Un drap-housse en bambou d'une douceur soyeuse, 400TC, dans un Space Blue profond — respirant, hypoallergénique et frais au contact de la peau, doté d'un élastique qui s'ajuste parfaitement aux matelas d'une épaisseur maximale de 30 cm.",https://www.maisondecocon.com/fr/products/bamboo-fitted-sheet-space-blue-400tc?variant_sku=8720648154782,https://cdn.shopify.com/s/files/1/0884/0278/8685/files/bamboo-fitted-sheet-space-blue-corner-detail.jpg?v=1786182178,"https://cdn.shopify.com/s/files/1/0884/0278/8685/files/bamboo-fitted-sheet-space-blue-bedroom-lifestyle.jpg?v=1786182178,https://cdn.shopify.com/s/files/1/0884/0278/8685/files/bamboo-fitted-sheet-space-blue-fabric-drape.jpg?v=1786182102,https://cdn.shopify.com/s/files/1/0884/0278/8685/files/bamboo-fitted-sheet-space-blue-bedroom-front.jpg?v=1786182102,https://cdn.shopify.com/s/files/1/0884/0278/8685/files/bamboo-fitted-sheet-space-blue-corner-loose.jpg?v=1786182102,https://cdn.shopify.com/s/files/1/0884/0278/8685/files/bamboo-fitted-sheet-space-blue-bedroom-detail.jpg?v=1786182102,https://cdn.shopify.com/s/files/1/0884/0278/8685/files/bamboo-fitted-sheet-space-blue-bedroom-full.jpg?v=1786182178,https://cdn.shopify.com/s/files/1/0884/0278/8685/files/bamboo-fitted-sheet-space-blue-packaging.jpg?v=1786182102",in_stock,120.00 EUR,Boomba Bamboo,new,8720648154782,8720648154782,bamboo-fitted-sheet-space-blue-400tc,Space Blue,80x200 cm,100% Bamboo (Tanboocel™)
8720648154805,"Drap-housse en bambou, Space Blue, 400TC","Un drap-housse en bambou d'une douceur soyeuse, 400TC, dans un Space Blue profond — respirant, hypoallergénique et frais au contact de la peau, doté d'un élastique qui s'ajuste parfaitement aux matelas d'une épaisseur maximale de 30 cm.",https://www.maisondecocon.com/fr/products/bamboo-fitted-sheet-space-blue-400tc?variant_sku=8720648154805,https://cdn.shopify.com/s/files/1/0884/0278/8685/files/bamboo-fitted-sheet-space-blue-corner-detail.jpg?v=1786182178,"https://cdn.shopify.com/s/files/1/0884/0278/8685/files/bamboo-fitted-sheet-space-blue-bedroom-lifestyle.jpg?v=1786182178,https://cdn.shopify.com/s/files/1/0884/0278/8685/files/bamboo-fitted-sheet-space-blue-fabric-drape.jpg?v=1786182102,https://cdn.shopify.com/s/files/1/0884/0278/8685/files/bamboo-fitted-sheet-space-blue-bedroom-front.jpg?v=1786182102,https://cdn.shopify.com/s/files/1/0884/0278/8685/files/bamboo-fitted-sheet-space-blue-corner-loose.jpg?v=1786182102,https://cdn.shopify.com/s/files/1/0884/0278/8685/files/bamboo-fitted-sheet-space-blue-bedroom-detail.jpg?v=1786182102,https://cdn.shopify.com/s/files/1/0884/0278/8685/files/bamboo-fitted-sheet-space-blue-bedroom-full.jpg?v=1786182178,https://cdn.shopify.com/s/files/1/0884/0278/8685/files/bamboo-fitted-sheet-space-blue-packaging.jpg?v=1786182102",in_stock,144.00 EUR,Boomba Bamboo,new,8720648154805,8720648154805,bamboo-fitted-sheet-space-blue-400tc,Space Blue,140x200 cm,100% Bamboo (Tanboocel™)
8720648154843,"Drap-housse en bambou, Space Blue, 400TC","Un drap-housse en bambou d'une douceur soyeuse, 400TC, dans un Space Blue profond — respirant, hypoallergénique et frais au contact de la peau, doté d'un élastique qui s'ajuste parfaitement aux matelas d'une épaisseur maximale de 30 cm.",https://www.maisondecocon.com/fr/products/bamboo-fitted-sheet-space-blue-400tc?variant_sku=8720648154843,https://cdn.shopify.com/s/files/1/0884/0278/8685/files/bamboo-fitted-sheet-space-blue-corner-detail.jpg?v=1786182178,"https://cdn.shopify.com/s/files/1/0884/0278/8685/files/bamboo-fitted-sheet-space-blue-bedroom-lifestyle.jpg?v=1786182178,https://cdn.shopify.com/s/files/1/0884/0278/8685/files/bamboo-fitted-sheet-space-blue-fabric-drape.jpg?v=1786182102,https://cdn.shopify.com/s/files/1/0884/0278/8685/files/bamboo-fitted-sheet-space-blue-bedroom-front.jpg?v=1786182102,https://cdn.shopify.com/s/files/1/0884/0278/8685/files/bamboo-fitted-sheet-space-blue-corner-loose.jpg?v=1786182102,https://cdn.shopify.com/s/files/1/0884/0278/8685/files/bamboo-fitted-sheet-space-blue-bedroom-detail.jpg?v=1786182102,https://cdn.shopify.com/s/files/1/0884/0278/8685/files/bamboo-fitted-sheet-space-blue-bedroom-full.jpg?v=1786182178,https://cdn.shopify.com/s/files/1/0884/0278/8685/files/bamboo-fitted-sheet-space-blue-packaging.jpg?v=1786182102",out_of_stock,162.00 EUR,Boomba Bamboo,new,8720648154843,8720648154843,bamboo-fitted-sheet-space-blue-400tc,Space Blue,180x220/210 cm,100% Bamboo (Tanboocel™)
8720648154829,"Drap-housse en bambou, Space Blue, 400TC","Un drap-housse en bambou d'une douceur soyeuse, 400TC, dans un Space Blue profond — respirant, hypoallergénique et frais au contact de la peau, doté d'un élastique qui s'ajuste parfaitement aux matelas d'une épaisseur maximale de 30 cm.",https://www.maisondecocon.com/fr/products/bamboo-fitted-sheet-space-blue-400tc?variant_sku=8720648154829,https://cdn.shopify.com/s/files/1/0884/0278/8685/files/bamboo-fitted-sheet-space-blue-corner-detail.jpg?v=1786182178,"https://cdn.shopify.com/s/files/1/0884/0278/8685/files/bamboo-fitted-sheet-space-blue-bedroom-lifestyle.jpg?v=1786182178,https://cdn.shopify.com/s/files/1/0884/0278/8685/files/bamboo-fitted-sheet-space-blue-fabric-drape.jpg?v=1786182102,https://cdn.shopify.com/s/files/1/0884/0278/8685/files/bamboo-fitted-sheet-space-blue-bedroom-front.jpg?v=1786182102,https://cdn.shopify.com/s/files/1/0884/0278/8685/files/bamboo-fitted-sheet-space-blue-corner-loose.jpg?v=1786182102,https://cdn.shopify.com/s/files/1/0884/0278/8685/files/bamboo-fitted-sheet-space-blue-bedroom-detail.jpg?v=1786182102,https://cdn.shopify.com/s/files/1/0884/0278/8685/files/bamboo-fitted-sheet-space-blue-bedroom-full.jpg?v=1786182178,https://cdn.shopify.com/s/files/1/0884/0278/8685/files/bamboo-fitted-sheet-space-blue-packaging.jpg?v=1786182102",in_stock,156.00 EUR,Boomba Bamboo,new,8720648154829,8720648154829,bamboo-fitted-sheet-space-blue-400tc,Space Blue,180x200 cm,100% Bamboo (Tanboocel™)
8720648154867,"Drap-housse en bambou, Space Blue, 400TC","Un drap-housse en bambou d'une douceur soyeuse, 400TC, dans un Space Blue profond — respirant, hypoallergénique et frais au contact de la peau, doté d'un élastique qui s'ajuste parfaitement aux matelas d'une épaisseur maximale de 30 cm.",https://www.maisondecocon.com/fr/products/bamboo-fitted-sheet-space-blue-400tc?variant_sku=8720648154867,https://cdn.shopify.com/s/files/1/0884/0278/8685/files/bamboo-fitted-sheet-space-blue-corner-detail.jpg?v=1786182178,"https://cdn.shopify.com/s/files/1/0884/0278/8685/files/bamboo-fitted-sheet-space-blue-bedroom-lifestyle.jpg?v=1786182178,https://cdn.shopify.com/s/files/1/0884/0278/8685/files/bamboo-fitted-sheet-space-blue-fabric-drape.jpg?v=1786182102,https://cdn.shopify.com/s/files/1/0884/0278/8685/files/bamboo-fitted-sheet-space-blue-bedroom-front.jpg?v=1786182102,https://cdn.shopify.com/s/files/1/0884/0278/8685/files/bamboo-fitted-sheet-space-blue-corner-loose.jpg?v=1786182102,https://cdn.shopify.com/s/files/1/0884/0278/8685/files/bamboo-fitted-sheet-space-blue-bedroom-detail.jpg?v=1786182102,https://cdn.shopify.com/s/files/1/0884/0278/8685/files/bamboo-fitted-sheet-space-blue-bedroom-full.jpg?v=1786182178,https://cdn.shopify.com/s/files/1/0884/0278/8685/files/bamboo-fitted-sheet-space-blue-packaging.jpg?v=1786182102",in_stock,174.00 EUR,Boomba Bamboo,new,8720648154867,8720648154867,bamboo-fitted-sheet-space-blue-400tc,Space Blue,200x210 cm,100% Bamboo (Tanboocel™)
8720828225523,"Drap-housse en bambou, Space Blue, 400TC","Un drap-housse en bambou d'une douceur soyeuse, 400TC, dans un Space Blue profond — respirant, hypoallergénique et frais au contact de la peau, doté d'un élastique qui s'ajuste parfaitement aux matelas d'une épaisseur maximale de 30 cm.",https://www.maisondecocon.com/fr/products/bamboo-fitted-sheet-space-blue-400tc?variant_sku=8720828225523,https://cdn.shopify.com/s/files/1/0884/0278/8685/files/bamboo-fitted-sheet-space-blue-corner-detail.jpg?v=1786182178,"https://cdn.shopify.com/s/files/1/0884/0278/8685/files/bamboo-fitted-sheet-space-blue-bedroom-lifestyle.jpg?v=1786182178,https://cdn.shopify.com/s/files/1/0884/0278/8685/files/bamboo-fitted-sheet-space-blue-fabric-drape.jpg?v=1786182102,https://cdn.shopify.com/s/files/1/0884/0278/8685/files/bamboo-fitted-sheet-space-blue-bedroom-front.jpg?v=1786182102,https://cdn.shopify.com/s/files/1/0884/0278/8685/files/bamboo-fitted-sheet-space-blue-corner-loose.jpg?v=1786182102,https://cdn.shopify.com/s/files/1/0884/0278/8685/files/bamboo-fitted-sheet-space-blue-bedroom-detail.jpg?v=1786182102,https://cdn.shopify.com/s/files/1/0884/0278/8685/files/bamboo-fitted-sheet-space-blue-bedroom-full.jpg?v=1786182178,https://cdn.shopify.com/s/files/1/0884/0278/8685/files/bamboo-fitted-sheet-space-blue-packaging.jpg?v=1786182102",in_stock,123.00 EUR,Boomba Bamboo,new,8720828225523,8720828225523,bamboo-fitted-sheet-space-blue-400tc,Space Blue,80x210 cm,100% Bamboo (Tanboocel™)
6154515711761,"Drap-housse en bambou pour surmatelas « Lavender Mist », 400TC","Un drap-housse haut de gamme 100 % bambou, adapté aux surmatelas d'une épaisseur maximale de 10 cm, dans la teinte « Lavender Mist » : un tissu Tanboocel™ 400TC au toucher soyeux, respirant et thermorégulateur, pour des nuits fraîches tout au long de l'année.",https://www.maisondecocon.com/fr/products/bamboo-fitted-sheet-for-mattress-topper-lavender-mist-400tc?variant_sku=6154515711761,https://cdn.shopify.com/s/files/1/0884/0278/8685/files/bamboo-fitted-sheet-mattress-topper-lavender-mist-seam-detail.jpg?v=1786182117,"https://cdn.shopify.com/s/files/1/0884/0278/8685/files/bamboo-fitted-sheet-mattress-topper-lavender-mist-corner-detail.jpg?v=1786182117,https://cdn.shopify.com/s/files/1/0884/0278/8685/files/bamboo-fitted-sheet-mattress-topper-lavender-mist-fabric-drape-1.jpg?v=1786182117,https://cdn.shopify.com/s/files/1/0884/0278/8685/files/bamboo-fitted-sheet-mattress-topper-lavender-mist-corner-loose.jpg?v=1786182117,https://cdn.shopify.com/s/files/1/0884/0278/8685/files/bamboo-fitted-sheet-mattress-topper-lavender-mist-fabric-drape-2.jpg?v=1786182117,https://cdn.shopify.com/s/files/1/0884/0278/8685/files/bamboo-fitted-sheet-mattress-topper-lavender-mist-packaging.jpg?v=1786182117",in_stock,162.00 EUR,Boomba Bamboo,new,6154515711761,6154515711761,bamboo-fitted-sheet-for-mattress-topper-lavender-mist-400tc,Lavender Mist,180x220/210 cm,100% Bamboo (Tanboocel™)
6154515470408,"Drap-housse en bambou pour surmatelas « Lavender Mist », 400TC","Un drap-housse haut de gamme 100 % bambou, adapté aux surmatelas d'une épaisseur maximale de 10 cm, dans la teinte « Lavender Mist » : un tissu Tanboocel™ 400TC au toucher soyeux, respirant et thermorégulateur, pour des nuits fraîches tout au long de l'année.",https://www.maisondecocon.com/fr/products/bamboo-fitted-sheet-for-mattress-topper-lavender-mist-400tc?variant_sku=6154515470408,https://cdn.shopify.com/s/files/1/0884/0278/8685/files/bamboo-fitted-sheet-mattress-topper-lavender-mist-seam-detail.jpg?v=1786182117,"https://cdn.shopify.com/s/files/1/0884/0278/8685/files/bamboo-fitted-sheet-mattress-topper-lavender-mist-corner-detail.jpg?v=1786182117,https://cdn.shopify.com/s/files/1/0884/0278/8685/files/bamboo-fitted-sheet-mattress-topper-lavender-mist-fabric-drape-1.jpg?v=1786182117,https://cdn.shopify.com/s/files/1/0884/0278/8685/files/bamboo-fitted-sheet-mattress-topper-lavender-mist-corner-loose.jpg?v=1786182117,https://cdn.shopify.com/s/files/1/0884/0278/8685/files/bamboo-fitted-sheet-mattress-topper-lavender-mist-fabric-drape-2.jpg?v=1786182117,https://cdn.shopify.com/s/files/1/0884/0278/8685/files/bamboo-fitted-sheet-mattress-topper-lavender-mist-packaging.jpg?v=1786182117",in_stock,153.00 EUR,Boomba Bamboo,new,6154515470408,6154515470408,bamboo-fitted-sheet-for-mattress-topper-lavender-mist-400tc,Lavender Mist,160x220/210,100% Bamboo (Tanboocel™)
6154514951960,"Drap-housse en bambou pour surmatelas « Lavender Mist », 400TC","Un drap-housse haut de gamme 100 % bambou, adapté aux surmatelas d'une épaisseur maximale de 10 cm, dans la teinte « Lavender Mist » : un tissu Tanboocel™ 400TC au toucher soyeux, respirant et thermorégulateur, pour des nuits fraîches tout au long de l'année.",https://www.maisondecocon.com/fr/products/bamboo-fitted-sheet-for-mattress-topper-lavender-mist-400tc?variant_sku=6154514951960,https://cdn.shopify.com/s/files/1/0884/0278/8685/files/bamboo-fitted-sheet-mattress-topper-lavender-mist-seam-detail.jpg?v=1786182117,"https://cdn.shopify.com/s/files/1/0884/0278/8685/files/bamboo-fitted-sheet-mattress-topper-lavender-mist-corner-detail.jpg?v=1786182117,https://cdn.shopify.com/s/files/1/0884/0278/8685/files/bamboo-fitted-sheet-mattress-topper-lavender-mist-fabric-drape-1.jpg?v=1786182117,https://cdn.shopify.com/s/files/1/0884/0278/8685/files/bamboo-fitted-sheet-mattress-topper-lavender-mist-corner-loose.jpg?v=1786182117,https://cdn.shopify.com/s/files/1/0884/0278/8685/files/bamboo-fitted-sheet-mattress-topper-lavender-mist-fabric-drape-2.jpg?v=1786182117,https://cdn.shopify.com/s/files/1/0884/0278/8685/files/bamboo-fitted-sheet-mattress-topper-lavender-mist-packaging.jpg?v=1786182117",in_stock,144.00 EUR,Boomba Bamboo,new,6154514951960,6154514951960,bamboo-fitted-sheet-for-mattress-topper-lavender-mist-400tc,Lavender Mist,140x200 cm,100% Bamboo (Tanboocel™)
6154515743779,"Drap-housse en bambou pour surmatelas « Lavender Mist », 400TC","Un drap-housse haut de gamme 100 % bambou, adapté aux surmatelas d'une épaisseur maximale de 10 cm, dans la teinte « Lavender Mist » : un tissu Tanboocel™ 400TC au toucher soyeux, respirant et thermorégulateur, pour des nuits fraîches tout au long de l'année.",https://www.maisondecocon.com/fr/products/bamboo-fitted-sheet-for-mattress-topper-lavender-mist-400tc?variant_sku=6154515743779,https://cdn.shopify.com/s/files/1/0884/0278/8685/files/bamboo-fitted-sheet-mattress-topper-lavender-mist-seam-detail.jpg?v=1786182117,"https://cdn.shopify.com/s/files/1/0884/0278/8685/files/bamboo-fitted-sheet-mattress-topper-lavender-mist-corner-detail.jpg?v=1786182117,https://cdn.shopify.com/s/files/1/0884/0278/8685/files/bamboo-fitted-sheet-mattress-topper-lavender-mist-fabric-drape-1.jpg?v=1786182117,https://cdn.shopify.com/s/files/1/0884/0278/8685/files/bamboo-fitted-sheet-mattress-topper-lavender-mist-corner-loose.jpg?v=1786182117,https://cdn.shopify.com/s/files/1/0884/0278/8685/files/bamboo-fitted-sheet-mattress-topper-lavender-mist-fabric-drape-2.jpg?v=1786182117,https://cdn.shopify.com/s/files/1/0884/0278/8685/files/bamboo-fitted-sheet-mattress-topper-lavender-mist-packaging.jpg?v=1786182117",in_stock,168.00 EUR,Boomba Bamboo,new,6154515743779,6154515743779,bamboo-fitted-sheet-for-mattress-topper-lavender-mist-400tc,Lavender Mist,200x200 cm,100% Bamboo (Tanboocel™)
6154515066045,"Drap-housse en bambou pour surmatelas « Lavender Mist », 400TC","Un drap-housse haut de gamme 100 % bambou, adapté aux surmatelas d'une épaisseur maximale de 10 cm, dans la teinte « Lavender Mist » : un tissu Tanboocel™ 400TC au toucher soyeux, respirant et thermorégulateur, pour des nuits fraîches tout au long de l'année.",https://www.maisondecocon.com/fr/products/bamboo-fitted-sheet-for-mattress-topper-lavender-mist-400tc?variant_sku=6154515066045,https://cdn.shopify.com/s/files/1/0884/0278/8685/files/bamboo-fitted-sheet-mattress-topper-lavender-mist-seam-detail.jpg?v=1786182117,"https://cdn.shopify.com/s/files/1/0884/0278/8685/files/bamboo-fitted-sheet-mattress-topper-lavender-mist-corner-detail.jpg?v=1786182117,https://cdn.shopify.com/s/files/1/0884/0278/8685/files/bamboo-fitted-sheet-mattress-topper-lavender-mist-fabric-drape-1.jpg?v=1786182117,https://cdn.shopify.com/s/files/1/0884/0278/8685/files/bamboo-fitted-sheet-mattress-topper-lavender-mist-corner-loose.jpg?v=1786182117,https://cdn.shopify.com/s/files/1/0884/0278/8685/files/bamboo-fitted-sheet-mattress-topper-lavender-mist-fabric-drape-2.jpg?v=1786182117,https://cdn.shopify.com/s/files/1/0884/0278/8685/files/bamboo-fitted-sheet-mattress-topper-lavender-mist-packaging.jpg?v=1786182117",in_stock,147.00 EUR,Boomba Bamboo,new,6154515066045,6154515066045,bamboo-fitted-sheet-for-mattress-topper-lavender-mist-400tc,Lavender Mist,160x200 cm,100% Bamboo (Tanboocel™)
6154515764743,"Drap-housse en bambou pour surmatelas « Lavender Mist », 400TC","Un drap-housse haut de gamme 100 % bambou, adapté aux surmatelas d'une épaisseur maximale de 10 cm, dans la teinte « Lavender Mist » : un tissu Tanboocel™ 400TC au toucher soyeux, respirant et thermorégulateur, pour des nuits fraîches tout au long de l'année.",https://www.maisondecocon.com/fr/products/bamboo-fitted-sheet-for-mattress-topper-lavender-mist-400tc?variant_sku=6154515764743,https://cdn.shopify.com/s/files/1/0884/0278/8685/files/bamboo-fitted-sheet-mattress-topper-lavender-mist-seam-detail.jpg?v=1786182117,"https://cdn.shopify.com/s/files/1/0884/0278/8685/files/bamboo-fitted-sheet-mattress-topper-lavender-mist-corner-detail.jpg?v=1786182117,https://cdn.shopify.com/s/files/1/0884/0278/8685/files/bamboo-fitted-sheet-mattress-topper-lavender-mist-fabric-drape-1.jpg?v=1786182117,https://cdn.shopify.com/s/files/1/0884/0278/8685/files/bamboo-fitted-sheet-mattress-topper-lavender-mist-corner-loose.jpg?v=1786182117,https://cdn.shopify.com/s/files/1/0884/0278/8685/files/bamboo-fitted-sheet-mattress-topper-lavender-mist-fabric-drape-2.jpg?v=1786182117,https://cdn.shopify.com/s/files/1/0884/0278/8685/files/bamboo-fitted-sheet-mattress-topper-lavender-mist-packaging.jpg?v=1786182117",in_stock,180.00 EUR,Boomba Bamboo,new,6154515764743,6154515764743,bamboo-fitted-sheet-for-mattress-topper-lavender-mist-400tc,Lavender Mist,200x220/210 cm,100% Bamboo (Tanboocel™)
6154515584518,"Drap-housse en bambou pour surmatelas « Lavender Mist », 400TC","Un drap-housse haut de gamme 100 % bambou, adapté aux surmatelas d'une épaisseur maximale de 10 cm, dans la teinte « Lavender Mist » : un tissu Tanboocel™ 400TC au toucher soyeux, respirant et thermorégulateur, pour des nuits fraîches tout au long de l'année.",https://www.maisondecocon.com/fr/products/bamboo-fitted-sheet-for-mattress-topper-lavender-mist-400tc?variant_sku=6154515584518,https://cdn.shopify.com/s/files/1/0884/0278/8685/files/bamboo-fitted-sheet-mattress-topper-lavender-mist-seam-detail.jpg?v=1786182117,"https://cdn.shopify.com/s/files/1/0884/0278/8685/files/bamboo-fitted-sheet-mattress-topper-lavender-mist-corner-detail.jpg?v=1786182117,https://cdn.shopify.com/s/files/1/0884/0278/8685/files/bamboo-fitted-sheet-mattress-topper-lavender-mist-fabric-drape-1.jpg?v=1786182117,https://cdn.shopify.com/s/files/1/0884/0278/8685/files/bamboo-fitted-sheet-mattress-topper-lavender-mist-corner-loose.jpg?v=1786182117,https://cdn.shopify.com/s/files/1/0884/0278/8685/files/bamboo-fitted-sheet-mattress-topper-lavender-mist-fabric-drape-2.jpg?v=1786182117,https://cdn.shopify.com/s/files/1/0884/0278/8685/files/bamboo-fitted-sheet-mattress-topper-lavender-mist-packaging.jpg?v=1786182117",in_stock,156.00 EUR,Boomba Bamboo,new,6154515584518,6154515584518,bamboo-fitted-sheet-for-mattress-topper-lavender-mist-400tc,Lavender Mist,180x200 cm,100% Bamboo (Tanboocel™)
8720828225158,"Housse de couette en bambou bleu ciel, 400TC","Une housse de couette en bambou d'une douceur soyeuse, 400TC, dans une teinte bleu ciel rafraîchissante : respirante, hypoallergénique et disponible avec une fermeture à boutons en bambou ou une bande à rentrer sous le matelas.",https://www.maisondecocon.com/fr/products/bamboo-duvet-cover-sky-blue-400tc?variant_sku=8720828225158,https://cdn.shopify.com/s/files/1/0884/0278/8685/files/bamboo-duvet-cover-sky-blue-bedroom-lifestyle-1.jpg?v=1786136909,"https://cdn.shopify.com/s/files/1/0884/0278/8685/files/bamboo-duvet-cover-sky-blue-bamboo-button-detail.jpg?v=1786136909,https://cdn.shopify.com/s/files/1/0884/0278/8685/files/bamboo-duvet-cover-sky-blue-bedroom-lifestyle-2.jpg?v=1786136909,https://cdn.shopify.com/s/files/1/0884/0278/8685/files/bamboo-duvet-cover-sky-blue-fabric-detail.jpg?v=1786136909,https://cdn.shopify.com/s/files/1/0884/0278/8685/files/bamboo-duvet-cover-sky-blue-bedroom-lifestyle-3.jpg?v=1786136909,https://cdn.shopify.com/s/files/1/0884/0278/8685/files/bamboo-duvet-cover-sky-blue-tuck-in-strip-detail.jpg?v=1786136909,https://cdn.shopify.com/s/files/1/0884/0278/8685/files/bamboo-duvet-cover-sky-blue-packaging.jpg?v=1786136909",in_stock,282.00 EUR,Boomba Bamboo,new,8720828225158,8720828225158,bamboo-duvet-cover-sky-blue-400tc,,140x200 cm,100% Bamboo (Tanboocel™)
8720828225097,"Housse de couette en bambou bleu ciel, 400TC","Une housse de couette en bambou d'une douceur soyeuse, 400TC, dans une teinte bleu ciel rafraîchissante : respirante, hypoallergénique et disponible avec une fermeture à boutons en bambou ou une bande à rentrer sous le matelas.",https://www.maisondecocon.com/fr/products/bamboo-duvet-cover-sky-blue-400tc?variant_sku=8720828225097,https://cdn.shopify.com/s/files/1/0884/0278/8685/files/bamboo-duvet-cover-sky-blue-bedroom-lifestyle-1.jpg?v=1786136909,"https://cdn.shopify.com/s/files/1/0884/0278/8685/files/bamboo-duvet-cover-sky-blue-bamboo-button-detail.jpg?v=1786136909,https://cdn.shopify.com/s/files/1/0884/0278/8685/files/bamboo-duvet-cover-sky-blue-bedroom-lifestyle-2.jpg?v=1786136909,https://cdn.shopify.com/s/files/1/0884/0278/8685/files/bamboo-duvet-cover-sky-blue-fabric-detail.jpg?v=1786136909,https://cdn.shopify.com/s/files/1/0884/0278/8685/files/bamboo-duvet-cover-sky-blue-bedroom-lifestyle-3.jpg?v=1786136909,https://cdn.shopify.com/s/files/1/0884/0278/8685/files/bamboo-duvet-cover-sky-blue-tuck-in-strip-detail.jpg?v=1786136909,https://cdn.shopify.com/s/files/1/0884/0278/8685/files/bamboo-duvet-cover-sky-blue-packaging.jpg?v=1786136909",in_stock,258.00 EUR,Boomba Bamboo,new,8720828225097,8720828225097,bamboo-duvet-cover-sky-blue-400tc,,140x200 cm,100% Bamboo (Tanboocel™)
8720828225165,"Housse de couette en bambou bleu ciel, 400TC","Une housse de couette en bambou d'une douceur soyeuse, 400TC, dans une teinte bleu ciel rafraîchissante : respirante, hypoallergénique et disponible avec une fermeture à boutons en bambou ou une bande à rentrer sous le matelas.",https://www.maisondecocon.com/fr/products/bamboo-duvet-cover-sky-blue-400tc?variant_sku=8720828225165,https://cdn.shopify.com/s/files/1/0884/0278/8685/files/bamboo-duvet-cover-sky-blue-bedroom-lifestyle-1.jpg?v=1786136909,"https://cdn.shopify.com/s/files/1/0884/0278/8685/files/bamboo-duvet-cover-sky-blue-bamboo-button-detail.jpg?v=1786136909,https://cdn.shopify.com/s/files/1/0884/0278/8685/files/bamboo-duvet-cover-sky-blue-bedroom-lifestyle-2.jpg?v=1786136909,https://cdn.shopify.com/s/files/1/0884/0278/8685/files/bamboo-duvet-cover-sky-blue-fabric-detail.jpg?v=1786136909,https://cdn.shopify.com/s/files/1/0884/0278/8685/files/bamboo-duvet-cover-sky-blue-bedroom-lifestyle-3.jpg?v=1786136909,https://cdn.shopify.com/s/files/1/0884/0278/8685/files/bamboo-duvet-cover-sky-blue-tuck-in-strip-detail.jpg?v=1786136909,https://cdn.shopify.com/s/files/1/0884/0278/8685/files/bamboo-duvet-cover-sky-blue-packaging.jpg?v=1786136909",in_stock,297.00 EUR,Boomba Bamboo,new,8720828225165,8720828225165,bamboo-duvet-cover-sky-blue-400tc,,140x220 cm,100% Bamboo (Tanboocel™)
8720828225103,"Housse de couette en bambou bleu ciel, 400TC","Une housse de couette en bambou d'une douceur soyeuse, 400TC, dans une teinte bleu ciel rafraîchissante : respirante, hypoallergénique et disponible avec une fermeture à boutons en bambou ou une bande à rentrer sous le matelas.",https://www.maisondecocon.com/fr/products/bamboo-duvet-cover-sky-blue-400tc?variant_sku=8720828225103,https://cdn.shopify.com/s/files/1/0884/0278/8685/files/bamboo-duvet-cover-sky-blue-bedroom-lifestyle-1.jpg?v=1786136909,"https://cdn.shopify.com/s/files/1/0884/0278/8685/files/bamboo-duvet-cover-sky-blue-bamboo-button-detail.jpg?v=1786136909,https://cdn.shopify.com/s/files/1/0884/0278/8685/files/bamboo-duvet-cover-sky-blue-bedroom-lifestyle-2.jpg?v=1786136909,https://cdn.shopify.com/s/files/1/0884/0278/8685/files/bamboo-duvet-cover-sky-blue-fabric-detail.jpg?v=1786136909,https://cdn.shopify.com/s/files/1/0884/0278/8685/files/bamboo-duvet-cover-sky-blue-bedroom-lifestyle-3.jpg?v=1786136909,https://cdn.shopify.com/s/files/1/0884/0278/8685/files/bamboo-duvet-cover-sky-blue-tuck-in-strip-detail.jpg?v=1786136909,https://cdn.shopify.com/s/files/1/0884/0278/8685/files/bamboo-duvet-cover-sky-blue-packaging.jpg?v=1786136909",in_stock,267.00 EUR,Boomba Bamboo,new,8720828225103,8720828225103,bamboo-duvet-cover-sky-blue-400tc,,140x220 cm,100% Bamboo (Tanboocel™)
8720828225172,"Housse de couette en bambou bleu ciel, 400TC","Une housse de couette en bambou d'une douceur soyeuse, 400TC, dans une teinte bleu ciel rafraîchissante : respirante, hypoallergénique et disponible avec une fermeture à boutons en bambou ou une bande à rentrer sous le matelas.",https://www.maisondecocon.com/fr/products/bamboo-duvet-cover-sky-blue-400tc?variant_sku=8720828225172,https://cdn.shopify.com/s/files/1/0884/0278/8685/files/bamboo-duvet-cover-sky-blue-bedroom-lifestyle-1.jpg?v=1786136909,"https://cdn.shopify.com/s/files/1/0884/0278/8685/files/bamboo-duvet-cover-sky-blue-bamboo-button-detail.jpg?v=1786136909,https://cdn.shopify.com/s/files/1/0884/0278/8685/files/bamboo-duvet-cover-sky-blue-bedroom-lifestyle-2.jpg?v=1786136909,https://cdn.shopify.com/s/files/1/0884/0278/8685/files/bamboo-duvet-cover-sky-blue-fabric-detail.jpg?v=1786136909,https://cdn.shopify.com/s/files/1/0884/0278/8685/files/bamboo-duvet-cover-sky-blue-bedroom-lifestyle-3.jpg?v=1786136909,https://cdn.shopify.com/s/files/1/0884/0278/8685/files/bamboo-duvet-cover-sky-blue-tuck-in-strip-detail.jpg?v=1786136909,https://cdn.shopify.com/s/files/1/0884/0278/8685/files/bamboo-duvet-cover-sky-blue-packaging.jpg?v=1786136909",in_stock,318.00 EUR,Boomba Bamboo,new,8720828225172,8720828225172,bamboo-duvet-cover-sky-blue-400tc,,200x200 cm,100% Bamboo (Tanboocel™)
8720828225110,"Housse de couette en bambou bleu ciel, 400TC","Une housse de couette en bambou d'une douceur soyeuse, 400TC, dans une teinte bleu ciel rafraîchissante : respirante, hypoallergénique et disponible avec une fermeture à boutons en bambou ou une bande à rentrer sous le matelas.",https://www.maisondecocon.com/fr/products/bamboo-duvet-cover-sky-blue-400tc?variant_sku=8720828225110,https://cdn.shopify.com/s/files/1/0884/0278/8685/files/bamboo-duvet-cover-sky-blue-bedroom-lifestyle-1.jpg?v=1786136909,"https://cdn.shopify.com/s/files/1/0884/0278/8685/files/bamboo-duvet-cover-sky-blue-bamboo-button-detail.jpg?v=1786136909,https://cdn.shopify.com/s/files/1/0884/0278/8685/files/bamboo-duvet-cover-sky-blue-bedroom-lifestyle-2.jpg?v=1786136909,https://cdn.shopify.com/s/files/1/0884/0278/8685/files/bamboo-duvet-cover-sky-blue-fabric-detail.jpg?v=1786136909,https://cdn.shopify.com/s/files/1/0884/0278/8685/files/bamboo-duvet-cover-sky-blue-bedroom-lifestyle-3.jpg?v=1786136909,https://cdn.shopify.com/s/files/1/0884/0278/8685/files/bamboo-duvet-cover-sky-blue-tuck-in-strip-detail.jpg?v=1786136909,https://cdn.shopify.com/s/files/1/0884/0278/8685/files/bamboo-duvet-cover-sky-blue-packaging.jpg?v=1786136909",in_stock,300.00 EUR,Boomba Bamboo,new,8720828225110,8720828225110,bamboo-duvet-cover-sky-blue-400tc,,200x200 cm,100% Bamboo (Tanboocel™)
8720828225189,"Housse de couette en bambou bleu ciel, 400TC","Une housse de couette en bambou d'une douceur soyeuse, 400TC, dans une teinte bleu ciel rafraîchissante : respirante, hypoallergénique et disponible avec une fermeture à boutons en bambou ou une bande à rentrer sous le matelas.",https://www.maisondecocon.com/fr/products/bamboo-duvet-cover-sky-blue-400tc?variant_sku=8720828225189,https://cdn.shopify.com/s/files/1/0884/0278/8685/files/bamboo-duvet-cover-sky-blue-bedroom-lifestyle-1.jpg?v=1786136909,"https://cdn.shopify.com/s/files/1/0884/0278/8685/files/bamboo-duvet-cover-sky-blue-bamboo-button-detail.jpg?v=1786136909,https://cdn.shopify.com/s/files/1/0884/0278/8685/files/bamboo-duvet-cover-sky-blue-bedroom-lifestyle-2.jpg?v=1786136909,https://cdn.shopify.com/s/files/1/0884/0278/8685/files/bamboo-duvet-cover-sky-blue-fabric-detail.jpg?v=1786136909,https://cdn.shopify.com/s/files/1/0884/0278/8685/files/bamboo-duvet-cover-sky-blue-bedroom-lifestyle-3.jpg?v=1786136909,https://cdn.shopify.com/s/files/1/0884/0278/8685/files/bamboo-duvet-cover-sky-blue-tuck-in-strip-detail.jpg?v=1786136909,https://cdn.shopify.com/s/files/1/0884/0278/8685/files/bamboo-duvet-cover-sky-blue-packaging.jpg?v=1786136909",in_stock,336.00 EUR,Boomba Bamboo,new,8720828225189,8720828225189,bamboo-duvet-cover-sky-blue-400tc,,200x220/210 cm,100% Bamboo (Tanboocel™)
8720828225127,"Housse de couette en bambou bleu ciel, 400TC","Une housse de couette en bambou d'une douceur soyeuse, 400TC, dans une teinte bleu ciel rafraîchissante : respirante, hypoallergénique et disponible avec une fermeture à boutons en bambou ou une bande à rentrer sous le matelas.",https://www.maisondecocon.com/fr/products/bamboo-duvet-cover-sky-blue-400tc?variant_sku=8720828225127,https://cdn.shopify.com/s/files/1/0884/0278/8685/files/bamboo-duvet-cover-sky-blue-bedroom-lifestyle-1.jpg?v=1786136909,"https://cdn.shopify.com/s/files/1/0884/0278/8685/files/bamboo-duvet-cover-sky-blue-bamboo-button-detail.jpg?v=1786136909,https://cdn.shopify.com/s/files/1/0884/0278/8685/files/bamboo-duvet-cover-sky-blue-bedroom-lifestyle-2.jpg?v=1786136909,https://cdn.shopify.com/s/files/1/0884/0278/8685/files/bamboo-duvet-cover-sky-blue-fabric-detail.jpg?v=1786136909,https://cdn.shopify.com/s/files/1/0884/0278/8685/files/bamboo-duvet-cover-sky-blue-bedroom-lifestyle-3.jpg?v=1786136909,https://cdn.shopify.com/s/files/1/0884/0278/8685/files/bamboo-duvet-cover-sky-blue-tuck-in-strip-detail.jpg?v=1786136909,https://cdn.shopify.com/s/files/1/0884/0278/8685/files/bamboo-duvet-cover-sky-blue-packaging.jpg?v=1786136909",in_stock,318.00 EUR,Boomba Bamboo,new,8720828225127,8720828225127,bamboo-duvet-cover-sky-blue-400tc,,200x220/210 cm,100% Bamboo (Tanboocel™)
8720828225196,"Housse de couette en bambou bleu ciel, 400TC","Une housse de couette en bambou d'une douceur soyeuse, 400TC, dans une teinte bleu ciel rafraîchissante : respirante, hypoallergénique et disponible avec une fermeture à boutons en bambou ou une bande à rentrer sous le matelas.",https://www.maisondecocon.com/fr/products/bamboo-duvet-cover-sky-blue-400tc?variant_sku=8720828225196,https://cdn.shopify.com/s/files/1/0884/0278/8685/files/bamboo-duvet-cover-sky-blue-bedroom-lifestyle-1.jpg?v=1786136909,"https://cdn.shopify.com/s/files/1/0884/0278/8685/files/bamboo-duvet-cover-sky-blue-bamboo-button-detail.jpg?v=1786136909,https://cdn.shopify.com/s/files/1/0884/0278/8685/files/bamboo-duvet-cover-sky-blue-bedroom-lifestyle-2.jpg?v=1786136909,https://cdn.shopify.com/s/files/1/0884/0278/8685/files/bamboo-duvet-cover-sky-blue-fabric-detail.jpg?v=1786136909,https://cdn.shopify.com/s/files/1/0884/0278/8685/files/bamboo-duvet-cover-sky-blue-bedroom-lifestyle-3.jpg?v=1786136909,https://cdn.shopify.com/s/files/1/0884/0278/8685/files/bamboo-duvet-cover-sky-blue-tuck-in-strip-detail.jpg?v=1786136909,https://cdn.shopify.com/s/files/1/0884/0278/8685/files/bamboo-duvet-cover-sky-blue-packaging.jpg?v=1786136909",in_stock,387.00 EUR,Boomba Bamboo,new,8720828225196,8720828225196,bamboo-duvet-cover-sky-blue-400tc,,240x220 cm,100% Bamboo (Tanboocel™)
8720828225134,"Housse de couette en bambou bleu ciel, 400TC","Une housse de couette en bambou d'une douceur soyeuse, 400TC, dans une teinte bleu ciel rafraîchissante : respirante, hypoallergénique et disponible avec une fermeture à boutons en bambou ou une bande à rentrer sous le matelas.",https://www.maisondecocon.com/fr/products/bamboo-duvet-cover-sky-blue-400tc?variant_sku=8720828225134,https://cdn.shopify.com/s/files/1/0884/0278/8685/files/bamboo-duvet-cover-sky-blue-bedroom-lifestyle-1.jpg?v=1786136909,"https://cdn.shopify.com/s/files/1/0884/0278/8685/files/bamboo-duvet-cover-sky-blue-bamboo-button-detail.jpg?v=1786136909,https://cdn.shopify.com/s/files/1/0884/0278/8685/files/bamboo-duvet-cover-sky-blue-bedroom-lifestyle-2.jpg?v=1786136909,https://cdn.shopify.com/s/files/1/0884/0278/8685/files/bamboo-duvet-cover-sky-blue-fabric-detail.jpg?v=1786136909,https://cdn.shopify.com/s/files/1/0884/0278/8685/files/bamboo-duvet-cover-sky-blue-bedroom-lifestyle-3.jpg?v=1786136909,https://cdn.shopify.com/s/files/1/0884/0278/8685/files/bamboo-duvet-cover-sky-blue-tuck-in-strip-detail.jpg?v=1786136909,https://cdn.shopify.com/s/files/1/0884/0278/8685/files/bamboo-duvet-cover-sky-blue-packaging.jpg?v=1786136909",in_stock,369.00 EUR,Boomba Bamboo,new,8720828225134,8720828225134,bamboo-duvet-cover-sky-blue-400tc,,240x220 cm,100% Bamboo (Tanboocel™)
8720828225202,"Housse de couette en bambou bleu ciel, 400TC","Une housse de couette en bambou d'une douceur soyeuse, 400TC, dans une teinte bleu ciel rafraîchissante : respirante, hypoallergénique et disponible avec une fermeture à boutons en bambou ou une bande à rentrer sous le matelas.",https://www.maisondecocon.com/fr/products/bamboo-duvet-cover-sky-blue-400tc?variant_sku=8720828225202,https://cdn.shopify.com/s/files/1/0884/0278/8685/files/bamboo-duvet-cover-sky-blue-bedroom-lifestyle-1.jpg?v=1786136909,"https://cdn.shopify.com/s/files/1/0884/0278/8685/files/bamboo-duvet-cover-sky-blue-bamboo-button-detail.jpg?v=1786136909,https://cdn.shopify.com/s/files/1/0884/0278/8685/files/bamboo-duvet-cover-sky-blue-bedroom-lifestyle-2.jpg?v=1786136909,https://cdn.shopify.com/s/files/1/0884/0278/8685/files/bamboo-duvet-cover-sky-blue-fabric-detail.jpg?v=1786136909,https://cdn.shopify.com/s/files/1/0884/0278/8685/files/bamboo-duvet-cover-sky-blue-bedroom-lifestyle-3.jpg?v=1786136909,https://cdn.shopify.com/s/files/1/0884/0278/8685/files/bamboo-duvet-cover-sky-blue-tuck-in-strip-detail.jpg?v=1786136909,https://cdn.shopify.com/s/files/1/0884/0278/8685/files/bamboo-duvet-cover-sky-blue-packaging.jpg?v=1786136909",in_stock,420.00 EUR,Boomba Bamboo,new,8720828225202,8720828225202,bamboo-duvet-cover-sky-blue-400tc,,260x240/220 cm,100% Bamboo (Tanboocel™)
8720828225141,"Housse de couette en bambou bleu ciel, 400TC","Une housse de couette en bambou d'une douceur soyeuse, 400TC, dans une teinte bleu ciel rafraîchissante : respirante, hypoallergénique et disponible avec une fermeture à boutons en bambou ou une bande à rentrer sous le matelas.",https://www.maisondecocon.com/fr/products/bamboo-duvet-cover-sky-blue-400tc?variant_sku=8720828225141,https://cdn.shopify.com/s/files/1/0884/0278/8685/files/bamboo-duvet-cover-sky-blue-bedroom-lifestyle-1.jpg?v=1786136909,"https://cdn.shopify.com/s/files/1/0884/0278/8685/files/bamboo-duvet-cover-sky-blue-bamboo-button-detail.jpg?v=1786136909,https://cdn.shopify.com/s/files/1/0884/0278/8685/files/bamboo-duvet-cover-sky-blue-bedroom-lifestyle-2.jpg?v=1786136909,https://cdn.shopify.com/s/files/1/0884/0278/8685/files/bamboo-duvet-cover-sky-blue-fabric-detail.jpg?v=1786136909,https://cdn.shopify.com/s/files/1/0884/0278/8685/files/bamboo-duvet-cover-sky-blue-bedroom-lifestyle-3.jpg?v=1786136909,https://cdn.shopify.com/s/files/1/0884/0278/8685/files/bamboo-duvet-cover-sky-blue-tuck-in-strip-detail.jpg?v=1786136909,https://cdn.shopify.com/s/files/1/0884/0278/8685/files/bamboo-duvet-cover-sky-blue-packaging.jpg?v=1786136909",in_stock,402.00 EUR,Boomba Bamboo,new,8720828225141,8720828225141,bamboo-duvet-cover-sky-blue-400tc,,260x240/220 cm,100% Bamboo (Tanboocel™)
8720618860040,Housse de couette en bambou « Cuddle Pink » 400TC,"Une housse de couette en bambou d'une douceur soyeuse, 400TC, dans une délicate teinte « Cuddle Pink » : respirante, hypoallergénique et disponible avec une fermeture à boutons en bambou ou une bande à rentrer sous le matelas.",https://www.maisondecocon.com/fr/products/bamboo-duvet-cover-cuddle-pink-400tc?variant_sku=8720618860040,https://cdn.shopify.com/s/files/1/0884/0278/8685/files/bamboo-duvet-cover-cuddle-pink-bedroom-lifestyle-3.jpg?v=1786137069,"https://cdn.shopify.com/s/files/1/0884/0278/8685/files/bamboo-duvet-cover-cuddle-pink-bamboo-button-detail.jpg?v=1786137069,https://cdn.shopify.com/s/files/1/0884/0278/8685/files/bamboo-duvet-cover-cuddle-pink-bedroom-lifestyle-2.jpg?v=1786137069,https://cdn.shopify.com/s/files/1/0884/0278/8685/files/bamboo-duvet-cover-cuddle-pink-fabric-detail.jpg?v=1786137069,https://cdn.shopify.com/s/files/1/0884/0278/8685/files/bamboo-duvet-cover-cuddle-pink-bedroom-lifestyle-1.jpg?v=1786137069,https://cdn.shopify.com/s/files/1/0884/0278/8685/files/bamboo-duvet-cover-cuddle-pink-tuck-in-strip-detail.jpg?v=1786137069,https://cdn.shopify.com/s/files/1/0884/0278/8685/files/bamboo-duvet-cover-cuddle-pink-packaging.jpg?v=1786137069",in_stock,369.00 EUR,Boomba Bamboo,new,8720618860040,8720618860040,bamboo-duvet-cover-cuddle-pink-400tc,Cuddle Pink,240x220 cm,100% Bamboo (Tanboocel™)
8720618860033,Housse de couette en bambou « Cuddle Pink » 400TC,"Une housse de couette en bambou d'une douceur soyeuse, 400TC, dans une délicate teinte « Cuddle Pink » : respirante, hypoallergénique et disponible avec une fermeture à boutons en bambou ou une bande à rentrer sous le matelas.",https://www.maisondecocon.com/fr/products/bamboo-duvet-cover-cuddle-pink-400tc?variant_sku=8720618860033,https://cdn.shopify.com/s/files/1/0884/0278/8685/files/bamboo-duvet-cover-cuddle-pink-bedroom-lifestyle-3.jpg?v=1786137069,"https://cdn.shopify.com/s/files/1/0884/0278/8685/files/bamboo-duvet-cover-cuddle-pink-bamboo-button-detail.jpg?v=1786137069,https://cdn.shopify.com/s/files/1/0884/0278/8685/files/bamboo-duvet-cover-cuddle-pink-bedroom-lifestyle-2.jpg?v=1786137069,https://cdn.shopify.com/s/files/1/0884/0278/8685/files/bamboo-duvet-cover-cuddle-pink-fabric-detail.jpg?v=1786137069,https://cdn.shopify.com/s/files/1/0884/0278/8685/files/bamboo-duvet-cover-cuddle-pink-bedroom-lifestyle-1.jpg?v=1786137069,https://cdn.shopify.com/s/files/1/0884/0278/8685/files/bamboo-duvet-cover-cuddle-pink-tuck-in-strip-detail.jpg?v=1786137069,https://cdn.shopify.com/s/files/1/0884/0278/8685/files/bamboo-duvet-cover-cuddle-pink-packaging.jpg?v=1786137069",out_of_stock,318.00 EUR,Boomba Bamboo,new,8720618860033,8720618860033,bamboo-duvet-cover-cuddle-pink-400tc,Cuddle Pink,200x220/210 cm,100% Bamboo (Tanboocel™)
8720828225950,Housse de couette en bambou « Cuddle Pink » 400TC,"Une housse de couette en bambou d'une douceur soyeuse, 400TC, dans une délicate teinte « Cuddle Pink » : respirante, hypoallergénique et disponible avec une fermeture à boutons en bambou ou une bande à rentrer sous le matelas.",https://www.maisondecocon.com/fr/products/bamboo-duvet-cover-cuddle-pink-400tc?variant_sku=8720828225950,https://cdn.shopify.com/s/files/1/0884/0278/8685/files/bamboo-duvet-cover-cuddle-pink-bedroom-lifestyle-3.jpg?v=1786137069,"https://cdn.shopify.com/s/files/1/0884/0278/8685/files/bamboo-duvet-cover-cuddle-pink-bamboo-button-detail.jpg?v=1786137069,https://cdn.shopify.com/s/files/1/0884/0278/8685/files/bamboo-duvet-cover-cuddle-pink-bedroom-lifestyle-2.jpg?v=1786137069,https://cdn.shopify.com/s/files/1/0884/0278/8685/files/bamboo-duvet-cover-cuddle-pink-fabric-detail.jpg?v=1786137069,https://cdn.shopify.com/s/files/1/0884/0278/8685/files/bamboo-duvet-cover-cuddle-pink-bedroom-lifestyle-1.jpg?v=1786137069,https://cdn.shopify.com/s/files/1/0884/0278/8685/files/bamboo-duvet-cover-cuddle-pink-tuck-in-strip-detail.jpg?v=1786137069,https://cdn.shopify.com/s/files/1/0884/0278/8685/files/bamboo-duvet-cover-cuddle-pink-packaging.jpg?v=1786137069",in_stock,297.00 EUR,Boomba Bamboo,new,8720828225950,8720828225950,bamboo-duvet-cover-cuddle-pink-400tc,Cuddle Pink,140x220 cm,100% Bamboo (Tanboocel™)
8720618860019,Housse de couette en bambou « Cuddle Pink » 400TC,"Une housse de couette en bambou d'une douceur soyeuse, 400TC, dans une délicate teinte « Cuddle Pink » : respirante, hypoallergénique et disponible avec une fermeture à boutons en bambou ou une bande à rentrer sous le matelas.",https://www.maisondecocon.com/fr/products/bamboo-duvet-cover-cuddle-pink-400tc?variant_sku=8720618860019,https://cdn.shopify.com/s/files/1/0884/0278/8685/files/bamboo-duvet-cover-cuddle-pink-bedroom-lifestyle-3.jpg?v=1786137069,"https://cdn.shopify.com/s/files/1/0884/0278/8685/files/bamboo-duvet-cover-cuddle-pink-bamboo-button-detail.jpg?v=1786137069,https://cdn.shopify.com/s/files/1/0884/0278/8685/files/bamboo-duvet-cover-cuddle-pink-bedroom-lifestyle-2.jpg?v=1786137069,https://cdn.shopify.com/s/files/1/0884/0278/8685/files/bamboo-duvet-cover-cuddle-pink-fabric-detail.jpg?v=1786137069,https://cdn.shopify.com/s/files/1/0884/0278/8685/files/bamboo-duvet-cover-cuddle-pink-bedroom-lifestyle-1.jpg?v=1786137069,https://cdn.shopify.com/s/files/1/0884/0278/8685/files/bamboo-duvet-cover-cuddle-pink-tuck-in-strip-detail.jpg?v=1786137069,https://cdn.shopify.com/s/files/1/0884/0278/8685/files/bamboo-duvet-cover-cuddle-pink-packaging.jpg?v=1786137069",in_stock,258.00 EUR,Boomba Bamboo,new,8720618860019,8720618860019,bamboo-duvet-cover-cuddle-pink-400tc,Cuddle Pink,140x200 cm,100% Bamboo (Tanboocel™)
8720828225981,Housse de couette en bambou « Cuddle Pink » 400TC,"Une housse de couette en bambou d'une douceur soyeuse, 400TC, dans une délicate teinte « Cuddle Pink » : respirante, hypoallergénique et disponible avec une fermeture à boutons en bambou ou une bande à rentrer sous le matelas.",https://www.maisondecocon.com/fr/products/bamboo-duvet-cover-cuddle-pink-400tc?variant_sku=8720828225981,https://cdn.shopify.com/s/files/1/0884/0278/8685/files/bamboo-duvet-cover-cuddle-pink-bedroom-lifestyle-3.jpg?v=1786137069,"https://cdn.shopify.com/s/files/1/0884/0278/8685/files/bamboo-duvet-cover-cuddle-pink-bamboo-button-detail.jpg?v=1786137069,https://cdn.shopify.com/s/files/1/0884/0278/8685/files/bamboo-duvet-cover-cuddle-pink-bedroom-lifestyle-2.jpg?v=1786137069,https://cdn.shopify.com/s/files/1/0884/0278/8685/files/bamboo-duvet-cover-cuddle-pink-fabric-detail.jpg?v=1786137069,https://cdn.shopify.com/s/files/1/0884/0278/8685/files/bamboo-duvet-cover-cuddle-pink-bedroom-lifestyle-1.jpg?v=1786137069,https://cdn.shopify.com/s/files/1/0884/0278/8685/files/bamboo-duvet-cover-cuddle-pink-tuck-in-strip-detail.jpg?v=1786137069,https://cdn.shopify.com/s/files/1/0884/0278/8685/files/bamboo-duvet-cover-cuddle-pink-packaging.jpg?v=1786137069",in_stock,387.00 EUR,Boomba Bamboo,new,8720828225981,8720828225981,bamboo-duvet-cover-cuddle-pink-400tc,Cuddle Pink,240x220 cm,100% Bamboo (Tanboocel™)
8720828225998,Housse de couette en bambou « Cuddle Pink » 400TC,"Une housse de couette en bambou d'une douceur soyeuse, 400TC, dans une délicate teinte « Cuddle Pink » : respirante, hypoallergénique et disponible avec une fermeture à boutons en bambou ou une bande à rentrer sous le matelas.",https://www.maisondecocon.com/fr/products/bamboo-duvet-cover-cuddle-pink-400tc?variant_sku=8720828225998,https://cdn.shopify.com/s/files/1/0884/0278/8685/files/bamboo-duvet-cover-cuddle-pink-bedroom-lifestyle-3.jpg?v=1786137069,"https://cdn.shopify.com/s/files/1/0884/0278/8685/files/bamboo-duvet-cover-cuddle-pink-bamboo-button-detail.jpg?v=1786137069,https://cdn.shopify.com/s/files/1/0884/0278/8685/files/bamboo-duvet-cover-cuddle-pink-bedroom-lifestyle-2.jpg?v=1786137069,https://cdn.shopify.com/s/files/1/0884/0278/8685/files/bamboo-duvet-cover-cuddle-pink-fabric-detail.jpg?v=1786137069,https://cdn.shopify.com/s/files/1/0884/0278/8685/files/bamboo-duvet-cover-cuddle-pink-bedroom-lifestyle-1.jpg?v=1786137069,https://cdn.shopify.com/s/files/1/0884/0278/8685/files/bamboo-duvet-cover-cuddle-pink-tuck-in-strip-detail.jpg?v=1786137069,https://cdn.shopify.com/s/files/1/0884/0278/8685/files/bamboo-duvet-cover-cuddle-pink-packaging.jpg?v=1786137069",in_stock,420.00 EUR,Boomba Bamboo,new,8720828225998,8720828225998,bamboo-duvet-cover-cuddle-pink-400tc,Cuddle Pink,260x240/220 cm,100% Bamboo (Tanboocel™)
8720828225714,Housse de couette en bambou « Cuddle Pink » 400TC,"Une housse de couette en bambou d'une douceur soyeuse, 400TC, dans une délicate teinte « Cuddle Pink » : respirante, hypoallergénique et disponible avec une fermeture à boutons en bambou ou une bande à rentrer sous le matelas.",https://www.maisondecocon.com/fr/products/bamboo-duvet-cover-cuddle-pink-400tc?variant_sku=8720828225714,https://cdn.shopify.com/s/files/1/0884/0278/8685/files/bamboo-duvet-cover-cuddle-pink-bedroom-lifestyle-3.jpg?v=1786137069,"https://cdn.shopify.com/s/files/1/0884/0278/8685/files/bamboo-duvet-cover-cuddle-pink-bamboo-button-detail.jpg?v=1786137069,https://cdn.shopify.com/s/files/1/0884/0278/8685/files/bamboo-duvet-cover-cuddle-pink-bedroom-lifestyle-2.jpg?v=1786137069,https://cdn.shopify.com/s/files/1/0884/0278/8685/files/bamboo-duvet-cover-cuddle-pink-fabric-detail.jpg?v=1786137069,https://cdn.shopify.com/s/files/1/0884/0278/8685/files/bamboo-duvet-cover-cuddle-pink-bedroom-lifestyle-1.jpg?v=1786137069,https://cdn.shopify.com/s/files/1/0884/0278/8685/files/bamboo-duvet-cover-cuddle-pink-tuck-in-strip-detail.jpg?v=1786137069,https://cdn.shopify.com/s/files/1/0884/0278/8685/files/bamboo-duvet-cover-cuddle-pink-packaging.jpg?v=1786137069",in_stock,267.00 EUR,Boomba Bamboo,new,8720828225714,8720828225714,bamboo-duvet-cover-cuddle-pink-400tc,Cuddle Pink,140x220 cm,100% Bamboo (Tanboocel™)
8720618860057,Housse de couette en bambou « Cuddle Pink » 400TC,"Une housse de couette en bambou d'une douceur soyeuse, 400TC, dans une délicate teinte « Cuddle Pink » : respirante, hypoallergénique et disponible avec une fermeture à boutons en bambou ou une bande à rentrer sous le matelas.",https://www.maisondecocon.com/fr/products/bamboo-duvet-cover-cuddle-pink-400tc?variant_sku=8720618860057,https://cdn.shopify.com/s/files/1/0884/0278/8685/files/bamboo-duvet-cover-cuddle-pink-bedroom-lifestyle-3.jpg?v=1786137069,"https://cdn.shopify.com/s/files/1/0884/0278/8685/files/bamboo-duvet-cover-cuddle-pink-bamboo-button-detail.jpg?v=1786137069,https://cdn.shopify.com/s/files/1/0884/0278/8685/files/bamboo-duvet-cover-cuddle-pink-bedroom-lifestyle-2.jpg?v=1786137069,https://cdn.shopify.com/s/files/1/0884/0278/8685/files/bamboo-duvet-cover-cuddle-pink-fabric-detail.jpg?v=1786137069,https://cdn.shopify.com/s/files/1/0884/0278/8685/files/bamboo-duvet-cover-cuddle-pink-bedroom-lifestyle-1.jpg?v=1786137069,https://cdn.shopify.com/s/files/1/0884/0278/8685/files/bamboo-duvet-cover-cuddle-pink-tuck-in-strip-detail.jpg?v=1786137069,https://cdn.shopify.com/s/files/1/0884/0278/8685/files/bamboo-duvet-cover-cuddle-pink-packaging.jpg?v=1786137069",in_stock,402.00 EUR,Boomba Bamboo,new,8720618860057,8720618860057,bamboo-duvet-cover-cuddle-pink-400tc,Cuddle Pink,260x240/220 cm,100% Bamboo (Tanboocel™)
8720618860026,Housse de couette en bambou « Cuddle Pink » 400TC,"Une housse de couette en bambou d'une douceur soyeuse, 400TC, dans une délicate teinte « Cuddle Pink » : respirante, hypoallergénique et disponible avec une fermeture à boutons en bambou ou une bande à rentrer sous le matelas.",https://www.maisondecocon.com/fr/products/bamboo-duvet-cover-cuddle-pink-400tc?variant_sku=8720618860026,https://cdn.shopify.com/s/files/1/0884/0278/8685/files/bamboo-duvet-cover-cuddle-pink-bedroom-lifestyle-3.jpg?v=1786137069,"https://cdn.shopify.com/s/files/1/0884/0278/8685/files/bamboo-duvet-cover-cuddle-pink-bamboo-button-detail.jpg?v=1786137069,https://cdn.shopify.com/s/files/1/0884/0278/8685/files/bamboo-duvet-cover-cuddle-pink-bedroom-lifestyle-2.jpg?v=1786137069,https://cdn.shopify.com/s/files/1/0884/0278/8685/files/bamboo-duvet-cover-cuddle-pink-fabric-detail.jpg?v=1786137069,https://cdn.shopify.com/s/files/1/0884/0278/8685/files/bamboo-duvet-cover-cuddle-pink-bedroom-lifestyle-1.jpg?v=1786137069,https://cdn.shopify.com/s/files/1/0884/0278/8685/files/bamboo-duvet-cover-cuddle-pink-tuck-in-strip-detail.jpg?v=1786137069,https://cdn.shopify.com/s/files/1/0884/0278/8685/files/bamboo-duvet-cover-cuddle-pink-packaging.jpg?v=1786137069",in_stock,300.00 EUR,Boomba Bamboo,new,8720618860026,8720618860026,bamboo-duvet-cover-cuddle-pink-400tc,Cuddle Pink,200x200 cm,100% Bamboo (Tanboocel™)
8720828225967,Housse de couette en bambou « Cuddle Pink » 400TC,"Une housse de couette en bambou d'une douceur soyeuse, 400TC, dans une délicate teinte « Cuddle Pink » : respirante, hypoallergénique et disponible avec une fermeture à boutons en bambou ou une bande à rentrer sous le matelas.",https://www.maisondecocon.com/fr/products/bamboo-duvet-cover-cuddle-pink-400tc?variant_sku=8720828225967,https://cdn.shopify.com/s/files/1/0884/0278/8685/files/bamboo-duvet-cover-cuddle-pink-bedroom-lifestyle-3.jpg?v=1786137069,"https://cdn.shopify.com/s/files/1/0884/0278/8685/files/bamboo-duvet-cover-cuddle-pink-bamboo-button-detail.jpg?v=1786137069,https://cdn.shopify.com/s/files/1/0884/0278/8685/files/bamboo-duvet-cover-cuddle-pink-bedroom-lifestyle-2.jpg?v=1786137069,https://cdn.shopify.com/s/files/1/0884/0278/8685/files/bamboo-duvet-cover-cuddle-pink-fabric-detail.jpg?v=1786137069,https://cdn.shopify.com/s/files/1/0884/0278/8685/files/bamboo-duvet-cover-cuddle-pink-bedroom-lifestyle-1.jpg?v=1786137069,https://cdn.shopify.com/s/files/1/0884/0278/8685/files/bamboo-duvet-cover-cuddle-pink-tuck-in-strip-detail.jpg?v=1786137069,https://cdn.shopify.com/s/files/1/0884/0278/8685/files/bamboo-duvet-cover-cuddle-pink-packaging.jpg?v=1786137069",in_stock,318.00 EUR,Boomba Bamboo,new,8720828225967,8720828225967,bamboo-duvet-cover-cuddle-pink-400tc,Cuddle Pink,200x200 cm,100% Bamboo (Tanboocel™)
8720828225974,Housse de couette en bambou « Cuddle Pink » 400TC,"Une housse de couette en bambou d'une douceur soyeuse, 400TC, dans une délicate teinte « Cuddle Pink » : respirante, hypoallergénique et disponible avec une fermeture à boutons en bambou ou une bande à rentrer sous le matelas.",https://www.maisondecocon.com/fr/products/bamboo-duvet-cover-cuddle-pink-400tc?variant_sku=8720828225974,https://cdn.shopify.com/s/files/1/0884/0278/8685/files/bamboo-duvet-cover-cuddle-pink-bedroom-lifestyle-3.jpg?v=1786137069,"https://cdn.shopify.com/s/files/1/0884/0278/8685/files/bamboo-duvet-cover-cuddle-pink-bamboo-button-detail.jpg?v=1786137069,https://cdn.shopify.com/s/files/1/0884/0278/8685/files/bamboo-duvet-cover-cuddle-pink-bedroom-lifestyle-2.jpg?v=1786137069,https://cdn.shopify.com/s/files/1/0884/0278/8685/files/bamboo-duvet-cover-cuddle-pink-fabric-detail.jpg?v=1786137069,https://cdn.shopify.com/s/files/1/0884/0278/8685/files/bamboo-duvet-cover-cuddle-pink-bedroom-lifestyle-1.jpg?v=1786137069,https://cdn.shopify.com/s/files/1/0884/0278/8685/files/bamboo-duvet-cover-cuddle-pink-tuck-in-strip-detail.jpg?v=1786137069,https://cdn.shopify.com/s/files/1/0884/0278/8685/files/bamboo-duvet-cover-cuddle-pink-packaging.jpg?v=1786137069",in_stock,336.00 EUR,Boomba Bamboo,new,8720828225974,8720828225974,bamboo-duvet-cover-cuddle-pink-400tc,Cuddle Pink,200x220/210 cm,100% Bamboo (Tanboocel™)
8720828225943,Housse de couette en bambou « Cuddle Pink » 400TC,"Une housse de couette en bambou d'une douceur soyeuse, 400TC, dans une délicate teinte « Cuddle Pink » : respirante, hypoallergénique et disponible avec une fermeture à boutons en bambou ou une bande à rentrer sous le matelas.",https://www.maisondecocon.com/fr/products/bamboo-duvet-cover-cuddle-pink-400tc?variant_sku=8720828225943,https://cdn.shopify.com/s/files/1/0884/0278/8685/files/bamboo-duvet-cover-cuddle-pink-bedroom-lifestyle-3.jpg?v=1786137069,"https://cdn.shopify.com/s/files/1/0884/0278/8685/files/bamboo-duvet-cover-cuddle-pink-bamboo-button-detail.jpg?v=1786137069,https://cdn.shopify.com/s/files/1/0884/0278/8685/files/bamboo-duvet-cover-cuddle-pink-bedroom-lifestyle-2.jpg?v=1786137069,https://cdn.shopify.com/s/files/1/0884/0278/8685/files/bamboo-duvet-cover-cuddle-pink-fabric-detail.jpg?v=1786137069,https://cdn.shopify.com/s/files/1/0884/0278/8685/files/bamboo-duvet-cover-cuddle-pink-bedroom-lifestyle-1.jpg?v=1786137069,https://cdn.shopify.com/s/files/1/0884/0278/8685/files/bamboo-duvet-cover-cuddle-pink-tuck-in-strip-detail.jpg?v=1786137069,https://cdn.shopify.com/s/files/1/0884/0278/8685/files/bamboo-duvet-cover-cuddle-pink-packaging.jpg?v=1786137069",in_stock,282.00 EUR,Boomba Bamboo,new,8720828225943,8720828225943,bamboo-duvet-cover-cuddle-pink-400tc,Cuddle Pink,140x200 cm,100% Bamboo (Tanboocel™)
6154524493443,"Housse de couette en bambou, Coffee Brown, 400TC","Une housse de couette en bambou d'une douceur soyeuse, 400TC, dans une riche teinte « Coffee Brown » : respirante, hypoallergénique et disponible avec une fermeture à boutons en bambou ou une bande à rentrer sous le matelas.",https://www.maisondecocon.com/fr/products/bamboo-duvet-cover-coffee-brown-400tc?variant_sku=6154524493443,https://cdn.shopify.com/s/files/1/0884/0278/8685/files/bamboo-duvet-cover-coffee-brown-bedroom-lifestyle-1.jpg?v=1786173283,"https://cdn.shopify.com/s/files/1/0884/0278/8685/files/bamboo-duvet-cover-coffee-brown-fabric-detail-1.jpg?v=1786173283,https://cdn.shopify.com/s/files/1/0884/0278/8685/files/bamboo-duvet-cover-coffee-brown-bedroom-lifestyle-2.jpg?v=1786173283,https://cdn.shopify.com/s/files/1/0884/0278/8685/files/bamboo-duvet-cover-coffee-brown-fabric-detail-2.jpg?v=1786173283,https://cdn.shopify.com/s/files/1/0884/0278/8685/files/bamboo-duvet-cover-coffee-brown-bedroom-lifestyle-3.jpg?v=1786173283,https://cdn.shopify.com/s/files/1/0884/0278/8685/files/bamboo-duvet-cover-coffee-brown-bedroom-lifestyle-4.jpg?v=1786173283,https://cdn.shopify.com/s/files/1/0884/0278/8685/files/bamboo-duvet-cover-coffee-brown-bedroom-lifestyle-5.jpg?v=1786173283,https://cdn.shopify.com/s/files/1/0884/0278/8685/files/bamboo-duvet-cover-coffee-brown-bedroom-lifestyle-6.jpg?v=1786173283,https://cdn.shopify.com/s/files/1/0884/0278/8685/files/bamboo-duvet-cover-coffee-brown-packaging.jpg?v=1786173283",in_stock,369.00 EUR,Boomba Bamboo,new,6154524493443,6154524493443,bamboo-duvet-cover-coffee-brown-400tc,Coffee Brown,240x220 cm,100% Bamboo (Tanboocel™)
6154528330300,"Housse de couette en bambou, Coffee Brown, 400TC","Une housse de couette en bambou d'une douceur soyeuse, 400TC, dans une riche teinte « Coffee Brown » : respirante, hypoallergénique et disponible avec une fermeture à boutons en bambou ou une bande à rentrer sous le matelas.",https://www.maisondecocon.com/fr/products/bamboo-duvet-cover-coffee-brown-400tc?variant_sku=6154528330300,https://cdn.shopify.com/s/files/1/0884/0278/8685/files/bamboo-duvet-cover-coffee-brown-bedroom-lifestyle-1.jpg?v=1786173283,"https://cdn.shopify.com/s/files/1/0884/0278/8685/files/bamboo-duvet-cover-coffee-brown-fabric-detail-1.jpg?v=1786173283,https://cdn.shopify.com/s/files/1/0884/0278/8685/files/bamboo-duvet-cover-coffee-brown-bedroom-lifestyle-2.jpg?v=1786173283,https://cdn.shopify.com/s/files/1/0884/0278/8685/files/bamboo-duvet-cover-coffee-brown-fabric-detail-2.jpg?v=1786173283,https://cdn.shopify.com/s/files/1/0884/0278/8685/files/bamboo-duvet-cover-coffee-brown-bedroom-lifestyle-3.jpg?v=1786173283,https://cdn.shopify.com/s/files/1/0884/0278/8685/files/bamboo-duvet-cover-coffee-brown-bedroom-lifestyle-4.jpg?v=1786173283,https://cdn.shopify.com/s/files/1/0884/0278/8685/files/bamboo-duvet-cover-coffee-brown-bedroom-lifestyle-5.jpg?v=1786173283,https://cdn.shopify.com/s/files/1/0884/0278/8685/files/bamboo-duvet-cover-coffee-brown-bedroom-lifestyle-6.jpg?v=1786173283,https://cdn.shopify.com/s/files/1/0884/0278/8685/files/bamboo-duvet-cover-coffee-brown-packaging.jpg?v=1786173283",in_stock,387.00 EUR,Boomba Bamboo,new,6154528330300,6154528330300,bamboo-duvet-cover-coffee-brown-400tc,Coffee Brown,240x220 cm,100% Bamboo (Tanboocel™)
6154523922968,"Housse de couette en bambou, Coffee Brown, 400TC","Une housse de couette en bambou d'une douceur soyeuse, 400TC, dans une riche teinte « Coffee Brown » : respirante, hypoallergénique et disponible avec une fermeture à boutons en bambou ou une bande à rentrer sous le matelas.",https://www.maisondecocon.com/fr/products/bamboo-duvet-cover-coffee-brown-400tc?variant_sku=6154523922968,https://cdn.shopify.com/s/files/1/0884/0278/8685/files/bamboo-duvet-cover-coffee-brown-bedroom-lifestyle-1.jpg?v=1786173283,"https://cdn.shopify.com/s/files/1/0884/0278/8685/files/bamboo-duvet-cover-coffee-brown-fabric-detail-1.jpg?v=1786173283,https://cdn.shopify.com/s/files/1/0884/0278/8685/files/bamboo-duvet-cover-coffee-brown-bedroom-lifestyle-2.jpg?v=1786173283,https://cdn.shopify.com/s/files/1/0884/0278/8685/files/bamboo-duvet-cover-coffee-brown-fabric-detail-2.jpg?v=1786173283,https://cdn.shopify.com/s/files/1/0884/0278/8685/files/bamboo-duvet-cover-coffee-brown-bedroom-lifestyle-3.jpg?v=1786173283,https://cdn.shopify.com/s/files/1/0884/0278/8685/files/bamboo-duvet-cover-coffee-brown-bedroom-lifestyle-4.jpg?v=1786173283,https://cdn.shopify.com/s/files/1/0884/0278/8685/files/bamboo-duvet-cover-coffee-brown-bedroom-lifestyle-5.jpg?v=1786173283,https://cdn.shopify.com/s/files/1/0884/0278/8685/files/bamboo-duvet-cover-coffee-brown-bedroom-lifestyle-6.jpg?v=1786173283,https://cdn.shopify.com/s/files/1/0884/0278/8685/files/bamboo-duvet-cover-coffee-brown-packaging.jpg?v=1786173283",in_stock,258.00 EUR,Boomba Bamboo,new,6154523922968,6154523922968,bamboo-duvet-cover-coffee-brown-400tc,Coffee Brown,140x200 cm,100% Bamboo (Tanboocel™)
6154527839897,"Housse de couette en bambou, Coffee Brown, 400TC","Une housse de couette en bambou d'une douceur soyeuse, 400TC, dans une riche teinte « Coffee Brown » : respirante, hypoallergénique et disponible avec une fermeture à boutons en bambou ou une bande à rentrer sous le matelas.",https://www.maisondecocon.com/fr/products/bamboo-duvet-cover-coffee-brown-400tc?variant_sku=6154527839897,https://cdn.shopify.com/s/files/1/0884/0278/8685/files/bamboo-duvet-cover-coffee-brown-bedroom-lifestyle-1.jpg?v=1786173283,"https://cdn.shopify.com/s/files/1/0884/0278/8685/files/bamboo-duvet-cover-coffee-brown-fabric-detail-1.jpg?v=1786173283,https://cdn.shopify.com/s/files/1/0884/0278/8685/files/bamboo-duvet-cover-coffee-brown-bedroom-lifestyle-2.jpg?v=1786173283,https://cdn.shopify.com/s/files/1/0884/0278/8685/files/bamboo-duvet-cover-coffee-brown-fabric-detail-2.jpg?v=1786173283,https://cdn.shopify.com/s/files/1/0884/0278/8685/files/bamboo-duvet-cover-coffee-brown-bedroom-lifestyle-3.jpg?v=1786173283,https://cdn.shopify.com/s/files/1/0884/0278/8685/files/bamboo-duvet-cover-coffee-brown-bedroom-lifestyle-4.jpg?v=1786173283,https://cdn.shopify.com/s/files/1/0884/0278/8685/files/bamboo-duvet-cover-coffee-brown-bedroom-lifestyle-5.jpg?v=1786173283,https://cdn.shopify.com/s/files/1/0884/0278/8685/files/bamboo-duvet-cover-coffee-brown-bedroom-lifestyle-6.jpg?v=1786173283,https://cdn.shopify.com/s/files/1/0884/0278/8685/files/bamboo-duvet-cover-coffee-brown-packaging.jpg?v=1786173283",in_stock,336.00 EUR,Boomba Bamboo,new,6154527839897,6154527839897,bamboo-duvet-cover-coffee-brown-400tc,Coffee Brown,200x220/210 cm,100% Bamboo (Tanboocel™)
6154524176131,"Housse de couette en bambou, Coffee Brown, 400TC","Une housse de couette en bambou d'une douceur soyeuse, 400TC, dans une riche teinte « Coffee Brown » : respirante, hypoallergénique et disponible avec une fermeture à boutons en bambou ou une bande à rentrer sous le matelas.",https://www.maisondecocon.com/fr/products/bamboo-duvet-cover-coffee-brown-400tc?variant_sku=6154524176131,https://cdn.shopify.com/s/files/1/0884/0278/8685/files/bamboo-duvet-cover-coffee-brown-bedroom-lifestyle-1.jpg?v=1786173283,"https://cdn.shopify.com/s/files/1/0884/0278/8685/files/bamboo-duvet-cover-coffee-brown-fabric-detail-1.jpg?v=1786173283,https://cdn.shopify.com/s/files/1/0884/0278/8685/files/bamboo-duvet-cover-coffee-brown-bedroom-lifestyle-2.jpg?v=1786173283,https://cdn.shopify.com/s/files/1/0884/0278/8685/files/bamboo-duvet-cover-coffee-brown-fabric-detail-2.jpg?v=1786173283,https://cdn.shopify.com/s/files/1/0884/0278/8685/files/bamboo-duvet-cover-coffee-brown-bedroom-lifestyle-3.jpg?v=1786173283,https://cdn.shopify.com/s/files/1/0884/0278/8685/files/bamboo-duvet-cover-coffee-brown-bedroom-lifestyle-4.jpg?v=1786173283,https://cdn.shopify.com/s/files/1/0884/0278/8685/files/bamboo-duvet-cover-coffee-brown-bedroom-lifestyle-5.jpg?v=1786173283,https://cdn.shopify.com/s/files/1/0884/0278/8685/files/bamboo-duvet-cover-coffee-brown-bedroom-lifestyle-6.jpg?v=1786173283,https://cdn.shopify.com/s/files/1/0884/0278/8685/files/bamboo-duvet-cover-coffee-brown-packaging.jpg?v=1786173283",in_stock,300.00 EUR,Boomba Bamboo,new,6154524176131,6154524176131,bamboo-duvet-cover-coffee-brown-400tc,Coffee Brown,200x200 cm,100% Bamboo (Tanboocel™)
6154525616674,"Housse de couette en bambou, Coffee Brown, 400TC","Une housse de couette en bambou d'une douceur soyeuse, 400TC, dans une riche teinte « Coffee Brown » : respirante, hypoallergénique et disponible avec une fermeture à boutons en bambou ou une bande à rentrer sous le matelas.",https://www.maisondecocon.com/fr/products/bamboo-duvet-cover-coffee-brown-400tc?variant_sku=6154525616674,https://cdn.shopify.com/s/files/1/0884/0278/8685/files/bamboo-duvet-cover-coffee-brown-bedroom-lifestyle-1.jpg?v=1786173283,"https://cdn.shopify.com/s/files/1/0884/0278/8685/files/bamboo-duvet-cover-coffee-brown-fabric-detail-1.jpg?v=1786173283,https://cdn.shopify.com/s/files/1/0884/0278/8685/files/bamboo-duvet-cover-coffee-brown-bedroom-lifestyle-2.jpg?v=1786173283,https://cdn.shopify.com/s/files/1/0884/0278/8685/files/bamboo-duvet-cover-coffee-brown-fabric-detail-2.jpg?v=1786173283,https://cdn.shopify.com/s/files/1/0884/0278/8685/files/bamboo-duvet-cover-coffee-brown-bedroom-lifestyle-3.jpg?v=1786173283,https://cdn.shopify.com/s/files/1/0884/0278/8685/files/bamboo-duvet-cover-coffee-brown-bedroom-lifestyle-4.jpg?v=1786173283,https://cdn.shopify.com/s/files/1/0884/0278/8685/files/bamboo-duvet-cover-coffee-brown-bedroom-lifestyle-5.jpg?v=1786173283,https://cdn.shopify.com/s/files/1/0884/0278/8685/files/bamboo-duvet-cover-coffee-brown-bedroom-lifestyle-6.jpg?v=1786173283,https://cdn.shopify.com/s/files/1/0884/0278/8685/files/bamboo-duvet-cover-coffee-brown-packaging.jpg?v=1786173283",in_stock,282.00 EUR,Boomba Bamboo,new,6154525616674,6154525616674,bamboo-duvet-cover-coffee-brown-400tc,Coffee Brown,140x200 cm,100% Bamboo (Tanboocel™)
6154524942958,"Housse de couette en bambou, Coffee Brown, 400TC","Une housse de couette en bambou d'une douceur soyeuse, 400TC, dans une riche teinte « Coffee Brown » : respirante, hypoallergénique et disponible avec une fermeture à boutons en bambou ou une bande à rentrer sous le matelas.",https://www.maisondecocon.com/fr/products/bamboo-duvet-cover-coffee-brown-400tc?variant_sku=6154524942958,https://cdn.shopify.com/s/files/1/0884/0278/8685/files/bamboo-duvet-cover-coffee-brown-bedroom-lifestyle-1.jpg?v=1786173283,"https://cdn.shopify.com/s/files/1/0884/0278/8685/files/bamboo-duvet-cover-coffee-brown-fabric-detail-1.jpg?v=1786173283,https://cdn.shopify.com/s/files/1/0884/0278/8685/files/bamboo-duvet-cover-coffee-brown-bedroom-lifestyle-2.jpg?v=1786173283,https://cdn.shopify.com/s/files/1/0884/0278/8685/files/bamboo-duvet-cover-coffee-brown-fabric-detail-2.jpg?v=1786173283,https://cdn.shopify.com/s/files/1/0884/0278/8685/files/bamboo-duvet-cover-coffee-brown-bedroom-lifestyle-3.jpg?v=1786173283,https://cdn.shopify.com/s/files/1/0884/0278/8685/files/bamboo-duvet-cover-coffee-brown-bedroom-lifestyle-4.jpg?v=1786173283,https://cdn.shopify.com/s/files/1/0884/0278/8685/files/bamboo-duvet-cover-coffee-brown-bedroom-lifestyle-5.jpg?v=1786173283,https://cdn.shopify.com/s/files/1/0884/0278/8685/files/bamboo-duvet-cover-coffee-brown-bedroom-lifestyle-6.jpg?v=1786173283,https://cdn.shopify.com/s/files/1/0884/0278/8685/files/bamboo-duvet-cover-coffee-brown-packaging.jpg?v=1786173283",in_stock,402.00 EUR,Boomba Bamboo,new,6154524942958,6154524942958,bamboo-duvet-cover-coffee-brown-400tc,Coffee Brown,260x240/220 cm,100% Bamboo (Tanboocel™)
6154526759790,"Housse de couette en bambou, Coffee Brown, 400TC","Une housse de couette en bambou d'une douceur soyeuse, 400TC, dans une riche teinte « Coffee Brown » : respirante, hypoallergénique et disponible avec une fermeture à boutons en bambou ou une bande à rentrer sous le matelas.",https://www.maisondecocon.com/fr/products/bamboo-duvet-cover-coffee-brown-400tc?variant_sku=6154526759790,https://cdn.shopify.com/s/files/1/0884/0278/8685/files/bamboo-duvet-cover-coffee-brown-bedroom-lifestyle-1.jpg?v=1786173283,"https://cdn.shopify.com/s/files/1/0884/0278/8685/files/bamboo-duvet-cover-coffee-brown-fabric-detail-1.jpg?v=1786173283,https://cdn.shopify.com/s/files/1/0884/0278/8685/files/bamboo-duvet-cover-coffee-brown-bedroom-lifestyle-2.jpg?v=1786173283,https://cdn.shopify.com/s/files/1/0884/0278/8685/files/bamboo-duvet-cover-coffee-brown-fabric-detail-2.jpg?v=1786173283,https://cdn.shopify.com/s/files/1/0884/0278/8685/files/bamboo-duvet-cover-coffee-brown-bedroom-lifestyle-3.jpg?v=1786173283,https://cdn.shopify.com/s/files/1/0884/0278/8685/files/bamboo-duvet-cover-coffee-brown-bedroom-lifestyle-4.jpg?v=1786173283,https://cdn.shopify.com/s/files/1/0884/0278/8685/files/bamboo-duvet-cover-coffee-brown-bedroom-lifestyle-5.jpg?v=1786173283,https://cdn.shopify.com/s/files/1/0884/0278/8685/files/bamboo-duvet-cover-coffee-brown-bedroom-lifestyle-6.jpg?v=1786173283,https://cdn.shopify.com/s/files/1/0884/0278/8685/files/bamboo-duvet-cover-coffee-brown-packaging.jpg?v=1786173283",in_stock,318.00 EUR,Boomba Bamboo,new,6154526759790,6154526759790,bamboo-duvet-cover-coffee-brown-400tc,Coffee Brown,200x200 cm,100% Bamboo (Tanboocel™)
6154524268232,"Housse de couette en bambou, Coffee Brown, 400TC","Une housse de couette en bambou d'une douceur soyeuse, 400TC, dans une riche teinte « Coffee Brown » : respirante, hypoallergénique et disponible avec une fermeture à boutons en bambou ou une bande à rentrer sous le matelas.",https://www.maisondecocon.com/fr/products/bamboo-duvet-cover-coffee-brown-400tc?variant_sku=6154524268232,https://cdn.shopify.com/s/files/1/0884/0278/8685/files/bamboo-duvet-cover-coffee-brown-bedroom-lifestyle-1.jpg?v=1786173283,"https://cdn.shopify.com/s/files/1/0884/0278/8685/files/bamboo-duvet-cover-coffee-brown-fabric-detail-1.jpg?v=1786173283,https://cdn.shopify.com/s/files/1/0884/0278/8685/files/bamboo-duvet-cover-coffee-brown-bedroom-lifestyle-2.jpg?v=1786173283,https://cdn.shopify.com/s/files/1/0884/0278/8685/files/bamboo-duvet-cover-coffee-brown-fabric-detail-2.jpg?v=1786173283,https://cdn.shopify.com/s/files/1/0884/0278/8685/files/bamboo-duvet-cover-coffee-brown-bedroom-lifestyle-3.jpg?v=1786173283,https://cdn.shopify.com/s/files/1/0884/0278/8685/files/bamboo-duvet-cover-coffee-brown-bedroom-lifestyle-4.jpg?v=1786173283,https://cdn.shopify.com/s/files/1/0884/0278/8685/files/bamboo-duvet-cover-coffee-brown-bedroom-lifestyle-5.jpg?v=1786173283,https://cdn.shopify.com/s/files/1/0884/0278/8685/files/bamboo-duvet-cover-coffee-brown-bedroom-lifestyle-6.jpg?v=1786173283,https://cdn.shopify.com/s/files/1/0884/0278/8685/files/bamboo-duvet-cover-coffee-brown-packaging.jpg?v=1786173283",in_stock,318.00 EUR,Boomba Bamboo,new,6154524268232,6154524268232,bamboo-duvet-cover-coffee-brown-400tc,Coffee Brown,200x220/210 cm,100% Bamboo (Tanboocel™)
6154524020052,"Housse de couette en bambou, Coffee Brown, 400TC","Une housse de couette en bambou d'une douceur soyeuse, 400TC, dans une riche teinte « Coffee Brown » : respirante, hypoallergénique et disponible avec une fermeture à boutons en bambou ou une bande à rentrer sous le matelas.",https://www.maisondecocon.com/fr/products/bamboo-duvet-cover-coffee-brown-400tc?variant_sku=6154524020052,https://cdn.shopify.com/s/files/1/0884/0278/8685/files/bamboo-duvet-cover-coffee-brown-bedroom-lifestyle-1.jpg?v=1786173283,"https://cdn.shopify.com/s/files/1/0884/0278/8685/files/bamboo-duvet-cover-coffee-brown-fabric-detail-1.jpg?v=1786173283,https://cdn.shopify.com/s/files/1/0884/0278/8685/files/bamboo-duvet-cover-coffee-brown-bedroom-lifestyle-2.jpg?v=1786173283,https://cdn.shopify.com/s/files/1/0884/0278/8685/files/bamboo-duvet-cover-coffee-brown-fabric-detail-2.jpg?v=1786173283,https://cdn.shopify.com/s/files/1/0884/0278/8685/files/bamboo-duvet-cover-coffee-brown-bedroom-lifestyle-3.jpg?v=1786173283,https://cdn.shopify.com/s/files/1/0884/0278/8685/files/bamboo-duvet-cover-coffee-brown-bedroom-lifestyle-4.jpg?v=1786173283,https://cdn.shopify.com/s/files/1/0884/0278/8685/files/bamboo-duvet-cover-coffee-brown-bedroom-lifestyle-5.jpg?v=1786173283,https://cdn.shopify.com/s/files/1/0884/0278/8685/files/bamboo-duvet-cover-coffee-brown-bedroom-lifestyle-6.jpg?v=1786173283,https://cdn.shopify.com/s/files/1/0884/0278/8685/files/bamboo-duvet-cover-coffee-brown-packaging.jpg?v=1786173283",in_stock,267.00 EUR,Boomba Bamboo,new,6154524020052,6154524020052,bamboo-duvet-cover-coffee-brown-400tc,Coffee Brown,140x220 cm,100% Bamboo (Tanboocel™)
6154528590551,"Housse de couette en bambou, Coffee Brown, 400TC","Une housse de couette en bambou d'une douceur soyeuse, 400TC, dans une riche teinte « Coffee Brown » : respirante, hypoallergénique et disponible avec une fermeture à boutons en bambou ou une bande à rentrer sous le matelas.",https://www.maisondecocon.com/fr/products/bamboo-duvet-cover-coffee-brown-400tc?variant_sku=6154528590551,https://cdn.shopify.com/s/files/1/0884/0278/8685/files/bamboo-duvet-cover-coffee-brown-bedroom-lifestyle-1.jpg?v=1786173283,"https://cdn.shopify.com/s/files/1/0884/0278/8685/files/bamboo-duvet-cover-coffee-brown-fabric-detail-1.jpg?v=1786173283,https://cdn.shopify.com/s/files/1/0884/0278/8685/files/bamboo-duvet-cover-coffee-brown-bedroom-lifestyle-2.jpg?v=1786173283,https://cdn.shopify.com/s/files/1/0884/0278/8685/files/bamboo-duvet-cover-coffee-brown-fabric-detail-2.jpg?v=1786173283,https://cdn.shopify.com/s/files/1/0884/0278/8685/files/bamboo-duvet-cover-coffee-brown-bedroom-lifestyle-3.jpg?v=1786173283,https://cdn.shopify.com/s/files/1/0884/0278/8685/files/bamboo-duvet-cover-coffee-brown-bedroom-lifestyle-4.jpg?v=1786173283,https://cdn.shopify.com/s/files/1/0884/0278/8685/files/bamboo-duvet-cover-coffee-brown-bedroom-lifestyle-5.jpg?v=1786173283,https://cdn.shopify.com/s/files/1/0884/0278/8685/files/bamboo-duvet-cover-coffee-brown-bedroom-lifestyle-6.jpg?v=1786173283,https://cdn.shopify.com/s/files/1/0884/0278/8685/files/bamboo-duvet-cover-coffee-brown-packaging.jpg?v=1786173283",in_stock,420.00 EUR,Boomba Bamboo,new,6154528590551,6154528590551,bamboo-duvet-cover-coffee-brown-400tc,Coffee Brown,260x240/220 cm,100% Bamboo (Tanboocel™)
6154526598511,"Housse de couette en bambou, Coffee Brown, 400TC","Une housse de couette en bambou d'une douceur soyeuse, 400TC, dans une riche teinte « Coffee Brown » : respirante, hypoallergénique et disponible avec une fermeture à boutons en bambou ou une bande à rentrer sous le matelas.",https://www.maisondecocon.com/fr/products/bamboo-duvet-cover-coffee-brown-400tc?variant_sku=6154526598511,https://cdn.shopify.com/s/files/1/0884/0278/8685/files/bamboo-duvet-cover-coffee-brown-bedroom-lifestyle-1.jpg?v=1786173283,"https://cdn.shopify.com/s/files/1/0884/0278/8685/files/bamboo-duvet-cover-coffee-brown-fabric-detail-1.jpg?v=1786173283,https://cdn.shopify.com/s/files/1/0884/0278/8685/files/bamboo-duvet-cover-coffee-brown-bedroom-lifestyle-2.jpg?v=1786173283,https://cdn.shopify.com/s/files/1/0884/0278/8685/files/bamboo-duvet-cover-coffee-brown-fabric-detail-2.jpg?v=1786173283,https://cdn.shopify.com/s/files/1/0884/0278/8685/files/bamboo-duvet-cover-coffee-brown-bedroom-lifestyle-3.jpg?v=1786173283,https://cdn.shopify.com/s/files/1/0884/0278/8685/files/bamboo-duvet-cover-coffee-brown-bedroom-lifestyle-4.jpg?v=1786173283,https://cdn.shopify.com/s/files/1/0884/0278/8685/files/bamboo-duvet-cover-coffee-brown-bedroom-lifestyle-5.jpg?v=1786173283,https://cdn.shopify.com/s/files/1/0884/0278/8685/files/bamboo-duvet-cover-coffee-brown-bedroom-lifestyle-6.jpg?v=1786173283,https://cdn.shopify.com/s/files/1/0884/0278/8685/files/bamboo-duvet-cover-coffee-brown-packaging.jpg?v=1786173283",in_stock,297.00 EUR,Boomba Bamboo,new,6154526598511,6154526598511,bamboo-duvet-cover-coffee-brown-400tc,Coffee Brown,140x220 cm,100% Bamboo (Tanboocel™)
6154523589574,"Taies d'oreiller en bambou, Coffee Brown, 400TC – Lot de 2","Apportez une touche chaleureuse et douillette à votre chambre à coucher grâce à ces taies d'oreiller en bambou 400TC au riche coloris « Coffee Brown » : soyeuses, hypoallergéniques et respectueuses de la peau et des cheveux.",https://www.maisondecocon.com/fr/products/bamboo-pillowcases-coffee-brown-400tc?variant_sku=6154523589574,https://cdn.shopify.com/s/files/1/0884/0278/8685/files/bamboo-pillowcases-coffee-brown-bedroom-lifestyle.jpg?v=1786130014,"https://cdn.shopify.com/s/files/1/0884/0278/8685/files/bamboo-pillowcases-coffee-brown-fabric-drape.jpg?v=1786130036,https://cdn.shopify.com/s/files/1/0884/0278/8685/files/bamboo-pillowcases-coffee-brown-bed-styled.jpg?v=1786130045,https://cdn.shopify.com/s/files/1/0884/0278/8685/files/bamboo-pillowcases-coffee-brown-bed-wide.jpg?v=1786130077,https://cdn.shopify.com/s/files/1/0884/0278/8685/files/bamboo-pillowcases-coffee-brown-pair-flat-lay.jpg?v=1786130143,https://cdn.shopify.com/s/files/1/0884/0278/8685/files/bamboo-pillowcases-coffee-brown-packaging.jpg?v=1786130153",in_stock,90.00 EUR,Boomba Bamboo,new,6154523589574,6154523589574,bamboo-pillowcases-coffee-brown-400tc,Coffee Brown,40x80 cm,100% Bamboo (Tanboocel™)
6154523886840,"Taies d'oreiller en bambou, Coffee Brown, 400TC – Lot de 2","Apportez une touche chaleureuse et douillette à votre chambre à coucher grâce à ces taies d'oreiller en bambou 400TC au riche coloris « Coffee Brown » : soyeuses, hypoallergéniques et respectueuses de la peau et des cheveux.",https://www.maisondecocon.com/fr/products/bamboo-pillowcases-coffee-brown-400tc?variant_sku=6154523886840,https://cdn.shopify.com/s/files/1/0884/0278/8685/files/bamboo-pillowcases-coffee-brown-bedroom-lifestyle.jpg?v=1786130014,"https://cdn.shopify.com/s/files/1/0884/0278/8685/files/bamboo-pillowcases-coffee-brown-fabric-drape.jpg?v=1786130036,https://cdn.shopify.com/s/files/1/0884/0278/8685/files/bamboo-pillowcases-coffee-brown-bed-styled.jpg?v=1786130045,https://cdn.shopify.com/s/files/1/0884/0278/8685/files/bamboo-pillowcases-coffee-brown-bed-wide.jpg?v=1786130077,https://cdn.shopify.com/s/files/1/0884/0278/8685/files/bamboo-pillowcases-coffee-brown-pair-flat-lay.jpg?v=1786130143,https://cdn.shopify.com/s/files/1/0884/0278/8685/files/bamboo-pillowcases-coffee-brown-packaging.jpg?v=1786130153",in_stock,99.00 EUR,Boomba Bamboo,new,6154523886840,6154523886840,bamboo-pillowcases-coffee-brown-400tc,Coffee Brown,60x70 cm,100% Bamboo (Tanboocel™)
6154523652667,"Taies d'oreiller en bambou, Coffee Brown, 400TC – Lot de 2","Apportez une touche chaleureuse et douillette à votre chambre à coucher grâce à ces taies d'oreiller en bambou 400TC au riche coloris « Coffee Brown » : soyeuses, hypoallergéniques et respectueuses de la peau et des cheveux.",https://www.maisondecocon.com/fr/products/bamboo-pillowcases-coffee-brown-400tc?variant_sku=6154523652667,https://cdn.shopify.com/s/files/1/0884/0278/8685/files/bamboo-pillowcases-coffee-brown-bedroom-lifestyle.jpg?v=1786130014,"https://cdn.shopify.com/s/files/1/0884/0278/8685/files/bamboo-pillowcases-coffee-brown-fabric-drape.jpg?v=1786130036,https://cdn.shopify.com/s/files/1/0884/0278/8685/files/bamboo-pillowcases-coffee-brown-bed-styled.jpg?v=1786130045,https://cdn.shopify.com/s/files/1/0884/0278/8685/files/bamboo-pillowcases-coffee-brown-bed-wide.jpg?v=1786130077,https://cdn.shopify.com/s/files/1/0884/0278/8685/files/bamboo-pillowcases-coffee-brown-pair-flat-lay.jpg?v=1786130143,https://cdn.shopify.com/s/files/1/0884/0278/8685/files/bamboo-pillowcases-coffee-brown-packaging.jpg?v=1786130153",in_stock,93.00 EUR,Boomba Bamboo,new,6154523652667,6154523652667,bamboo-pillowcases-coffee-brown-400tc,Coffee Brown,50x75 cm,100% Bamboo (Tanboocel™)
8720648154911,"Drap-housse en bambou pour surmatelas, Space Blue, 400TC","Un drap-housse haut de gamme 100 % bambou, adapté aux surmatelas d'une épaisseur maximale de 10 cm, disponible en Space Blue. Confectionné dans un tissu Tanboocel™ 400TC, d'une douceur soyeuse, respirant et thermorégulateur, il vous garantit des nuits fraîches tout au long de l'année.",https://www.maisondecocon.com/fr/products/bamboo-fitted-sheet-for-mattress-topper-space-blue-400tc?variant_sku=8720648154911,https://cdn.shopify.com/s/files/1/0884/0278/8685/files/bamboo-fitted-sheet-mattress-topper-space-blue-corner-fit.jpg?v=1786182719,"https://cdn.shopify.com/s/files/1/0884/0278/8685/files/bamboo-fitted-sheet-mattress-topper-space-blue-corner-loose.jpg?v=1786182117,https://cdn.shopify.com/s/files/1/0884/0278/8685/files/bamboo-fitted-sheet-mattress-topper-space-blue-fabric-drape-1.jpg?v=1786182117,https://cdn.shopify.com/s/files/1/0884/0278/8685/files/bamboo-fitted-sheet-mattress-topper-space-blue-fabric-drape-2.jpg?v=1786182117,https://cdn.shopify.com/s/files/1/0884/0278/8685/files/bamboo-fitted-sheet-mattress-topper-space-blue-fabric-drape-3.jpg?v=1786182117,https://cdn.shopify.com/s/files/1/0884/0278/8685/files/bamboo-fitted-sheet-mattress-topper-space-blue-packaging.jpg?v=1786182117",in_stock,159.00 EUR,Boomba Bamboo,new,8720648154911,8720648154911,bamboo-fitted-sheet-for-mattress-topper-space-blue-400tc,Space Blue,180x210 cm,100% Bamboo (Tanboocel™)
8720648154942,"Drap-housse en bambou pour surmatelas, Space Blue, 400TC","Un drap-housse haut de gamme 100 % bambou, adapté aux surmatelas d'une épaisseur maximale de 10 cm, disponible en Space Blue. Confectionné dans un tissu Tanboocel™ 400TC, d'une douceur soyeuse, respirant et thermorégulateur, il vous garantit des nuits fraîches tout au long de l'année.",https://www.maisondecocon.com/fr/products/bamboo-fitted-sheet-for-mattress-topper-space-blue-400tc?variant_sku=8720648154942,https://cdn.shopify.com/s/files/1/0884/0278/8685/files/bamboo-fitted-sheet-mattress-topper-space-blue-corner-fit.jpg?v=1786182719,"https://cdn.shopify.com/s/files/1/0884/0278/8685/files/bamboo-fitted-sheet-mattress-topper-space-blue-corner-loose.jpg?v=1786182117,https://cdn.shopify.com/s/files/1/0884/0278/8685/files/bamboo-fitted-sheet-mattress-topper-space-blue-fabric-drape-1.jpg?v=1786182117,https://cdn.shopify.com/s/files/1/0884/0278/8685/files/bamboo-fitted-sheet-mattress-topper-space-blue-fabric-drape-2.jpg?v=1786182117,https://cdn.shopify.com/s/files/1/0884/0278/8685/files/bamboo-fitted-sheet-mattress-topper-space-blue-fabric-drape-3.jpg?v=1786182117,https://cdn.shopify.com/s/files/1/0884/0278/8685/files/bamboo-fitted-sheet-mattress-topper-space-blue-packaging.jpg?v=1786182117",in_stock,174.00 EUR,Boomba Bamboo,new,8720648154942,8720648154942,bamboo-fitted-sheet-for-mattress-topper-space-blue-400tc,Space Blue,200x210 cm,100% Bamboo (Tanboocel™)
8720648154881,"Drap-housse en bambou pour surmatelas, Space Blue, 400TC","Un drap-housse haut de gamme 100 % bambou, adapté aux surmatelas d'une épaisseur maximale de 10 cm, disponible en Space Blue. Confectionné dans un tissu Tanboocel™ 400TC, d'une douceur soyeuse, respirant et thermorégulateur, il vous garantit des nuits fraîches tout au long de l'année.",https://www.maisondecocon.com/fr/products/bamboo-fitted-sheet-for-mattress-topper-space-blue-400tc?variant_sku=8720648154881,https://cdn.shopify.com/s/files/1/0884/0278/8685/files/bamboo-fitted-sheet-mattress-topper-space-blue-corner-fit.jpg?v=1786182719,"https://cdn.shopify.com/s/files/1/0884/0278/8685/files/bamboo-fitted-sheet-mattress-topper-space-blue-corner-loose.jpg?v=1786182117,https://cdn.shopify.com/s/files/1/0884/0278/8685/files/bamboo-fitted-sheet-mattress-topper-space-blue-fabric-drape-1.jpg?v=1786182117,https://cdn.shopify.com/s/files/1/0884/0278/8685/files/bamboo-fitted-sheet-mattress-topper-space-blue-fabric-drape-2.jpg?v=1786182117,https://cdn.shopify.com/s/files/1/0884/0278/8685/files/bamboo-fitted-sheet-mattress-topper-space-blue-fabric-drape-3.jpg?v=1786182117,https://cdn.shopify.com/s/files/1/0884/0278/8685/files/bamboo-fitted-sheet-mattress-topper-space-blue-packaging.jpg?v=1786182117",in_stock,144.00 EUR,Boomba Bamboo,new,8720648154881,8720648154881,bamboo-fitted-sheet-for-mattress-topper-space-blue-400tc,Space Blue,140x200 cm,100% Bamboo (Tanboocel™)
8720648154959,"Drap-housse en bambou pour surmatelas, Space Blue, 400TC","Un drap-housse haut de gamme 100 % bambou, adapté aux surmatelas d'une épaisseur maximale de 10 cm, disponible en Space Blue. Confectionné dans un tissu Tanboocel™ 400TC, d'une douceur soyeuse, respirant et thermorégulateur, il vous garantit des nuits fraîches tout au long de l'année.",https://www.maisondecocon.com/fr/products/bamboo-fitted-sheet-for-mattress-topper-space-blue-400tc?variant_sku=8720648154959,https://cdn.shopify.com/s/files/1/0884/0278/8685/files/bamboo-fitted-sheet-mattress-topper-space-blue-corner-fit.jpg?v=1786182719,"https://cdn.shopify.com/s/files/1/0884/0278/8685/files/bamboo-fitted-sheet-mattress-topper-space-blue-corner-loose.jpg?v=1786182117,https://cdn.shopify.com/s/files/1/0884/0278/8685/files/bamboo-fitted-sheet-mattress-topper-space-blue-fabric-drape-1.jpg?v=1786182117,https://cdn.shopify.com/s/files/1/0884/0278/8685/files/bamboo-fitted-sheet-mattress-topper-space-blue-fabric-drape-2.jpg?v=1786182117,https://cdn.shopify.com/s/files/1/0884/0278/8685/files/bamboo-fitted-sheet-mattress-topper-space-blue-fabric-drape-3.jpg?v=1786182117,https://cdn.shopify.com/s/files/1/0884/0278/8685/files/bamboo-fitted-sheet-mattress-topper-space-blue-packaging.jpg?v=1786182117",in_stock,180.00 EUR,Boomba Bamboo,new,8720648154959,8720648154959,bamboo-fitted-sheet-for-mattress-topper-space-blue-400tc,Space Blue,200x220/210 cm,100% Bamboo (Tanboocel™)
8720648154898,"Drap-housse en bambou pour surmatelas, Space Blue, 400TC","Un drap-housse haut de gamme 100 % bambou, adapté aux surmatelas d'une épaisseur maximale de 10 cm, disponible en Space Blue. Confectionné dans un tissu Tanboocel™ 400TC, d'une douceur soyeuse, respirant et thermorégulateur, il vous garantit des nuits fraîches tout au long de l'année.",https://www.maisondecocon.com/fr/products/bamboo-fitted-sheet-for-mattress-topper-space-blue-400tc?variant_sku=8720648154898,https://cdn.shopify.com/s/files/1/0884/0278/8685/files/bamboo-fitted-sheet-mattress-topper-space-blue-corner-fit.jpg?v=1786182719,"https://cdn.shopify.com/s/files/1/0884/0278/8685/files/bamboo-fitted-sheet-mattress-topper-space-blue-corner-loose.jpg?v=1786182117,https://cdn.shopify.com/s/files/1/0884/0278/8685/files/bamboo-fitted-sheet-mattress-topper-space-blue-fabric-drape-1.jpg?v=1786182117,https://cdn.shopify.com/s/files/1/0884/0278/8685/files/bamboo-fitted-sheet-mattress-topper-space-blue-fabric-drape-2.jpg?v=1786182117,https://cdn.shopify.com/s/files/1/0884/0278/8685/files/bamboo-fitted-sheet-mattress-topper-space-blue-fabric-drape-3.jpg?v=1786182117,https://cdn.shopify.com/s/files/1/0884/0278/8685/files/bamboo-fitted-sheet-mattress-topper-space-blue-packaging.jpg?v=1786182117",in_stock,147.00 EUR,Boomba Bamboo,new,8720648154898,8720648154898,bamboo-fitted-sheet-for-mattress-topper-space-blue-400tc,Space Blue,160x200 cm,100% Bamboo (Tanboocel™)
8720648154904,"Drap-housse en bambou pour surmatelas, Space Blue, 400TC","Un drap-housse haut de gamme 100 % bambou, adapté aux surmatelas d'une épaisseur maximale de 10 cm, disponible en Space Blue. Confectionné dans un tissu Tanboocel™ 400TC, d'une douceur soyeuse, respirant et thermorégulateur, il vous garantit des nuits fraîches tout au long de l'année.",https://www.maisondecocon.com/fr/products/bamboo-fitted-sheet-for-mattress-topper-space-blue-400tc?variant_sku=8720648154904,https://cdn.shopify.com/s/files/1/0884/0278/8685/files/bamboo-fitted-sheet-mattress-topper-space-blue-corner-fit.jpg?v=1786182719,"https://cdn.shopify.com/s/files/1/0884/0278/8685/files/bamboo-fitted-sheet-mattress-topper-space-blue-corner-loose.jpg?v=1786182117,https://cdn.shopify.com/s/files/1/0884/0278/8685/files/bamboo-fitted-sheet-mattress-topper-space-blue-fabric-drape-1.jpg?v=1786182117,https://cdn.shopify.com/s/files/1/0884/0278/8685/files/bamboo-fitted-sheet-mattress-topper-space-blue-fabric-drape-2.jpg?v=1786182117,https://cdn.shopify.com/s/files/1/0884/0278/8685/files/bamboo-fitted-sheet-mattress-topper-space-blue-fabric-drape-3.jpg?v=1786182117,https://cdn.shopify.com/s/files/1/0884/0278/8685/files/bamboo-fitted-sheet-mattress-topper-space-blue-packaging.jpg?v=1786182117",in_stock,156.00 EUR,Boomba Bamboo,new,8720648154904,8720648154904,bamboo-fitted-sheet-for-mattress-topper-space-blue-400tc,Space Blue,180x200 cm,100% Bamboo (Tanboocel™)
8720648154935,"Drap-housse en bambou pour surmatelas, Space Blue, 400TC","Un drap-housse haut de gamme 100 % bambou, adapté aux surmatelas d'une épaisseur maximale de 10 cm, disponible en Space Blue. Confectionné dans un tissu Tanboocel™ 400TC, d'une douceur soyeuse, respirant et thermorégulateur, il vous garantit des nuits fraîches tout au long de l'année.",https://www.maisondecocon.com/fr/products/bamboo-fitted-sheet-for-mattress-topper-space-blue-400tc?variant_sku=8720648154935,https://cdn.shopify.com/s/files/1/0884/0278/8685/files/bamboo-fitted-sheet-mattress-topper-space-blue-corner-fit.jpg?v=1786182719,"https://cdn.shopify.com/s/files/1/0884/0278/8685/files/bamboo-fitted-sheet-mattress-topper-space-blue-corner-loose.jpg?v=1786182117,https://cdn.shopify.com/s/files/1/0884/0278/8685/files/bamboo-fitted-sheet-mattress-topper-space-blue-fabric-drape-1.jpg?v=1786182117,https://cdn.shopify.com/s/files/1/0884/0278/8685/files/bamboo-fitted-sheet-mattress-topper-space-blue-fabric-drape-2.jpg?v=1786182117,https://cdn.shopify.com/s/files/1/0884/0278/8685/files/bamboo-fitted-sheet-mattress-topper-space-blue-fabric-drape-3.jpg?v=1786182117,https://cdn.shopify.com/s/files/1/0884/0278/8685/files/bamboo-fitted-sheet-mattress-topper-space-blue-packaging.jpg?v=1786182117",in_stock,168.00 EUR,Boomba Bamboo,new,8720648154935,8720648154935,bamboo-fitted-sheet-for-mattress-topper-space-blue-400tc,Space Blue,200x200 cm,100% Bamboo (Tanboocel™)
8720648154928,"Drap-housse en bambou pour surmatelas, Space Blue, 400TC","Un drap-housse haut de gamme 100 % bambou, adapté aux surmatelas d'une épaisseur maximale de 10 cm, disponible en Space Blue. Confectionné dans un tissu Tanboocel™ 400TC, d'une douceur soyeuse, respirant et thermorégulateur, il vous garantit des nuits fraîches tout au long de l'année.",https://www.maisondecocon.com/fr/products/bamboo-fitted-sheet-for-mattress-topper-space-blue-400tc?variant_sku=8720648154928,https://cdn.shopify.com/s/files/1/0884/0278/8685/files/bamboo-fitted-sheet-mattress-topper-space-blue-corner-fit.jpg?v=1786182719,"https://cdn.shopify.com/s/files/1/0884/0278/8685/files/bamboo-fitted-sheet-mattress-topper-space-blue-corner-loose.jpg?v=1786182117,https://cdn.shopify.com/s/files/1/0884/0278/8685/files/bamboo-fitted-sheet-mattress-topper-space-blue-fabric-drape-1.jpg?v=1786182117,https://cdn.shopify.com/s/files/1/0884/0278/8685/files/bamboo-fitted-sheet-mattress-topper-space-blue-fabric-drape-2.jpg?v=1786182117,https://cdn.shopify.com/s/files/1/0884/0278/8685/files/bamboo-fitted-sheet-mattress-topper-space-blue-fabric-drape-3.jpg?v=1786182117,https://cdn.shopify.com/s/files/1/0884/0278/8685/files/bamboo-fitted-sheet-mattress-topper-space-blue-packaging.jpg?v=1786182117",in_stock,162.00 EUR,Boomba Bamboo,new,8720648154928,8720648154928,bamboo-fitted-sheet-for-mattress-topper-space-blue-400tc,Space Blue,180x220/210 cm,100% Bamboo (Tanboocel™)
8720618860200,"Drap-housse en bambou pour surmatelas « Cuddle Pink », 400TC","Un drap-housse haut de gamme 100 % bambou pour surmatelas d'une épaisseur maximale de 10 cm, disponible en « Cuddle Pink » : un tissu Tanboocel™ 400TC au toucher soyeux, respirant et thermorégulateur, pour des nuits fraîches tout au long de l'année.",https://www.maisondecocon.com/fr/products/bamboo-fitted-sheet-for-mattress-topper-cuddle-pink-400tc?variant_sku=8720618860200,https://cdn.shopify.com/s/files/1/0884/0278/8685/files/bamboo-fitted-sheet-mattress-topper-cuddle-pink-corner-detail.jpg?v=1786133940,"https://cdn.shopify.com/s/files/1/0884/0278/8685/files/bamboo-fitted-sheet-mattress-topper-cuddle-pink-fabric-drape-1.jpg?v=1786182117,https://cdn.shopify.com/s/files/1/0884/0278/8685/files/bamboo-fitted-sheet-mattress-topper-cuddle-pink-fabric-drape-2.jpg?v=1786182117,https://cdn.shopify.com/s/files/1/0884/0278/8685/files/bamboo-fitted-sheet-mattress-topper-cuddle-pink-corner-loose.jpg?v=1786182117,https://cdn.shopify.com/s/files/1/0884/0278/8685/files/bamboo-fitted-sheet-mattress-topper-cuddle-pink-packaging.jpg?v=1786182117",in_stock,162.00 EUR,Boomba Bamboo,new,8720618860200,8720618860200,bamboo-fitted-sheet-for-mattress-topper-cuddle-pink-400tc,Cuddle Pink,180x220/210 cm,100% Bamboo (Tanboocel™)
8720618860217,"Drap-housse en bambou pour surmatelas « Cuddle Pink », 400TC","Un drap-housse haut de gamme 100 % bambou pour surmatelas d'une épaisseur maximale de 10 cm, disponible en « Cuddle Pink » : un tissu Tanboocel™ 400TC au toucher soyeux, respirant et thermorégulateur, pour des nuits fraîches tout au long de l'année.",https://www.maisondecocon.com/fr/products/bamboo-fitted-sheet-for-mattress-topper-cuddle-pink-400tc?variant_sku=8720618860217,https://cdn.shopify.com/s/files/1/0884/0278/8685/files/bamboo-fitted-sheet-mattress-topper-cuddle-pink-corner-detail.jpg?v=1786133940,"https://cdn.shopify.com/s/files/1/0884/0278/8685/files/bamboo-fitted-sheet-mattress-topper-cuddle-pink-fabric-drape-1.jpg?v=1786182117,https://cdn.shopify.com/s/files/1/0884/0278/8685/files/bamboo-fitted-sheet-mattress-topper-cuddle-pink-fabric-drape-2.jpg?v=1786182117,https://cdn.shopify.com/s/files/1/0884/0278/8685/files/bamboo-fitted-sheet-mattress-topper-cuddle-pink-corner-loose.jpg?v=1786182117,https://cdn.shopify.com/s/files/1/0884/0278/8685/files/bamboo-fitted-sheet-mattress-topper-cuddle-pink-packaging.jpg?v=1786182117",in_stock,168.00 EUR,Boomba Bamboo,new,8720618860217,8720618860217,bamboo-fitted-sheet-for-mattress-topper-cuddle-pink-400tc,Cuddle Pink,200x200 cm,100% Bamboo (Tanboocel™)
8720618860170,"Drap-housse en bambou pour surmatelas « Cuddle Pink », 400TC","Un drap-housse haut de gamme 100 % bambou pour surmatelas d'une épaisseur maximale de 10 cm, disponible en « Cuddle Pink » : un tissu Tanboocel™ 400TC au toucher soyeux, respirant et thermorégulateur, pour des nuits fraîches tout au long de l'année.",https://www.maisondecocon.com/fr/products/bamboo-fitted-sheet-for-mattress-topper-cuddle-pink-400tc?variant_sku=8720618860170,https://cdn.shopify.com/s/files/1/0884/0278/8685/files/bamboo-fitted-sheet-mattress-topper-cuddle-pink-corner-detail.jpg?v=1786133940,"https://cdn.shopify.com/s/files/1/0884/0278/8685/files/bamboo-fitted-sheet-mattress-topper-cuddle-pink-fabric-drape-1.jpg?v=1786182117,https://cdn.shopify.com/s/files/1/0884/0278/8685/files/bamboo-fitted-sheet-mattress-topper-cuddle-pink-fabric-drape-2.jpg?v=1786182117,https://cdn.shopify.com/s/files/1/0884/0278/8685/files/bamboo-fitted-sheet-mattress-topper-cuddle-pink-corner-loose.jpg?v=1786182117,https://cdn.shopify.com/s/files/1/0884/0278/8685/files/bamboo-fitted-sheet-mattress-topper-cuddle-pink-packaging.jpg?v=1786182117",in_stock,147.00 EUR,Boomba Bamboo,new,8720618860170,8720618860170,bamboo-fitted-sheet-for-mattress-topper-cuddle-pink-400tc,Cuddle Pink,160x200 cm,100% Bamboo (Tanboocel™)
8720618860163,"Drap-housse en bambou pour surmatelas « Cuddle Pink », 400TC","Un drap-housse haut de gamme 100 % bambou pour surmatelas d'une épaisseur maximale de 10 cm, disponible en « Cuddle Pink » : un tissu Tanboocel™ 400TC au toucher soyeux, respirant et thermorégulateur, pour des nuits fraîches tout au long de l'année.",https://www.maisondecocon.com/fr/products/bamboo-fitted-sheet-for-mattress-topper-cuddle-pink-400tc?variant_sku=8720618860163,https://cdn.shopify.com/s/files/1/0884/0278/8685/files/bamboo-fitted-sheet-mattress-topper-cuddle-pink-corner-detail.jpg?v=1786133940,"https://cdn.shopify.com/s/files/1/0884/0278/8685/files/bamboo-fitted-sheet-mattress-topper-cuddle-pink-fabric-drape-1.jpg?v=1786182117,https://cdn.shopify.com/s/files/1/0884/0278/8685/files/bamboo-fitted-sheet-mattress-topper-cuddle-pink-fabric-drape-2.jpg?v=1786182117,https://cdn.shopify.com/s/files/1/0884/0278/8685/files/bamboo-fitted-sheet-mattress-topper-cuddle-pink-corner-loose.jpg?v=1786182117,https://cdn.shopify.com/s/files/1/0884/0278/8685/files/bamboo-fitted-sheet-mattress-topper-cuddle-pink-packaging.jpg?v=1786182117",in_stock,144.00 EUR,Boomba Bamboo,new,8720618860163,8720618860163,bamboo-fitted-sheet-for-mattress-topper-cuddle-pink-400tc,Cuddle Pink,140x200 cm,100% Bamboo (Tanboocel™)
8720618860187,"Drap-housse en bambou pour surmatelas « Cuddle Pink », 400TC","Un drap-housse haut de gamme 100 % bambou pour surmatelas d'une épaisseur maximale de 10 cm, disponible en « Cuddle Pink » : un tissu Tanboocel™ 400TC au toucher soyeux, respirant et thermorégulateur, pour des nuits fraîches tout au long de l'année.",https://www.maisondecocon.com/fr/products/bamboo-fitted-sheet-for-mattress-topper-cuddle-pink-400tc?variant_sku=8720618860187,https://cdn.shopify.com/s/files/1/0884/0278/8685/files/bamboo-fitted-sheet-mattress-topper-cuddle-pink-corner-detail.jpg?v=1786133940,"https://cdn.shopify.com/s/files/1/0884/0278/8685/files/bamboo-fitted-sheet-mattress-topper-cuddle-pink-fabric-drape-1.jpg?v=1786182117,https://cdn.shopify.com/s/files/1/0884/0278/8685/files/bamboo-fitted-sheet-mattress-topper-cuddle-pink-fabric-drape-2.jpg?v=1786182117,https://cdn.shopify.com/s/files/1/0884/0278/8685/files/bamboo-fitted-sheet-mattress-topper-cuddle-pink-corner-loose.jpg?v=1786182117,https://cdn.shopify.com/s/files/1/0884/0278/8685/files/bamboo-fitted-sheet-mattress-topper-cuddle-pink-packaging.jpg?v=1786182117",in_stock,156.00 EUR,Boomba Bamboo,new,8720618860187,8720618860187,bamboo-fitted-sheet-for-mattress-topper-cuddle-pink-400tc,Cuddle Pink,180x200 cm,100% Bamboo (Tanboocel™)
8720618860224,"Drap-housse en bambou pour surmatelas « Cuddle Pink », 400TC","Un drap-housse haut de gamme 100 % bambou pour surmatelas d'une épaisseur maximale de 10 cm, disponible en « Cuddle Pink » : un tissu Tanboocel™ 400TC au toucher soyeux, respirant et thermorégulateur, pour des nuits fraîches tout au long de l'année.",https://www.maisondecocon.com/fr/products/bamboo-fitted-sheet-for-mattress-topper-cuddle-pink-400tc?variant_sku=8720618860224,https://cdn.shopify.com/s/files/1/0884/0278/8685/files/bamboo-fitted-sheet-mattress-topper-cuddle-pink-corner-detail.jpg?v=1786133940,"https://cdn.shopify.com/s/files/1/0884/0278/8685/files/bamboo-fitted-sheet-mattress-topper-cuddle-pink-fabric-drape-1.jpg?v=1786182117,https://cdn.shopify.com/s/files/1/0884/0278/8685/files/bamboo-fitted-sheet-mattress-topper-cuddle-pink-fabric-drape-2.jpg?v=1786182117,https://cdn.shopify.com/s/files/1/0884/0278/8685/files/bamboo-fitted-sheet-mattress-topper-cuddle-pink-corner-loose.jpg?v=1786182117,https://cdn.shopify.com/s/files/1/0884/0278/8685/files/bamboo-fitted-sheet-mattress-topper-cuddle-pink-packaging.jpg?v=1786182117",in_stock,174.00 EUR,Boomba Bamboo,new,8720618860224,8720618860224,bamboo-fitted-sheet-for-mattress-topper-cuddle-pink-400tc,Cuddle Pink,200x210 cm,100% Bamboo (Tanboocel™)
8720618860194,"Drap-housse en bambou pour surmatelas « Cuddle Pink », 400TC","Un drap-housse haut de gamme 100 % bambou pour surmatelas d'une épaisseur maximale de 10 cm, disponible en « Cuddle Pink » : un tissu Tanboocel™ 400TC au toucher soyeux, respirant et thermorégulateur, pour des nuits fraîches tout au long de l'année.",https://www.maisondecocon.com/fr/products/bamboo-fitted-sheet-for-mattress-topper-cuddle-pink-400tc?variant_sku=8720618860194,https://cdn.shopify.com/s/files/1/0884/0278/8685/files/bamboo-fitted-sheet-mattress-topper-cuddle-pink-corner-detail.jpg?v=1786133940,"https://cdn.shopify.com/s/files/1/0884/0278/8685/files/bamboo-fitted-sheet-mattress-topper-cuddle-pink-fabric-drape-1.jpg?v=1786182117,https://cdn.shopify.com/s/files/1/0884/0278/8685/files/bamboo-fitted-sheet-mattress-topper-cuddle-pink-fabric-drape-2.jpg?v=1786182117,https://cdn.shopify.com/s/files/1/0884/0278/8685/files/bamboo-fitted-sheet-mattress-topper-cuddle-pink-corner-loose.jpg?v=1786182117,https://cdn.shopify.com/s/files/1/0884/0278/8685/files/bamboo-fitted-sheet-mattress-topper-cuddle-pink-packaging.jpg?v=1786182117",in_stock,159.00 EUR,Boomba Bamboo,new,8720618860194,8720618860194,bamboo-fitted-sheet-for-mattress-topper-cuddle-pink-400tc,Cuddle Pink,180x210 cm,100% Bamboo (Tanboocel™)
8720618860231,"Drap-housse en bambou pour surmatelas « Cuddle Pink », 400TC","Un drap-housse haut de gamme 100 % bambou pour surmatelas d'une épaisseur maximale de 10 cm, disponible en « Cuddle Pink » : un tissu Tanboocel™ 400TC au toucher soyeux, respirant et thermorégulateur, pour des nuits fraîches tout au long de l'année.",https://www.maisondecocon.com/fr/products/bamboo-fitted-sheet-for-mattress-topper-cuddle-pink-400tc?variant_sku=8720618860231,https://cdn.shopify.com/s/files/1/0884/0278/8685/files/bamboo-fitted-sheet-mattress-topper-cuddle-pink-corner-detail.jpg?v=1786133940,"https://cdn.shopify.com/s/files/1/0884/0278/8685/files/bamboo-fitted-sheet-mattress-topper-cuddle-pink-fabric-drape-1.jpg?v=1786182117,https://cdn.shopify.com/s/files/1/0884/0278/8685/files/bamboo-fitted-sheet-mattress-topper-cuddle-pink-fabric-drape-2.jpg?v=1786182117,https://cdn.shopify.com/s/files/1/0884/0278/8685/files/bamboo-fitted-sheet-mattress-topper-cuddle-pink-corner-loose.jpg?v=1786182117,https://cdn.shopify.com/s/files/1/0884/0278/8685/files/bamboo-fitted-sheet-mattress-topper-cuddle-pink-packaging.jpg?v=1786182117",in_stock,180.00 EUR,Boomba Bamboo,new,8720618860231,8720618860231,bamboo-fitted-sheet-for-mattress-topper-cuddle-pink-400tc,Cuddle Pink,200x220/210 cm,100% Bamboo (Tanboocel™)
6666668014050,"Parure de lit en bambou pour une personne, bleu ciel, 400TC","Un ensemble de literie en bambou frais et léger, 400TC, pour une personne, de couleur bleu ciel : respirant, hypoallergénique et doux pour la peau, pour une nuit de sommeil digne d'un hôtel.",https://www.maisondecocon.com/fr/products/1-person-bamboo-bedding-set-sky-blue-400tc?variant_sku=6666668014050,https://cdn.shopify.com/s/files/1/0884/0278/8685/files/bamboo-bedding-set-sky-blue-1-person-bedroom-lifestyle.jpg?v=1786136328,"https://cdn.shopify.com/s/files/1/0884/0278/8685/files/bamboo-bedding-set-sky-blue-1-person-button-detail.jpg?v=1786136338,https://cdn.shopify.com/s/files/1/0884/0278/8685/files/bamboo-bedding-set-sky-blue-1-person-bed-styled.jpg?v=1786136348,https://cdn.shopify.com/s/files/1/0884/0278/8685/files/bamboo-bedding-set-sky-blue-1-person-fabric-fold.jpg?v=1786136357,https://cdn.shopify.com/s/files/1/0884/0278/8685/files/bamboo-bedding-set-sky-blue-1-person-fitted-sheet-detail.jpg?v=1786136367,https://cdn.shopify.com/s/files/1/0884/0278/8685/files/bamboo-bedding-set-sky-blue-1-person-fitted-sheet-corner.jpg?v=1786136377,https://cdn.shopify.com/s/files/1/0884/0278/8685/files/bamboo-bedding-set-sky-blue-1-person-bedroom-wood-frame.jpg?v=1786136386,https://cdn.shopify.com/s/files/1/0884/0278/8685/files/bamboo-bedding-set-sky-blue-1-person-bed-full.jpg?v=1786136394,https://cdn.shopify.com/s/files/1/0884/0278/8685/files/bamboo-bedding-set-sky-blue-1-person-pillow-detail.jpg?v=1786136408,https://cdn.shopify.com/s/files/1/0884/0278/8685/files/bamboo-bedding-set-sky-blue-1-person-packaging-set.jpg?v=1786136419",in_stock,483.00 EUR,Boomba Bamboo,new,,6666668014050,1-person-bamboo-bedding-set-sky-blue-400tc,Sky Blue,M — 80×200 + 140×220 + 50×75,100% Bamboo (Tanboocel™)
6666669014050,"Parure de lit en bambou pour une personne, bleu ciel, 400TC","Un ensemble de literie en bambou frais et léger, 400TC, pour une personne, de couleur bleu ciel : respirant, hypoallergénique et doux pour la peau, pour une nuit de sommeil digne d'un hôtel.",https://www.maisondecocon.com/fr/products/1-person-bamboo-bedding-set-sky-blue-400tc?variant_sku=6666669014050,https://cdn.shopify.com/s/files/1/0884/0278/8685/files/bamboo-bedding-set-sky-blue-1-person-bedroom-lifestyle.jpg?v=1786136328,"https://cdn.shopify.com/s/files/1/0884/0278/8685/files/bamboo-bedding-set-sky-blue-1-person-button-detail.jpg?v=1786136338,https://cdn.shopify.com/s/files/1/0884/0278/8685/files/bamboo-bedding-set-sky-blue-1-person-bed-styled.jpg?v=1786136348,https://cdn.shopify.com/s/files/1/0884/0278/8685/files/bamboo-bedding-set-sky-blue-1-person-fabric-fold.jpg?v=1786136357,https://cdn.shopify.com/s/files/1/0884/0278/8685/files/bamboo-bedding-set-sky-blue-1-person-fitted-sheet-detail.jpg?v=1786136367,https://cdn.shopify.com/s/files/1/0884/0278/8685/files/bamboo-bedding-set-sky-blue-1-person-fitted-sheet-corner.jpg?v=1786136377,https://cdn.shopify.com/s/files/1/0884/0278/8685/files/bamboo-bedding-set-sky-blue-1-person-bedroom-wood-frame.jpg?v=1786136386,https://cdn.shopify.com/s/files/1/0884/0278/8685/files/bamboo-bedding-set-sky-blue-1-person-bed-full.jpg?v=1786136394,https://cdn.shopify.com/s/files/1/0884/0278/8685/files/bamboo-bedding-set-sky-blue-1-person-pillow-detail.jpg?v=1786136408,https://cdn.shopify.com/s/files/1/0884/0278/8685/files/bamboo-bedding-set-sky-blue-1-person-packaging-set.jpg?v=1786136419",in_stock,492.00 EUR,Boomba Bamboo,new,,6666669014050,1-person-bamboo-bedding-set-sky-blue-400tc,Sky Blue,L — 90×200 + 140×220 + 50×75,100% Bamboo (Tanboocel™)
1111118014050,"Parure de lit en bambou pour une personne, couleur taupe clair, 400TC","Un ensemble de literie en bambou 400TC, chaleureux et élégant, pour une personne, dans la teinte « Soft Taupe » : respirant, hypoallergénique et doux pour la peau, pour une nuit de sommeil digne d'un hôtel.",https://www.maisondecocon.com/fr/products/1-person-bamboo-bedding-set-soft-taupe-400tc?variant_sku=1111118014050,https://cdn.shopify.com/s/files/1/0884/0278/8685/files/bamboo-bedding-set-soft-taupe-1-person-bedroom-lifestyle.jpg?v=1786109315,"https://cdn.shopify.com/s/files/1/0884/0278/8685/files/bamboo-bedding-set-soft-taupe-1-person-button-detail.jpg?v=1786109324,https://cdn.shopify.com/s/files/1/0884/0278/8685/files/bamboo-bedding-set-soft-taupe-1-person-bed-styled.jpg?v=1786109332,https://cdn.shopify.com/s/files/1/0884/0278/8685/files/bamboo-bedding-set-soft-taupe-1-person-fabric-drape.jpg?v=1786109341,https://cdn.shopify.com/s/files/1/0884/0278/8685/files/bamboo-bedding-set-soft-taupe-1-person-bed-wood-frame.jpg?v=1786109348,https://cdn.shopify.com/s/files/1/0884/0278/8685/files/bamboo-bedding-set-soft-taupe-1-person-fabric-gather.jpg?v=1786109357,https://cdn.shopify.com/s/files/1/0884/0278/8685/files/bamboo-bedding-set-soft-taupe-1-person-bedroom-window.jpg?v=1786109367,https://cdn.shopify.com/s/files/1/0884/0278/8685/files/bamboo-bedding-set-soft-taupe-1-person-fabric-detail-02.jpg?v=1786109418,https://cdn.shopify.com/s/files/1/0884/0278/8685/files/bamboo-bedding-set-soft-taupe-1-person-fitted-sheet-detail.jpg?v=1786109435,https://cdn.shopify.com/s/files/1/0884/0278/8685/files/bamboo-bedding-set-soft-taupe-1-person-tie-detail-02.jpg?v=1786109482,https://cdn.shopify.com/s/files/1/0884/0278/8685/files/bamboo-bedding-set-soft-taupe-1-person-bedroom-angle.jpg?v=1786109493",in_stock,483.00 EUR,Boomba Bamboo,new,,1111118014050,1-person-bamboo-bedding-set-soft-taupe-400tc,Soft taupe,M — 80×200 + 140×220 + 50×75,100% Bamboo (Tanboocel™)
1111119014050,"Parure de lit en bambou pour une personne, couleur taupe clair, 400TC","Un ensemble de literie en bambou 400TC, chaleureux et élégant, pour une personne, dans la teinte « Soft Taupe » : respirant, hypoallergénique et doux pour la peau, pour une nuit de sommeil digne d'un hôtel.",https://www.maisondecocon.com/fr/products/1-person-bamboo-bedding-set-soft-taupe-400tc?variant_sku=1111119014050,https://cdn.shopify.com/s/files/1/0884/0278/8685/files/bamboo-bedding-set-soft-taupe-1-person-bedroom-lifestyle.jpg?v=1786109315,"https://cdn.shopify.com/s/files/1/0884/0278/8685/files/bamboo-bedding-set-soft-taupe-1-person-button-detail.jpg?v=1786109324,https://cdn.shopify.com/s/files/1/0884/0278/8685/files/bamboo-bedding-set-soft-taupe-1-person-bed-styled.jpg?v=1786109332,https://cdn.shopify.com/s/files/1/0884/0278/8685/files/bamboo-bedding-set-soft-taupe-1-person-fabric-drape.jpg?v=1786109341,https://cdn.shopify.com/s/files/1/0884/0278/8685/files/bamboo-bedding-set-soft-taupe-1-person-bed-wood-frame.jpg?v=1786109348,https://cdn.shopify.com/s/files/1/0884/0278/8685/files/bamboo-bedding-set-soft-taupe-1-person-fabric-gather.jpg?v=1786109357,https://cdn.shopify.com/s/files/1/0884/0278/8685/files/bamboo-bedding-set-soft-taupe-1-person-bedroom-window.jpg?v=1786109367,https://cdn.shopify.com/s/files/1/0884/0278/8685/files/bamboo-bedding-set-soft-taupe-1-person-fabric-detail-02.jpg?v=1786109418,https://cdn.shopify.com/s/files/1/0884/0278/8685/files/bamboo-bedding-set-soft-taupe-1-person-fitted-sheet-detail.jpg?v=1786109435,https://cdn.shopify.com/s/files/1/0884/0278/8685/files/bamboo-bedding-set-soft-taupe-1-person-tie-detail-02.jpg?v=1786109482,https://cdn.shopify.com/s/files/1/0884/0278/8685/files/bamboo-bedding-set-soft-taupe-1-person-bedroom-angle.jpg?v=1786109493",out_of_stock,492.00 EUR,Boomba Bamboo,new,,1111119014050,1-person-bamboo-bedding-set-soft-taupe-400tc,Soft taupe,L — 90×200 + 140×220 + 50×75,100% Bamboo (Tanboocel™)
2222228014050,"Parure de lit en bambou pour une personne, Space Blue, 400TC","Un ensemble de literie en bambou moderne et épais, 400TC, pour une personne, dans la teinte « Space Blue » : respirant, hypoallergénique et doux pour la peau, pour une nuit de sommeil digne d'un hôtel.",https://www.maisondecocon.com/fr/products/1-person-bamboo-bedding-set-space-blue-400tc?variant_sku=2222228014050,https://cdn.shopify.com/s/files/1/0884/0278/8685/files/bamboo-bedding-set-space-blue-1-person-bedroom-lifestyle.jpg?v=1786108831,"https://cdn.shopify.com/s/files/1/0884/0278/8685/files/bamboo-bedding-set-space-blue-1-person-button-detail.jpg?v=1786108839,https://cdn.shopify.com/s/files/1/0884/0278/8685/files/bamboo-bedding-set-space-blue-1-person-bed-styled.jpg?v=1786108847,https://cdn.shopify.com/s/files/1/0884/0278/8685/files/bamboo-bedding-set-space-blue-1-person-fabric-drape.jpg?v=1786108861,https://cdn.shopify.com/s/files/1/0884/0278/8685/files/bamboo-bedding-set-space-blue-1-person-bedroom-window.jpg?v=1786108869,https://cdn.shopify.com/s/files/1/0884/0278/8685/files/bamboo-bedding-set-space-blue-1-person-fitted-sheet-detail.jpg?v=1786108876,https://cdn.shopify.com/s/files/1/0884/0278/8685/files/bamboo-bedding-set-space-blue-1-person-bed-wood-frame.jpg?v=1786108890,https://cdn.shopify.com/s/files/1/0884/0278/8685/files/bamboo-bedding-set-space-blue-1-person-fitted-sheet-corner.jpg?v=1786108899,https://cdn.shopify.com/s/files/1/0884/0278/8685/files/bamboo-bedding-set-space-blue-1-person-pillow-window.jpg?v=1786108913,https://cdn.shopify.com/s/files/1/0884/0278/8685/files/bamboo-bedding-set-space-blue-1-person-fabric-fold.jpg?v=1786108922,https://cdn.shopify.com/s/files/1/0884/0278/8685/files/bamboo-bedding-set-space-blue-1-person-bed-full.jpg?v=1786108982",in_stock,483.00 EUR,Boomba Bamboo,new,,2222228014050,1-person-bamboo-bedding-set-space-blue-400tc,Space Blue,M — 80×200 + 140×220 + 50×75,100% Bamboo (Tanboocel™)
2222229014050,"Parure de lit en bambou pour une personne, Space Blue, 400TC","Un ensemble de literie en bambou moderne et épais, 400TC, pour une personne, dans la teinte « Space Blue » : respirant, hypoallergénique et doux pour la peau, pour une nuit de sommeil digne d'un hôtel.",https://www.maisondecocon.com/fr/products/1-person-bamboo-bedding-set-space-blue-400tc?variant_sku=2222229014050,https://cdn.shopify.com/s/files/1/0884/0278/8685/files/bamboo-bedding-set-space-blue-1-person-bedroom-lifestyle.jpg?v=1786108831,"https://cdn.shopify.com/s/files/1/0884/0278/8685/files/bamboo-bedding-set-space-blue-1-person-button-detail.jpg?v=1786108839,https://cdn.shopify.com/s/files/1/0884/0278/8685/files/bamboo-bedding-set-space-blue-1-person-bed-styled.jpg?v=1786108847,https://cdn.shopify.com/s/files/1/0884/0278/8685/files/bamboo-bedding-set-space-blue-1-person-fabric-drape.jpg?v=1786108861,https://cdn.shopify.com/s/files/1/0884/0278/8685/files/bamboo-bedding-set-space-blue-1-person-bedroom-window.jpg?v=1786108869,https://cdn.shopify.com/s/files/1/0884/0278/8685/files/bamboo-bedding-set-space-blue-1-person-fitted-sheet-detail.jpg?v=1786108876,https://cdn.shopify.com/s/files/1/0884/0278/8685/files/bamboo-bedding-set-space-blue-1-person-bed-wood-frame.jpg?v=1786108890,https://cdn.shopify.com/s/files/1/0884/0278/8685/files/bamboo-bedding-set-space-blue-1-person-fitted-sheet-corner.jpg?v=1786108899,https://cdn.shopify.com/s/files/1/0884/0278/8685/files/bamboo-bedding-set-space-blue-1-person-pillow-window.jpg?v=1786108913,https://cdn.shopify.com/s/files/1/0884/0278/8685/files/bamboo-bedding-set-space-blue-1-person-fabric-fold.jpg?v=1786108922,https://cdn.shopify.com/s/files/1/0884/0278/8685/files/bamboo-bedding-set-space-blue-1-person-bed-full.jpg?v=1786108982",in_stock,492.00 EUR,Boomba Bamboo,new,,2222229014050,1-person-bamboo-bedding-set-space-blue-400tc,Space Blue,L — 90×200 + 140×220 + 50×75,100% Bamboo (Tanboocel™)
7777778014050,"Parure de lit en bambou pour une personne, couleur « Deep Moss », 400TC","Un ensemble de literie en bambou 400TC au toucher somptueusement doux, pour une personne, dans une teinte « Deep Moss » naturelle et intense — respirant, hypoallergénique et doux pour la peau, pour une nuit de sommeil digne d'un hôtel.",https://www.maisondecocon.com/fr/products/1-person-bamboo-bedding-set-deep-moss-400tc?variant_sku=7777778014050,https://cdn.shopify.com/s/files/1/0884/0278/8685/files/bamboo-bedding-set-deep-moss-1-person-bedroom-lifestyle.jpg?v=1786108261,"https://cdn.shopify.com/s/files/1/0884/0278/8685/files/bamboo-bedding-set-deep-moss-1-person-fabric-drape.jpg?v=1786108270,https://cdn.shopify.com/s/files/1/0884/0278/8685/files/bamboo-bedding-set-deep-moss-1-person-bedroom-window.jpg?v=1786108279,https://cdn.shopify.com/s/files/1/0884/0278/8685/files/bamboo-bedding-set-deep-moss-1-person-fitted-sheet-detail.jpg?v=1786108287,https://cdn.shopify.com/s/files/1/0884/0278/8685/files/bamboo-bedding-set-deep-moss-1-person-bed-frame.jpg?v=1786108295,https://cdn.shopify.com/s/files/1/0884/0278/8685/files/bamboo-bedding-set-deep-moss-1-person-fitted-sheet-corner.jpg?v=1786108315,https://cdn.shopify.com/s/files/1/0884/0278/8685/files/bamboo-bedding-set-deep-moss-1-person-pillow-window.jpg?v=1786108342,https://cdn.shopify.com/s/files/1/0884/0278/8685/files/bamboo-bedding-set-deep-moss-1-person-pillow-detail.jpg?v=1786108353,https://cdn.shopify.com/s/files/1/0884/0278/8685/files/bamboo-bedding-set-deep-moss-1-person-pillow-detail-02.jpg?v=1786108404,https://cdn.shopify.com/s/files/1/0884/0278/8685/files/bamboo-bedding-set-deep-moss-1-person-pillow-detail-03.jpg?v=1786108425,https://cdn.shopify.com/s/files/1/0884/0278/8685/files/bamboo-bedding-set-deep-moss-1-person-fabric-fold.jpg?v=1786108442",in_stock,483.00 EUR,Boomba Bamboo,new,,7777778014050,1-person-bamboo-bedding-set-deep-moss-400tc,,M — 80×200 + 140×220 + 50×75,100% Bamboo (Tanboocel™)
77777719014050,"Parure de lit en bambou pour une personne, couleur « Deep Moss », 400TC","Un ensemble de literie en bambou 400TC au toucher somptueusement doux, pour une personne, dans une teinte « Deep Moss » naturelle et intense — respirant, hypoallergénique et doux pour la peau, pour une nuit de sommeil digne d'un hôtel.",https://www.maisondecocon.com/fr/products/1-person-bamboo-bedding-set-deep-moss-400tc?variant_sku=77777719014050,https://cdn.shopify.com/s/files/1/0884/0278/8685/files/bamboo-bedding-set-deep-moss-1-person-bedroom-lifestyle.jpg?v=1786108261,"https://cdn.shopify.com/s/files/1/0884/0278/8685/files/bamboo-bedding-set-deep-moss-1-person-fabric-drape.jpg?v=1786108270,https://cdn.shopify.com/s/files/1/0884/0278/8685/files/bamboo-bedding-set-deep-moss-1-person-bedroom-window.jpg?v=1786108279,https://cdn.shopify.com/s/files/1/0884/0278/8685/files/bamboo-bedding-set-deep-moss-1-person-fitted-sheet-detail.jpg?v=1786108287,https://cdn.shopify.com/s/files/1/0884/0278/8685/files/bamboo-bedding-set-deep-moss-1-person-bed-frame.jpg?v=1786108295,https://cdn.shopify.com/s/files/1/0884/0278/8685/files/bamboo-bedding-set-deep-moss-1-person-fitted-sheet-corner.jpg?v=1786108315,https://cdn.shopify.com/s/files/1/0884/0278/8685/files/bamboo-bedding-set-deep-moss-1-person-pillow-window.jpg?v=1786108342,https://cdn.shopify.com/s/files/1/0884/0278/8685/files/bamboo-bedding-set-deep-moss-1-person-pillow-detail.jpg?v=1786108353,https://cdn.shopify.com/s/files/1/0884/0278/8685/files/bamboo-bedding-set-deep-moss-1-person-pillow-detail-02.jpg?v=1786108404,https://cdn.shopify.com/s/files/1/0884/0278/8685/files/bamboo-bedding-set-deep-moss-1-person-pillow-detail-03.jpg?v=1786108425,https://cdn.shopify.com/s/files/1/0884/0278/8685/files/bamboo-bedding-set-deep-moss-1-person-fabric-fold.jpg?v=1786108442",in_stock,492.00 EUR,Boomba Bamboo,new,,77777719014050,1-person-bamboo-bedding-set-deep-moss-400tc,,L — 90×200 + 140×220 + 50×75,100% Bamboo (Tanboocel™)
6666614020060,"Parure de lit en bambou pour 2 personnes, bleu ciel, 400TC","Un ensemble de literie en bambou 400TC, frais et léger, pour deux personnes, de couleur bleu ciel — respirant, hypoallergénique et doux pour la peau, pour une nuit de sommeil digne d'un hôtel.",https://www.maisondecocon.com/fr/products/2-person-bamboo-bedding-set-sky-blue-400tc?variant_sku=6666614020060,https://cdn.shopify.com/s/files/1/0884/0278/8685/files/bamboo-bedding-set-sky-blue-2-person-bedroom-lifestyle.jpg?v=1786106661,"https://cdn.shopify.com/s/files/1/0884/0278/8685/files/bamboo-bedding-set-sky-blue-2-person-button-detail.jpg?v=1786106669,https://cdn.shopify.com/s/files/1/0884/0278/8685/files/bamboo-bedding-set-sky-blue-2-person-bedroom-wood-frame.jpg?v=1786106677,https://cdn.shopify.com/s/files/1/0884/0278/8685/files/bamboo-bedding-set-sky-blue-2-person-fabric-drape.jpg?v=1786106685,https://cdn.shopify.com/s/files/1/0884/0278/8685/files/bamboo-bedding-set-sky-blue-2-person-pillows-detail.jpg?v=1786106693,https://cdn.shopify.com/s/files/1/0884/0278/8685/files/bamboo-bedding-set-sky-blue-2-person-tie-detail.jpg?v=1786106702,https://cdn.shopify.com/s/files/1/0884/0278/8685/files/bamboo-bedding-set-sky-blue-2-person-bed-full.jpg?v=1786106710,https://cdn.shopify.com/s/files/1/0884/0278/8685/files/bamboo-bedding-set-sky-blue-2-person-fitted-sheet-corner.jpg?v=1786106716,https://cdn.shopify.com/s/files/1/0884/0278/8685/files/bamboo-bedding-set-sky-blue-2-person-bedroom-window.jpg?v=1786106724,https://cdn.shopify.com/s/files/1/0884/0278/8685/files/bamboo-bedding-set-sky-blue-2-person-fabric-fold.jpg?v=1786106735,https://cdn.shopify.com/s/files/1/0884/0278/8685/files/bamboo-bedding-set-sky-blue-2-person-bedroom-nightstand.jpg?v=1786106747",in_stock,561.00 EUR,Boomba Bamboo,new,,6666614020060,2-person-bamboo-bedding-set-sky-blue-400tc,Sky Blue,M — 140×200 + 200×220 + 60×70,100% Bamboo (Tanboocel™)
6666620026060,"Parure de lit en bambou pour 2 personnes, bleu ciel, 400TC","Un ensemble de literie en bambou 400TC, frais et léger, pour deux personnes, de couleur bleu ciel — respirant, hypoallergénique et doux pour la peau, pour une nuit de sommeil digne d'un hôtel.",https://www.maisondecocon.com/fr/products/2-person-bamboo-bedding-set-sky-blue-400tc?variant_sku=6666620026060,https://cdn.shopify.com/s/files/1/0884/0278/8685/files/bamboo-bedding-set-sky-blue-2-person-bedroom-lifestyle.jpg?v=1786106661,"https://cdn.shopify.com/s/files/1/0884/0278/8685/files/bamboo-bedding-set-sky-blue-2-person-button-detail.jpg?v=1786106669,https://cdn.shopify.com/s/files/1/0884/0278/8685/files/bamboo-bedding-set-sky-blue-2-person-bedroom-wood-frame.jpg?v=1786106677,https://cdn.shopify.com/s/files/1/0884/0278/8685/files/bamboo-bedding-set-sky-blue-2-person-fabric-drape.jpg?v=1786106685,https://cdn.shopify.com/s/files/1/0884/0278/8685/files/bamboo-bedding-set-sky-blue-2-person-pillows-detail.jpg?v=1786106693,https://cdn.shopify.com/s/files/1/0884/0278/8685/files/bamboo-bedding-set-sky-blue-2-person-tie-detail.jpg?v=1786106702,https://cdn.shopify.com/s/files/1/0884/0278/8685/files/bamboo-bedding-set-sky-blue-2-person-bed-full.jpg?v=1786106710,https://cdn.shopify.com/s/files/1/0884/0278/8685/files/bamboo-bedding-set-sky-blue-2-person-fitted-sheet-corner.jpg?v=1786106716,https://cdn.shopify.com/s/files/1/0884/0278/8685/files/bamboo-bedding-set-sky-blue-2-person-bedroom-window.jpg?v=1786106724,https://cdn.shopify.com/s/files/1/0884/0278/8685/files/bamboo-bedding-set-sky-blue-2-person-fabric-fold.jpg?v=1786106735,https://cdn.shopify.com/s/files/1/0884/0278/8685/files/bamboo-bedding-set-sky-blue-2-person-bedroom-nightstand.jpg?v=1786106747",in_stock,669.00 EUR,Boomba Bamboo,new,,6666620026060,2-person-bamboo-bedding-set-sky-blue-400tc,Sky Blue,XXL — 200×200 + 260×240 + 60×70,100% Bamboo (Tanboocel™)
6666618024060,"Parure de lit en bambou pour 2 personnes, bleu ciel, 400TC","Un ensemble de literie en bambou 400TC, frais et léger, pour deux personnes, de couleur bleu ciel — respirant, hypoallergénique et doux pour la peau, pour une nuit de sommeil digne d'un hôtel.",https://www.maisondecocon.com/fr/products/2-person-bamboo-bedding-set-sky-blue-400tc?variant_sku=6666618024060,https://cdn.shopify.com/s/files/1/0884/0278/8685/files/bamboo-bedding-set-sky-blue-2-person-bedroom-lifestyle.jpg?v=1786106661,"https://cdn.shopify.com/s/files/1/0884/0278/8685/files/bamboo-bedding-set-sky-blue-2-person-button-detail.jpg?v=1786106669,https://cdn.shopify.com/s/files/1/0884/0278/8685/files/bamboo-bedding-set-sky-blue-2-person-bedroom-wood-frame.jpg?v=1786106677,https://cdn.shopify.com/s/files/1/0884/0278/8685/files/bamboo-bedding-set-sky-blue-2-person-fabric-drape.jpg?v=1786106685,https://cdn.shopify.com/s/files/1/0884/0278/8685/files/bamboo-bedding-set-sky-blue-2-person-pillows-detail.jpg?v=1786106693,https://cdn.shopify.com/s/files/1/0884/0278/8685/files/bamboo-bedding-set-sky-blue-2-person-tie-detail.jpg?v=1786106702,https://cdn.shopify.com/s/files/1/0884/0278/8685/files/bamboo-bedding-set-sky-blue-2-person-bed-full.jpg?v=1786106710,https://cdn.shopify.com/s/files/1/0884/0278/8685/files/bamboo-bedding-set-sky-blue-2-person-fitted-sheet-corner.jpg?v=1786106716,https://cdn.shopify.com/s/files/1/0884/0278/8685/files/bamboo-bedding-set-sky-blue-2-person-bedroom-window.jpg?v=1786106724,https://cdn.shopify.com/s/files/1/0884/0278/8685/files/bamboo-bedding-set-sky-blue-2-person-fabric-fold.jpg?v=1786106735,https://cdn.shopify.com/s/files/1/0884/0278/8685/files/bamboo-bedding-set-sky-blue-2-person-bedroom-nightstand.jpg?v=1786106747",in_stock,642.00 EUR,Boomba Bamboo,new,,6666618024060,2-person-bamboo-bedding-set-sky-blue-400tc,Sky Blue,XL — 180×200 + 240×220 + 60×70,100% Bamboo (Tanboocel™)
6666616020060,"Parure de lit en bambou pour 2 personnes, bleu ciel, 400TC","Un ensemble de literie en bambou 400TC, frais et léger, pour deux personnes, de couleur bleu ciel — respirant, hypoallergénique et doux pour la peau, pour une nuit de sommeil digne d'un hôtel.",https://www.maisondecocon.com/fr/products/2-person-bamboo-bedding-set-sky-blue-400tc?variant_sku=6666616020060,https://cdn.shopify.com/s/files/1/0884/0278/8685/files/bamboo-bedding-set-sky-blue-2-person-bedroom-lifestyle.jpg?v=1786106661,"https://cdn.shopify.com/s/files/1/0884/0278/8685/files/bamboo-bedding-set-sky-blue-2-person-button-detail.jpg?v=1786106669,https://cdn.shopify.com/s/files/1/0884/0278/8685/files/bamboo-bedding-set-sky-blue-2-person-bedroom-wood-frame.jpg?v=1786106677,https://cdn.shopify.com/s/files/1/0884/0278/8685/files/bamboo-bedding-set-sky-blue-2-person-fabric-drape.jpg?v=1786106685,https://cdn.shopify.com/s/files/1/0884/0278/8685/files/bamboo-bedding-set-sky-blue-2-person-pillows-detail.jpg?v=1786106693,https://cdn.shopify.com/s/files/1/0884/0278/8685/files/bamboo-bedding-set-sky-blue-2-person-tie-detail.jpg?v=1786106702,https://cdn.shopify.com/s/files/1/0884/0278/8685/files/bamboo-bedding-set-sky-blue-2-person-bed-full.jpg?v=1786106710,https://cdn.shopify.com/s/files/1/0884/0278/8685/files/bamboo-bedding-set-sky-blue-2-person-fitted-sheet-corner.jpg?v=1786106716,https://cdn.shopify.com/s/files/1/0884/0278/8685/files/bamboo-bedding-set-sky-blue-2-person-bedroom-window.jpg?v=1786106724,https://cdn.shopify.com/s/files/1/0884/0278/8685/files/bamboo-bedding-set-sky-blue-2-person-fabric-fold.jpg?v=1786106735,https://cdn.shopify.com/s/files/1/0884/0278/8685/files/bamboo-bedding-set-sky-blue-2-person-bedroom-nightstand.jpg?v=1786106747",in_stock,564.00 EUR,Boomba Bamboo,new,,6666616020060,2-person-bamboo-bedding-set-sky-blue-400tc,Sky Blue,L — 160×200 + 200×220 + 60×70,100% Bamboo (Tanboocel™)
4444420026060,"Parure de lit en bambou pour 2 personnes, couleur « Cuddle Pink », 400TC","Un ensemble de literie en bambou 400TC, chaleureux et douillet, pour deux personnes, dans la teinte « Cuddle Pink » : respirant, hypoallergénique et doux pour la peau, pour une nuit de sommeil digne d'un hôtel.",https://www.maisondecocon.com/fr/products/2-person-bamboo-bedding-set-cuddle-pink-400tc?variant_sku=4444420026060,https://cdn.shopify.com/s/files/1/0884/0278/8685/files/bamboo-bedding-set-cuddle-pink-2-person-bedroom-lifestyle.jpg?v=1786105518,"https://cdn.shopify.com/s/files/1/0884/0278/8685/files/bamboo-bedding-set-cuddle-pink-2-person-button-detail.jpg?v=1786105527,https://cdn.shopify.com/s/files/1/0884/0278/8685/files/bamboo-bedding-set-cuddle-pink-2-person-bed-styled.jpg?v=1786105537,https://cdn.shopify.com/s/files/1/0884/0278/8685/files/bamboo-bedding-set-cuddle-pink-2-person-fabric-fold.jpg?v=1786105543,https://cdn.shopify.com/s/files/1/0884/0278/8685/files/bamboo-bedding-set-cuddle-pink-2-person-bedroom-mirror.jpg?v=1786105551,https://cdn.shopify.com/s/files/1/0884/0278/8685/files/bamboo-bedding-set-cuddle-pink-2-person-fabric-drape.jpg?v=1786105558,https://cdn.shopify.com/s/files/1/0884/0278/8685/files/bamboo-bedding-set-cuddle-pink-2-person-tie-detail.jpg?v=1786105565,https://cdn.shopify.com/s/files/1/0884/0278/8685/files/bamboo-bedding-set-cuddle-pink-2-person-bedroom-wide.jpg?v=1786105572,https://cdn.shopify.com/s/files/1/0884/0278/8685/files/bamboo-bedding-set-cuddle-pink-2-person-bedroom-chair.jpg?v=1786105581,https://cdn.shopify.com/s/files/1/0884/0278/8685/files/bamboo-bedding-set-cuddle-pink-2-person-bed-full.jpg?v=1786105588,https://cdn.shopify.com/s/files/1/0884/0278/8685/files/bamboo-bedding-set-cuddle-pink-2-person-fitted-sheet-detail.jpg?v=1786105595",in_stock,669.00 EUR,Boomba Bamboo,new,,4444420026060,2-person-bamboo-bedding-set-cuddle-pink-400tc,Cuddle Pink,XXL — 200×200 + 260×240 + 60×70,100% Bamboo (Tanboocel™)
4444414020060,"Parure de lit en bambou pour 2 personnes, couleur « Cuddle Pink », 400TC","Un ensemble de literie en bambou 400TC, chaleureux et douillet, pour deux personnes, dans la teinte « Cuddle Pink » : respirant, hypoallergénique et doux pour la peau, pour une nuit de sommeil digne d'un hôtel.",https://www.maisondecocon.com/fr/products/2-person-bamboo-bedding-set-cuddle-pink-400tc?variant_sku=4444414020060,https://cdn.shopify.com/s/files/1/0884/0278/8685/files/bamboo-bedding-set-cuddle-pink-2-person-bedroom-lifestyle.jpg?v=1786105518,"https://cdn.shopify.com/s/files/1/0884/0278/8685/files/bamboo-bedding-set-cuddle-pink-2-person-button-detail.jpg?v=1786105527,https://cdn.shopify.com/s/files/1/0884/0278/8685/files/bamboo-bedding-set-cuddle-pink-2-person-bed-styled.jpg?v=1786105537,https://cdn.shopify.com/s/files/1/0884/0278/8685/files/bamboo-bedding-set-cuddle-pink-2-person-fabric-fold.jpg?v=1786105543,https://cdn.shopify.com/s/files/1/0884/0278/8685/files/bamboo-bedding-set-cuddle-pink-2-person-bedroom-mirror.jpg?v=1786105551,https://cdn.shopify.com/s/files/1/0884/0278/8685/files/bamboo-bedding-set-cuddle-pink-2-person-fabric-drape.jpg?v=1786105558,https://cdn.shopify.com/s/files/1/0884/0278/8685/files/bamboo-bedding-set-cuddle-pink-2-person-tie-detail.jpg?v=1786105565,https://cdn.shopify.com/s/files/1/0884/0278/8685/files/bamboo-bedding-set-cuddle-pink-2-person-bedroom-wide.jpg?v=1786105572,https://cdn.shopify.com/s/files/1/0884/0278/8685/files/bamboo-bedding-set-cuddle-pink-2-person-bedroom-chair.jpg?v=1786105581,https://cdn.shopify.com/s/files/1/0884/0278/8685/files/bamboo-bedding-set-cuddle-pink-2-person-bed-full.jpg?v=1786105588,https://cdn.shopify.com/s/files/1/0884/0278/8685/files/bamboo-bedding-set-cuddle-pink-2-person-fitted-sheet-detail.jpg?v=1786105595",out_of_stock,561.00 EUR,Boomba Bamboo,new,,4444414020060,2-person-bamboo-bedding-set-cuddle-pink-400tc,Cuddle Pink,M — 140×200 + 200×220 + 60×70,100% Bamboo (Tanboocel™)
4444416020060,"Parure de lit en bambou pour 2 personnes, couleur « Cuddle Pink », 400TC","Un ensemble de literie en bambou 400TC, chaleureux et douillet, pour deux personnes, dans la teinte « Cuddle Pink » : respirant, hypoallergénique et doux pour la peau, pour une nuit de sommeil digne d'un hôtel.",https://www.maisondecocon.com/fr/products/2-person-bamboo-bedding-set-cuddle-pink-400tc?variant_sku=4444416020060,https://cdn.shopify.com/s/files/1/0884/0278/8685/files/bamboo-bedding-set-cuddle-pink-2-person-bedroom-lifestyle.jpg?v=1786105518,"https://cdn.shopify.com/s/files/1/0884/0278/8685/files/bamboo-bedding-set-cuddle-pink-2-person-button-detail.jpg?v=1786105527,https://cdn.shopify.com/s/files/1/0884/0278/8685/files/bamboo-bedding-set-cuddle-pink-2-person-bed-styled.jpg?v=1786105537,https://cdn.shopify.com/s/files/1/0884/0278/8685/files/bamboo-bedding-set-cuddle-pink-2-person-fabric-fold.jpg?v=1786105543,https://cdn.shopify.com/s/files/1/0884/0278/8685/files/bamboo-bedding-set-cuddle-pink-2-person-bedroom-mirror.jpg?v=1786105551,https://cdn.shopify.com/s/files/1/0884/0278/8685/files/bamboo-bedding-set-cuddle-pink-2-person-fabric-drape.jpg?v=1786105558,https://cdn.shopify.com/s/files/1/0884/0278/8685/files/bamboo-bedding-set-cuddle-pink-2-person-tie-detail.jpg?v=1786105565,https://cdn.shopify.com/s/files/1/0884/0278/8685/files/bamboo-bedding-set-cuddle-pink-2-person-bedroom-wide.jpg?v=1786105572,https://cdn.shopify.com/s/files/1/0884/0278/8685/files/bamboo-bedding-set-cuddle-pink-2-person-bedroom-chair.jpg?v=1786105581,https://cdn.shopify.com/s/files/1/0884/0278/8685/files/bamboo-bedding-set-cuddle-pink-2-person-bed-full.jpg?v=1786105588,https://cdn.shopify.com/s/files/1/0884/0278/8685/files/bamboo-bedding-set-cuddle-pink-2-person-fitted-sheet-detail.jpg?v=1786105595",out_of_stock,564.00 EUR,Boomba Bamboo,new,,4444416020060,2-person-bamboo-bedding-set-cuddle-pink-400tc,Cuddle Pink,L — 160×200 + 200×220 + 60×70,100% Bamboo (Tanboocel™)
4444418024060,"Parure de lit en bambou pour 2 personnes, couleur « Cuddle Pink », 400TC","Un ensemble de literie en bambou 400TC, chaleureux et douillet, pour deux personnes, dans la teinte « Cuddle Pink » : respirant, hypoallergénique et doux pour la peau, pour une nuit de sommeil digne d'un hôtel.",https://www.maisondecocon.com/fr/products/2-person-bamboo-bedding-set-cuddle-pink-400tc?variant_sku=4444418024060,https://cdn.shopify.com/s/files/1/0884/0278/8685/files/bamboo-bedding-set-cuddle-pink-2-person-bedroom-lifestyle.jpg?v=1786105518,"https://cdn.shopify.com/s/files/1/0884/0278/8685/files/bamboo-bedding-set-cuddle-pink-2-person-button-detail.jpg?v=1786105527,https://cdn.shopify.com/s/files/1/0884/0278/8685/files/bamboo-bedding-set-cuddle-pink-2-person-bed-styled.jpg?v=1786105537,https://cdn.shopify.com/s/files/1/0884/0278/8685/files/bamboo-bedding-set-cuddle-pink-2-person-fabric-fold.jpg?v=1786105543,https://cdn.shopify.com/s/files/1/0884/0278/8685/files/bamboo-bedding-set-cuddle-pink-2-person-bedroom-mirror.jpg?v=1786105551,https://cdn.shopify.com/s/files/1/0884/0278/8685/files/bamboo-bedding-set-cuddle-pink-2-person-fabric-drape.jpg?v=1786105558,https://cdn.shopify.com/s/files/1/0884/0278/8685/files/bamboo-bedding-set-cuddle-pink-2-person-tie-detail.jpg?v=1786105565,https://cdn.shopify.com/s/files/1/0884/0278/8685/files/bamboo-bedding-set-cuddle-pink-2-person-bedroom-wide.jpg?v=1786105572,https://cdn.shopify.com/s/files/1/0884/0278/8685/files/bamboo-bedding-set-cuddle-pink-2-person-bedroom-chair.jpg?v=1786105581,https://cdn.shopify.com/s/files/1/0884/0278/8685/files/bamboo-bedding-set-cuddle-pink-2-person-bed-full.jpg?v=1786105588,https://cdn.shopify.com/s/files/1/0884/0278/8685/files/bamboo-bedding-set-cuddle-pink-2-person-fitted-sheet-detail.jpg?v=1786105595",in_stock,642.00 EUR,Boomba Bamboo,new,,4444418024060,2-person-bamboo-bedding-set-cuddle-pink-400tc,Cuddle Pink,XL — 180×200 + 240×220 + 60×70,100% Bamboo (Tanboocel™)
3333318024060,"Parure de lit en bambou pour 2 personnes, vert sauge, 400TC","Un ensemble de literie en bambou naturel et apaisant, 400TC, pour deux personnes, de couleur vert sauge : respirant, hypoallergénique et doux pour la peau, pour une nuit de sommeil digne d'un hôtel.",https://www.maisondecocon.com/fr/products/2-person-bamboo-bedding-set-sage-green-400tc?variant_sku=3333318024060,https://cdn.shopify.com/s/files/1/0884/0278/8685/files/bamboo-bedding-set-sage-green-2-person-bedroom-lifestyle.jpg?v=1786105890,"https://cdn.shopify.com/s/files/1/0884/0278/8685/files/bamboo-bedding-set-sage-green-2-person-button-detail.jpg?v=1786105898,https://cdn.shopify.com/s/files/1/0884/0278/8685/files/bamboo-bedding-set-sage-green-2-person-bedroom-wood-frame.jpg?v=1786106198,https://cdn.shopify.com/s/files/1/0884/0278/8685/files/bamboo-bedding-set-sage-green-2-person-tie-detail.jpg?v=1786106207,https://cdn.shopify.com/s/files/1/0884/0278/8685/files/bamboo-bedding-set-sage-green-2-person-fabric-drape.jpg?v=1786106216,https://cdn.shopify.com/s/files/1/0884/0278/8685/files/bamboo-bedding-set-sage-green-2-person-bedroom-chair.jpg?v=1786106224,https://cdn.shopify.com/s/files/1/0884/0278/8685/files/bamboo-bedding-set-sage-green-2-person-bedroom-window.jpg?v=1786106240,https://cdn.shopify.com/s/files/1/0884/0278/8685/files/bamboo-bedding-set-sage-green-2-person-fitted-sheet-detail.jpg?v=1786106249,https://cdn.shopify.com/s/files/1/0884/0278/8685/files/bamboo-bedding-set-sage-green-2-person-bedroom-window-02.jpg?v=1786106285,https://cdn.shopify.com/s/files/1/0884/0278/8685/files/bamboo-bedding-set-sage-green-2-person-bed-corner.jpg?v=1786106294,https://cdn.shopify.com/s/files/1/0884/0278/8685/files/bamboo-bedding-set-sage-green-2-person-bedroom-front.jpg?v=1786106321",out_of_stock,642.00 EUR,Boomba Bamboo,new,,3333318024060,2-person-bamboo-bedding-set-sage-green-400tc,Sage Green,XL — 180×200 + 240×220 + 60×70,Material: 100% Bamboo (Tanboocel™)
3333314020060,"Parure de lit en bambou pour 2 personnes, vert sauge, 400TC","Un ensemble de literie en bambou naturel et apaisant, 400TC, pour deux personnes, de couleur vert sauge : respirant, hypoallergénique et doux pour la peau, pour une nuit de sommeil digne d'un hôtel.",https://www.maisondecocon.com/fr/products/2-person-bamboo-bedding-set-sage-green-400tc?variant_sku=3333314020060,https://cdn.shopify.com/s/files/1/0884/0278/8685/files/bamboo-bedding-set-sage-green-2-person-bedroom-lifestyle.jpg?v=1786105890,"https://cdn.shopify.com/s/files/1/0884/0278/8685/files/bamboo-bedding-set-sage-green-2-person-button-detail.jpg?v=1786105898,https://cdn.shopify.com/s/files/1/0884/0278/8685/files/bamboo-bedding-set-sage-green-2-person-bedroom-wood-frame.jpg?v=1786106198,https://cdn.shopify.com/s/files/1/0884/0278/8685/files/bamboo-bedding-set-sage-green-2-person-tie-detail.jpg?v=1786106207,https://cdn.shopify.com/s/files/1/0884/0278/8685/files/bamboo-bedding-set-sage-green-2-person-fabric-drape.jpg?v=1786106216,https://cdn.shopify.com/s/files/1/0884/0278/8685/files/bamboo-bedding-set-sage-green-2-person-bedroom-chair.jpg?v=1786106224,https://cdn.shopify.com/s/files/1/0884/0278/8685/files/bamboo-bedding-set-sage-green-2-person-bedroom-window.jpg?v=1786106240,https://cdn.shopify.com/s/files/1/0884/0278/8685/files/bamboo-bedding-set-sage-green-2-person-fitted-sheet-detail.jpg?v=1786106249,https://cdn.shopify.com/s/files/1/0884/0278/8685/files/bamboo-bedding-set-sage-green-2-person-bedroom-window-02.jpg?v=1786106285,https://cdn.shopify.com/s/files/1/0884/0278/8685/files/bamboo-bedding-set-sage-green-2-person-bed-corner.jpg?v=1786106294,https://cdn.shopify.com/s/files/1/0884/0278/8685/files/bamboo-bedding-set-sage-green-2-person-bedroom-front.jpg?v=1786106321",in_stock,561.00 EUR,Boomba Bamboo,new,,3333314020060,2-person-bamboo-bedding-set-sage-green-400tc,Sage Green,M — 140×200 + 200×220 + 60×70,Material: 100% Bamboo (Tanboocel™)
3333316020060,"Parure de lit en bambou pour 2 personnes, vert sauge, 400TC","Un ensemble de literie en bambou naturel et apaisant, 400TC, pour deux personnes, de couleur vert sauge : respirant, hypoallergénique et doux pour la peau, pour une nuit de sommeil digne d'un hôtel.",https://www.maisondecocon.com/fr/products/2-person-bamboo-bedding-set-sage-green-400tc?variant_sku=3333316020060,https://cdn.shopify.com/s/files/1/0884/0278/8685/files/bamboo-bedding-set-sage-green-2-person-bedroom-lifestyle.jpg?v=1786105890,"https://cdn.shopify.com/s/files/1/0884/0278/8685/files/bamboo-bedding-set-sage-green-2-person-button-detail.jpg?v=1786105898,https://cdn.shopify.com/s/files/1/0884/0278/8685/files/bamboo-bedding-set-sage-green-2-person-bedroom-wood-frame.jpg?v=1786106198,https://cdn.shopify.com/s/files/1/0884/0278/8685/files/bamboo-bedding-set-sage-green-2-person-tie-detail.jpg?v=1786106207,https://cdn.shopify.com/s/files/1/0884/0278/8685/files/bamboo-bedding-set-sage-green-2-person-fabric-drape.jpg?v=1786106216,https://cdn.shopify.com/s/files/1/0884/0278/8685/files/bamboo-bedding-set-sage-green-2-person-bedroom-chair.jpg?v=1786106224,https://cdn.shopify.com/s/files/1/0884/0278/8685/files/bamboo-bedding-set-sage-green-2-person-bedroom-window.jpg?v=1786106240,https://cdn.shopify.com/s/files/1/0884/0278/8685/files/bamboo-bedding-set-sage-green-2-person-fitted-sheet-detail.jpg?v=1786106249,https://cdn.shopify.com/s/files/1/0884/0278/8685/files/bamboo-bedding-set-sage-green-2-person-bedroom-window-02.jpg?v=1786106285,https://cdn.shopify.com/s/files/1/0884/0278/8685/files/bamboo-bedding-set-sage-green-2-person-bed-corner.jpg?v=1786106294,https://cdn.shopify.com/s/files/1/0884/0278/8685/files/bamboo-bedding-set-sage-green-2-person-bedroom-front.jpg?v=1786106321",in_stock,564.00 EUR,Boomba Bamboo,new,,3333316020060,2-person-bamboo-bedding-set-sage-green-400tc,Sage Green,L — 160×200 + 200×220 + 60×70,Material: 100% Bamboo (Tanboocel™)
3333200026060,"Parure de lit en bambou pour 2 personnes, vert sauge, 400TC","Un ensemble de literie en bambou naturel et apaisant, 400TC, pour deux personnes, de couleur vert sauge : respirant, hypoallergénique et doux pour la peau, pour une nuit de sommeil digne d'un hôtel.",https://www.maisondecocon.com/fr/products/2-person-bamboo-bedding-set-sage-green-400tc?variant_sku=3333200026060,https://cdn.shopify.com/s/files/1/0884/0278/8685/files/bamboo-bedding-set-sage-green-2-person-bedroom-lifestyle.jpg?v=1786105890,"https://cdn.shopify.com/s/files/1/0884/0278/8685/files/bamboo-bedding-set-sage-green-2-person-button-detail.jpg?v=1786105898,https://cdn.shopify.com/s/files/1/0884/0278/8685/files/bamboo-bedding-set-sage-green-2-person-bedroom-wood-frame.jpg?v=1786106198,https://cdn.shopify.com/s/files/1/0884/0278/8685/files/bamboo-bedding-set-sage-green-2-person-tie-detail.jpg?v=1786106207,https://cdn.shopify.com/s/files/1/0884/0278/8685/files/bamboo-bedding-set-sage-green-2-person-fabric-drape.jpg?v=1786106216,https://cdn.shopify.com/s/files/1/0884/0278/8685/files/bamboo-bedding-set-sage-green-2-person-bedroom-chair.jpg?v=1786106224,https://cdn.shopify.com/s/files/1/0884/0278/8685/files/bamboo-bedding-set-sage-green-2-person-bedroom-window.jpg?v=1786106240,https://cdn.shopify.com/s/files/1/0884/0278/8685/files/bamboo-bedding-set-sage-green-2-person-fitted-sheet-detail.jpg?v=1786106249,https://cdn.shopify.com/s/files/1/0884/0278/8685/files/bamboo-bedding-set-sage-green-2-person-bedroom-window-02.jpg?v=1786106285,https://cdn.shopify.com/s/files/1/0884/0278/8685/files/bamboo-bedding-set-sage-green-2-person-bed-corner.jpg?v=1786106294,https://cdn.shopify.com/s/files/1/0884/0278/8685/files/bamboo-bedding-set-sage-green-2-person-bedroom-front.jpg?v=1786106321",in_stock,669.00 EUR,Boomba Bamboo,new,,3333200026060,2-person-bamboo-bedding-set-sage-green-400tc,Sage Green,XXL — 200×200 + 260×240 + 60×70,Material: 100% Bamboo (Tanboocel™)
8888886020060,"Parure de lit en bambou pour 2 personnes, « Lavender Mist », 400TC","Un ensemble de literie en bambou 400TC, doux et apaisant, pour deux personnes, dans la teinte « Lavender Mist » : respirant, hypoallergénique et doux pour la peau, pour une nuit de sommeil digne d'un hôtel.",https://www.maisondecocon.com/fr/products/2-person-bamboo-bedding-set-lavender-mist-400tc?variant_sku=8888886020060,https://cdn.shopify.com/s/files/1/0884/0278/8685/files/bamboo-bedding-set-lavender-mist-2-person-bedroom-lifestyle.jpg?v=1786104978,"https://cdn.shopify.com/s/files/1/0884/0278/8685/files/bamboo-bedding-set-lavender-mist-2-person-button-detail.jpg?v=1786104989,https://cdn.shopify.com/s/files/1/0884/0278/8685/files/bamboo-bedding-set-lavender-mist-2-person-bedroom-wood-frame.jpg?v=1786105000,https://cdn.shopify.com/s/files/1/0884/0278/8685/files/bamboo-bedding-set-lavender-mist-2-person-fabric-drape.jpg?v=1786105009,https://cdn.shopify.com/s/files/1/0884/0278/8685/files/bamboo-bedding-set-lavender-mist-2-person-tie-detail.jpg?v=1786105031,https://cdn.shopify.com/s/files/1/0884/0278/8685/files/bamboo-bedding-set-lavender-mist-2-person-bedroom-plant.jpg?v=1786105040,https://cdn.shopify.com/s/files/1/0884/0278/8685/files/bamboo-bedding-set-lavender-mist-2-person-bed-styled.jpg?v=1786105049,https://cdn.shopify.com/s/files/1/0884/0278/8685/files/bamboo-bedding-set-lavender-mist-2-person-bedroom-wide.jpg?v=1786105058,https://cdn.shopify.com/s/files/1/0884/0278/8685/files/bamboo-bedding-set-lavender-mist-2-person-fabric-fold.jpg?v=1786105067,https://cdn.shopify.com/s/files/1/0884/0278/8685/files/bamboo-bedding-set-lavender-mist-2-person-fitted-sheet-corner.jpg?v=1786105077,https://cdn.shopify.com/s/files/1/0884/0278/8685/files/bamboo-bedding-set-lavender-mist-2-person-pillows-chair.jpg?v=1786105105",in_stock,564.00 EUR,Boomba Bamboo,new,,8888886020060,2-person-bamboo-bedding-set-lavender-mist-400tc,Lavender Mist,L — 160×200 + 200×220 + 60×70,100% Bamboo (Tanboocel™)
8888888024060,"Parure de lit en bambou pour 2 personnes, « Lavender Mist », 400TC","Un ensemble de literie en bambou 400TC, doux et apaisant, pour deux personnes, dans la teinte « Lavender Mist » : respirant, hypoallergénique et doux pour la peau, pour une nuit de sommeil digne d'un hôtel.",https://www.maisondecocon.com/fr/products/2-person-bamboo-bedding-set-lavender-mist-400tc?variant_sku=8888888024060,https://cdn.shopify.com/s/files/1/0884/0278/8685/files/bamboo-bedding-set-lavender-mist-2-person-bedroom-lifestyle.jpg?v=1786104978,"https://cdn.shopify.com/s/files/1/0884/0278/8685/files/bamboo-bedding-set-lavender-mist-2-person-button-detail.jpg?v=1786104989,https://cdn.shopify.com/s/files/1/0884/0278/8685/files/bamboo-bedding-set-lavender-mist-2-person-bedroom-wood-frame.jpg?v=1786105000,https://cdn.shopify.com/s/files/1/0884/0278/8685/files/bamboo-bedding-set-lavender-mist-2-person-fabric-drape.jpg?v=1786105009,https://cdn.shopify.com/s/files/1/0884/0278/8685/files/bamboo-bedding-set-lavender-mist-2-person-tie-detail.jpg?v=1786105031,https://cdn.shopify.com/s/files/1/0884/0278/8685/files/bamboo-bedding-set-lavender-mist-2-person-bedroom-plant.jpg?v=1786105040,https://cdn.shopify.com/s/files/1/0884/0278/8685/files/bamboo-bedding-set-lavender-mist-2-person-bed-styled.jpg?v=1786105049,https://cdn.shopify.com/s/files/1/0884/0278/8685/files/bamboo-bedding-set-lavender-mist-2-person-bedroom-wide.jpg?v=1786105058,https://cdn.shopify.com/s/files/1/0884/0278/8685/files/bamboo-bedding-set-lavender-mist-2-person-fabric-fold.jpg?v=1786105067,https://cdn.shopify.com/s/files/1/0884/0278/8685/files/bamboo-bedding-set-lavender-mist-2-person-fitted-sheet-corner.jpg?v=1786105077,https://cdn.shopify.com/s/files/1/0884/0278/8685/files/bamboo-bedding-set-lavender-mist-2-person-pillows-chair.jpg?v=1786105105",in_stock,642.00 EUR,Boomba Bamboo,new,,8888888024060,2-person-bamboo-bedding-set-lavender-mist-400tc,Lavender Mist,XL — 180×200 + 240×220 + 60×70,100% Bamboo (Tanboocel™)
8888884020060,"Parure de lit en bambou pour 2 personnes, « Lavender Mist », 400TC","Un ensemble de literie en bambou 400TC, doux et apaisant, pour deux personnes, dans la teinte « Lavender Mist » : respirant, hypoallergénique et doux pour la peau, pour une nuit de sommeil digne d'un hôtel.",https://www.maisondecocon.com/fr/products/2-person-bamboo-bedding-set-lavender-mist-400tc?variant_sku=8888884020060,https://cdn.shopify.com/s/files/1/0884/0278/8685/files/bamboo-bedding-set-lavender-mist-2-person-bedroom-lifestyle.jpg?v=1786104978,"https://cdn.shopify.com/s/files/1/0884/0278/8685/files/bamboo-bedding-set-lavender-mist-2-person-button-detail.jpg?v=1786104989,https://cdn.shopify.com/s/files/1/0884/0278/8685/files/bamboo-bedding-set-lavender-mist-2-person-bedroom-wood-frame.jpg?v=1786105000,https://cdn.shopify.com/s/files/1/0884/0278/8685/files/bamboo-bedding-set-lavender-mist-2-person-fabric-drape.jpg?v=1786105009,https://cdn.shopify.com/s/files/1/0884/0278/8685/files/bamboo-bedding-set-lavender-mist-2-person-tie-detail.jpg?v=1786105031,https://cdn.shopify.com/s/files/1/0884/0278/8685/files/bamboo-bedding-set-lavender-mist-2-person-bedroom-plant.jpg?v=1786105040,https://cdn.shopify.com/s/files/1/0884/0278/8685/files/bamboo-bedding-set-lavender-mist-2-person-bed-styled.jpg?v=1786105049,https://cdn.shopify.com/s/files/1/0884/0278/8685/files/bamboo-bedding-set-lavender-mist-2-person-bedroom-wide.jpg?v=1786105058,https://cdn.shopify.com/s/files/1/0884/0278/8685/files/bamboo-bedding-set-lavender-mist-2-person-fabric-fold.jpg?v=1786105067,https://cdn.shopify.com/s/files/1/0884/0278/8685/files/bamboo-bedding-set-lavender-mist-2-person-fitted-sheet-corner.jpg?v=1786105077,https://cdn.shopify.com/s/files/1/0884/0278/8685/files/bamboo-bedding-set-lavender-mist-2-person-pillows-chair.jpg?v=1786105105",in_stock,561.00 EUR,Boomba Bamboo,new,,8888884020060,2-person-bamboo-bedding-set-lavender-mist-400tc,Lavender Mist,M — 140×200 + 200×220 + 60×70,100% Bamboo (Tanboocel™)
88888820026060,"Parure de lit en bambou pour 2 personnes, « Lavender Mist », 400TC","Un ensemble de literie en bambou 400TC, doux et apaisant, pour deux personnes, dans la teinte « Lavender Mist » : respirant, hypoallergénique et doux pour la peau, pour une nuit de sommeil digne d'un hôtel.",https://www.maisondecocon.com/fr/products/2-person-bamboo-bedding-set-lavender-mist-400tc?variant_sku=88888820026060,https://cdn.shopify.com/s/files/1/0884/0278/8685/files/bamboo-bedding-set-lavender-mist-2-person-bedroom-lifestyle.jpg?v=1786104978,"https://cdn.shopify.com/s/files/1/0884/0278/8685/files/bamboo-bedding-set-lavender-mist-2-person-button-detail.jpg?v=1786104989,https://cdn.shopify.com/s/files/1/0884/0278/8685/files/bamboo-bedding-set-lavender-mist-2-person-bedroom-wood-frame.jpg?v=1786105000,https://cdn.shopify.com/s/files/1/0884/0278/8685/files/bamboo-bedding-set-lavender-mist-2-person-fabric-drape.jpg?v=1786105009,https://cdn.shopify.com/s/files/1/0884/0278/8685/files/bamboo-bedding-set-lavender-mist-2-person-tie-detail.jpg?v=1786105031,https://cdn.shopify.com/s/files/1/0884/0278/8685/files/bamboo-bedding-set-lavender-mist-2-person-bedroom-plant.jpg?v=1786105040,https://cdn.shopify.com/s/files/1/0884/0278/8685/files/bamboo-bedding-set-lavender-mist-2-person-bed-styled.jpg?v=1786105049,https://cdn.shopify.com/s/files/1/0884/0278/8685/files/bamboo-bedding-set-lavender-mist-2-person-bedroom-wide.jpg?v=1786105058,https://cdn.shopify.com/s/files/1/0884/0278/8685/files/bamboo-bedding-set-lavender-mist-2-person-fabric-fold.jpg?v=1786105067,https://cdn.shopify.com/s/files/1/0884/0278/8685/files/bamboo-bedding-set-lavender-mist-2-person-fitted-sheet-corner.jpg?v=1786105077,https://cdn.shopify.com/s/files/1/0884/0278/8685/files/bamboo-bedding-set-lavender-mist-2-person-pillows-chair.jpg?v=1786105105",in_stock,669.00 EUR,Boomba Bamboo,new,,88888820026060,2-person-bamboo-bedding-set-lavender-mist-400tc,Lavender Mist,XXL — 200×200 + 260×240 + 60×70,100% Bamboo (Tanboocel™)
2222218024060,"Parure de lit en bambou pour 2 personnes, Space Blue, 400TC","Un ensemble de literie en bambou moderne et épais, 400TC, pour deux personnes, dans la teinte « Space Blue » : respirant, hypoallergénique et doux pour la peau, pour une nuit de sommeil digne d'un hôtel.",https://www.maisondecocon.com/fr/products/2-person-bamboo-bedding-set-space-blue-400tc?variant_sku=2222218024060,https://cdn.shopify.com/s/files/1/0884/0278/8685/files/bamboo-bedding-set-space-blue-2-person-bedroom-lifestyle.jpg?v=1786104405,"https://cdn.shopify.com/s/files/1/0884/0278/8685/files/bamboo-bedding-set-space-blue-2-person-button-detail.jpg?v=1786104413,https://cdn.shopify.com/s/files/1/0884/0278/8685/files/bamboo-bedding-set-space-blue-2-person-bed-styled.jpg?v=1786104422,https://cdn.shopify.com/s/files/1/0884/0278/8685/files/bamboo-bedding-set-space-blue-2-person-linen-stack.jpg?v=1786104430,https://cdn.shopify.com/s/files/1/0884/0278/8685/files/bamboo-bedding-set-space-blue-2-person-bedroom-window.jpg?v=1786104438,https://cdn.shopify.com/s/files/1/0884/0278/8685/files/bamboo-bedding-set-space-blue-2-person-bedroom-wood-frame.jpg?v=1786104447,https://cdn.shopify.com/s/files/1/0884/0278/8685/files/bamboo-bedding-set-space-blue-2-person-bedroom-chairs.jpg?v=1786104455,https://cdn.shopify.com/s/files/1/0884/0278/8685/files/bamboo-bedding-set-space-blue-2-person-pillows-detail.jpg?v=1786104465,https://cdn.shopify.com/s/files/1/0884/0278/8685/files/bamboo-bedding-set-space-blue-2-person-pillow-single.jpg?v=1786104475,https://cdn.shopify.com/s/files/1/0884/0278/8685/files/bamboo-bedding-set-space-blue-2-person-fabric-drape.jpg?v=1786104484,https://cdn.shopify.com/s/files/1/0884/0278/8685/files/bamboo-bedding-set-space-blue-2-person-tie-detail.jpg?v=1786104492",in_stock,642.00 EUR,Boomba Bamboo,new,,2222218024060,2-person-bamboo-bedding-set-space-blue-400tc,Space Blue,XL — 180×200 + 240×220 + 60×70,100% Bamboo (Tanboocel™)
2222216020060,"Parure de lit en bambou pour 2 personnes, Space Blue, 400TC","Un ensemble de literie en bambou moderne et épais, 400TC, pour deux personnes, dans la teinte « Space Blue » : respirant, hypoallergénique et doux pour la peau, pour une nuit de sommeil digne d'un hôtel.",https://www.maisondecocon.com/fr/products/2-person-bamboo-bedding-set-space-blue-400tc?variant_sku=2222216020060,https://cdn.shopify.com/s/files/1/0884/0278/8685/files/bamboo-bedding-set-space-blue-2-person-bedroom-lifestyle.jpg?v=1786104405,"https://cdn.shopify.com/s/files/1/0884/0278/8685/files/bamboo-bedding-set-space-blue-2-person-button-detail.jpg?v=1786104413,https://cdn.shopify.com/s/files/1/0884/0278/8685/files/bamboo-bedding-set-space-blue-2-person-bed-styled.jpg?v=1786104422,https://cdn.shopify.com/s/files/1/0884/0278/8685/files/bamboo-bedding-set-space-blue-2-person-linen-stack.jpg?v=1786104430,https://cdn.shopify.com/s/files/1/0884/0278/8685/files/bamboo-bedding-set-space-blue-2-person-bedroom-window.jpg?v=1786104438,https://cdn.shopify.com/s/files/1/0884/0278/8685/files/bamboo-bedding-set-space-blue-2-person-bedroom-wood-frame.jpg?v=1786104447,https://cdn.shopify.com/s/files/1/0884/0278/8685/files/bamboo-bedding-set-space-blue-2-person-bedroom-chairs.jpg?v=1786104455,https://cdn.shopify.com/s/files/1/0884/0278/8685/files/bamboo-bedding-set-space-blue-2-person-pillows-detail.jpg?v=1786104465,https://cdn.shopify.com/s/files/1/0884/0278/8685/files/bamboo-bedding-set-space-blue-2-person-pillow-single.jpg?v=1786104475,https://cdn.shopify.com/s/files/1/0884/0278/8685/files/bamboo-bedding-set-space-blue-2-person-fabric-drape.jpg?v=1786104484,https://cdn.shopify.com/s/files/1/0884/0278/8685/files/bamboo-bedding-set-space-blue-2-person-tie-detail.jpg?v=1786104492",in_stock,564.00 EUR,Boomba Bamboo,new,,2222216020060,2-person-bamboo-bedding-set-space-blue-400tc,Space Blue,L — 160×200 + 200×220 + 60×70,100% Bamboo (Tanboocel™)
2222220026060,"Parure de lit en bambou pour 2 personnes, Space Blue, 400TC","Un ensemble de literie en bambou moderne et épais, 400TC, pour deux personnes, dans la teinte « Space Blue » : respirant, hypoallergénique et doux pour la peau, pour une nuit de sommeil digne d'un hôtel.",https://www.maisondecocon.com/fr/products/2-person-bamboo-bedding-set-space-blue-400tc?variant_sku=2222220026060,https://cdn.shopify.com/s/files/1/0884/0278/8685/files/bamboo-bedding-set-space-blue-2-person-bedroom-lifestyle.jpg?v=1786104405,"https://cdn.shopify.com/s/files/1/0884/0278/8685/files/bamboo-bedding-set-space-blue-2-person-button-detail.jpg?v=1786104413,https://cdn.shopify.com/s/files/1/0884/0278/8685/files/bamboo-bedding-set-space-blue-2-person-bed-styled.jpg?v=1786104422,https://cdn.shopify.com/s/files/1/0884/0278/8685/files/bamboo-bedding-set-space-blue-2-person-linen-stack.jpg?v=1786104430,https://cdn.shopify.com/s/files/1/0884/0278/8685/files/bamboo-bedding-set-space-blue-2-person-bedroom-window.jpg?v=1786104438,https://cdn.shopify.com/s/files/1/0884/0278/8685/files/bamboo-bedding-set-space-blue-2-person-bedroom-wood-frame.jpg?v=1786104447,https://cdn.shopify.com/s/files/1/0884/0278/8685/files/bamboo-bedding-set-space-blue-2-person-bedroom-chairs.jpg?v=1786104455,https://cdn.shopify.com/s/files/1/0884/0278/8685/files/bamboo-bedding-set-space-blue-2-person-pillows-detail.jpg?v=1786104465,https://cdn.shopify.com/s/files/1/0884/0278/8685/files/bamboo-bedding-set-space-blue-2-person-pillow-single.jpg?v=1786104475,https://cdn.shopify.com/s/files/1/0884/0278/8685/files/bamboo-bedding-set-space-blue-2-person-fabric-drape.jpg?v=1786104484,https://cdn.shopify.com/s/files/1/0884/0278/8685/files/bamboo-bedding-set-space-blue-2-person-tie-detail.jpg?v=1786104492",in_stock,669.00 EUR,Boomba Bamboo,new,,2222220026060,2-person-bamboo-bedding-set-space-blue-400tc,Space Blue,XXL — 200×200 + 260×240 + 60×70,100% Bamboo (Tanboocel™)
2222214020060,"Parure de lit en bambou pour 2 personnes, Space Blue, 400TC","Un ensemble de literie en bambou moderne et épais, 400TC, pour deux personnes, dans la teinte « Space Blue » : respirant, hypoallergénique et doux pour la peau, pour une nuit de sommeil digne d'un hôtel.",https://www.maisondecocon.com/fr/products/2-person-bamboo-bedding-set-space-blue-400tc?variant_sku=2222214020060,https://cdn.shopify.com/s/files/1/0884/0278/8685/files/bamboo-bedding-set-space-blue-2-person-bedroom-lifestyle.jpg?v=1786104405,"https://cdn.shopify.com/s/files/1/0884/0278/8685/files/bamboo-bedding-set-space-blue-2-person-button-detail.jpg?v=1786104413,https://cdn.shopify.com/s/files/1/0884/0278/8685/files/bamboo-bedding-set-space-blue-2-person-bed-styled.jpg?v=1786104422,https://cdn.shopify.com/s/files/1/0884/0278/8685/files/bamboo-bedding-set-space-blue-2-person-linen-stack.jpg?v=1786104430,https://cdn.shopify.com/s/files/1/0884/0278/8685/files/bamboo-bedding-set-space-blue-2-person-bedroom-window.jpg?v=1786104438,https://cdn.shopify.com/s/files/1/0884/0278/8685/files/bamboo-bedding-set-space-blue-2-person-bedroom-wood-frame.jpg?v=1786104447,https://cdn.shopify.com/s/files/1/0884/0278/8685/files/bamboo-bedding-set-space-blue-2-person-bedroom-chairs.jpg?v=1786104455,https://cdn.shopify.com/s/files/1/0884/0278/8685/files/bamboo-bedding-set-space-blue-2-person-pillows-detail.jpg?v=1786104465,https://cdn.shopify.com/s/files/1/0884/0278/8685/files/bamboo-bedding-set-space-blue-2-person-pillow-single.jpg?v=1786104475,https://cdn.shopify.com/s/files/1/0884/0278/8685/files/bamboo-bedding-set-space-blue-2-person-fabric-drape.jpg?v=1786104484,https://cdn.shopify.com/s/files/1/0884/0278/8685/files/bamboo-bedding-set-space-blue-2-person-tie-detail.jpg?v=1786104492",in_stock,561.00 EUR,Boomba Bamboo,new,,2222214020060,2-person-bamboo-bedding-set-space-blue-400tc,Space Blue,M — 140×200 + 200×220 + 60×70,100% Bamboo (Tanboocel™)
1111118024060,"Parure de lit en bambou pour 2 personnes, couleur taupe clair, 400TC","Un ensemble de literie en bambou 400TC, chaleureux et élégant, pour deux personnes, dans la teinte « Soft Taupe » : respirant, hypoallergénique et doux pour la peau, pour une nuit de sommeil digne d'un hôtel.",https://www.maisondecocon.com/fr/products/2-person-bamboo-bedding-set-soft-taupe-400tc?variant_sku=1111118024060,https://cdn.shopify.com/s/files/1/0884/0278/8685/files/bamboo-bedding-set-soft-taupe-2-person-bedroom-lifestyle.jpg?v=1786103879,"https://cdn.shopify.com/s/files/1/0884/0278/8685/files/bamboo-bedding-set-soft-taupe-2-person-button-detail.jpg?v=1786103935,https://cdn.shopify.com/s/files/1/0884/0278/8685/files/bamboo-bedding-set-soft-taupe-2-person-fabric-drape.jpg?v=1786103888,https://cdn.shopify.com/s/files/1/0884/0278/8685/files/bamboo-bedding-set-soft-taupe-2-person-fitted-sheet-detail.jpg?v=1786103896,https://cdn.shopify.com/s/files/1/0884/0278/8685/files/bamboo-bedding-set-soft-taupe-2-person-fabric-fold.jpg?v=1786103904,https://cdn.shopify.com/s/files/1/0884/0278/8685/files/bamboo-bedding-set-soft-taupe-2-person-bedroom-chair.jpg?v=1786103912,https://cdn.shopify.com/s/files/1/0884/0278/8685/files/bamboo-bedding-set-soft-taupe-2-person-bedroom-wide.jpg?v=1786103919,https://cdn.shopify.com/s/files/1/0884/0278/8685/files/bamboo-bedding-set-soft-taupe-2-person-bedroom-wood-frame.jpg?v=1786103927,https://cdn.shopify.com/s/files/1/0884/0278/8685/files/bamboo-bedding-set-soft-taupe-2-person-tie-detail.jpg?v=1786103944,https://cdn.shopify.com/s/files/1/0884/0278/8685/files/bamboo-bedding-set-soft-taupe-2-person-bed-full.jpg?v=1786103953,https://cdn.shopify.com/s/files/1/0884/0278/8685/files/bamboo-bedding-set-soft-taupe-2-person-pillows-detail.jpg?v=1786103960",out_of_stock,642.00 EUR,Boomba Bamboo,new,,1111118024060,2-person-bamboo-bedding-set-soft-taupe-400tc,Soft taupe,XL — 180×200 + 240×220 + 60×70,100% Bamboo (Tanboocel™)
1111116020060,"Parure de lit en bambou pour 2 personnes, couleur taupe clair, 400TC","Un ensemble de literie en bambou 400TC, chaleureux et élégant, pour deux personnes, dans la teinte « Soft Taupe » : respirant, hypoallergénique et doux pour la peau, pour une nuit de sommeil digne d'un hôtel.",https://www.maisondecocon.com/fr/products/2-person-bamboo-bedding-set-soft-taupe-400tc?variant_sku=1111116020060,https://cdn.shopify.com/s/files/1/0884/0278/8685/files/bamboo-bedding-set-soft-taupe-2-person-bedroom-lifestyle.jpg?v=1786103879,"https://cdn.shopify.com/s/files/1/0884/0278/8685/files/bamboo-bedding-set-soft-taupe-2-person-button-detail.jpg?v=1786103935,https://cdn.shopify.com/s/files/1/0884/0278/8685/files/bamboo-bedding-set-soft-taupe-2-person-fabric-drape.jpg?v=1786103888,https://cdn.shopify.com/s/files/1/0884/0278/8685/files/bamboo-bedding-set-soft-taupe-2-person-fitted-sheet-detail.jpg?v=1786103896,https://cdn.shopify.com/s/files/1/0884/0278/8685/files/bamboo-bedding-set-soft-taupe-2-person-fabric-fold.jpg?v=1786103904,https://cdn.shopify.com/s/files/1/0884/0278/8685/files/bamboo-bedding-set-soft-taupe-2-person-bedroom-chair.jpg?v=1786103912,https://cdn.shopify.com/s/files/1/0884/0278/8685/files/bamboo-bedding-set-soft-taupe-2-person-bedroom-wide.jpg?v=1786103919,https://cdn.shopify.com/s/files/1/0884/0278/8685/files/bamboo-bedding-set-soft-taupe-2-person-bedroom-wood-frame.jpg?v=1786103927,https://cdn.shopify.com/s/files/1/0884/0278/8685/files/bamboo-bedding-set-soft-taupe-2-person-tie-detail.jpg?v=1786103944,https://cdn.shopify.com/s/files/1/0884/0278/8685/files/bamboo-bedding-set-soft-taupe-2-person-bed-full.jpg?v=1786103953,https://cdn.shopify.com/s/files/1/0884/0278/8685/files/bamboo-bedding-set-soft-taupe-2-person-pillows-detail.jpg?v=1786103960",out_of_stock,564.00 EUR,Boomba Bamboo,new,,1111116020060,2-person-bamboo-bedding-set-soft-taupe-400tc,Soft taupe,L — 160×200 + 200×220 + 60×70,100% Bamboo (Tanboocel™)
1111120026060,"Parure de lit en bambou pour 2 personnes, couleur taupe clair, 400TC","Un ensemble de literie en bambou 400TC, chaleureux et élégant, pour deux personnes, dans la teinte « Soft Taupe » : respirant, hypoallergénique et doux pour la peau, pour une nuit de sommeil digne d'un hôtel.",https://www.maisondecocon.com/fr/products/2-person-bamboo-bedding-set-soft-taupe-400tc?variant_sku=1111120026060,https://cdn.shopify.com/s/files/1/0884/0278/8685/files/bamboo-bedding-set-soft-taupe-2-person-bedroom-lifestyle.jpg?v=1786103879,"https://cdn.shopify.com/s/files/1/0884/0278/8685/files/bamboo-bedding-set-soft-taupe-2-person-button-detail.jpg?v=1786103935,https://cdn.shopify.com/s/files/1/0884/0278/8685/files/bamboo-bedding-set-soft-taupe-2-person-fabric-drape.jpg?v=1786103888,https://cdn.shopify.com/s/files/1/0884/0278/8685/files/bamboo-bedding-set-soft-taupe-2-person-fitted-sheet-detail.jpg?v=1786103896,https://cdn.shopify.com/s/files/1/0884/0278/8685/files/bamboo-bedding-set-soft-taupe-2-person-fabric-fold.jpg?v=1786103904,https://cdn.shopify.com/s/files/1/0884/0278/8685/files/bamboo-bedding-set-soft-taupe-2-person-bedroom-chair.jpg?v=1786103912,https://cdn.shopify.com/s/files/1/0884/0278/8685/files/bamboo-bedding-set-soft-taupe-2-person-bedroom-wide.jpg?v=1786103919,https://cdn.shopify.com/s/files/1/0884/0278/8685/files/bamboo-bedding-set-soft-taupe-2-person-bedroom-wood-frame.jpg?v=1786103927,https://cdn.shopify.com/s/files/1/0884/0278/8685/files/bamboo-bedding-set-soft-taupe-2-person-tie-detail.jpg?v=1786103944,https://cdn.shopify.com/s/files/1/0884/0278/8685/files/bamboo-bedding-set-soft-taupe-2-person-bed-full.jpg?v=1786103953,https://cdn.shopify.com/s/files/1/0884/0278/8685/files/bamboo-bedding-set-soft-taupe-2-person-pillows-detail.jpg?v=1786103960",in_stock,669.00 EUR,Boomba Bamboo,new,,1111120026060,2-person-bamboo-bedding-set-soft-taupe-400tc,Soft taupe,XXL — 200×200 + 260×240 + 60×70,100% Bamboo (Tanboocel™)
1111114020060,"Parure de lit en bambou pour 2 personnes, couleur taupe clair, 400TC","Un ensemble de literie en bambou 400TC, chaleureux et élégant, pour deux personnes, dans la teinte « Soft Taupe » : respirant, hypoallergénique et doux pour la peau, pour une nuit de sommeil digne d'un hôtel.",https://www.maisondecocon.com/fr/products/2-person-bamboo-bedding-set-soft-taupe-400tc?variant_sku=1111114020060,https://cdn.shopify.com/s/files/1/0884/0278/8685/files/bamboo-bedding-set-soft-taupe-2-person-bedroom-lifestyle.jpg?v=1786103879,"https://cdn.shopify.com/s/files/1/0884/0278/8685/files/bamboo-bedding-set-soft-taupe-2-person-button-detail.jpg?v=1786103935,https://cdn.shopify.com/s/files/1/0884/0278/8685/files/bamboo-bedding-set-soft-taupe-2-person-fabric-drape.jpg?v=1786103888,https://cdn.shopify.com/s/files/1/0884/0278/8685/files/bamboo-bedding-set-soft-taupe-2-person-fitted-sheet-detail.jpg?v=1786103896,https://cdn.shopify.com/s/files/1/0884/0278/8685/files/bamboo-bedding-set-soft-taupe-2-person-fabric-fold.jpg?v=1786103904,https://cdn.shopify.com/s/files/1/0884/0278/8685/files/bamboo-bedding-set-soft-taupe-2-person-bedroom-chair.jpg?v=1786103912,https://cdn.shopify.com/s/files/1/0884/0278/8685/files/bamboo-bedding-set-soft-taupe-2-person-bedroom-wide.jpg?v=1786103919,https://cdn.shopify.com/s/files/1/0884/0278/8685/files/bamboo-bedding-set-soft-taupe-2-person-bedroom-wood-frame.jpg?v=1786103927,https://cdn.shopify.com/s/files/1/0884/0278/8685/files/bamboo-bedding-set-soft-taupe-2-person-tie-detail.jpg?v=1786103944,https://cdn.shopify.com/s/files/1/0884/0278/8685/files/bamboo-bedding-set-soft-taupe-2-person-bed-full.jpg?v=1786103953,https://cdn.shopify.com/s/files/1/0884/0278/8685/files/bamboo-bedding-set-soft-taupe-2-person-pillows-detail.jpg?v=1786103960",out_of_stock,561.00 EUR,Boomba Bamboo,new,,1111114020060,2-person-bamboo-bedding-set-soft-taupe-400tc,Soft taupe,M — 140×200 + 200×220 + 60×70,100% Bamboo (Tanboocel™)
5555518024060,"Parure de lit en bambou pour 2 personnes « Coco White », 400TC","Un ensemble de literie en bambou 400TC, d'une douceur exceptionnelle, pour deux personnes, dans la teinte « Coco White », à la fois fraîche et intemporelle : respirant, hypoallergénique et doux pour la peau, pour une nuit de sommeil digne d'un hôtel.",https://www.maisondecocon.com/fr/products/white-bamboo-bedding-set-2-person-400tc-tanboocel-coco-white?variant_sku=5555518024060,https://cdn.shopify.com/s/files/1/0884/0278/8685/files/bamboo-bedding-set-coco-white-2-person-window-lifestyle.jpg?v=1786099507,"https://cdn.shopify.com/s/files/1/0884/0278/8685/files/bamboo-bedding-set-coco-white-2-person-wall-art-lifestyle.jpg?v=1786099516,https://cdn.shopify.com/s/files/1/0884/0278/8685/files/bamboo-bedding-set-coco-white-2-person-fitted-sheet-detail.jpg?v=1786099524,https://cdn.shopify.com/s/files/1/0884/0278/8685/files/bamboo-bedding-set-coco-white-2-person-fabric-gather.jpg?v=1786099532,https://cdn.shopify.com/s/files/1/0884/0278/8685/files/bamboo-bedding-set-coco-white-2-person-fabric-texture.jpg?v=1786099545,https://cdn.shopify.com/s/files/1/0884/0278/8685/files/bamboo-bedding-set-coco-white-2-person-bedroom-wood-frame.jpg?v=1786100067,https://cdn.shopify.com/s/files/1/0884/0278/8685/files/bamboo-bedding-set-coco-white-2-person-bedroom-angle.jpg?v=1786100078,https://cdn.shopify.com/s/files/1/0884/0278/8685/files/bamboo-bedding-set-coco-white-2-person-pillows-detail.jpg?v=1786100087,https://cdn.shopify.com/s/files/1/0884/0278/8685/files/bamboo-bedding-set-coco-white-2-person-linen-stack.jpg?v=1786100096,https://cdn.shopify.com/s/files/1/0884/0278/8685/files/bamboo-bedding-set-coco-white-2-person-pillow-close-up.jpg?v=1786100105,https://cdn.shopify.com/s/files/1/0884/0278/8685/files/bamboo-bedding-set-coco-white-2-person-button-detail.jpg?v=1786100114",out_of_stock,642.00 EUR,Boomba Bamboo,new,,5555518024060,white-bamboo-bedding-set-2-person-400tc-tanboocel-coco-white,Coco white,XL — 180×200 + 240×220 + 60×70,100% Bamboo (Tanboocel™)
5555516020060,"Parure de lit en bambou pour 2 personnes « Coco White », 400TC","Un ensemble de literie en bambou 400TC, d'une douceur exceptionnelle, pour deux personnes, dans la teinte « Coco White », à la fois fraîche et intemporelle : respirant, hypoallergénique et doux pour la peau, pour une nuit de sommeil digne d'un hôtel.",https://www.maisondecocon.com/fr/products/white-bamboo-bedding-set-2-person-400tc-tanboocel-coco-white?variant_sku=5555516020060,https://cdn.shopify.com/s/files/1/0884/0278/8685/files/bamboo-bedding-set-coco-white-2-person-window-lifestyle.jpg?v=1786099507,"https://cdn.shopify.com/s/files/1/0884/0278/8685/files/bamboo-bedding-set-coco-white-2-person-wall-art-lifestyle.jpg?v=1786099516,https://cdn.shopify.com/s/files/1/0884/0278/8685/files/bamboo-bedding-set-coco-white-2-person-fitted-sheet-detail.jpg?v=1786099524,https://cdn.shopify.com/s/files/1/0884/0278/8685/files/bamboo-bedding-set-coco-white-2-person-fabric-gather.jpg?v=1786099532,https://cdn.shopify.com/s/files/1/0884/0278/8685/files/bamboo-bedding-set-coco-white-2-person-fabric-texture.jpg?v=1786099545,https://cdn.shopify.com/s/files/1/0884/0278/8685/files/bamboo-bedding-set-coco-white-2-person-bedroom-wood-frame.jpg?v=1786100067,https://cdn.shopify.com/s/files/1/0884/0278/8685/files/bamboo-bedding-set-coco-white-2-person-bedroom-angle.jpg?v=1786100078,https://cdn.shopify.com/s/files/1/0884/0278/8685/files/bamboo-bedding-set-coco-white-2-person-pillows-detail.jpg?v=1786100087,https://cdn.shopify.com/s/files/1/0884/0278/8685/files/bamboo-bedding-set-coco-white-2-person-linen-stack.jpg?v=1786100096,https://cdn.shopify.com/s/files/1/0884/0278/8685/files/bamboo-bedding-set-coco-white-2-person-pillow-close-up.jpg?v=1786100105,https://cdn.shopify.com/s/files/1/0884/0278/8685/files/bamboo-bedding-set-coco-white-2-person-button-detail.jpg?v=1786100114",in_stock,564.00 EUR,Boomba Bamboo,new,,5555516020060,white-bamboo-bedding-set-2-person-400tc-tanboocel-coco-white,Coco white,L — 160×200 + 200×220 + 60×70,100% Bamboo (Tanboocel™)
5555520026060,"Parure de lit en bambou pour 2 personnes « Coco White », 400TC","Un ensemble de literie en bambou 400TC, d'une douceur exceptionnelle, pour deux personnes, dans la teinte « Coco White », à la fois fraîche et intemporelle : respirant, hypoallergénique et doux pour la peau, pour une nuit de sommeil digne d'un hôtel.",https://www.maisondecocon.com/fr/products/white-bamboo-bedding-set-2-person-400tc-tanboocel-coco-white?variant_sku=5555520026060,https://cdn.shopify.com/s/files/1/0884/0278/8685/files/bamboo-bedding-set-coco-white-2-person-window-lifestyle.jpg?v=1786099507,"https://cdn.shopify.com/s/files/1/0884/0278/8685/files/bamboo-bedding-set-coco-white-2-person-wall-art-lifestyle.jpg?v=1786099516,https://cdn.shopify.com/s/files/1/0884/0278/8685/files/bamboo-bedding-set-coco-white-2-person-fitted-sheet-detail.jpg?v=1786099524,https://cdn.shopify.com/s/files/1/0884/0278/8685/files/bamboo-bedding-set-coco-white-2-person-fabric-gather.jpg?v=1786099532,https://cdn.shopify.com/s/files/1/0884/0278/8685/files/bamboo-bedding-set-coco-white-2-person-fabric-texture.jpg?v=1786099545,https://cdn.shopify.com/s/files/1/0884/0278/8685/files/bamboo-bedding-set-coco-white-2-person-bedroom-wood-frame.jpg?v=1786100067,https://cdn.shopify.com/s/files/1/0884/0278/8685/files/bamboo-bedding-set-coco-white-2-person-bedroom-angle.jpg?v=1786100078,https://cdn.shopify.com/s/files/1/0884/0278/8685/files/bamboo-bedding-set-coco-white-2-person-pillows-detail.jpg?v=1786100087,https://cdn.shopify.com/s/files/1/0884/0278/8685/files/bamboo-bedding-set-coco-white-2-person-linen-stack.jpg?v=1786100096,https://cdn.shopify.com/s/files/1/0884/0278/8685/files/bamboo-bedding-set-coco-white-2-person-pillow-close-up.jpg?v=1786100105,https://cdn.shopify.com/s/files/1/0884/0278/8685/files/bamboo-bedding-set-coco-white-2-person-button-detail.jpg?v=1786100114",in_stock,669.00 EUR,Boomba Bamboo,new,,5555520026060,white-bamboo-bedding-set-2-person-400tc-tanboocel-coco-white,Coco white,XXL — 200×200 + 260×240 + 60×70,100% Bamboo (Tanboocel™)
5555514020060,"Parure de lit en bambou pour 2 personnes « Coco White », 400TC","Un ensemble de literie en bambou 400TC, d'une douceur exceptionnelle, pour deux personnes, dans la teinte « Coco White », à la fois fraîche et intemporelle : respirant, hypoallergénique et doux pour la peau, pour une nuit de sommeil digne d'un hôtel.",https://www.maisondecocon.com/fr/products/white-bamboo-bedding-set-2-person-400tc-tanboocel-coco-white?variant_sku=5555514020060,https://cdn.shopify.com/s/files/1/0884/0278/8685/files/bamboo-bedding-set-coco-white-2-person-window-lifestyle.jpg?v=1786099507,"https://cdn.shopify.com/s/files/1/0884/0278/8685/files/bamboo-bedding-set-coco-white-2-person-wall-art-lifestyle.jpg?v=1786099516,https://cdn.shopify.com/s/files/1/0884/0278/8685/files/bamboo-bedding-set-coco-white-2-person-fitted-sheet-detail.jpg?v=1786099524,https://cdn.shopify.com/s/files/1/0884/0278/8685/files/bamboo-bedding-set-coco-white-2-person-fabric-gather.jpg?v=1786099532,https://cdn.shopify.com/s/files/1/0884/0278/8685/files/bamboo-bedding-set-coco-white-2-person-fabric-texture.jpg?v=1786099545,https://cdn.shopify.com/s/files/1/0884/0278/8685/files/bamboo-bedding-set-coco-white-2-person-bedroom-wood-frame.jpg?v=1786100067,https://cdn.shopify.com/s/files/1/0884/0278/8685/files/bamboo-bedding-set-coco-white-2-person-bedroom-angle.jpg?v=1786100078,https://cdn.shopify.com/s/files/1/0884/0278/8685/files/bamboo-bedding-set-coco-white-2-person-pillows-detail.jpg?v=1786100087,https://cdn.shopify.com/s/files/1/0884/0278/8685/files/bamboo-bedding-set-coco-white-2-person-linen-stack.jpg?v=1786100096,https://cdn.shopify.com/s/files/1/0884/0278/8685/files/bamboo-bedding-set-coco-white-2-person-pillow-close-up.jpg?v=1786100105,https://cdn.shopify.com/s/files/1/0884/0278/8685/files/bamboo-bedding-set-coco-white-2-person-button-detail.jpg?v=1786100114",in_stock,561.00 EUR,Boomba Bamboo,new,,5555514020060,white-bamboo-bedding-set-2-person-400tc-tanboocel-coco-white,Coco white,M — 140×200 + 200×220 + 60×70,100% Bamboo (Tanboocel™)
3333338014050,"Parure de lit en bambou pour une personne, vert sauge, 400TC","Un ensemble de literie en bambou 400TC pour une personne, dans une teinte apaisante de vert sauge — respirant, hypoallergénique et doux pour la peau, pour une nuit de sommeil digne d'un hôtel.",https://www.maisondecocon.com/fr/products/light-green-bamboo-bedding-set-1-person-400tc-tanboocel-sage-green?variant_sku=3333338014050,https://cdn.shopify.com/s/files/1/0884/0278/8685/files/bamboo-bedding-set-sage-green-1-person-bedroom-lifestyle.jpg?v=1786098283,"https://cdn.shopify.com/s/files/1/0884/0278/8685/files/bamboo-bedding-set-sage-green-1-person-button-detail.jpg?v=1786098321,https://cdn.shopify.com/s/files/1/0884/0278/8685/files/bamboo-bedding-set-sage-green-1-person-bedroom-wall.jpg?v=1786098330,https://cdn.shopify.com/s/files/1/0884/0278/8685/files/bamboo-bedding-set-sage-green-1-person-fabric-drape.jpg?v=1786098340,https://cdn.shopify.com/s/files/1/0884/0278/8685/files/bamboo-bedding-set-sage-green-1-person-fabric-fold.jpg?v=1786098350,https://cdn.shopify.com/s/files/1/0884/0278/8685/files/bamboo-bedding-set-sage-green-1-person-flat-lay.jpg?v=1786098363,https://cdn.shopify.com/s/files/1/0884/0278/8685/files/bamboo-bedding-set-sage-green-1-person-fabric-texture.jpg?v=1786098373,https://cdn.shopify.com/s/files/1/0884/0278/8685/files/bamboo-bedding-set-sage-green-1-person-chair-styled.jpg?v=1786098385,https://cdn.shopify.com/s/files/1/0884/0278/8685/files/bamboo-bedding-set-sage-green-1-person-bed-foot.jpg?v=1786098395,https://cdn.shopify.com/s/files/1/0884/0278/8685/files/bamboo-bedding-set-sage-green-1-person-packaging-set.jpg?v=1786098404",in_stock,483.00 EUR,Boomba Bamboo,new,,3333338014050,light-green-bamboo-bedding-set-1-person-400tc-tanboocel-sage-green,,M — 80×200 + 140×220 + 50×75,100% Bamboo (Tanboocel™)
3333339014050,"Parure de lit en bambou pour une personne, vert sauge, 400TC","Un ensemble de literie en bambou 400TC pour une personne, dans une teinte apaisante de vert sauge — respirant, hypoallergénique et doux pour la peau, pour une nuit de sommeil digne d'un hôtel.",https://www.maisondecocon.com/fr/products/light-green-bamboo-bedding-set-1-person-400tc-tanboocel-sage-green?variant_sku=3333339014050,https://cdn.shopify.com/s/files/1/0884/0278/8685/files/bamboo-bedding-set-sage-green-1-person-bedroom-lifestyle.jpg?v=1786098283,"https://cdn.shopify.com/s/files/1/0884/0278/8685/files/bamboo-bedding-set-sage-green-1-person-button-detail.jpg?v=1786098321,https://cdn.shopify.com/s/files/1/0884/0278/8685/files/bamboo-bedding-set-sage-green-1-person-bedroom-wall.jpg?v=1786098330,https://cdn.shopify.com/s/files/1/0884/0278/8685/files/bamboo-bedding-set-sage-green-1-person-fabric-drape.jpg?v=1786098340,https://cdn.shopify.com/s/files/1/0884/0278/8685/files/bamboo-bedding-set-sage-green-1-person-fabric-fold.jpg?v=1786098350,https://cdn.shopify.com/s/files/1/0884/0278/8685/files/bamboo-bedding-set-sage-green-1-person-flat-lay.jpg?v=1786098363,https://cdn.shopify.com/s/files/1/0884/0278/8685/files/bamboo-bedding-set-sage-green-1-person-fabric-texture.jpg?v=1786098373,https://cdn.shopify.com/s/files/1/0884/0278/8685/files/bamboo-bedding-set-sage-green-1-person-chair-styled.jpg?v=1786098385,https://cdn.shopify.com/s/files/1/0884/0278/8685/files/bamboo-bedding-set-sage-green-1-person-bed-foot.jpg?v=1786098395,https://cdn.shopify.com/s/files/1/0884/0278/8685/files/bamboo-bedding-set-sage-green-1-person-packaging-set.jpg?v=1786098404",in_stock,492.00 EUR,Boomba Bamboo,new,,3333339014050,light-green-bamboo-bedding-set-1-person-400tc-tanboocel-sage-green,,L — 90×200 + 140×220 + 50×75,100% Bamboo (Tanboocel™)
8720828225356,"Drap-housse en bambou pour surmatelas, bleu ciel, 400TC","Un drap-housse haut de gamme 100 % bambou, adapté aux surmatelas d'une épaisseur maximale de 10 cm, de couleur bleu ciel : un tissu Tanboocel™ 400TC au toucher soyeux, respirant et thermorégulateur, pour des nuits fraîches tout au long de l'année.",https://www.maisondecocon.com/fr/products/bamboo-fitted-sheet-for-mattress-topper-sky-blue-400tc?variant_sku=8720828225356,https://cdn.shopify.com/s/files/1/0884/0278/8685/files/bamboo-fitted-sheet-mattress-topper-sky-blue-seam-detail.jpg?v=1786097156,"https://cdn.shopify.com/s/files/1/0884/0278/8685/files/bamboo-fitted-sheet-mattress-topper-sky-blue-corner-detail.jpg?v=1786097143,https://cdn.shopify.com/s/files/1/0884/0278/8685/files/bamboo-fitted-sheet-mattress-topper-sky-blue-fabric-texture.jpg?v=1786097166,https://cdn.shopify.com/s/files/1/0884/0278/8685/files/bamboo-fitted-sheet-mattress-topper-sky-blue-fabric-drape.jpg?v=1786097175,https://cdn.shopify.com/s/files/1/0884/0278/8685/files/bamboo-fitted-sheet-mattress-topper-sky-blue-packaging.jpg?v=1786097187",in_stock,156.00 EUR,Boomba Bamboo,new,8720828225356,8720828225356,bamboo-fitted-sheet-for-mattress-topper-sky-blue-400tc,Sky Blue,180x200 cm,100% Bamboo (Tanboocel™)
8720828225363,"Drap-housse en bambou pour surmatelas, bleu ciel, 400TC","Un drap-housse haut de gamme 100 % bambou, adapté aux surmatelas d'une épaisseur maximale de 10 cm, de couleur bleu ciel : un tissu Tanboocel™ 400TC au toucher soyeux, respirant et thermorégulateur, pour des nuits fraîches tout au long de l'année.",https://www.maisondecocon.com/fr/products/bamboo-fitted-sheet-for-mattress-topper-sky-blue-400tc?variant_sku=8720828225363,https://cdn.shopify.com/s/files/1/0884/0278/8685/files/bamboo-fitted-sheet-mattress-topper-sky-blue-seam-detail.jpg?v=1786097156,"https://cdn.shopify.com/s/files/1/0884/0278/8685/files/bamboo-fitted-sheet-mattress-topper-sky-blue-corner-detail.jpg?v=1786097143,https://cdn.shopify.com/s/files/1/0884/0278/8685/files/bamboo-fitted-sheet-mattress-topper-sky-blue-fabric-texture.jpg?v=1786097166,https://cdn.shopify.com/s/files/1/0884/0278/8685/files/bamboo-fitted-sheet-mattress-topper-sky-blue-fabric-drape.jpg?v=1786097175,https://cdn.shopify.com/s/files/1/0884/0278/8685/files/bamboo-fitted-sheet-mattress-topper-sky-blue-packaging.jpg?v=1786097187",in_stock,159.00 EUR,Boomba Bamboo,new,8720828225363,8720828225363,bamboo-fitted-sheet-for-mattress-topper-sky-blue-400tc,Sky Blue,180x210 cm,100% Bamboo (Tanboocel™)
8720828225400,"Drap-housse en bambou pour surmatelas, bleu ciel, 400TC","Un drap-housse haut de gamme 100 % bambou, adapté aux surmatelas d'une épaisseur maximale de 10 cm, de couleur bleu ciel : un tissu Tanboocel™ 400TC au toucher soyeux, respirant et thermorégulateur, pour des nuits fraîches tout au long de l'année.",https://www.maisondecocon.com/fr/products/bamboo-fitted-sheet-for-mattress-topper-sky-blue-400tc?variant_sku=8720828225400,https://cdn.shopify.com/s/files/1/0884/0278/8685/files/bamboo-fitted-sheet-mattress-topper-sky-blue-seam-detail.jpg?v=1786097156,"https://cdn.shopify.com/s/files/1/0884/0278/8685/files/bamboo-fitted-sheet-mattress-topper-sky-blue-corner-detail.jpg?v=1786097143,https://cdn.shopify.com/s/files/1/0884/0278/8685/files/bamboo-fitted-sheet-mattress-topper-sky-blue-fabric-texture.jpg?v=1786097166,https://cdn.shopify.com/s/files/1/0884/0278/8685/files/bamboo-fitted-sheet-mattress-topper-sky-blue-fabric-drape.jpg?v=1786097175,https://cdn.shopify.com/s/files/1/0884/0278/8685/files/bamboo-fitted-sheet-mattress-topper-sky-blue-packaging.jpg?v=1786097187",in_stock,180.00 EUR,Boomba Bamboo,new,8720828225400,8720828225400,bamboo-fitted-sheet-for-mattress-topper-sky-blue-400tc,Sky Blue,200x220/210 cm,100% Bamboo (Tanboocel™)
8720828225387,"Drap-housse en bambou pour surmatelas, bleu ciel, 400TC","Un drap-housse haut de gamme 100 % bambou, adapté aux surmatelas d'une épaisseur maximale de 10 cm, de couleur bleu ciel : un tissu Tanboocel™ 400TC au toucher soyeux, respirant et thermorégulateur, pour des nuits fraîches tout au long de l'année.",https://www.maisondecocon.com/fr/products/bamboo-fitted-sheet-for-mattress-topper-sky-blue-400tc?variant_sku=8720828225387,https://cdn.shopify.com/s/files/1/0884/0278/8685/files/bamboo-fitted-sheet-mattress-topper-sky-blue-seam-detail.jpg?v=1786097156,"https://cdn.shopify.com/s/files/1/0884/0278/8685/files/bamboo-fitted-sheet-mattress-topper-sky-blue-corner-detail.jpg?v=1786097143,https://cdn.shopify.com/s/files/1/0884/0278/8685/files/bamboo-fitted-sheet-mattress-topper-sky-blue-fabric-texture.jpg?v=1786097166,https://cdn.shopify.com/s/files/1/0884/0278/8685/files/bamboo-fitted-sheet-mattress-topper-sky-blue-fabric-drape.jpg?v=1786097175,https://cdn.shopify.com/s/files/1/0884/0278/8685/files/bamboo-fitted-sheet-mattress-topper-sky-blue-packaging.jpg?v=1786097187",in_stock,168.00 EUR,Boomba Bamboo,new,8720828225387,8720828225387,bamboo-fitted-sheet-for-mattress-topper-sky-blue-400tc,Sky Blue,200x200 cm,100% Bamboo (Tanboocel™)
8720828225394,"Drap-housse en bambou pour surmatelas, bleu ciel, 400TC","Un drap-housse haut de gamme 100 % bambou, adapté aux surmatelas d'une épaisseur maximale de 10 cm, de couleur bleu ciel : un tissu Tanboocel™ 400TC au toucher soyeux, respirant et thermorégulateur, pour des nuits fraîches tout au long de l'année.",https://www.maisondecocon.com/fr/products/bamboo-fitted-sheet-for-mattress-topper-sky-blue-400tc?variant_sku=8720828225394,https://cdn.shopify.com/s/files/1/0884/0278/8685/files/bamboo-fitted-sheet-mattress-topper-sky-blue-seam-detail.jpg?v=1786097156,"https://cdn.shopify.com/s/files/1/0884/0278/8685/files/bamboo-fitted-sheet-mattress-topper-sky-blue-corner-detail.jpg?v=1786097143,https://cdn.shopify.com/s/files/1/0884/0278/8685/files/bamboo-fitted-sheet-mattress-topper-sky-blue-fabric-texture.jpg?v=1786097166,https://cdn.shopify.com/s/files/1/0884/0278/8685/files/bamboo-fitted-sheet-mattress-topper-sky-blue-fabric-drape.jpg?v=1786097175,https://cdn.shopify.com/s/files/1/0884/0278/8685/files/bamboo-fitted-sheet-mattress-topper-sky-blue-packaging.jpg?v=1786097187",in_stock,174.00 EUR,Boomba Bamboo,new,8720828225394,8720828225394,bamboo-fitted-sheet-for-mattress-topper-sky-blue-400tc,Sky Blue,200x210 cm,100% Bamboo (Tanboocel™)
8720828225332,"Drap-housse en bambou pour surmatelas, bleu ciel, 400TC","Un drap-housse haut de gamme 100 % bambou, adapté aux surmatelas d'une épaisseur maximale de 10 cm, de couleur bleu ciel : un tissu Tanboocel™ 400TC au toucher soyeux, respirant et thermorégulateur, pour des nuits fraîches tout au long de l'année.",https://www.maisondecocon.com/fr/products/bamboo-fitted-sheet-for-mattress-topper-sky-blue-400tc?variant_sku=8720828225332,https://cdn.shopify.com/s/files/1/0884/0278/8685/files/bamboo-fitted-sheet-mattress-topper-sky-blue-seam-detail.jpg?v=1786097156,"https://cdn.shopify.com/s/files/1/0884/0278/8685/files/bamboo-fitted-sheet-mattress-topper-sky-blue-corner-detail.jpg?v=1786097143,https://cdn.shopify.com/s/files/1/0884/0278/8685/files/bamboo-fitted-sheet-mattress-topper-sky-blue-fabric-texture.jpg?v=1786097166,https://cdn.shopify.com/s/files/1/0884/0278/8685/files/bamboo-fitted-sheet-mattress-topper-sky-blue-fabric-drape.jpg?v=1786097175,https://cdn.shopify.com/s/files/1/0884/0278/8685/files/bamboo-fitted-sheet-mattress-topper-sky-blue-packaging.jpg?v=1786097187",in_stock,144.00 EUR,Boomba Bamboo,new,8720828225332,8720828225332,bamboo-fitted-sheet-for-mattress-topper-sky-blue-400tc,Sky Blue,140x200 cm,100% Bamboo (Tanboocel™)
8720828225370,"Drap-housse en bambou pour surmatelas, bleu ciel, 400TC","Un drap-housse haut de gamme 100 % bambou, adapté aux surmatelas d'une épaisseur maximale de 10 cm, de couleur bleu ciel : un tissu Tanboocel™ 400TC au toucher soyeux, respirant et thermorégulateur, pour des nuits fraîches tout au long de l'année.",https://www.maisondecocon.com/fr/products/bamboo-fitted-sheet-for-mattress-topper-sky-blue-400tc?variant_sku=8720828225370,https://cdn.shopify.com/s/files/1/0884/0278/8685/files/bamboo-fitted-sheet-mattress-topper-sky-blue-seam-detail.jpg?v=1786097156,"https://cdn.shopify.com/s/files/1/0884/0278/8685/files/bamboo-fitted-sheet-mattress-topper-sky-blue-corner-detail.jpg?v=1786097143,https://cdn.shopify.com/s/files/1/0884/0278/8685/files/bamboo-fitted-sheet-mattress-topper-sky-blue-fabric-texture.jpg?v=1786097166,https://cdn.shopify.com/s/files/1/0884/0278/8685/files/bamboo-fitted-sheet-mattress-topper-sky-blue-fabric-drape.jpg?v=1786097175,https://cdn.shopify.com/s/files/1/0884/0278/8685/files/bamboo-fitted-sheet-mattress-topper-sky-blue-packaging.jpg?v=1786097187",in_stock,162.00 EUR,Boomba Bamboo,new,8720828225370,8720828225370,bamboo-fitted-sheet-for-mattress-topper-sky-blue-400tc,Sky Blue,180x220/210 cm,100% Bamboo (Tanboocel™)
8720828225349,"Drap-housse en bambou pour surmatelas, bleu ciel, 400TC","Un drap-housse haut de gamme 100 % bambou, adapté aux surmatelas d'une épaisseur maximale de 10 cm, de couleur bleu ciel : un tissu Tanboocel™ 400TC au toucher soyeux, respirant et thermorégulateur, pour des nuits fraîches tout au long de l'année.",https://www.maisondecocon.com/fr/products/bamboo-fitted-sheet-for-mattress-topper-sky-blue-400tc?variant_sku=8720828225349,https://cdn.shopify.com/s/files/1/0884/0278/8685/files/bamboo-fitted-sheet-mattress-topper-sky-blue-seam-detail.jpg?v=1786097156,"https://cdn.shopify.com/s/files/1/0884/0278/8685/files/bamboo-fitted-sheet-mattress-topper-sky-blue-corner-detail.jpg?v=1786097143,https://cdn.shopify.com/s/files/1/0884/0278/8685/files/bamboo-fitted-sheet-mattress-topper-sky-blue-fabric-texture.jpg?v=1786097166,https://cdn.shopify.com/s/files/1/0884/0278/8685/files/bamboo-fitted-sheet-mattress-topper-sky-blue-fabric-drape.jpg?v=1786097175,https://cdn.shopify.com/s/files/1/0884/0278/8685/files/bamboo-fitted-sheet-mattress-topper-sky-blue-packaging.jpg?v=1786097187",in_stock,147.00 EUR,Boomba Bamboo,new,8720828225349,8720828225349,bamboo-fitted-sheet-for-mattress-topper-sky-blue-400tc,Sky Blue,160x200 cm,100% Bamboo (Tanboocel™)
