id,title,description,link,image_link,availability,price,brand,condition,gtin,mpn,item_group_id
7194,Bremen Polsterbett Mink Lederoptik 180×200,"Doppelbett in modernem Design mit einem charakteristischen Kopfteil aus nerzfarbenem Kunstleder und einer Holzstruktur im dunklen Walnusston. Ein zentrales Element für Ihr Schlafzimmer, das eine elegante und einladende Atmosphäre schafft. Inklusive eines komfortablen Lattenrosts aus Holz mit braunem, rutschfestem Stoffbezug. Die Kunstlederpolsterung dieses Bettes setzt feine Akzente und bringt Wärme sowie zeitlosen Stil in Ihren Schlafbereich.",https://www.maisondecocon.com/products/bremen-upholstered-bed-mink-leatherette-180x200?variant_sku=7194,https://cdn.shopify.com/s/files/1/0884/0278/8685/files/bremen-polsterbett-180x200-kunstleder-mink-hauptansicht.jpg?v=1784121549,in_stock,2210.00 EUR,Ángel Cerdá S.L.,new,,7194,bremen-upholstered-bed-mink-leatherette-180x200
7211,Dortmund Polsterbett Stoff Blaugrau 180×200,"Doppelbett in modernem Design mit einem charakteristischen Kopfteil und Rahmen aus hellblaugrauem Stoff sowie Beinen aus abgedunkeltem, poliertem Edelstahl. Ein zentrales Element für Ihr Schlafzimmer, das eine elegante und einladende Atmosphäre schafft. Inklusive eines komfortablen Lattenrosts aus Kiefernholz. Die Stoffpolsterung dieses Bettes setzt feine Akzente und bringt Wärme sowie zeitlosen Stil in Ihren Schlafbereich.",https://www.maisondecocon.com/products/dortmund-upholstered-bed-fabric-blue-grey-180x200?variant_sku=7211,https://cdn.shopify.com/s/files/1/0884/0278/8685/files/dortmund-polsterbett-180x200-stoff-blaugrau-hauptansicht.jpg?v=1784121549,in_stock,2110.00 EUR,Ángel Cerdá S.L.,new,8435631041962,7211,dortmund-upholstered-bed-fabric-blue-grey-180x200
7174,Hamburg Polsterbett Kunstleder Braun 180×200,"Doppelbett in modernem Design mit einem charakteristischen Kopfteil aus offwhite Stoff und einer Struktur aus braunem Kunstleder sowie Beinen aus schwarzem Edelstahl. Ein zentrales Element für Ihr Schlafzimmer, das eine elegante und einladende Atmosphäre schafft. Inklusive eines komfortablen Lattenrosts aus Kiefernholz. Die Capitonnée-Polsterung verleiht diesem Bett eine edle und exklusive Ausstrahlung für Ihren Schlafbereich.",https://www.maisondecocon.com/products/hamburg-upholstered-bed-leatherette-brown-180x200?variant_sku=7174,https://cdn.shopify.com/s/files/1/0884/0278/8685/files/hamburg-polsterbett-180x200-stoff-braun-hauptansicht.jpg?v=1784121549,in_stock,1740.00 EUR,Ángel Cerdá S.L.,new,8435631033530,7174,hamburg-upholstered-bed-leatherette-brown-180x200
7156,Berlin Polsterbett Stoff Hellgrau 180×200,"Doppelbett in modernem Design mit einem charakteristischen Kopfteil und Rahmen aus hellgrauem Stoff sowie Beinen aus abgedunkeltem, poliertem Edelstahl. Ein zentrales Element für Ihr Schlafzimmer, das eine elegante und einladende Atmosphäre schafft. Inklusive eines komfortablen Lattenrosts aus Kiefernholz. Die Stoffpolsterung dieses Bettes setzt feine Akzente und bringt Wärme sowie zeitlosen Stil in Ihren Schlafbereich.",https://www.maisondecocon.com/products/berlin-upholstered-bed-fabric-light-grey-180x200?variant_sku=7156,https://cdn.shopify.com/s/files/1/0884/0278/8685/files/berlin-polsterbett-180x200-stoff-hellgrau-hauptansicht.jpg?v=1784121549,in_stock,1980.00 EUR,Ángel Cerdá S.L.,new,8435631028826,7156,berlin-upholstered-bed-fabric-light-grey-180x200
7160,München Polsterbett Stoff Hellgrau 180×200,"Doppelbett in modernem Design mit einem charakteristischen Kopfteil und Rahmen aus hellgrauem Stoff sowie Beinen aus schwarz epoxy-lackiertem Edelstahl. Ein zentrales Element für Ihr Schlafzimmer, das eine elegante und einladende Atmosphäre schafft. Inklusive eines komfortablen Lattenrosts aus Kiefernholz. Die Stoffpolsterung dieses Bettes setzt feine Akzente und bringt Wärme sowie zeitlosen Stil in Ihren Schlafbereich.",https://www.maisondecocon.com/products/munich-upholstered-bed-fabric-light-grey-180x200?variant_sku=7160,https://cdn.shopify.com/s/files/1/0884/0278/8685/files/Muenchen-180x200-Polsterbett-Kunstleder-LINA-color-hellgrau-main.jpg?v=1768675563,in_stock,1190.00 EUR,Ángel Cerdá S.L.,new,8435631028864,7160,munich-upholstered-bed-fabric-light-grey-180x200
7131,Saarland Kopfkissen aus viskoelastischem Memory-Schaum – Lavendelduft | 75×35×15 cm,"Das Saarland Kissen kombiniert einen perforierten viskoelastischen Kern mit einem lavendelduftenden Bezug für stützenden, atmungsaktiven Komfort. Es passt sich Kopf und Nacken an und bleibt die ganze Nacht angenehm kühl – eine durchdachte Wahl für erholsamen, aromatischen Schlaf.",https://www.maisondecocon.com/products/saarland-premium-visco-kopfkissen?variant_sku=7131,https://cdn.shopify.com/s/files/1/0884/0278/8685/files/Saarland-Premium-Visco-Kopfkissen.jpg?v=1768675591,in_stock,60.00 EUR,Ángel Cerdá S.L.,new,,7131,saarland-premium-visco-kopfkissen
7218,Nürnberg Polsterbett Kunstleder Mink 180×200,"Doppelbett in modernem Design mit einem charakteristischen Kopfteil und Rahmen aus minkfarbenem Kunstleder sowie Holzbeinen in Walnuss-Optik. Ein zentrales Element für Ihr Schlafzimmer, das eine elegante und einladende Atmosphäre schafft. Inklusive eines komfortablen Lattenrosts aus Kiefernholz. Die Kunstlederpolsterung dieses Bettes setzt feine Akzente und bringt Wärme sowie zeitlosen Stil in Ihren Schlafbereich.",https://www.maisondecocon.com/products/nuremberg-upholstered-bed-leatherette-mink-180x200?variant_sku=7218,https://cdn.shopify.com/s/files/1/0884/0278/8685/files/nuremberg-polsterbett-180x200-kunstleder-mink-hauptansicht.jpg?v=1784121655,in_stock,2930.00 EUR,Ángel Cerdá S.L.,new,8435631043638,7218,nuremberg-upholstered-bed-leatherette-mink-180x200
7155,Köln Polsterbett Stoff Warmgrau 180×200,"Doppelbett in modernem Design mit einem charakteristischen Kopfteil und Rahmen aus grauem Stoff sowie Holzbeinen in Wenge-Optik. Ein zentrales Element für Ihr Schlafzimmer, das eine elegante und einladende Atmosphäre schafft. Inklusive eines komfortablen Lattenrosts aus Kiefernholz. Die Stoffpolsterung dieses Bettes setzt feine Akzente und bringt Wärme sowie zeitlosen Stil in Ihren Schlafbereich.",https://www.maisondecocon.com/products/cologne-upholstered-bed-fabric-warm-grey-180x200?variant_sku=7155,https://cdn.shopify.com/s/files/1/0884/0278/8685/files/cologne-polsterbett-180x200-stoff-warmgrau-hauptansicht.jpg?v=1784121655,in_stock,2380.00 EUR,Ángel Cerdá S.L.,new,8435631028819,7155,cologne-upholstered-bed-fabric-warm-grey-180x200
7157,Düsseldorf Polsterbett Kunstleder Creme 180×200,"Doppelbett in modernem Design mit einem charakteristischen Kopfteil und Rahmen aus creme-farbenem Kunstleder sowie Beinen aus schwarzem Edelstahl. Ein zentrales Element für Ihr Schlafzimmer, das eine elegante und einladende Atmosphäre schafft. Inklusive eines komfortablen Lattenrosts aus Kiefernholz. Die Kunstlederpolsterung dieses Bettes setzt feine Akzente und bringt Wärme sowie zeitlosen Stil in Ihren Schlafbereich.",https://www.maisondecocon.com/products/duesseldorf-upholstered-bed-leatherette-cream-180x200?variant_sku=7157,https://cdn.shopify.com/s/files/1/0884/0278/8685/files/Duesseldorf-180x200-Polsterbett-Kunstleder-LENO-color-mink-main.jpg?v=1768675633,in_stock,1650.00 EUR,Ángel Cerdá S.L.,new,8435631028833,7157,duesseldorf-upholstered-bed-leatherette-cream-180x200
7161,Augsburg Polsterbett Stoff Hellgrau 180×200,"Doppelbett in modernem Design mit einem charakteristischen Kopfteil und Rahmen aus hellgrauem Stoff sowie Beinen aus schwarz epoxy-lackiertem Edelstahl. Ein zentrales Element für Ihr Schlafzimmer, das eine elegante und einladende Atmosphäre schafft. Inklusive eines komfortablen Lattenrosts aus Kiefernholz. Die Stoffpolsterung dieses Bettes setzt feine Akzente und bringt Wärme sowie zeitlosen Stil in Ihren Schlafbereich.",https://www.maisondecocon.com/products/augsburg-upholstered-bed-fabric-light-grey-180x200?variant_sku=7161,https://cdn.shopify.com/s/files/1/0884/0278/8685/files/augsburg-polsterbett-180x200-stoff-hellgrau-hauptansicht.jpg?v=1784122205,in_stock,2190.00 EUR,Ángel Cerdá S.L.,new,8435631028871,7161,augsburg-upholstered-bed-fabric-light-grey-180x200
7014,Leipzig Polsterbett Kunstleder Mink 160×200,"Doppelbett in modernem Design mit einem charakteristischen Kopfteil und Rahmen aus mink-farbenem Kunstleder sowie Beinen aus abgedunkeltem, poliertem Edelstahl. Ein zentrales Element für Ihr Schlafzimmer, das eine elegante und einladende Atmosphäre schafft. Inklusive eines komfortablen Lattenrosts aus Kiefernholz. Die Kunstlederpolsterung dieses Bettes setzt feine Akzente und bringt Wärme sowie zeitlosen Stil in Ihren Schlafbereich.",https://www.maisondecocon.com/products/leipzig-upholstered-bed-mink-leatherette-160x200?variant_sku=7014,https://cdn.shopify.com/s/files/1/0884/0278/8685/files/Leipzig-160x200-Polsterbett-Kunstleder-LENO-color-mink-main.jpg?v=1768675670,in_stock,1360.00 EUR,Ángel Cerdá S.L.,new,8435631004004,7014,leipzig-upholstered-bed-mink-leatherette-160x200
7159,Bochum Polsterbett Kunstleder Haselnussbraun 180×200,"Doppelbett in modernem Design mit einem charakteristischen Kopfteil und Rahmen aus schokoladenbraunem Kunstleder sowie Holzbeinen mit Furnier aus echtem Nussbaum. Ein zentrales Element für Ihr Schlafzimmer, das eine elegante und einladende Atmosphäre schafft. Inklusive eines komfortablen Lattenrosts aus Kiefernholz. Die Kunstlederpolsterung dieses Bettes setzt feine Akzente und bringt Wärme sowie zeitlosen Stil in Ihren Schlafbereich.",https://www.maisondecocon.com/products/bochum-upholstered-bed-leatherette-hazelnut-brown-180x200?variant_sku=7159,https://cdn.shopify.com/s/files/1/0884/0278/8685/files/bochum-polsterbett-180x200-kunstleder-nussbraun-hauptansicht.jpg?v=1784121656,in_stock,1910.00 EUR,Ángel Cerdá S.L.,new,8435631028857,7159,bochum-upholstered-bed-leatherette-hazelnut-brown-180x200
7145,Bonn Polsterbett Stoff Grau 180×200,"Doppelbett in modernem Design mit einem charakteristischen Kopfteil und Rahmen aus dunkelgrauem Stoff sowie Beinen aus schwarzem Edelstahl. Ein zentrales Element für Ihr Schlafzimmer, das eine elegante und einladende Atmosphäre schafft. Inklusive eines komfortablen Lattenrosts aus Kiefernholz. Die Stoffpolsterung dieses Bettes setzt feine Akzente und bringt Wärme sowie zeitlosen Stil in Ihren Schlafbereich.",https://www.maisondecocon.com/products/bonn-upholstered-bed-fabric-grey-180x200?variant_sku=7145,https://cdn.shopify.com/s/files/1/0884/0278/8685/files/bonn-polsterbett-180x200-stoff-grau-hauptansicht.jpg?v=1784184472,in_stock,1910.00 EUR,Ángel Cerdá S.L.,new,8435631039525,7145,bonn-upholstered-bed-fabric-grey-180x200
7169,Mannheim Polsterbett Kunstleder Grau 160×200,"Doppelbett in modernem Design mit einem charakteristischen Kopfteil aus dunkelgrauem Kunstleder, einer Struktur mit echtem Nussbaumfurnier und Beinen aus schwarzem MDF-Holz. Ein zentrales Element für Ihr Schlafzimmer, das eine elegante und einladende Atmosphäre schafft. Inklusive eines komfortablen Lattenrosts aus Kiefernholz. Die Kunstlederpolsterung dieses Bettes setzt feine Akzente und bringt Wärme sowie zeitlosen Stil in Ihren Schlafbereich.",https://www.maisondecocon.com/products/mannheim-upholstered-bed-leatherette-grey-160x200?variant_sku=7169,https://cdn.shopify.com/s/files/1/0884/0278/8685/files/mannheim-polsterbett-160x200-kunstleder-grau-hauptansicht.jpg?v=1784184543,in_stock,1710.00 EUR,Ángel Cerdá S.L.,new,8435631033011,7169,mannheim-upholstered-bed-leatherette-grey-160x200
7173,Hannover Polsterbett Stoff Grau 180×200,"Doppelbett in modernem Design mit einem charakteristischen Kopfteil und Rahmen aus grauem Stoff sowie Holzbeinen mit Furnier aus echtem Nussbaum. Ein zentrales Element für Ihr Schlafzimmer, das eine elegante und einladende Atmosphäre schafft. Inklusive eines komfortablen Lattenrosts aus Kiefernholz. Die Stoffpolsterung dieses Bettes setzt feine Akzente und bringt Wärme sowie zeitlosen Stil in Ihren Schlafbereich.",https://www.maisondecocon.com/products/hannover-upholstered-bed-fabric-grey-180x200?variant_sku=7173,https://cdn.shopify.com/s/files/1/0884/0278/8685/files/hannover-polsterbett-180x200-stoff-grau-hauptansicht.jpg?v=1784184571,in_stock,2190.00 EUR,Ángel Cerdá S.L.,new,8435631033523,7173,hannover-upholstered-bed-fabric-grey-180x200
7175,Kiel Polsterbett Holz Nussbaum Grau 180×200,Doppelbett in modernem Design mit einem originellen Kopfteil und einer Struktur aus echtem Nussbaumfurnier sowie Beinen aus schwarzem MDF-Holz – für eine warme und persönliche Atmosphäre. Dank der eingenähten Kissen aus grauem Stoff bietet es besonderen Komfort. Inklusive eines komfortablen Lattenrosts aus Kiefernholz. Passend für eine Matratze im Format 180 x 200 cm. Seine integrierten Ablagen dienen zudem als praktische Nachttische.,https://www.maisondecocon.com/products/kiel-upholstered-bed-wood-walnut-grey-180x200?variant_sku=7175,https://cdn.shopify.com/s/files/1/0884/0278/8685/files/kiel-polsterbett-180x200-stoff-und-holz-walnussgrau-hauptansicht.jpg?v=1784121903,in_stock,1870.00 EUR,Ángel Cerdá S.L.,new,8435631034131,7175,kiel-upholstered-bed-wood-walnut-grey-180x200
7148,Karlsruhe Polsterbett Kunstleder Dunkelgrün 180×200,"Doppelbett in modernem Design mit einem charakteristischen Kopfteil aus dunkelgrünem Kunstleder und einer Holzstruktur mit Furnier aus echtem Nussbaum. Ein zentrales Element für Ihr Schlafzimmer, das eine elegante und einladende Atmosphäre schafft. Inklusive eines komfortablen Lattenrosts aus Kiefernholz. Die Kunstlederpolsterung dieses Bettes setzt feine Akzente und bringt Wärme sowie zeitlosen Stil in Ihren Schlafbereich.",https://www.maisondecocon.com/products/karlsruhe-upholstered-bed-leatherette-dark-green-180x200?variant_sku=7148,https://cdn.shopify.com/s/files/1/0884/0278/8685/files/karlsruhe-polsterbett-180x200-kunstleder-dunkelgruen-hauptansicht.jpg?v=1784122038,in_stock,1940.00 EUR,Ángel Cerdá S.L.,new,8435631027539,7148,karlsruhe-upholstered-bed-leatherette-dark-green-180x200
7158,Wiesbaden Polsterbett Kunstleder Braun 180×200,"Doppelbett in modernem Design mit einem charakteristischen Kopfteil und Rahmen aus braunem Kunstleder sowie Beinen aus schwarz epoxidharzlackiertem Edelstahl. Ein zentrales Element für Ihr Schlafzimmer, das eine elegante und einladende Atmosphäre schafft. Inklusive eines komfortablen Lattenrosts aus Kiefernholz. Die Kunstlederpolsterung dieses Bettes setzt feine Akzente und bringt Wärme sowie zeitlosen Stil in Ihren Schlafbereich.",https://www.maisondecocon.com/products/wiesbaden-upholstered-bed-leatherette-brown-180x200?variant_sku=7158,https://cdn.shopify.com/s/files/1/0884/0278/8685/files/wiesbaden-polsterbett-180x200-kunstleder-braun-hauptansicht.jpg?v=1784121903,in_stock,1530.00 EUR,Ángel Cerdá S.L.,new,8435631028840,7158,wiesbaden-upholstered-bed-leatherette-brown-180x200
7177,Münster Polsterbett Stoff Grau 160×200,"Doppelbett in modernem Design mit einem charakteristischen Kopfteil aus grauem Stoff und einer Holzstruktur mit Furnier aus echtem Nussbaum. Ein zentrales Element für Ihr Schlafzimmer, das eine elegante und einladende Atmosphäre schafft. Inklusive eines komfortablen Lattenrosts aus Kiefernholz. Die Stoffpolsterung dieses Bettes setzt feine Akzente und bringt Wärme sowie zeitlosen Stil in Ihren Schlafbereich.",https://www.maisondecocon.com/products/muenster-upholstered-bed-fabric-grey-160x200?variant_sku=7177,https://cdn.shopify.com/s/files/1/0884/0278/8685/files/muenster-polsterbett-160x200-stoff-grau-hauptansicht.jpg?v=1784122132,in_stock,1420.00 EUR,Ángel Cerdá S.L.,new,8435631034599,7177,muenster-upholstered-bed-fabric-grey-160x200
7179,Frankfurt Polsterbett Stoff Warmgrau 160×200,"Doppelbett in modernem Design mit einem charakteristischen Kopfteil aus grauem Stoff und einer Holzstruktur mit Furnier aus echtem Nussbaum. Ein zentrales Element für Ihr Schlafzimmer, das eine elegante und einladende Atmosphäre schafft. Inklusive eines komfortablen Lattenrosts aus Kiefernholz. Die Stoffpolsterung dieses Bettes setzt feine Akzente und bringt Wärme sowie zeitlosen Stil in Ihren Schlafbereich",https://www.maisondecocon.com/products/frankfurt-upholstered-bed-fabric-warm-grey-160x200?variant_sku=7179,https://cdn.shopify.com/s/files/1/0884/0278/8685/files/frankfurt-polsterbett-160x200-stoff-warmgrau-hauptansicht.jpg?v=1784121966,in_stock,1760.00 EUR,Ángel Cerdá S.L.,new,8435631034612,7179,frankfurt-upholstered-bed-fabric-warm-grey-160x200
7154,Polsterbett Stuttgart Kunstleder Nerzgrau 180×200,"Das Polsterbett Stuttgart verbindet edles Kunstleder in Mink mit weichen Stoffelementen in Grau und eleganten Chromfüßen. Ein stilvolles Design für moderne, komfortable Schlafzimmer.",https://www.maisondecocon.com/products/stuttgart-upholstered-bed-leatherette-mink-grey-180x200?variant_sku=7154,https://cdn.shopify.com/s/files/1/0884/0278/8685/files/Stuttgart-180x200-Polsterbett-MaterialMix-LENO-color-mink-grau-main.jpg?v=1768659900,in_stock,1990.00 EUR,Ángel Cerdá S.L.,new,8435631028802,7154,stuttgart-upholstered-bed-leatherette-mink-grey-180x200
7178,Essen Holzbett Walnuss 160×200,"Das Holzbett Essen überzeugt durch warmes Naturwalnussholz und ein reduziertes, zeitloses Design. Für alle, die natürliche Materialien und ruhige Eleganz schätzen.",https://www.maisondecocon.com/products/essen-wood-bed-walnut-160x200?variant_sku=7178,https://cdn.shopify.com/s/files/1/0884/0278/8685/files/essen-holzbett-160x200-holz-walnuss-hauptansicht.jpg?v=1784121966,in_stock,920.00 EUR,Ángel Cerdá S.L.,new,8435631034605,7178,essen-wood-bed-walnut-160x200
7123,Bielefeld Polsterbett Kunstleder Braun-Grau 180×200,"Das Polsterbett Bielefeld verbindet warmes Kunstleder in Braun mit weichen Stoffelementen in Grau und eleganten Edelstahlfüßen. Ein stilvolles Design für moderne, gemütliche Schlafzimmer.",https://www.maisondecocon.com/products/bielefeld-upholstered-bed-leatherette-brown-grey-180x200?variant_sku=7123,https://cdn.shopify.com/s/files/1/0884/0278/8685/files/Bielefeld-180x200-Polsterbett-MaterialMix-LENO-color-braun-grau-main.jpg?v=1768664371,in_stock,1670.00 EUR,Ángel Cerdá S.L.,new,8435631019688,7123,bielefeld-upholstered-bed-leatherette-brown-grey-180x200
7221,Dresden Polsterbett Stoff Dunkelgrau 180×200,"Doppelbett in modernem Design mit einem charakteristischen Bezug aus dunkelgrauem Stoff, klaren Linien und Beinen aus schwarzem Edelstahl. Ein selbstbewusstes Element für Ihr Schlafzimmer, das eine ruhige und zeitgemäße Atmosphäre schafft.",https://www.maisondecocon.com/products/dresden-upholstered-180x200?variant_sku=7221,https://cdn.shopify.com/s/files/1/0884/0278/8685/files/dresden-polsterbett-180x200-stoff-dunkelgrau-hauptansicht.jpg?v=1784203583,out_of_stock,1330.00 EUR,Ángel Cerdá S.L.,new,8435631040651,7221,dresden-upholstered-180x200
7222,Polsterbett Duisburg 180×200,"Doppelbett in modernem Design mit einem charakteristischen Bezug aus hellgrauem Stoff, Details aus walnussfarbenem Holz und Beinen aus schwarzem Edelstahl. Ein ausgewogenes Element für Ihr Schlafzimmer, das Wärme und Präzision in ruhiger Balance vereint.",https://www.maisondecocon.com/products/duisburg-upholstered-bed-fabric-light-grey-180x200?variant_sku=7222,https://cdn.shopify.com/s/files/1/0884/0278/8685/files/duisburg-polsterbett-180x200-stoff-hellgrau-hauptansicht.jpg?v=1784203750,out_of_stock,1710.00 EUR,Ángel Cerdá S.L.,new,8435631044864,7222,duisburg-upholstered-bed-fabric-light-grey-180x200
7223,Wuppertal Polsterbett Samt Braun Creme 180×200,"Doppelbett in modernem Design mit einem charakteristischen Kopfteil aus samtigem Braun über einer cremefarbenen Kunstlederbasis. Ein ausdrucksstarkes Element für Ihr Schlafzimmer, das mit reicher Textur eine elegante Atmosphäre schafft.",https://www.maisondecocon.com/products/wuppertal-upholstered-bed-velvet-brown-cream-180x200?variant_sku=7223,https://cdn.shopify.com/s/files/1/0884/0278/8685/files/wuppertal-polsterbett-180x200-samt-kunstleder-creme-braun-hauptansicht.jpg?v=1784203933,out_of_stock,1580.00 EUR,Ángel Cerdá S.L.,new,8435631044871,7223,wuppertal-upholstered-bed-velvet-brown-cream-180x200
7224,Braunschweig Polsterbett Stoff Beige Grau 160×200,"Doppelbett in modernem Design mit einem charakteristischen Bezug aus beige-grauem Stoff, Details aus Walnussfurnier und goldfarbenen Edelstahl-Akzenten. Ein raffiniertes Element für Ihr Schlafzimmer, das eine durchdachte und elegante Silhouette schafft.",https://www.maisondecocon.com/products/braunschweig-upholstered-bed-fabric-beige-grey-160x200?variant_sku=7224,https://cdn.shopify.com/s/files/1/0884/0278/8685/files/braunschweig-polsterbett-160x200-stoff-beige-grau-hauptansicht.jpg?v=1784204088,out_of_stock,1320.00 EUR,Ángel Cerdá S.L.,new,8435631044932,7224,braunschweig-upholstered-bed-fabric-beige-grey-160x200
7236,Freiburg Polsterbett Kunstleder Sand 180×200,"Doppelbett in modernem Design mit einem charakteristischen Kopfteil aus sandfarbenem Kunstleder, umrahmt von warmem Walnussholz. Ein einladendes Element für Ihr Schlafzimmer, das eine warme und dezente Präsenz entfaltet.",https://www.maisondecocon.com/products/freiburg-upholstered-bed-leatherette-sand-180x200?variant_sku=7236,https://cdn.shopify.com/s/files/1/0884/0278/8685/files/freiburg-polsterbett-180x200-kunstleder-sand-hauptansicht.jpg?v=1784204269,out_of_stock,2660.00 EUR,Ángel Cerdá S.L.,new,8435631047629,7236,freiburg-upholstered-bed-leatherette-sand-180x200
7198,Aachen Polsterbett Kunstleder Creme 180×200,"Doppelbett in modernem Design mit einem charakteristischen Rahmen aus cremefarbenem Kunstleder und warmen Akzenten aus Walnussholz. Ein zeitloses Element für Ihr Schlafzimmer, das eine ruhige und zurückhaltende Eleganz ausstrahlt.",https://www.maisondecocon.com/products/aachen-upholstered-bed-leatherette-cream-180x200?variant_sku=7198,https://cdn.shopify.com/s/files/1/0884/0278/8685/files/aachen-polsterbett-180x200-kunstleder-creme-hauptansicht.jpg?v=1784204487,out_of_stock,1890.00 EUR,Ángel Cerdá S.L.,new,8435631045779,7198,aachen-upholstered-bed-leatherette-cream-180x200
7229,Thüringen Premium Naturlatex-Hybridmatratze 160×200,"Die Thüringen Hybrid Matratze (160×200 cm) wurde für ausgewogenen Schlafkomfort entwickelt und kombiniert nahtlos Naturlatex mit einzelnen Taschenfedern, um die perfekte Mischung aus anpassungsfähiger Unterstützung und Druckentlastung zu bieten.",https://www.maisondecocon.com/products/thuringia-premium-hybrid-natural-latex-mattress-160x200?variant_sku=7229,https://cdn.shopify.com/s/files/1/0884/0278/8685/files/thuringia-matratze-160x200-grau-hauptansicht.jpg?v=1784204704,in_stock,720.00 EUR,Ángel Cerdá S.L.,new,8435631045083,7229,thuringia-premium-hybrid-natural-latex-mattress-160x200
7231,Hessen Premium Naturlatex-Hybridmatratze 160×200,"Die Hessen Hybridmatratze (160×200 cm) wurde für eine gezielte Druckentlastung entwickelt und kombiniert nahtlos Naturlatex mit einem unabhängigen 7-Zonen-Taschenfedersystem, um maßgeschneiderten Halt und außergewöhnlichen Schlafkomfort zu bieten.",https://www.maisondecocon.com/products/hesse-premium-hybrid-natural-latex-mattress-160x200?variant_sku=7231,https://cdn.shopify.com/s/files/1/0884/0278/8685/files/hesse-matratze-160x200-weiss-hauptansicht.jpg?v=1784204855,in_stock,950.00 EUR,Ángel Cerdá S.L.,new,8435631045106,7231,hesse-premium-hybrid-natural-latex-mattress-160x200
7233,Saxony Premium Hybrid-Matratze aus Naturlatex 160 × 200,"Die Saxony Hybrid-Matratze (160 x 200 cm) wurde für außergewöhnlichen Schlafkomfort entwickelt und verbindet auf meisterhafte Weise Naturlatex mit reaktionsfreudigen Minifedern und einem unabhängigen 7-Zonen-Taschenfedersystem, um eine unvergleichliche, mehrschichtige Stützkraft zu bieten.",https://www.maisondecocon.com/products/saxony-premium-hybrid-natural-latex-mattress-160x200?variant_sku=7233,https://cdn.shopify.com/s/files/1/0884/0278/8685/files/saxony-matratze-160x200-weiss-hauptansicht.jpg?v=1784205003,in_stock,1230.00 EUR,Ángel Cerdá S.L.,new,8435631045120,7233,saxony-premium-hybrid-natural-latex-mattress-160x200
7235,Brandenburg Premium Hybrid-Naturlatexmatratze 160 × 200,"Die Brandenburg Hybrid Matratze (160x200 cm) wurde entwickelt, um ein erfrischendes Schlaferlebnis zu bieten. Sie kombiniert Naturlatex mit einem Cooltex-Taschenfedersystem in der charakteristischen blau-weißen Ausführung und bietet fortschrittliche Kühleigenschaften sowie perfekt ausgewogenen Komfort.",https://www.maisondecocon.com/products/brandenburg-premium-hybrid-natural-latex-mattress-160x200?variant_sku=7235,https://cdn.shopify.com/s/files/1/0884/0278/8685/files/brandenburg-matratze-160x200-blau-weiss-hauptansicht.jpg?v=1784205138,out_of_stock,2280.00 EUR,Ángel Cerdá S.L.,new,8435631045144,7235,brandenburg-premium-hybrid-natural-latex-mattress-160x200
7244,Westphalia Premium Hybrid-Naturlatexmatratze 160 × 200,"Die Westfalen Hybrid-Matratze (160x200 cm) wurde entwickelt, um ein erfrischendes Schlaferlebnis zu bieten. Sie kombiniert Naturlatex mit einem Cooltex-Minitsaschenfedersystem in einem eleganten beigefarbenen Finish und bietet fortschrittliche Kühleigenschaften sowie perfekt ausgewogenen Komfort.",https://www.maisondecocon.com/products/westphalia-premium-hybrid-natural-latex-mattress-160x200?variant_sku=7244,https://cdn.shopify.com/s/files/1/0884/0278/8685/files/westphalia-matratze-160x200-beige-hauptansicht.jpg?v=1784205330,in_stock,2280.00 EUR,Ángel Cerdá S.L.,new,8435631053132,7244,westphalia-premium-hybrid-natural-latex-mattress-160x200
7228,Thüringen Premium Naturlatex-Hybridmatratze 180×200,"Die Thüringen Hybrid Matratze (180×200 cm) wurde für ausgewogenen Schlafkomfort entwickelt und kombiniert nahtlos Naturlatex mit einzelnen Taschenfedern, um die perfekte Mischung aus anpassungsfähiger Unterstützung und Druckentlastung zu bieten.",https://www.maisondecocon.com/products/thuringia-premium-hybrid-natural-latex-mattress-180x200?variant_sku=7228,https://cdn.shopify.com/s/files/1/0884/0278/8685/files/thuringia-matratze-160x200-grau-hauptansicht.jpg?v=1784204704,out_of_stock,760.00 EUR,Ángel Cerdá S.L.,new,8435631045076,7228,thuringia-premium-hybrid-natural-latex-mattress-180x200
7230,Hessen Premium Naturlatex-Hybridmatratze 180×200,"Die Hessen Hybridmatratze (180×200 cm) wurde für eine gezielte Druckentlastung entwickelt und kombiniert nahtlos Naturlatex mit einem unabhängigen 7-Zonen-Taschenfedersystem, um maßgeschneiderten Halt und außergewöhnlichen Schlafkomfort zu bieten.",https://www.maisondecocon.com/products/hesse-premium-hybrid-natural-latex-mattress-180x200?variant_sku=7230,https://cdn.shopify.com/s/files/1/0884/0278/8685/files/hesse-matratze-160x200-weiss-hauptansicht.jpg?v=1784204855,out_of_stock,1000.00 EUR,Ángel Cerdá S.L.,new,8435631045090,7230,hesse-premium-hybrid-natural-latex-mattress-180x200
7232,Saxony Premium Hybrid-Matratze aus Naturlatex 180 × 200,"Die Sachsen Hybrid Matratze (180x200) wurde für außergewöhnlichen Schlafkomfort entwickelt und kombiniert meisterhaft Naturlatex mit reaktionsfreudigen Minifedern und einem unabhängigen 7-Zonen-Taschenfederkernsystem, um eine unübertroffene, mehrschichtige Unterstützung zu bieten.",https://www.maisondecocon.com/products/saxony-premium-hybrid-natural-latex-mattress-180x200?variant_sku=7232,https://cdn.shopify.com/s/files/1/0884/0278/8685/files/saxony-matratze-160x200-weiss-hauptansicht.jpg?v=1784205003,out_of_stock,1320.00 EUR,Ángel Cerdá S.L.,new,8435631045113,7232,saxony-premium-hybrid-natural-latex-mattress-180x200
7234,Brandenburg Premium Hybrid-Naturlatexmatratze 180 × 200,"Die Brandenburg Hybrid Matratze (180x200 cm) wurde entwickelt, um ein erfrischendes Schlaferlebnis zu bieten. Sie kombiniert Naturlatex mit einem Cooltex-Taschenfedersystem in der charakteristischen blau-weißen Ausführung und bietet fortschrittliche Kühleigenschaften sowie perfekt ausgewogenen Komfort.",https://www.maisondecocon.com/products/brandenburg-premium-hybrid-natural-latex-mattress-180x200?variant_sku=7234,https://cdn.shopify.com/s/files/1/0884/0278/8685/files/brandenburg-matratze-160x200-blau-weiss-hauptansicht.jpg?v=1784205138,out_of_stock,2340.00 EUR,Ángel Cerdá S.L.,new,8435631045137,7234,brandenburg-premium-hybrid-natural-latex-mattress-180x200
7243,"Westphalia Premium Hybrid-Matratze aus Naturlatex, 180 × 200","Die Westfalen Hybrid-Matratze (180x200 cm) wurde entwickelt, um ein erfrischendes Schlaferlebnis zu bieten. Sie kombiniert Naturlatex mit einem Cooltex-Minitsaschenfedersystem in einem eleganten beigefarbenen Finish und bietet fortschrittliche Kühleigenschaften sowie perfekt ausgewogenen Komfort.",https://www.maisondecocon.com/products/westphalia-premium-hybrid-natural-latex-mattress-180x200?variant_sku=7243,https://cdn.shopify.com/s/files/1/0884/0278/8685/files/westphalia-matratze-160x200-beige-hauptansicht.jpg?v=1784205330,out_of_stock,2340.00 EUR,Ángel Cerdá S.L.,new,8435631053125,7243,westphalia-premium-hybrid-natural-latex-mattress-180x200
M11402007VS,Bettbezug aus Tencel™-Twill – Weiß,"Tauchen Sie ein in Bettwäsche, die mit Ihnen atmet. Unser Bettbezug aus Tencel™-Twill in Weiß verleiht Ihrem Schlafzimmer eine sanfte, matte Eleganz – dezenter Luxus ohne Glanz.",https://www.maisondecocon.com/products/tencel-twill-duvet-cover-white?variant_sku=M11402007VS,https://cdn.shopify.com/s/files/1/0884/0278/8685/files/Tencel_Twill_Duvet_Cover_in_White_styled_on_a_bed_with_a_neutral_headboard_and_sheer_curtains.png?v=1785835255,in_stock,129.95 EUR,Coco & Cici,new,8721184401781,M11402007VS,tencel-twill-duvet-cover-white
M12602207VS,Bettbezug aus Tencel™-Twill – Weiß,"Tauchen Sie ein in Bettwäsche, die mit Ihnen atmet. Unser Bettbezug aus Tencel™-Twill in Weiß verleiht Ihrem Schlafzimmer eine sanfte, matte Eleganz – dezenter Luxus ohne Glanz.",https://www.maisondecocon.com/products/tencel-twill-duvet-cover-white?variant_sku=M12602207VS,https://cdn.shopify.com/s/files/1/0884/0278/8685/files/Tencel_Twill_Duvet_Cover_in_White_styled_on_a_bed_with_a_neutral_headboard_and_sheer_curtains.png?v=1785835255,in_stock,239.95 EUR,Coco & Cici,new,8721184401835,M12602207VS,tencel-twill-duvet-cover-white
M11402207VS,Bettbezug aus Tencel™-Twill – Weiß,"Tauchen Sie ein in Bettwäsche, die mit Ihnen atmet. Unser Bettbezug aus Tencel™-Twill in Weiß verleiht Ihrem Schlafzimmer eine sanfte, matte Eleganz – dezenter Luxus ohne Glanz.",https://www.maisondecocon.com/products/tencel-twill-duvet-cover-white?variant_sku=M11402207VS,https://cdn.shopify.com/s/files/1/0884/0278/8685/files/Tencel_Twill_Duvet_Cover_in_White_styled_on_a_bed_with_a_neutral_headboard_and_sheer_curtains.png?v=1785835255,in_stock,139.95 EUR,Coco & Cici,new,8721184403914,M11402207VS,tencel-twill-duvet-cover-white
M12402207VS,Bettbezug aus Tencel™-Twill – Weiß,"Tauchen Sie ein in Bettwäsche, die mit Ihnen atmet. Unser Bettbezug aus Tencel™-Twill in Weiß verleiht Ihrem Schlafzimmer eine sanfte, matte Eleganz – dezenter Luxus ohne Glanz.",https://www.maisondecocon.com/products/tencel-twill-duvet-cover-white?variant_sku=M12402207VS,https://cdn.shopify.com/s/files/1/0884/0278/8685/files/Tencel_Twill_Duvet_Cover_in_White_styled_on_a_bed_with_a_neutral_headboard_and_sheer_curtains.png?v=1785835255,in_stock,219.95 EUR,Coco & Cici,new,8721184401828,M12402207VS,tencel-twill-duvet-cover-white
M12002007VS,Bettbezug aus Tencel™-Twill – Weiß,"Tauchen Sie ein in Bettwäsche, die mit Ihnen atmet. Unser Bettbezug aus Tencel™-Twill in Weiß verleiht Ihrem Schlafzimmer eine sanfte, matte Eleganz – dezenter Luxus ohne Glanz.",https://www.maisondecocon.com/products/tencel-twill-duvet-cover-white?variant_sku=M12002007VS,https://cdn.shopify.com/s/files/1/0884/0278/8685/files/Tencel_Twill_Duvet_Cover_in_White_styled_on_a_bed_with_a_neutral_headboard_and_sheer_curtains.png?v=1785835255,out_of_stock,179.95 EUR,Coco & Cici,new,8721184401804,M12002007VS,tencel-twill-duvet-cover-white
M12002207VS,Bettbezug aus Tencel™-Twill – Weiß,"Tauchen Sie ein in Bettwäsche, die mit Ihnen atmet. Unser Bettbezug aus Tencel™-Twill in Weiß verleiht Ihrem Schlafzimmer eine sanfte, matte Eleganz – dezenter Luxus ohne Glanz.",https://www.maisondecocon.com/products/tencel-twill-duvet-cover-white?variant_sku=M12002207VS,https://cdn.shopify.com/s/files/1/0884/0278/8685/files/Tencel_Twill_Duvet_Cover_in_White_styled_on_a_bed_with_a_neutral_headboard_and_sheer_curtains.png?v=1785835255,in_stock,189.95 EUR,Coco & Cici,new,8721184401811,M12002207VS,tencel-twill-duvet-cover-white
B11402003,"Bettbezug aus Bambus, ockergelb","Besserer Schlaf beginnt ganz einfach. Unser Bettbezug „Eco Bamboo“ in Ockergelb ist weich, atmungsaktiv und besonders pflegeleicht – ein sanfter, nachhaltiger Einstieg in einen besseren Schlaf.",https://www.maisondecocon.com/products/bamboo-duvet-cover-ocher-yellow?variant_sku=B11402003,https://cdn.shopify.com/s/files/1/0884/0278/8685/files/bamboo-duvet-cover-ocher-yellow-folded-01.png?v=1785840894,out_of_stock,109.95 EUR,Coco & Cici,new,6091016424472,B11402003,bamboo-duvet-cover-ocher-yellow
B11402203,"Bettbezug aus Bambus, ockergelb","Besserer Schlaf beginnt ganz einfach. Unser Bettbezug „Eco Bamboo“ in Ockergelb ist weich, atmungsaktiv und besonders pflegeleicht – ein sanfter, nachhaltiger Einstieg in einen besseren Schlaf.",https://www.maisondecocon.com/products/bamboo-duvet-cover-ocher-yellow?variant_sku=B11402203,https://cdn.shopify.com/s/files/1/0884/0278/8685/files/bamboo-duvet-cover-ocher-yellow-folded-01.png?v=1785840894,out_of_stock,109.95 EUR,Coco & Cici,new,6091016451447,B11402203,bamboo-duvet-cover-ocher-yellow
B12002003,"Bettbezug aus Bambus, ockergelb","Besserer Schlaf beginnt ganz einfach. Unser Bettbezug „Eco Bamboo“ in Ockergelb ist weich, atmungsaktiv und besonders pflegeleicht – ein sanfter, nachhaltiger Einstieg in einen besseren Schlaf.",https://www.maisondecocon.com/products/bamboo-duvet-cover-ocher-yellow?variant_sku=B12002003,https://cdn.shopify.com/s/files/1/0884/0278/8685/files/bamboo-duvet-cover-ocher-yellow-folded-01.png?v=1785840894,out_of_stock,169.95 EUR,Coco & Cici,new,6091016460487,B12002003,bamboo-duvet-cover-ocher-yellow
B12002203,"Bettbezug aus Bambus, ockergelb","Besserer Schlaf beginnt ganz einfach. Unser Bettbezug „Eco Bamboo“ in Ockergelb ist weich, atmungsaktiv und besonders pflegeleicht – ein sanfter, nachhaltiger Einstieg in einen besseren Schlaf.",https://www.maisondecocon.com/products/bamboo-duvet-cover-ocher-yellow?variant_sku=B12002203,https://cdn.shopify.com/s/files/1/0884/0278/8685/files/bamboo-duvet-cover-ocher-yellow-folded-01.png?v=1785840894,out_of_stock,169.95 EUR,Coco & Cici,new,6091016585548,B12002203,bamboo-duvet-cover-ocher-yellow
B12402203,"Bettbezug aus Bambus, ockergelb","Besserer Schlaf beginnt ganz einfach. Unser Bettbezug „Eco Bamboo“ in Ockergelb ist weich, atmungsaktiv und besonders pflegeleicht – ein sanfter, nachhaltiger Einstieg in einen besseren Schlaf.",https://www.maisondecocon.com/products/bamboo-duvet-cover-ocher-yellow?variant_sku=B12402203,https://cdn.shopify.com/s/files/1/0884/0278/8685/files/bamboo-duvet-cover-ocher-yellow-folded-01.png?v=1785840894,out_of_stock,199.95 EUR,Coco & Cici,new,6091016773716,B12402203,bamboo-duvet-cover-ocher-yellow
B12602203,"Bettbezug aus Bambus, ockergelb","Besserer Schlaf beginnt ganz einfach. Unser Bettbezug „Eco Bamboo“ in Ockergelb ist weich, atmungsaktiv und besonders pflegeleicht – ein sanfter, nachhaltiger Einstieg in einen besseren Schlaf.",https://www.maisondecocon.com/products/bamboo-duvet-cover-ocher-yellow?variant_sku=B12602203,https://cdn.shopify.com/s/files/1/0884/0278/8685/files/bamboo-duvet-cover-ocher-yellow-folded-01.png?v=1785840894,out_of_stock,209.95 EUR,Coco & Cici,new,6091016828898,B12602203,bamboo-duvet-cover-ocher-yellow
12602207,TENCEL™-Satin-Bettbezug in Terra Pink,"Wachen Sie auf, als wären Sie noch im Urlaub. Unser Bettbezug aus Tencel™-Satin in der Farbe „Terra Pink“ verleiht Ihrem Schlafzimmer eine geschmeidige, strahlende Weichheit – mit einem natürlichen Glanz, der mit der Zeit immer schöner wird.",https://www.maisondecocon.com/products/tencel-sateen-duvet-cover-terra-pink?variant_sku=12602207,https://cdn.shopify.com/s/files/1/0884/0278/8685/files/tencel-sateen-duvet-cover-terra-pink-folded-01.jpg?v=1785849687,in_stock,269.95 EUR,Coco & Cici,new,7423603046078,12602207,tencel-sateen-duvet-cover-terra-pink
M250602,"Kissenbezug aus Tencel™-Twill, beige","Vervollständigen Sie Ihr Set mit passender Weichheit. Unser Kissenbezug aus Tencel™-Twill in Beige bietet denselben matten, langlebigen Komfort wie unsere Bettbezüge – diskreter Luxus, Kissen für Kissen.",https://www.maisondecocon.com/products/tencel-twill-pillowcase-beige?variant_sku=M250602,https://cdn.shopify.com/s/files/1/0884/0278/8685/files/tencel-twill-pillowcase-beige-styled-01.jpg?v=1785849569,in_stock,29.95 EUR,Coco & Cici,new,6097749117179,M250602,tencel-twill-pillowcase-beige
M280802,"Kissenbezug aus Tencel™-Twill, beige","Vervollständigen Sie Ihr Set mit passender Weichheit. Unser Kissenbezug aus Tencel™-Twill in Beige bietet denselben matten, langlebigen Komfort wie unsere Bettbezüge – diskreter Luxus, Kissen für Kissen.",https://www.maisondecocon.com/products/tencel-twill-pillowcase-beige?variant_sku=M280802,https://cdn.shopify.com/s/files/1/0884/0278/8685/files/tencel-twill-pillowcase-beige-styled-01.jpg?v=1785849569,in_stock,37.95 EUR,Coco & Cici,new,8721184401743,M280802,tencel-twill-pillowcase-beige
M260702,"Kissenbezug aus Tencel™-Twill, beige","Vervollständigen Sie Ihr Set mit passender Weichheit. Unser Kissenbezug aus Tencel™-Twill in Beige bietet denselben matten, langlebigen Komfort wie unsere Bettbezüge – diskreter Luxus, Kissen für Kissen.",https://www.maisondecocon.com/products/tencel-twill-pillowcase-beige?variant_sku=M260702,https://cdn.shopify.com/s/files/1/0884/0278/8685/files/tencel-twill-pillowcase-beige-styled-01.jpg?v=1785849569,in_stock,32.95 EUR,Coco & Cici,new,6097749265214,M260702,tencel-twill-pillowcase-beige
M2507522,"Kissenbezug aus Tencel™-Twill, beige","Vervollständigen Sie Ihr Set mit passender Weichheit. Unser Kissenbezug aus Tencel™-Twill in Beige bietet denselben matten, langlebigen Komfort wie unsere Bettbezüge – diskreter Luxus, Kissen für Kissen.",https://www.maisondecocon.com/products/tencel-twill-pillowcase-beige?variant_sku=M2507522,https://cdn.shopify.com/s/files/1/0884/0278/8685/files/tencel-twill-pillowcase-beige-styled-01.jpg?v=1785849569,in_stock,36.95 EUR,Coco & Cici,new,8721184401767,M2507522,tencel-twill-pillowcase-beige
M265652,"Kissenbezug aus Tencel™-Twill, beige","Vervollständigen Sie Ihr Set mit passender Weichheit. Unser Kissenbezug aus Tencel™-Twill in Beige bietet denselben matten, langlebigen Komfort wie unsere Bettbezüge – diskreter Luxus, Kissen für Kissen.",https://www.maisondecocon.com/products/tencel-twill-pillowcase-beige?variant_sku=M265652,https://cdn.shopify.com/s/files/1/0884/0278/8685/files/tencel-twill-pillowcase-beige-styled-01.jpg?v=1785849569,in_stock,32.95 EUR,Coco & Cici,new,8721184401736,M265652,tencel-twill-pillowcase-beige
M240802,"Kissenbezug aus Tencel™-Twill, beige","Vervollständigen Sie Ihr Set mit passender Weichheit. Unser Kissenbezug aus Tencel™-Twill in Beige bietet denselben matten, langlebigen Komfort wie unsere Bettbezüge – diskreter Luxus, Kissen für Kissen.",https://www.maisondecocon.com/products/tencel-twill-pillowcase-beige?variant_sku=M240802,https://cdn.shopify.com/s/files/1/0884/0278/8685/files/tencel-twill-pillowcase-beige-styled-01.jpg?v=1785849569,in_stock,32.95 EUR,Coco & Cici,new,8721184401675,M240802,tencel-twill-pillowcase-beige
M2607022,"Kissenbezug aus Tencel™-Twill, beige","Vervollständigen Sie Ihr Set mit passender Weichheit. Unser Kissenbezug aus Tencel™-Twill in Beige bietet denselben matten, langlebigen Komfort wie unsere Bettbezüge – diskreter Luxus, Kissen für Kissen.",https://www.maisondecocon.com/products/tencel-twill-pillowcase-beige?variant_sku=M2607022,https://cdn.shopify.com/s/files/1/0884/0278/8685/files/tencel-twill-pillowcase-beige-styled-01.jpg?v=1785849569,in_stock,29.95 EUR,Coco & Cici,new,6097748637616,M2607022,tencel-twill-pillowcase-beige
M2507022,"Kissenbezug aus Tencel™-Twill, beige","Vervollständigen Sie Ihr Set mit passender Weichheit. Unser Kissenbezug aus Tencel™-Twill in Beige bietet denselben matten, langlebigen Komfort wie unsere Bettbezüge – diskreter Luxus, Kissen für Kissen.",https://www.maisondecocon.com/products/tencel-twill-pillowcase-beige?variant_sku=M2507022,https://cdn.shopify.com/s/files/1/0884/0278/8685/files/tencel-twill-pillowcase-beige-styled-01.jpg?v=1785849569,in_stock,29.95 EUR,Coco & Cici,new,6097748493472,M2507022,tencel-twill-pillowcase-beige
4260240AS,Tencel™ Vier-Jahreszeiten-Bettdecke,"Für jede Jahreszeit konzipiert. Unsere Tencel™ Four Seasons-Bettdecke kombiniert eine leichtere Sommerdecke mit einer Frühjahrs-/Herbstdecke, die sich für den Winter miteinander verbinden lassen – ein Bettdeckensystem, das das ganze Jahr über Komfort bietet.",https://www.maisondecocon.com/products/tencel-four-seasons-duvet?variant_sku=4260240AS,https://cdn.shopify.com/s/files/1/0884/0278/8685/files/tencel-four-seasons-duvet-folded-elephant-01.png?v=1785850675,out_of_stock,819.00 EUR,Coco & Cici,new,8721184406359,4260240AS,tencel-four-seasons-duvet
4260220AS,Tencel™ Vier-Jahreszeiten-Bettdecke,"Für jede Jahreszeit konzipiert. Unsere Tencel™ Four Seasons-Bettdecke kombiniert eine leichtere Sommerdecke mit einer Frühjahrs-/Herbstdecke, die sich für den Winter miteinander verbinden lassen – ein Bettdeckensystem, das das ganze Jahr über Komfort bietet.",https://www.maisondecocon.com/products/tencel-four-seasons-duvet?variant_sku=4260220AS,https://cdn.shopify.com/s/files/1/0884/0278/8685/files/tencel-four-seasons-duvet-folded-elephant-01.png?v=1785850675,in_stock,749.00 EUR,Coco & Cici,new,7423607355329,4260220AS,tencel-four-seasons-duvet
4200220AS,Tencel™ Vier-Jahreszeiten-Bettdecke,"Für jede Jahreszeit konzipiert. Unsere Tencel™ Four Seasons-Bettdecke kombiniert eine leichtere Sommerdecke mit einer Frühjahrs-/Herbstdecke, die sich für den Winter miteinander verbinden lassen – ein Bettdeckensystem, das das ganze Jahr über Komfort bietet.",https://www.maisondecocon.com/products/tencel-four-seasons-duvet?variant_sku=4200220AS,https://cdn.shopify.com/s/files/1/0884/0278/8685/files/tencel-four-seasons-duvet-folded-elephant-01.png?v=1785850675,in_stock,599.00 EUR,Coco & Cici,new,7423606679655,4200220AS,tencel-four-seasons-duvet
4240220AS,Tencel™ Vier-Jahreszeiten-Bettdecke,"Für jede Jahreszeit konzipiert. Unsere Tencel™ Four Seasons-Bettdecke kombiniert eine leichtere Sommerdecke mit einer Frühjahrs-/Herbstdecke, die sich für den Winter miteinander verbinden lassen – ein Bettdeckensystem, das das ganze Jahr über Komfort bietet.",https://www.maisondecocon.com/products/tencel-four-seasons-duvet?variant_sku=4240220AS,https://cdn.shopify.com/s/files/1/0884/0278/8685/files/tencel-four-seasons-duvet-folded-elephant-01.png?v=1785850675,in_stock,679.00 EUR,Coco & Cici,new,7423607345337,4240220AS,tencel-four-seasons-duvet
4140200AS,Tencel™ Vier-Jahreszeiten-Bettdecke,"Für jede Jahreszeit konzipiert. Unsere Tencel™ Four Seasons-Bettdecke kombiniert eine leichtere Sommerdecke mit einer Frühjahrs-/Herbstdecke, die sich für den Winter miteinander verbinden lassen – ein Bettdeckensystem, das das ganze Jahr über Komfort bietet.",https://www.maisondecocon.com/products/tencel-four-seasons-duvet?variant_sku=4140200AS,https://cdn.shopify.com/s/files/1/0884/0278/8685/files/tencel-four-seasons-duvet-folded-elephant-01.png?v=1785850675,in_stock,419.00 EUR,Coco & Cici,new,7423626999917,4140200AS,tencel-four-seasons-duvet
4200200AS,Tencel™ Vier-Jahreszeiten-Bettdecke,"Für jede Jahreszeit konzipiert. Unsere Tencel™ Four Seasons-Bettdecke kombiniert eine leichtere Sommerdecke mit einer Frühjahrs-/Herbstdecke, die sich für den Winter miteinander verbinden lassen – ein Bettdeckensystem, das das ganze Jahr über Komfort bietet.",https://www.maisondecocon.com/products/tencel-four-seasons-duvet?variant_sku=4200200AS,https://cdn.shopify.com/s/files/1/0884/0278/8685/files/tencel-four-seasons-duvet-folded-elephant-01.png?v=1785850675,in_stock,599.00 EUR,Coco & Cici,new,8721184406342,4200200AS,tencel-four-seasons-duvet
4140220AS,Tencel™ Vier-Jahreszeiten-Bettdecke,"Für jede Jahreszeit konzipiert. Unsere Tencel™ Four Seasons-Bettdecke kombiniert eine leichtere Sommerdecke mit einer Frühjahrs-/Herbstdecke, die sich für den Winter miteinander verbinden lassen – ein Bettdeckensystem, das das ganze Jahr über Komfort bietet.",https://www.maisondecocon.com/products/tencel-four-seasons-duvet?variant_sku=4140220AS,https://cdn.shopify.com/s/files/1/0884/0278/8685/files/tencel-four-seasons-duvet-folded-elephant-01.png?v=1785850675,in_stock,419.00 EUR,Coco & Cici,new,7423607361337,4140220AS,tencel-four-seasons-duvet
M12002002VS,Bettbezug aus Tencel™-Twill – Beige,"Lassen Sie sich in Bettwäsche sinken, die mit Ihnen atmet. Unser Bettbezug aus Tencel™-Twill in Beige verleiht Ihrem Schlafzimmer eine sanfte, matte Eleganz – unaufdringlicher Luxus ohne Glanz.",https://www.maisondecocon.com/products/tencel-twill-duvet-cover-beige?variant_sku=M12002002VS,https://cdn.shopify.com/s/files/1/0884/0278/8685/files/tencel-twill-duvet-cover-beige-styled-01.jpg?v=1785853222,out_of_stock,179.95 EUR,Coco & Cici,new,8721184403815,M12002002VS,tencel-twill-duvet-cover-beige
M11402002VS,Bettbezug aus Tencel™-Twill – Beige,"Lassen Sie sich in Bettwäsche sinken, die mit Ihnen atmet. Unser Bettbezug aus Tencel™-Twill in Beige verleiht Ihrem Schlafzimmer eine sanfte, matte Eleganz – unaufdringlicher Luxus ohne Glanz.",https://www.maisondecocon.com/products/tencel-twill-duvet-cover-beige?variant_sku=M11402002VS,https://cdn.shopify.com/s/files/1/0884/0278/8685/files/tencel-twill-duvet-cover-beige-styled-01.jpg?v=1785853222,in_stock,129.95 EUR,Coco & Cici,new,8721184403808,M11402002VS,tencel-twill-duvet-cover-beige
M12602202VS,Bettbezug aus Tencel™-Twill – Beige,"Lassen Sie sich in Bettwäsche sinken, die mit Ihnen atmet. Unser Bettbezug aus Tencel™-Twill in Beige verleiht Ihrem Schlafzimmer eine sanfte, matte Eleganz – unaufdringlicher Luxus ohne Glanz.",https://www.maisondecocon.com/products/tencel-twill-duvet-cover-beige?variant_sku=M12602202VS,https://cdn.shopify.com/s/files/1/0884/0278/8685/files/tencel-twill-duvet-cover-beige-styled-01.jpg?v=1785853222,in_stock,239.95 EUR,Coco & Cici,new,8721184405031,M12602202VS,tencel-twill-duvet-cover-beige
M12402202VS,Bettbezug aus Tencel™-Twill – Beige,"Lassen Sie sich in Bettwäsche sinken, die mit Ihnen atmet. Unser Bettbezug aus Tencel™-Twill in Beige verleiht Ihrem Schlafzimmer eine sanfte, matte Eleganz – unaufdringlicher Luxus ohne Glanz.",https://www.maisondecocon.com/products/tencel-twill-duvet-cover-beige?variant_sku=M12402202VS,https://cdn.shopify.com/s/files/1/0884/0278/8685/files/tencel-twill-duvet-cover-beige-styled-01.jpg?v=1785853222,in_stock,219.95 EUR,Coco & Cici,new,8721184403839,M12402202VS,tencel-twill-duvet-cover-beige
M11402202VS,Bettbezug aus Tencel™-Twill – Beige,"Lassen Sie sich in Bettwäsche sinken, die mit Ihnen atmet. Unser Bettbezug aus Tencel™-Twill in Beige verleiht Ihrem Schlafzimmer eine sanfte, matte Eleganz – unaufdringlicher Luxus ohne Glanz.",https://www.maisondecocon.com/products/tencel-twill-duvet-cover-beige?variant_sku=M11402202VS,https://cdn.shopify.com/s/files/1/0884/0278/8685/files/tencel-twill-duvet-cover-beige-styled-01.jpg?v=1785853222,in_stock,139.95 EUR,Coco & Cici,new,8721184406250,M11402202VS,tencel-twill-duvet-cover-beige
M12002202VS,Bettbezug aus Tencel™-Twill – Beige,"Lassen Sie sich in Bettwäsche sinken, die mit Ihnen atmet. Unser Bettbezug aus Tencel™-Twill in Beige verleiht Ihrem Schlafzimmer eine sanfte, matte Eleganz – unaufdringlicher Luxus ohne Glanz.",https://www.maisondecocon.com/products/tencel-twill-duvet-cover-beige?variant_sku=M12002202VS,https://cdn.shopify.com/s/files/1/0884/0278/8685/files/tencel-twill-duvet-cover-beige-styled-01.jpg?v=1785853222,in_stock,189.95 EUR,Coco & Cici,new,8721184401644,M12002202VS,tencel-twill-duvet-cover-beige
12002204VS,"Bettbezug aus Tencel™-Satin, Farbe: Taupe","Wachen Sie auf, als wären Sie noch im Urlaub. Unser Bettbezug aus Tencel™-Satin in Taupe verleiht Ihrem Schlafzimmer eine geschmeidige, strahlende Weichheit – mit einem natürlichen Glanz, der mit der Zeit immer schöner wird.",https://www.maisondecocon.com/products/tencel-sateen-duvet-cover-taupe?variant_sku=12002204VS,https://cdn.shopify.com/s/files/1/0884/0278/8685/files/tencel-sateen-duvet-cover-taupe-styled-01.jpg?v=1785853807,out_of_stock,229.95 EUR,Coco & Cici,new,8721184401989,12002204VS,tencel-sateen-duvet-cover-taupe
12402204VS,"Bettbezug aus Tencel™-Satin, Farbe: Taupe","Wachen Sie auf, als wären Sie noch im Urlaub. Unser Bettbezug aus Tencel™-Satin in Taupe verleiht Ihrem Schlafzimmer eine geschmeidige, strahlende Weichheit – mit einem natürlichen Glanz, der mit der Zeit immer schöner wird.",https://www.maisondecocon.com/products/tencel-sateen-duvet-cover-taupe?variant_sku=12402204VS,https://cdn.shopify.com/s/files/1/0884/0278/8685/files/tencel-sateen-duvet-cover-taupe-styled-01.jpg?v=1785853807,out_of_stock,249.95 EUR,Coco & Cici,new,8721184403730,12402204VS,tencel-sateen-duvet-cover-taupe
12002004,"Bettbezug aus Tencel™-Satin, Farbe: Taupe","Wachen Sie auf, als wären Sie noch im Urlaub. Unser Bettbezug aus Tencel™-Satin in Taupe verleiht Ihrem Schlafzimmer eine geschmeidige, strahlende Weichheit – mit einem natürlichen Glanz, der mit der Zeit immer schöner wird.",https://www.maisondecocon.com/products/tencel-sateen-duvet-cover-taupe?variant_sku=12002004,https://cdn.shopify.com/s/files/1/0884/0278/8685/files/tencel-sateen-duvet-cover-taupe-styled-01.jpg?v=1785853807,in_stock,229.95 EUR,Coco & Cici,new,6011404047083,12002004,tencel-sateen-duvet-cover-taupe
11402004VS,"Bettbezug aus Tencel™-Satin, Farbe: Taupe","Wachen Sie auf, als wären Sie noch im Urlaub. Unser Bettbezug aus Tencel™-Satin in Taupe verleiht Ihrem Schlafzimmer eine geschmeidige, strahlende Weichheit – mit einem natürlichen Glanz, der mit der Zeit immer schöner wird.",https://www.maisondecocon.com/products/tencel-sateen-duvet-cover-taupe?variant_sku=11402004VS,https://cdn.shopify.com/s/files/1/0884/0278/8685/files/tencel-sateen-duvet-cover-taupe-styled-01.jpg?v=1785853807,in_stock,159.95 EUR,Coco & Cici,new,6011403911927,11402004VS,tencel-sateen-duvet-cover-taupe
12602204VS,"Bettbezug aus Tencel™-Satin, Farbe: Taupe","Wachen Sie auf, als wären Sie noch im Urlaub. Unser Bettbezug aus Tencel™-Satin in Taupe verleiht Ihrem Schlafzimmer eine geschmeidige, strahlende Weichheit – mit einem natürlichen Glanz, der mit der Zeit immer schöner wird.",https://www.maisondecocon.com/products/tencel-sateen-duvet-cover-taupe?variant_sku=12602204VS,https://cdn.shopify.com/s/files/1/0884/0278/8685/files/tencel-sateen-duvet-cover-taupe-styled-01.jpg?v=1785853807,out_of_stock,269.95 EUR,Coco & Cici,new,8721184402009,12602204VS,tencel-sateen-duvet-cover-taupe
11402204VS,"Bettbezug aus Tencel™-Satin, Farbe: Taupe","Wachen Sie auf, als wären Sie noch im Urlaub. Unser Bettbezug aus Tencel™-Satin in Taupe verleiht Ihrem Schlafzimmer eine geschmeidige, strahlende Weichheit – mit einem natürlichen Glanz, der mit der Zeit immer schöner wird.",https://www.maisondecocon.com/products/tencel-sateen-duvet-cover-taupe?variant_sku=11402204VS,https://cdn.shopify.com/s/files/1/0884/0278/8685/files/tencel-sateen-duvet-cover-taupe-styled-01.jpg?v=1785853807,out_of_stock,159.95 EUR,Coco & Cici,new,8721184403617,11402204VS,tencel-sateen-duvet-cover-taupe
M12402201,Bettbezug aus Tencel™-Twill – Pfirsich,"Lassen Sie sich in Bettwäsche sinken, die mit Ihnen atmet. Unser Bettbezug aus Tencel™-Twill in der Farbe „Peach“ verleiht Ihrem Schlafzimmer eine sanfte, matte Eleganz – dezenter Luxus ohne Glanz.",https://www.maisondecocon.com/products/tencel-twill-duvet-cover-peach?variant_sku=M12402201,https://cdn.shopify.com/s/files/1/0884/0278/8685/files/tencel-twill-duvet-cover-peach-styled-01.jpg?v=1785854821,out_of_stock,219.95 EUR,Coco & Cici,new,6097756751717,M12402201,tencel-twill-duvet-cover-peach
M11402201,Bettbezug aus Tencel™-Twill – Pfirsich,"Lassen Sie sich in Bettwäsche sinken, die mit Ihnen atmet. Unser Bettbezug aus Tencel™-Twill in der Farbe „Peach“ verleiht Ihrem Schlafzimmer eine sanfte, matte Eleganz – dezenter Luxus ohne Glanz.",https://www.maisondecocon.com/products/tencel-twill-duvet-cover-peach?variant_sku=M11402201,https://cdn.shopify.com/s/files/1/0884/0278/8685/files/tencel-twill-duvet-cover-peach-styled-01.jpg?v=1785854821,out_of_stock,139.95 EUR,Coco & Cici,new,6097757271269,M11402201,tencel-twill-duvet-cover-peach
M12602201,Bettbezug aus Tencel™-Twill – Pfirsich,"Lassen Sie sich in Bettwäsche sinken, die mit Ihnen atmet. Unser Bettbezug aus Tencel™-Twill in der Farbe „Peach“ verleiht Ihrem Schlafzimmer eine sanfte, matte Eleganz – dezenter Luxus ohne Glanz.",https://www.maisondecocon.com/products/tencel-twill-duvet-cover-peach?variant_sku=M12602201,https://cdn.shopify.com/s/files/1/0884/0278/8685/files/tencel-twill-duvet-cover-peach-styled-01.jpg?v=1785854821,in_stock,239.95 EUR,Coco & Cici,new,6097755548530,M12602201,tencel-twill-duvet-cover-peach
M11402001,Bettbezug aus Tencel™-Twill – Pfirsich,"Lassen Sie sich in Bettwäsche sinken, die mit Ihnen atmet. Unser Bettbezug aus Tencel™-Twill in der Farbe „Peach“ verleiht Ihrem Schlafzimmer eine sanfte, matte Eleganz – dezenter Luxus ohne Glanz.",https://www.maisondecocon.com/products/tencel-twill-duvet-cover-peach?variant_sku=M11402001,https://cdn.shopify.com/s/files/1/0884/0278/8685/files/tencel-twill-duvet-cover-peach-styled-01.jpg?v=1785854821,in_stock,129.95 EUR,Coco & Cici,new,6097757420476,M11402001,tencel-twill-duvet-cover-peach
M12002201,Bettbezug aus Tencel™-Twill – Pfirsich,"Lassen Sie sich in Bettwäsche sinken, die mit Ihnen atmet. Unser Bettbezug aus Tencel™-Twill in der Farbe „Peach“ verleiht Ihrem Schlafzimmer eine sanfte, matte Eleganz – dezenter Luxus ohne Glanz.",https://www.maisondecocon.com/products/tencel-twill-duvet-cover-peach?variant_sku=M12002201,https://cdn.shopify.com/s/files/1/0884/0278/8685/files/tencel-twill-duvet-cover-peach-styled-01.jpg?v=1785854821,in_stock,189.95 EUR,Coco & Cici,new,6097756784746,M12002201,tencel-twill-duvet-cover-peach
M12002001,Bettbezug aus Tencel™-Twill – Pfirsich,"Lassen Sie sich in Bettwäsche sinken, die mit Ihnen atmet. Unser Bettbezug aus Tencel™-Twill in der Farbe „Peach“ verleiht Ihrem Schlafzimmer eine sanfte, matte Eleganz – dezenter Luxus ohne Glanz.",https://www.maisondecocon.com/products/tencel-twill-duvet-cover-peach?variant_sku=M12002001,https://cdn.shopify.com/s/files/1/0884/0278/8685/files/tencel-twill-duvet-cover-peach-styled-01.jpg?v=1785854821,in_stock,179.95 EUR,Coco & Cici,new,6097756993940,M12002001,tencel-twill-duvet-cover-peach
11402206VS,"Bettbezug aus Tencel™-Satin, grau-grün","Wachen Sie auf, als wären Sie noch im Urlaub. Unser Bettbezug aus Tencel™-Satin in Graugrün verleiht Ihrem Schlafzimmer eine geschmeidige, strahlende Weichheit – mit einem natürlichen Glanz, der mit der Zeit immer schöner wird.",https://www.maisondecocon.com/products/tencel-sateen-duvet-cover-gray-green?variant_sku=11402206VS,https://cdn.shopify.com/s/files/1/0884/0278/8685/files/tencel-sateen-duvet-cover-gray-green-styled-01.jpg?v=1785855665,in_stock,159.95 EUR,Coco & Cici,new,8721184403631,11402206VS,tencel-sateen-duvet-cover-gray-green
12602206VS,"Bettbezug aus Tencel™-Satin, grau-grün","Wachen Sie auf, als wären Sie noch im Urlaub. Unser Bettbezug aus Tencel™-Satin in Graugrün verleiht Ihrem Schlafzimmer eine geschmeidige, strahlende Weichheit – mit einem natürlichen Glanz, der mit der Zeit immer schöner wird.",https://www.maisondecocon.com/products/tencel-sateen-duvet-cover-gray-green?variant_sku=12602206VS,https://cdn.shopify.com/s/files/1/0884/0278/8685/files/tencel-sateen-duvet-cover-gray-green-styled-01.jpg?v=1785855665,in_stock,269.95 EUR,Coco & Cici,new,6011402237233,12602206VS,tencel-sateen-duvet-cover-gray-green
12402206VS,"Bettbezug aus Tencel™-Satin, grau-grün","Wachen Sie auf, als wären Sie noch im Urlaub. Unser Bettbezug aus Tencel™-Satin in Graugrün verleiht Ihrem Schlafzimmer eine geschmeidige, strahlende Weichheit – mit einem natürlichen Glanz, der mit der Zeit immer schöner wird.",https://www.maisondecocon.com/products/tencel-sateen-duvet-cover-gray-green?variant_sku=12402206VS,https://cdn.shopify.com/s/files/1/0884/0278/8685/files/tencel-sateen-duvet-cover-gray-green-styled-01.jpg?v=1785855665,in_stock,249.95 EUR,Coco & Cici,new,8721184403754,12402206VS,tencel-sateen-duvet-cover-gray-green
11402006VS,"Bettbezug aus Tencel™-Satin, grau-grün","Wachen Sie auf, als wären Sie noch im Urlaub. Unser Bettbezug aus Tencel™-Satin in Graugrün verleiht Ihrem Schlafzimmer eine geschmeidige, strahlende Weichheit – mit einem natürlichen Glanz, der mit der Zeit immer schöner wird.",https://www.maisondecocon.com/products/tencel-sateen-duvet-cover-gray-green?variant_sku=11402006VS,https://cdn.shopify.com/s/files/1/0884/0278/8685/files/tencel-sateen-duvet-cover-gray-green-styled-01.jpg?v=1785855665,in_stock,159.95 EUR,Coco & Cici,new,8721184403594,11402006VS,tencel-sateen-duvet-cover-gray-green
12002206VS,"Bettbezug aus Tencel™-Satin, grau-grün","Wachen Sie auf, als wären Sie noch im Urlaub. Unser Bettbezug aus Tencel™-Satin in Graugrün verleiht Ihrem Schlafzimmer eine geschmeidige, strahlende Weichheit – mit einem natürlichen Glanz, der mit der Zeit immer schöner wird.",https://www.maisondecocon.com/products/tencel-sateen-duvet-cover-gray-green?variant_sku=12002206VS,https://cdn.shopify.com/s/files/1/0884/0278/8685/files/tencel-sateen-duvet-cover-gray-green-styled-01.jpg?v=1785855665,in_stock,229.95 EUR,Coco & Cici,new,8721184403716,12002206VS,tencel-sateen-duvet-cover-gray-green
12002006VS,"Bettbezug aus Tencel™-Satin, grau-grün","Wachen Sie auf, als wären Sie noch im Urlaub. Unser Bettbezug aus Tencel™-Satin in Graugrün verleiht Ihrem Schlafzimmer eine geschmeidige, strahlende Weichheit – mit einem natürlichen Glanz, der mit der Zeit immer schöner wird.",https://www.maisondecocon.com/products/tencel-sateen-duvet-cover-gray-green?variant_sku=12002006VS,https://cdn.shopify.com/s/files/1/0884/0278/8685/files/tencel-sateen-duvet-cover-gray-green-styled-01.jpg?v=1785855665,in_stock,229.95 EUR,Coco & Cici,new,6011402072087,12002006VS,tencel-sateen-duvet-cover-gray-green
12002201VS,"Bettbezug aus Tencel™-Satin, weiß","Wachen Sie auf, als wären Sie noch im Urlaub. Unser Bettbezug aus Tencel™-Satin in Weiß verleiht Ihrem Schlafzimmer eine geschmeidige, strahlende Weichheit – mit einem natürlichen Glanz, der mit der Zeit immer schöner wird.",https://www.maisondecocon.com/products/tencel-sateen-duvet-cover-white?variant_sku=12002201VS,https://cdn.shopify.com/s/files/1/0884/0278/8685/files/File_name_Alt_text_1_tencel-sateen-duvet-cover-white-styled-01.jpg?v=1785856155,in_stock,229.95 EUR,Coco & Cici,new,8721184403686,12002201VS,tencel-sateen-duvet-cover-white
11402201VS,"Bettbezug aus Tencel™-Satin, weiß","Wachen Sie auf, als wären Sie noch im Urlaub. Unser Bettbezug aus Tencel™-Satin in Weiß verleiht Ihrem Schlafzimmer eine geschmeidige, strahlende Weichheit – mit einem natürlichen Glanz, der mit der Zeit immer schöner wird.",https://www.maisondecocon.com/products/tencel-sateen-duvet-cover-white?variant_sku=11402201VS,https://cdn.shopify.com/s/files/1/0884/0278/8685/files/File_name_Alt_text_1_tencel-sateen-duvet-cover-white-styled-01.jpg?v=1785856155,in_stock,159.95 EUR,Coco & Cici,new,8721184403600,11402201VS,tencel-sateen-duvet-cover-white
12602201VS,"Bettbezug aus Tencel™-Satin, weiß","Wachen Sie auf, als wären Sie noch im Urlaub. Unser Bettbezug aus Tencel™-Satin in Weiß verleiht Ihrem Schlafzimmer eine geschmeidige, strahlende Weichheit – mit einem natürlichen Glanz, der mit der Zeit immer schöner wird.",https://www.maisondecocon.com/products/tencel-sateen-duvet-cover-white?variant_sku=12602201VS,https://cdn.shopify.com/s/files/1/0884/0278/8685/files/File_name_Alt_text_1_tencel-sateen-duvet-cover-white-styled-01.jpg?v=1785856155,in_stock,269.95 EUR,Coco & Cici,new,8721184403761,12602201VS,tencel-sateen-duvet-cover-white
12402201VS,"Bettbezug aus Tencel™-Satin, weiß","Wachen Sie auf, als wären Sie noch im Urlaub. Unser Bettbezug aus Tencel™-Satin in Weiß verleiht Ihrem Schlafzimmer eine geschmeidige, strahlende Weichheit – mit einem natürlichen Glanz, der mit der Zeit immer schöner wird.",https://www.maisondecocon.com/products/tencel-sateen-duvet-cover-white?variant_sku=12402201VS,https://cdn.shopify.com/s/files/1/0884/0278/8685/files/File_name_Alt_text_1_tencel-sateen-duvet-cover-white-styled-01.jpg?v=1785856155,in_stock,249.95 EUR,Coco & Cici,new,8721184403723,12402201VS,tencel-sateen-duvet-cover-white
12002001VS,"Bettbezug aus Tencel™-Satin, weiß","Wachen Sie auf, als wären Sie noch im Urlaub. Unser Bettbezug aus Tencel™-Satin in Weiß verleiht Ihrem Schlafzimmer eine geschmeidige, strahlende Weichheit – mit einem natürlichen Glanz, der mit der Zeit immer schöner wird.",https://www.maisondecocon.com/products/tencel-sateen-duvet-cover-white?variant_sku=12002001VS,https://cdn.shopify.com/s/files/1/0884/0278/8685/files/File_name_Alt_text_1_tencel-sateen-duvet-cover-white-styled-01.jpg?v=1785856155,out_of_stock,229.95 EUR,Coco & Cici,new,8721184403648,12002001VS,tencel-sateen-duvet-cover-white
11402001VS,"Bettbezug aus Tencel™-Satin, weiß","Wachen Sie auf, als wären Sie noch im Urlaub. Unser Bettbezug aus Tencel™-Satin in Weiß verleiht Ihrem Schlafzimmer eine geschmeidige, strahlende Weichheit – mit einem natürlichen Glanz, der mit der Zeit immer schöner wird.",https://www.maisondecocon.com/products/tencel-sateen-duvet-cover-white?variant_sku=11402001VS,https://cdn.shopify.com/s/files/1/0884/0278/8685/files/File_name_Alt_text_1_tencel-sateen-duvet-cover-white-styled-01.jpg?v=1785856155,in_stock,159.95 EUR,Coco & Cici,new,8721184402344,11402001VS,tencel-sateen-duvet-cover-white
4200200HS,Tencel™ Sommerbettdecke für die heißesten Tage,"Die leichteste Variante in unserem Sortiment. Unsere Tencel™ High Summer-Bettdecke wurde speziell für Personen entwickelt, denen im Schlaf schnell warm wird – sie ist dünner und atmungsaktiver als unsere Standard-Sommerbettdecke und wiegt lediglich 140 g/m².",https://www.maisondecocon.com/products/tencel-high-summer-cover?variant_sku=4200200HS,https://cdn.shopify.com/s/files/1/0884/0278/8685/files/tencel-high-summer-duvet-folded-01.jpg?v=1785856800,out_of_stock,179.00 EUR,Coco & Cici,new,8721184400814,4200200HS,tencel-high-summer-cover
4240220HS,Tencel™ Sommerbettdecke für die heißesten Tage,"Die leichteste Variante in unserem Sortiment. Unsere Tencel™ High Summer-Bettdecke wurde speziell für Personen entwickelt, denen im Schlaf schnell warm wird – sie ist dünner und atmungsaktiver als unsere Standard-Sommerbettdecke und wiegt lediglich 140 g/m².",https://www.maisondecocon.com/products/tencel-high-summer-cover?variant_sku=4240220HS,https://cdn.shopify.com/s/files/1/0884/0278/8685/files/tencel-high-summer-duvet-folded-01.jpg?v=1785856800,in_stock,199.00 EUR,Coco & Cici,new,7423631117146,4240220HS,tencel-high-summer-cover
4140200HS,Tencel™ Sommerbettdecke für die heißesten Tage,"Die leichteste Variante in unserem Sortiment. Unsere Tencel™ High Summer-Bettdecke wurde speziell für Personen entwickelt, denen im Schlaf schnell warm wird – sie ist dünner und atmungsaktiver als unsere Standard-Sommerbettdecke und wiegt lediglich 140 g/m².",https://www.maisondecocon.com/products/tencel-high-summer-cover?variant_sku=4140200HS,https://cdn.shopify.com/s/files/1/0884/0278/8685/files/tencel-high-summer-duvet-folded-01.jpg?v=1785856800,out_of_stock,129.00 EUR,Coco & Cici,new,7423630661619,4140200HS,tencel-high-summer-cover
4200220HS,Tencel™ Sommerbettdecke für die heißesten Tage,"Die leichteste Variante in unserem Sortiment. Unsere Tencel™ High Summer-Bettdecke wurde speziell für Personen entwickelt, denen im Schlaf schnell warm wird – sie ist dünner und atmungsaktiver als unsere Standard-Sommerbettdecke und wiegt lediglich 140 g/m².",https://www.maisondecocon.com/products/tencel-high-summer-cover?variant_sku=4200220HS,https://cdn.shopify.com/s/files/1/0884/0278/8685/files/tencel-high-summer-duvet-folded-01.jpg?v=1785856800,in_stock,179.00 EUR,Coco & Cici,new,7423631079017,4200220HS,tencel-high-summer-cover
4140220HS,Tencel™ Sommerbettdecke für die heißesten Tage,"Die leichteste Variante in unserem Sortiment. Unsere Tencel™ High Summer-Bettdecke wurde speziell für Personen entwickelt, denen im Schlaf schnell warm wird – sie ist dünner und atmungsaktiver als unsere Standard-Sommerbettdecke und wiegt lediglich 140 g/m².",https://www.maisondecocon.com/products/tencel-high-summer-cover?variant_sku=4140220HS,https://cdn.shopify.com/s/files/1/0884/0278/8685/files/tencel-high-summer-duvet-folded-01.jpg?v=1785856800,out_of_stock,129.00 EUR,Coco & Cici,new,7423630970902,4140220HS,tencel-high-summer-cover
4260220HS,Tencel™ Sommerbettdecke für die heißesten Tage,"Die leichteste Variante in unserem Sortiment. Unsere Tencel™ High Summer-Bettdecke wurde speziell für Personen entwickelt, denen im Schlaf schnell warm wird – sie ist dünner und atmungsaktiver als unsere Standard-Sommerbettdecke und wiegt lediglich 140 g/m².",https://www.maisondecocon.com/products/tencel-high-summer-cover?variant_sku=4260220HS,https://cdn.shopify.com/s/files/1/0884/0278/8685/files/tencel-high-summer-duvet-folded-01.jpg?v=1785856800,in_stock,209.00 EUR,Coco & Cici,new,7423631199104,4260220HS,tencel-high-summer-cover
B11402006VS,Eco Bamboo Bettbezug in der Farbe „Powder Peach“,"Besserer Schlaf beginnt ganz einfach. Unser Bettbezug „Eco Bamboo“ in der Farbe „Powder Peach“ ist weich, atmungsaktiv und besonders pflegeleicht – ein sanfter, nachhaltiger Einstieg in einen besseren Schlaf.",https://www.maisondecocon.com/products/eco-bamboo-duvet-cover-powder-peach?variant_sku=B11402006VS,https://cdn.shopify.com/s/files/1/0884/0278/8685/files/eco-bamboo-duvet-cover-powder-peach-styled-01.jpg?v=1785857601,in_stock,109.95 EUR,Coco & Cici,new,8721184401286,B11402006VS,eco-bamboo-duvet-cover-powder-peach
B12602206VS,Eco Bamboo Bettbezug in der Farbe „Powder Peach“,"Besserer Schlaf beginnt ganz einfach. Unser Bettbezug „Eco Bamboo“ in der Farbe „Powder Peach“ ist weich, atmungsaktiv und besonders pflegeleicht – ein sanfter, nachhaltiger Einstieg in einen besseren Schlaf.",https://www.maisondecocon.com/products/eco-bamboo-duvet-cover-powder-peach?variant_sku=B12602206VS,https://cdn.shopify.com/s/files/1/0884/0278/8685/files/eco-bamboo-duvet-cover-powder-peach-styled-01.jpg?v=1785857601,in_stock,209.95 EUR,Coco & Cici,new,8721184401330,B12602206VS,eco-bamboo-duvet-cover-powder-peach
B11402206VS,Eco Bamboo Bettbezug in der Farbe „Powder Peach“,"Besserer Schlaf beginnt ganz einfach. Unser Bettbezug „Eco Bamboo“ in der Farbe „Powder Peach“ ist weich, atmungsaktiv und besonders pflegeleicht – ein sanfter, nachhaltiger Einstieg in einen besseren Schlaf.",https://www.maisondecocon.com/products/eco-bamboo-duvet-cover-powder-peach?variant_sku=B11402206VS,https://cdn.shopify.com/s/files/1/0884/0278/8685/files/eco-bamboo-duvet-cover-powder-peach-styled-01.jpg?v=1785857601,in_stock,109.95 EUR,Coco & Cici,new,8721184401293,B11402206VS,eco-bamboo-duvet-cover-powder-peach
B12002006VS,Eco Bamboo Bettbezug in der Farbe „Powder Peach“,"Besserer Schlaf beginnt ganz einfach. Unser Bettbezug „Eco Bamboo“ in der Farbe „Powder Peach“ ist weich, atmungsaktiv und besonders pflegeleicht – ein sanfter, nachhaltiger Einstieg in einen besseren Schlaf.",https://www.maisondecocon.com/products/eco-bamboo-duvet-cover-powder-peach?variant_sku=B12002006VS,https://cdn.shopify.com/s/files/1/0884/0278/8685/files/eco-bamboo-duvet-cover-powder-peach-styled-01.jpg?v=1785857601,in_stock,169.95 EUR,Coco & Cici,new,8721184401309,B12002006VS,eco-bamboo-duvet-cover-powder-peach
B12002206VS,Eco Bamboo Bettbezug in der Farbe „Powder Peach“,"Besserer Schlaf beginnt ganz einfach. Unser Bettbezug „Eco Bamboo“ in der Farbe „Powder Peach“ ist weich, atmungsaktiv und besonders pflegeleicht – ein sanfter, nachhaltiger Einstieg in einen besseren Schlaf.",https://www.maisondecocon.com/products/eco-bamboo-duvet-cover-powder-peach?variant_sku=B12002206VS,https://cdn.shopify.com/s/files/1/0884/0278/8685/files/eco-bamboo-duvet-cover-powder-peach-styled-01.jpg?v=1785857601,in_stock,169.95 EUR,Coco & Cici,new,8721184401316,B12002206VS,eco-bamboo-duvet-cover-powder-peach
B12402206VS,Eco Bamboo Bettbezug in der Farbe „Powder Peach“,"Besserer Schlaf beginnt ganz einfach. Unser Bettbezug „Eco Bamboo“ in der Farbe „Powder Peach“ ist weich, atmungsaktiv und besonders pflegeleicht – ein sanfter, nachhaltiger Einstieg in einen besseren Schlaf.",https://www.maisondecocon.com/products/eco-bamboo-duvet-cover-powder-peach?variant_sku=B12402206VS,https://cdn.shopify.com/s/files/1/0884/0278/8685/files/eco-bamboo-duvet-cover-powder-peach-styled-01.jpg?v=1785857601,in_stock,199.95 EUR,Coco & Cici,new,8721184401323,B12402206VS,eco-bamboo-duvet-cover-powder-peach
TLB1420VS,Bettbezug aus Tencel™-Twill in Lavendelblau,"Tauchen Sie ein in Bettwäsche, die mit Ihnen atmet. Unser Bettbezug aus Tencel™-Twill in Lavendelblau verleiht Ihrem Schlafzimmer eine sanfte, matte Eleganz – dezenter Luxus ohne Glanz.",https://www.maisondecocon.com/products/tencel-twill-duvet-cover-lavender-blue?variant_sku=TLB1420VS,https://cdn.shopify.com/s/files/1/0884/0278/8685/files/tencel-twill-duvet-cover-lavender-blue-styled-01.jpg?v=1785858928,in_stock,129.95 EUR,Coco & Cici,new,8721184407004,TLB1420VS,tencel-twill-duvet-cover-lavender-blue
TLB2020VS,Bettbezug aus Tencel™-Twill in Lavendelblau,"Tauchen Sie ein in Bettwäsche, die mit Ihnen atmet. Unser Bettbezug aus Tencel™-Twill in Lavendelblau verleiht Ihrem Schlafzimmer eine sanfte, matte Eleganz – dezenter Luxus ohne Glanz.",https://www.maisondecocon.com/products/tencel-twill-duvet-cover-lavender-blue?variant_sku=TLB2020VS,https://cdn.shopify.com/s/files/1/0884/0278/8685/files/tencel-twill-duvet-cover-lavender-blue-styled-01.jpg?v=1785858928,in_stock,179.95 EUR,Coco & Cici,new,8721184407028,TLB2020VS,tencel-twill-duvet-cover-lavender-blue
TLB2422VS,Bettbezug aus Tencel™-Twill in Lavendelblau,"Tauchen Sie ein in Bettwäsche, die mit Ihnen atmet. Unser Bettbezug aus Tencel™-Twill in Lavendelblau verleiht Ihrem Schlafzimmer eine sanfte, matte Eleganz – dezenter Luxus ohne Glanz.",https://www.maisondecocon.com/products/tencel-twill-duvet-cover-lavender-blue?variant_sku=TLB2422VS,https://cdn.shopify.com/s/files/1/0884/0278/8685/files/tencel-twill-duvet-cover-lavender-blue-styled-01.jpg?v=1785858928,out_of_stock,219.95 EUR,Coco & Cici,new,8721184407042,TLB2422VS,tencel-twill-duvet-cover-lavender-blue
TLB2622VS,Bettbezug aus Tencel™-Twill in Lavendelblau,"Tauchen Sie ein in Bettwäsche, die mit Ihnen atmet. Unser Bettbezug aus Tencel™-Twill in Lavendelblau verleiht Ihrem Schlafzimmer eine sanfte, matte Eleganz – dezenter Luxus ohne Glanz.",https://www.maisondecocon.com/products/tencel-twill-duvet-cover-lavender-blue?variant_sku=TLB2622VS,https://cdn.shopify.com/s/files/1/0884/0278/8685/files/tencel-twill-duvet-cover-lavender-blue-styled-01.jpg?v=1785858928,in_stock,239.95 EUR,Coco & Cici,new,8721184407059,TLB2622VS,tencel-twill-duvet-cover-lavender-blue
TLB1422VS,Bettbezug aus Tencel™-Twill in Lavendelblau,"Tauchen Sie ein in Bettwäsche, die mit Ihnen atmet. Unser Bettbezug aus Tencel™-Twill in Lavendelblau verleiht Ihrem Schlafzimmer eine sanfte, matte Eleganz – dezenter Luxus ohne Glanz.",https://www.maisondecocon.com/products/tencel-twill-duvet-cover-lavender-blue?variant_sku=TLB1422VS,https://cdn.shopify.com/s/files/1/0884/0278/8685/files/tencel-twill-duvet-cover-lavender-blue-styled-01.jpg?v=1785858928,in_stock,139.95 EUR,Coco & Cici,new,8721184407011,TLB1422VS,tencel-twill-duvet-cover-lavender-blue
TLB2022VS,Bettbezug aus Tencel™-Twill in Lavendelblau,"Tauchen Sie ein in Bettwäsche, die mit Ihnen atmet. Unser Bettbezug aus Tencel™-Twill in Lavendelblau verleiht Ihrem Schlafzimmer eine sanfte, matte Eleganz – dezenter Luxus ohne Glanz.",https://www.maisondecocon.com/products/tencel-twill-duvet-cover-lavender-blue?variant_sku=TLB2022VS,https://cdn.shopify.com/s/files/1/0884/0278/8685/files/tencel-twill-duvet-cover-lavender-blue-styled-01.jpg?v=1785858928,in_stock,189.95 EUR,Coco & Cici,new,8721184407035,TLB2022VS,tencel-twill-duvet-cover-lavender-blue
B12002004,"Bettbezug aus Bambus, Ozeanblau","Besserer Schlaf beginnt ganz einfach. Unser Bettbezug „Eco Bamboo“ in der Farbe „Ocean Blue“ ist weich, atmungsaktiv und besonders pflegeleicht – ein sanfter, nachhaltiger Einstieg in einen besseren Schlaf.",https://www.maisondecocon.com/products/bamboo-duvet-cover-ocean-blue?variant_sku=B12002004,https://cdn.shopify.com/s/files/1/0884/0278/8685/files/bamboo-duvet-cover-ocean-blue-styled-01.png?v=1785859588,in_stock,135.96 EUR,Coco & Cici,new,8721184400067,B12002004,bamboo-duvet-cover-ocean-blue
B11402004VS,"Bettbezug aus Bambus, Ozeanblau","Besserer Schlaf beginnt ganz einfach. Unser Bettbezug „Eco Bamboo“ in der Farbe „Ocean Blue“ ist weich, atmungsaktiv und besonders pflegeleicht – ein sanfter, nachhaltiger Einstieg in einen besseren Schlaf.",https://www.maisondecocon.com/products/bamboo-duvet-cover-ocean-blue?variant_sku=B11402004VS,https://cdn.shopify.com/s/files/1/0884/0278/8685/files/bamboo-duvet-cover-ocean-blue-styled-01.png?v=1785859588,out_of_stock,87.96 EUR,Coco & Cici,new,8721184404959,B11402004VS,bamboo-duvet-cover-ocean-blue
B11402204,"Bettbezug aus Bambus, Ozeanblau","Besserer Schlaf beginnt ganz einfach. Unser Bettbezug „Eco Bamboo“ in der Farbe „Ocean Blue“ ist weich, atmungsaktiv und besonders pflegeleicht – ein sanfter, nachhaltiger Einstieg in einen besseren Schlaf.",https://www.maisondecocon.com/products/bamboo-duvet-cover-ocean-blue?variant_sku=B11402204,https://cdn.shopify.com/s/files/1/0884/0278/8685/files/bamboo-duvet-cover-ocean-blue-styled-01.png?v=1785859588,in_stock,87.96 EUR,Coco & Cici,new,8721184400050,B11402204,bamboo-duvet-cover-ocean-blue
B12602204,"Bettbezug aus Bambus, Ozeanblau","Besserer Schlaf beginnt ganz einfach. Unser Bettbezug „Eco Bamboo“ in der Farbe „Ocean Blue“ ist weich, atmungsaktiv und besonders pflegeleicht – ein sanfter, nachhaltiger Einstieg in einen besseren Schlaf.",https://www.maisondecocon.com/products/bamboo-duvet-cover-ocean-blue?variant_sku=B12602204,https://cdn.shopify.com/s/files/1/0884/0278/8685/files/bamboo-duvet-cover-ocean-blue-styled-01.png?v=1785859588,in_stock,167.96 EUR,Coco & Cici,new,8721184400098,B12602204,bamboo-duvet-cover-ocean-blue
B12402204,"Bettbezug aus Bambus, Ozeanblau","Besserer Schlaf beginnt ganz einfach. Unser Bettbezug „Eco Bamboo“ in der Farbe „Ocean Blue“ ist weich, atmungsaktiv und besonders pflegeleicht – ein sanfter, nachhaltiger Einstieg in einen besseren Schlaf.",https://www.maisondecocon.com/products/bamboo-duvet-cover-ocean-blue?variant_sku=B12402204,https://cdn.shopify.com/s/files/1/0884/0278/8685/files/bamboo-duvet-cover-ocean-blue-styled-01.png?v=1785859588,in_stock,159.96 EUR,Coco & Cici,new,8721184400081,B12402204,bamboo-duvet-cover-ocean-blue
TDR2020VS,Bettbezug aus Tencel™-Twill in der Farbe „Dusty Rose“,"Tauchen Sie ein in Bettwäsche, die mit Ihnen atmet. Unser Bettbezug aus Tencel™-Twill in der Farbe „Dusty Rose“ verleiht Ihrem Schlafzimmer eine sanfte, matte Eleganz – dezenter Luxus ohne Glanz.",https://www.maisondecocon.com/products/tencel-twill-duvet-cover-dusty-rose?variant_sku=TDR2020VS,https://cdn.shopify.com/s/files/1/0884/0278/8685/files/tencel-twill-duvet-cover-dusty-rose-styled-01.jpg?v=1785860163,in_stock,179.95 EUR,Coco & Cici,new,8721184406908,TDR2020VS,tencel-twill-duvet-cover-dusty-rose
TDR2022VS,Bettbezug aus Tencel™-Twill in der Farbe „Dusty Rose“,"Tauchen Sie ein in Bettwäsche, die mit Ihnen atmet. Unser Bettbezug aus Tencel™-Twill in der Farbe „Dusty Rose“ verleiht Ihrem Schlafzimmer eine sanfte, matte Eleganz – dezenter Luxus ohne Glanz.",https://www.maisondecocon.com/products/tencel-twill-duvet-cover-dusty-rose?variant_sku=TDR2022VS,https://cdn.shopify.com/s/files/1/0884/0278/8685/files/tencel-twill-duvet-cover-dusty-rose-styled-01.jpg?v=1785860163,out_of_stock,189.95 EUR,Coco & Cici,new,8721184406915,TDR2022VS,tencel-twill-duvet-cover-dusty-rose
TDR1422VS,Bettbezug aus Tencel™-Twill in der Farbe „Dusty Rose“,"Tauchen Sie ein in Bettwäsche, die mit Ihnen atmet. Unser Bettbezug aus Tencel™-Twill in der Farbe „Dusty Rose“ verleiht Ihrem Schlafzimmer eine sanfte, matte Eleganz – dezenter Luxus ohne Glanz.",https://www.maisondecocon.com/products/tencel-twill-duvet-cover-dusty-rose?variant_sku=TDR1422VS,https://cdn.shopify.com/s/files/1/0884/0278/8685/files/tencel-twill-duvet-cover-dusty-rose-styled-01.jpg?v=1785860163,in_stock,139.95 EUR,Coco & Cici,new,8721184406892,TDR1422VS,tencel-twill-duvet-cover-dusty-rose
TDR1420VS,Bettbezug aus Tencel™-Twill in der Farbe „Dusty Rose“,"Tauchen Sie ein in Bettwäsche, die mit Ihnen atmet. Unser Bettbezug aus Tencel™-Twill in der Farbe „Dusty Rose“ verleiht Ihrem Schlafzimmer eine sanfte, matte Eleganz – dezenter Luxus ohne Glanz.",https://www.maisondecocon.com/products/tencel-twill-duvet-cover-dusty-rose?variant_sku=TDR1420VS,https://cdn.shopify.com/s/files/1/0884/0278/8685/files/tencel-twill-duvet-cover-dusty-rose-styled-01.jpg?v=1785860163,out_of_stock,129.95 EUR,Coco & Cici,new,8721184406885,TDR1420VS,tencel-twill-duvet-cover-dusty-rose
TDR2622VS,Bettbezug aus Tencel™-Twill in der Farbe „Dusty Rose“,"Tauchen Sie ein in Bettwäsche, die mit Ihnen atmet. Unser Bettbezug aus Tencel™-Twill in der Farbe „Dusty Rose“ verleiht Ihrem Schlafzimmer eine sanfte, matte Eleganz – dezenter Luxus ohne Glanz.",https://www.maisondecocon.com/products/tencel-twill-duvet-cover-dusty-rose?variant_sku=TDR2622VS,https://cdn.shopify.com/s/files/1/0884/0278/8685/files/tencel-twill-duvet-cover-dusty-rose-styled-01.jpg?v=1785860163,in_stock,239.95 EUR,Coco & Cici,new,8721184406939,TDR2622VS,tencel-twill-duvet-cover-dusty-rose
TDR2422VS,Bettbezug aus Tencel™-Twill in der Farbe „Dusty Rose“,"Tauchen Sie ein in Bettwäsche, die mit Ihnen atmet. Unser Bettbezug aus Tencel™-Twill in der Farbe „Dusty Rose“ verleiht Ihrem Schlafzimmer eine sanfte, matte Eleganz – dezenter Luxus ohne Glanz.",https://www.maisondecocon.com/products/tencel-twill-duvet-cover-dusty-rose?variant_sku=TDR2422VS,https://cdn.shopify.com/s/files/1/0884/0278/8685/files/tencel-twill-duvet-cover-dusty-rose-styled-01.jpg?v=1785860163,out_of_stock,219.95 EUR,Coco & Cici,new,8721184406922,TDR2422VS,tencel-twill-duvet-cover-dusty-rose
SWS2020VS,"Bettbezug aus Tencel™-Satin, Farbe „White Sand“","Wachen Sie auf, als wären Sie noch im Urlaub. Unser Bettbezug aus Tencel™-Satin in der Farbe „White Sand“ verleiht Ihrem Schlafzimmer eine geschmeidige, strahlende Weichheit – mit einem natürlichen Glanz, der mit der Zeit immer schöner wird.",https://www.maisondecocon.com/products/tencel-sateen-duvet-cover-white-sand?variant_sku=SWS2020VS,https://cdn.shopify.com/s/files/1/0884/0278/8685/files/tencel-sateen-duvet-cover-white-sand-styled-01.jpg?v=1785860967,in_stock,229.95 EUR,Coco & Cici,new,8721184406724,SWS2020VS,tencel-sateen-duvet-cover-white-sand
SWS1422VS,"Bettbezug aus Tencel™-Satin, Farbe „White Sand“","Wachen Sie auf, als wären Sie noch im Urlaub. Unser Bettbezug aus Tencel™-Satin in der Farbe „White Sand“ verleiht Ihrem Schlafzimmer eine geschmeidige, strahlende Weichheit – mit einem natürlichen Glanz, der mit der Zeit immer schöner wird.",https://www.maisondecocon.com/products/tencel-sateen-duvet-cover-white-sand?variant_sku=SWS1422VS,https://cdn.shopify.com/s/files/1/0884/0278/8685/files/tencel-sateen-duvet-cover-white-sand-styled-01.jpg?v=1785860967,in_stock,159.95 EUR,Coco & Cici,new,8721184406717,SWS1422VS,tencel-sateen-duvet-cover-white-sand
SWS2622VS,"Bettbezug aus Tencel™-Satin, Farbe „White Sand“","Wachen Sie auf, als wären Sie noch im Urlaub. Unser Bettbezug aus Tencel™-Satin in der Farbe „White Sand“ verleiht Ihrem Schlafzimmer eine geschmeidige, strahlende Weichheit – mit einem natürlichen Glanz, der mit der Zeit immer schöner wird.",https://www.maisondecocon.com/products/tencel-sateen-duvet-cover-white-sand?variant_sku=SWS2622VS,https://cdn.shopify.com/s/files/1/0884/0278/8685/files/tencel-sateen-duvet-cover-white-sand-styled-01.jpg?v=1785860967,in_stock,269.95 EUR,Coco & Cici,new,8721184406755,SWS2622VS,tencel-sateen-duvet-cover-white-sand
SWS1420VS,"Bettbezug aus Tencel™-Satin, Farbe „White Sand“","Wachen Sie auf, als wären Sie noch im Urlaub. Unser Bettbezug aus Tencel™-Satin in der Farbe „White Sand“ verleiht Ihrem Schlafzimmer eine geschmeidige, strahlende Weichheit – mit einem natürlichen Glanz, der mit der Zeit immer schöner wird.",https://www.maisondecocon.com/products/tencel-sateen-duvet-cover-white-sand?variant_sku=SWS1420VS,https://cdn.shopify.com/s/files/1/0884/0278/8685/files/tencel-sateen-duvet-cover-white-sand-styled-01.jpg?v=1785860967,in_stock,159.95 EUR,Coco & Cici,new,8721184406700,SWS1420VS,tencel-sateen-duvet-cover-white-sand
SWS2022VS,"Bettbezug aus Tencel™-Satin, Farbe „White Sand“","Wachen Sie auf, als wären Sie noch im Urlaub. Unser Bettbezug aus Tencel™-Satin in der Farbe „White Sand“ verleiht Ihrem Schlafzimmer eine geschmeidige, strahlende Weichheit – mit einem natürlichen Glanz, der mit der Zeit immer schöner wird.",https://www.maisondecocon.com/products/tencel-sateen-duvet-cover-white-sand?variant_sku=SWS2022VS,https://cdn.shopify.com/s/files/1/0884/0278/8685/files/tencel-sateen-duvet-cover-white-sand-styled-01.jpg?v=1785860967,in_stock,229.95 EUR,Coco & Cici,new,8721184406731,SWS2022VS,tencel-sateen-duvet-cover-white-sand
SWS2422VS,"Bettbezug aus Tencel™-Satin, Farbe „White Sand“","Wachen Sie auf, als wären Sie noch im Urlaub. Unser Bettbezug aus Tencel™-Satin in der Farbe „White Sand“ verleiht Ihrem Schlafzimmer eine geschmeidige, strahlende Weichheit – mit einem natürlichen Glanz, der mit der Zeit immer schöner wird.",https://www.maisondecocon.com/products/tencel-sateen-duvet-cover-white-sand?variant_sku=SWS2422VS,https://cdn.shopify.com/s/files/1/0884/0278/8685/files/tencel-sateen-duvet-cover-white-sand-styled-01.jpg?v=1785860967,in_stock,249.95 EUR,Coco & Cici,new,8721184406748,SWS2422VS,tencel-sateen-duvet-cover-white-sand
M12602208VS,"Bettbezug aus Tencel™-Twill, olivgrün","Tauchen Sie ein in Bettwäsche, die mit Ihnen atmet. Unser Bettbezug aus Tencel™-Twill in Olivgrün verleiht Ihrem Schlafzimmer eine sanfte, matte Eleganz – dezenter Luxus ohne Glanz.",https://www.maisondecocon.com/products/tencel-twill-duvet-cover-olive-green?variant_sku=M12602208VS,https://cdn.shopify.com/s/files/1/0884/0278/8685/files/tencel-twill-duvet-cover-olive-green-styled-01.jpg?v=1785861286,out_of_stock,239.95 EUR,Coco & Cici,new,8721184401507,M12602208VS,tencel-twill-duvet-cover-olive-green
M11402008VS,"Bettbezug aus Tencel™-Twill, olivgrün","Tauchen Sie ein in Bettwäsche, die mit Ihnen atmet. Unser Bettbezug aus Tencel™-Twill in Olivgrün verleiht Ihrem Schlafzimmer eine sanfte, matte Eleganz – dezenter Luxus ohne Glanz.",https://www.maisondecocon.com/products/tencel-twill-duvet-cover-olive-green?variant_sku=M11402008VS,https://cdn.shopify.com/s/files/1/0884/0278/8685/files/tencel-twill-duvet-cover-olive-green-styled-01.jpg?v=1785861286,out_of_stock,129.95 EUR,Coco & Cici,new,8721184401453,M11402008VS,tencel-twill-duvet-cover-olive-green
M12002008VS,"Bettbezug aus Tencel™-Twill, olivgrün","Tauchen Sie ein in Bettwäsche, die mit Ihnen atmet. Unser Bettbezug aus Tencel™-Twill in Olivgrün verleiht Ihrem Schlafzimmer eine sanfte, matte Eleganz – dezenter Luxus ohne Glanz.",https://www.maisondecocon.com/products/tencel-twill-duvet-cover-olive-green?variant_sku=M12002008VS,https://cdn.shopify.com/s/files/1/0884/0278/8685/files/tencel-twill-duvet-cover-olive-green-styled-01.jpg?v=1785861286,out_of_stock,179.95 EUR,Coco & Cici,new,8721184401477,M12002008VS,tencel-twill-duvet-cover-olive-green
M11402208VS,"Bettbezug aus Tencel™-Twill, olivgrün","Tauchen Sie ein in Bettwäsche, die mit Ihnen atmet. Unser Bettbezug aus Tencel™-Twill in Olivgrün verleiht Ihrem Schlafzimmer eine sanfte, matte Eleganz – dezenter Luxus ohne Glanz.",https://www.maisondecocon.com/products/tencel-twill-duvet-cover-olive-green?variant_sku=M11402208VS,https://cdn.shopify.com/s/files/1/0884/0278/8685/files/tencel-twill-duvet-cover-olive-green-styled-01.jpg?v=1785861286,out_of_stock,139.95 EUR,Coco & Cici,new,8721184401460,M11402208VS,tencel-twill-duvet-cover-olive-green
M12402208VS,"Bettbezug aus Tencel™-Twill, olivgrün","Tauchen Sie ein in Bettwäsche, die mit Ihnen atmet. Unser Bettbezug aus Tencel™-Twill in Olivgrün verleiht Ihrem Schlafzimmer eine sanfte, matte Eleganz – dezenter Luxus ohne Glanz.",https://www.maisondecocon.com/products/tencel-twill-duvet-cover-olive-green?variant_sku=M12402208VS,https://cdn.shopify.com/s/files/1/0884/0278/8685/files/tencel-twill-duvet-cover-olive-green-styled-01.jpg?v=1785861286,out_of_stock,219.95 EUR,Coco & Cici,new,8721184401491,M12402208VS,tencel-twill-duvet-cover-olive-green
M12002208VS,"Bettbezug aus Tencel™-Twill, olivgrün","Tauchen Sie ein in Bettwäsche, die mit Ihnen atmet. Unser Bettbezug aus Tencel™-Twill in Olivgrün verleiht Ihrem Schlafzimmer eine sanfte, matte Eleganz – dezenter Luxus ohne Glanz.",https://www.maisondecocon.com/products/tencel-twill-duvet-cover-olive-green?variant_sku=M12002208VS,https://cdn.shopify.com/s/files/1/0884/0278/8685/files/tencel-twill-duvet-cover-olive-green-styled-01.jpg?v=1785861286,out_of_stock,189.95 EUR,Coco & Cici,new,8721184401484,M12002208VS,tencel-twill-duvet-cover-olive-green
TOY1422VS,Bettbezug aus Tencel™-Twill in Ockergelb,"Tauchen Sie ein in Bettwäsche, die mit Ihnen atmet. Unser Bettbezug aus Tencel™-Twill in Ockergelb verleiht Ihrem Schlafzimmer eine sanfte, matte Eleganz – dezenter Luxus ohne Glanz.",https://www.maisondecocon.com/products/tencel-twill-duvet-cover-ocher-yellow?variant_sku=TOY1422VS,https://cdn.shopify.com/s/files/1/0884/0278/8685/files/tencel-twill-duvet-cover-ocher-yellow-lifestyle-01.png?v=1785862076,in_stock,139.95 EUR,Coco & Cici,new,8721184406830,TOY1422VS,tencel-twill-duvet-cover-ocher-yellow
TOY1420VS,Bettbezug aus Tencel™-Twill in Ockergelb,"Tauchen Sie ein in Bettwäsche, die mit Ihnen atmet. Unser Bettbezug aus Tencel™-Twill in Ockergelb verleiht Ihrem Schlafzimmer eine sanfte, matte Eleganz – dezenter Luxus ohne Glanz.",https://www.maisondecocon.com/products/tencel-twill-duvet-cover-ocher-yellow?variant_sku=TOY1420VS,https://cdn.shopify.com/s/files/1/0884/0278/8685/files/tencel-twill-duvet-cover-ocher-yellow-lifestyle-01.png?v=1785862076,in_stock,129.95 EUR,Coco & Cici,new,8721184406823,TOY1420VS,tencel-twill-duvet-cover-ocher-yellow
TOY2622VS,Bettbezug aus Tencel™-Twill in Ockergelb,"Tauchen Sie ein in Bettwäsche, die mit Ihnen atmet. Unser Bettbezug aus Tencel™-Twill in Ockergelb verleiht Ihrem Schlafzimmer eine sanfte, matte Eleganz – dezenter Luxus ohne Glanz.",https://www.maisondecocon.com/products/tencel-twill-duvet-cover-ocher-yellow?variant_sku=TOY2622VS,https://cdn.shopify.com/s/files/1/0884/0278/8685/files/tencel-twill-duvet-cover-ocher-yellow-lifestyle-01.png?v=1785862076,in_stock,239.95 EUR,Coco & Cici,new,8721184406878,TOY2622VS,tencel-twill-duvet-cover-ocher-yellow
TOY2422VS,Bettbezug aus Tencel™-Twill in Ockergelb,"Tauchen Sie ein in Bettwäsche, die mit Ihnen atmet. Unser Bettbezug aus Tencel™-Twill in Ockergelb verleiht Ihrem Schlafzimmer eine sanfte, matte Eleganz – dezenter Luxus ohne Glanz.",https://www.maisondecocon.com/products/tencel-twill-duvet-cover-ocher-yellow?variant_sku=TOY2422VS,https://cdn.shopify.com/s/files/1/0884/0278/8685/files/tencel-twill-duvet-cover-ocher-yellow-lifestyle-01.png?v=1785862076,in_stock,219.95 EUR,Coco & Cici,new,8721184406861,TOY2422VS,tencel-twill-duvet-cover-ocher-yellow
TOY2022VS,Bettbezug aus Tencel™-Twill in Ockergelb,"Tauchen Sie ein in Bettwäsche, die mit Ihnen atmet. Unser Bettbezug aus Tencel™-Twill in Ockergelb verleiht Ihrem Schlafzimmer eine sanfte, matte Eleganz – dezenter Luxus ohne Glanz.",https://www.maisondecocon.com/products/tencel-twill-duvet-cover-ocher-yellow?variant_sku=TOY2022VS,https://cdn.shopify.com/s/files/1/0884/0278/8685/files/tencel-twill-duvet-cover-ocher-yellow-lifestyle-01.png?v=1785862076,in_stock,189.95 EUR,Coco & Cici,new,8721184406854,TOY2022VS,tencel-twill-duvet-cover-ocher-yellow
TOY2020VS,Bettbezug aus Tencel™-Twill in Ockergelb,"Tauchen Sie ein in Bettwäsche, die mit Ihnen atmet. Unser Bettbezug aus Tencel™-Twill in Ockergelb verleiht Ihrem Schlafzimmer eine sanfte, matte Eleganz – dezenter Luxus ohne Glanz.",https://www.maisondecocon.com/products/tencel-twill-duvet-cover-ocher-yellow?variant_sku=TOY2020VS,https://cdn.shopify.com/s/files/1/0884/0278/8685/files/tencel-twill-duvet-cover-ocher-yellow-lifestyle-01.png?v=1785862076,in_stock,179.95 EUR,Coco & Cici,new,8721184406847,TOY2020VS,tencel-twill-duvet-cover-ocher-yellow
TDB2422VS,"Bettbezug aus Tencel™-Twill, dunkelblau","Lassen Sie sich in Bettwäsche sinken, die mit Ihnen atmet. Unser Bettbezug aus Tencel™-Twill in Dunkelblau verleiht Ihrem Schlafzimmer eine sanfte, matte Eleganz – unaufdringlicher Luxus ohne Glanz.",https://www.maisondecocon.com/products/tencel-twill-duvet-cover-dark-blue?variant_sku=TDB2422VS,https://cdn.shopify.com/s/files/1/0884/0278/8685/files/tencel-twill-duvet-cover-dark-blue-styled-01.jpg?v=1785862359,in_stock,219.95 EUR,Coco & Cici,new,8721184406984,TDB2422VS,tencel-twill-duvet-cover-dark-blue
TDB1422VS,"Bettbezug aus Tencel™-Twill, dunkelblau","Lassen Sie sich in Bettwäsche sinken, die mit Ihnen atmet. Unser Bettbezug aus Tencel™-Twill in Dunkelblau verleiht Ihrem Schlafzimmer eine sanfte, matte Eleganz – unaufdringlicher Luxus ohne Glanz.",https://www.maisondecocon.com/products/tencel-twill-duvet-cover-dark-blue?variant_sku=TDB1422VS,https://cdn.shopify.com/s/files/1/0884/0278/8685/files/tencel-twill-duvet-cover-dark-blue-styled-01.jpg?v=1785862359,in_stock,139.95 EUR,Coco & Cici,new,8721184406953,TDB1422VS,tencel-twill-duvet-cover-dark-blue
TDB1420VS,"Bettbezug aus Tencel™-Twill, dunkelblau","Lassen Sie sich in Bettwäsche sinken, die mit Ihnen atmet. Unser Bettbezug aus Tencel™-Twill in Dunkelblau verleiht Ihrem Schlafzimmer eine sanfte, matte Eleganz – unaufdringlicher Luxus ohne Glanz.",https://www.maisondecocon.com/products/tencel-twill-duvet-cover-dark-blue?variant_sku=TDB1420VS,https://cdn.shopify.com/s/files/1/0884/0278/8685/files/tencel-twill-duvet-cover-dark-blue-styled-01.jpg?v=1785862359,in_stock,129.95 EUR,Coco & Cici,new,8721184406946,TDB1420VS,tencel-twill-duvet-cover-dark-blue
TDB2022VS,"Bettbezug aus Tencel™-Twill, dunkelblau","Lassen Sie sich in Bettwäsche sinken, die mit Ihnen atmet. Unser Bettbezug aus Tencel™-Twill in Dunkelblau verleiht Ihrem Schlafzimmer eine sanfte, matte Eleganz – unaufdringlicher Luxus ohne Glanz.",https://www.maisondecocon.com/products/tencel-twill-duvet-cover-dark-blue?variant_sku=TDB2022VS,https://cdn.shopify.com/s/files/1/0884/0278/8685/files/tencel-twill-duvet-cover-dark-blue-styled-01.jpg?v=1785862359,in_stock,189.95 EUR,Coco & Cici,new,8721184406977,TDB2022VS,tencel-twill-duvet-cover-dark-blue
TDB2622VS,"Bettbezug aus Tencel™-Twill, dunkelblau","Lassen Sie sich in Bettwäsche sinken, die mit Ihnen atmet. Unser Bettbezug aus Tencel™-Twill in Dunkelblau verleiht Ihrem Schlafzimmer eine sanfte, matte Eleganz – unaufdringlicher Luxus ohne Glanz.",https://www.maisondecocon.com/products/tencel-twill-duvet-cover-dark-blue?variant_sku=TDB2622VS,https://cdn.shopify.com/s/files/1/0884/0278/8685/files/tencel-twill-duvet-cover-dark-blue-styled-01.jpg?v=1785862359,in_stock,239.95 EUR,Coco & Cici,new,8721184406991,TDB2622VS,tencel-twill-duvet-cover-dark-blue
TDB2020VS,"Bettbezug aus Tencel™-Twill, dunkelblau","Lassen Sie sich in Bettwäsche sinken, die mit Ihnen atmet. Unser Bettbezug aus Tencel™-Twill in Dunkelblau verleiht Ihrem Schlafzimmer eine sanfte, matte Eleganz – unaufdringlicher Luxus ohne Glanz.",https://www.maisondecocon.com/products/tencel-twill-duvet-cover-dark-blue?variant_sku=TDB2020VS,https://cdn.shopify.com/s/files/1/0884/0278/8685/files/tencel-twill-duvet-cover-dark-blue-styled-01.jpg?v=1785862359,in_stock,179.95 EUR,Coco & Cici,new,8721184406960,TDB2020VS,tencel-twill-duvet-cover-dark-blue
SPW2020VS,"Bettbezug aus Tencel™-Satin, pfirsichfarben-weiß","Wachen Sie auf, als wären Sie noch im Urlaub. Unser Bettbezug aus Tencel™-Satin in der Farbe „Peach White“ verleiht Ihrem Schlafzimmer eine geschmeidige, strahlende Weichheit – mit einem natürlichen Glanz, der mit der Zeit immer schöner wird.",https://www.maisondecocon.com/products/tencel-sateen-duvet-cover-peach-white?variant_sku=SPW2020VS,https://cdn.shopify.com/s/files/1/0884/0278/8685/files/tencel-sateen-duvet-cover-peach-white-styled-01.jpg?v=1785863304,in_stock,229.95 EUR,Coco & Cici,new,8721184406786,SPW2020VS,tencel-sateen-duvet-cover-peach-white
SPW1420VS,"Bettbezug aus Tencel™-Satin, pfirsichfarben-weiß","Wachen Sie auf, als wären Sie noch im Urlaub. Unser Bettbezug aus Tencel™-Satin in der Farbe „Peach White“ verleiht Ihrem Schlafzimmer eine geschmeidige, strahlende Weichheit – mit einem natürlichen Glanz, der mit der Zeit immer schöner wird.",https://www.maisondecocon.com/products/tencel-sateen-duvet-cover-peach-white?variant_sku=SPW1420VS,https://cdn.shopify.com/s/files/1/0884/0278/8685/files/tencel-sateen-duvet-cover-peach-white-styled-01.jpg?v=1785863304,in_stock,159.95 EUR,Coco & Cici,new,8721184406762,SPW1420VS,tencel-sateen-duvet-cover-peach-white
SPW2022VS,"Bettbezug aus Tencel™-Satin, pfirsichfarben-weiß","Wachen Sie auf, als wären Sie noch im Urlaub. Unser Bettbezug aus Tencel™-Satin in der Farbe „Peach White“ verleiht Ihrem Schlafzimmer eine geschmeidige, strahlende Weichheit – mit einem natürlichen Glanz, der mit der Zeit immer schöner wird.",https://www.maisondecocon.com/products/tencel-sateen-duvet-cover-peach-white?variant_sku=SPW2022VS,https://cdn.shopify.com/s/files/1/0884/0278/8685/files/tencel-sateen-duvet-cover-peach-white-styled-01.jpg?v=1785863304,in_stock,229.95 EUR,Coco & Cici,new,8721184406793,SPW2022VS,tencel-sateen-duvet-cover-peach-white
SPW1422VS,"Bettbezug aus Tencel™-Satin, pfirsichfarben-weiß","Wachen Sie auf, als wären Sie noch im Urlaub. Unser Bettbezug aus Tencel™-Satin in der Farbe „Peach White“ verleiht Ihrem Schlafzimmer eine geschmeidige, strahlende Weichheit – mit einem natürlichen Glanz, der mit der Zeit immer schöner wird.",https://www.maisondecocon.com/products/tencel-sateen-duvet-cover-peach-white?variant_sku=SPW1422VS,https://cdn.shopify.com/s/files/1/0884/0278/8685/files/tencel-sateen-duvet-cover-peach-white-styled-01.jpg?v=1785863304,in_stock,159.95 EUR,Coco & Cici,new,8721184406779,SPW1422VS,tencel-sateen-duvet-cover-peach-white
SPW2622VS,"Bettbezug aus Tencel™-Satin, pfirsichfarben-weiß","Wachen Sie auf, als wären Sie noch im Urlaub. Unser Bettbezug aus Tencel™-Satin in der Farbe „Peach White“ verleiht Ihrem Schlafzimmer eine geschmeidige, strahlende Weichheit – mit einem natürlichen Glanz, der mit der Zeit immer schöner wird.",https://www.maisondecocon.com/products/tencel-sateen-duvet-cover-peach-white?variant_sku=SPW2622VS,https://cdn.shopify.com/s/files/1/0884/0278/8685/files/tencel-sateen-duvet-cover-peach-white-styled-01.jpg?v=1785863304,in_stock,269.95 EUR,Coco & Cici,new,8721184406816,SPW2622VS,tencel-sateen-duvet-cover-peach-white
SPW2422VS,"Bettbezug aus Tencel™-Satin, pfirsichfarben-weiß","Wachen Sie auf, als wären Sie noch im Urlaub. Unser Bettbezug aus Tencel™-Satin in der Farbe „Peach White“ verleiht Ihrem Schlafzimmer eine geschmeidige, strahlende Weichheit – mit einem natürlichen Glanz, der mit der Zeit immer schöner wird.",https://www.maisondecocon.com/products/tencel-sateen-duvet-cover-peach-white?variant_sku=SPW2422VS,https://cdn.shopify.com/s/files/1/0884/0278/8685/files/tencel-sateen-duvet-cover-peach-white-styled-01.jpg?v=1785863304,out_of_stock,249.95 EUR,Coco & Cici,new,8721184406809,SPW2422VS,tencel-sateen-duvet-cover-peach-white
240804,"Kissenbezug aus Tencel™-Satin, Taupe","Verzichten Sie auf die teure Nachtcreme. Unser Tencel™-Satin-Kissenbezug in Taupe verfügt über ein glattes, satinweiches Gewebe, das sanft zu Haut und Haaren ist – der „Beauty-Kissenbezug“-Effekt, ganz ohne hohen Preis.",https://www.maisondecocon.com/products/tencel-sateen-pillowcase-taupe?variant_sku=240804,https://cdn.shopify.com/s/files/1/0884/0278/8685/files/tencel-sateen-pillowcase-taupe-styled-01.jpg?v=1785863745,in_stock,62.91 EUR,Coco & Cici,new,7423609363315,240804,tencel-sateen-pillowcase-taupe
2507524,"Kissenbezug aus Tencel™-Satin, Taupe","Verzichten Sie auf die teure Nachtcreme. Unser Tencel™-Satin-Kissenbezug in Taupe verfügt über ein glattes, satinweiches Gewebe, das sanft zu Haut und Haaren ist – der „Beauty-Kissenbezug“-Effekt, ganz ohne hohen Preis.",https://www.maisondecocon.com/products/tencel-sateen-pillowcase-taupe?variant_sku=2507524,https://cdn.shopify.com/s/files/1/0884/0278/8685/files/tencel-sateen-pillowcase-taupe-styled-01.jpg?v=1785863745,in_stock,62.91 EUR,Coco & Cici,new,8721184401101,2507524,tencel-sateen-pillowcase-taupe
260704,"Kissenbezug aus Tencel™-Satin, Taupe","Verzichten Sie auf die teure Nachtcreme. Unser Tencel™-Satin-Kissenbezug in Taupe verfügt über ein glattes, satinweiches Gewebe, das sanft zu Haut und Haaren ist – der „Beauty-Kissenbezug“-Effekt, ganz ohne hohen Preis.",https://www.maisondecocon.com/products/tencel-sateen-pillowcase-taupe?variant_sku=260704,https://cdn.shopify.com/s/files/1/0884/0278/8685/files/tencel-sateen-pillowcase-taupe-styled-01.jpg?v=1785863745,in_stock,71.91 EUR,Coco & Cici,new,8721184402030,260704,tencel-sateen-pillowcase-taupe
2607024,"Kissenbezug aus Tencel™-Satin, Taupe","Verzichten Sie auf die teure Nachtcreme. Unser Tencel™-Satin-Kissenbezug in Taupe verfügt über ein glattes, satinweiches Gewebe, das sanft zu Haut und Haaren ist – der „Beauty-Kissenbezug“-Effekt, ganz ohne hohen Preis.",https://www.maisondecocon.com/products/tencel-sateen-pillowcase-taupe?variant_sku=2607024,https://cdn.shopify.com/s/files/1/0884/0278/8685/files/tencel-sateen-pillowcase-taupe-styled-01.jpg?v=1785863745,in_stock,62.91 EUR,Coco & Cici,new,6011404051097,2607024,tencel-sateen-pillowcase-taupe
2507024,"Kissenbezug aus Tencel™-Satin, Taupe","Verzichten Sie auf die teure Nachtcreme. Unser Tencel™-Satin-Kissenbezug in Taupe verfügt über ein glattes, satinweiches Gewebe, das sanft zu Haut und Haaren ist – der „Beauty-Kissenbezug“-Effekt, ganz ohne hohen Preis.",https://www.maisondecocon.com/products/tencel-sateen-pillowcase-taupe?variant_sku=2507024,https://cdn.shopify.com/s/files/1/0884/0278/8685/files/tencel-sateen-pillowcase-taupe-styled-01.jpg?v=1785863745,out_of_stock,57.51 EUR,Coco & Cici,new,8721184402061,2507024,tencel-sateen-pillowcase-taupe
280804,"Kissenbezug aus Tencel™-Satin, Taupe","Verzichten Sie auf die teure Nachtcreme. Unser Tencel™-Satin-Kissenbezug in Taupe verfügt über ein glattes, satinweiches Gewebe, das sanft zu Haut und Haaren ist – der „Beauty-Kissenbezug“-Effekt, ganz ohne hohen Preis.",https://www.maisondecocon.com/products/tencel-sateen-pillowcase-taupe?variant_sku=280804,https://cdn.shopify.com/s/files/1/0884/0278/8685/files/tencel-sateen-pillowcase-taupe-styled-01.jpg?v=1785863745,in_stock,77.31 EUR,Coco & Cici,new,7423609493487,280804,tencel-sateen-pillowcase-taupe
250604,"Kissenbezug aus Tencel™-Satin, Taupe","Verzichten Sie auf die teure Nachtcreme. Unser Tencel™-Satin-Kissenbezug in Taupe verfügt über ein glattes, satinweiches Gewebe, das sanft zu Haut und Haaren ist – der „Beauty-Kissenbezug“-Effekt, ganz ohne hohen Preis.",https://www.maisondecocon.com/products/tencel-sateen-pillowcase-taupe?variant_sku=250604,https://cdn.shopify.com/s/files/1/0884/0278/8685/files/tencel-sateen-pillowcase-taupe-styled-01.jpg?v=1785863745,in_stock,62.91 EUR,Coco & Cici,new,7439634191106,250604,tencel-sateen-pillowcase-taupe
265654,"Kissenbezug aus Tencel™-Satin, Taupe","Verzichten Sie auf die teure Nachtcreme. Unser Tencel™-Satin-Kissenbezug in Taupe verfügt über ein glattes, satinweiches Gewebe, das sanft zu Haut und Haaren ist – der „Beauty-Kissenbezug“-Effekt, ganz ohne hohen Preis.",https://www.maisondecocon.com/products/tencel-sateen-pillowcase-taupe?variant_sku=265654,https://cdn.shopify.com/s/files/1/0884/0278/8685/files/tencel-sateen-pillowcase-taupe-styled-01.jpg?v=1785863745,in_stock,71.91 EUR,Coco & Cici,new,8721184401149,265654,tencel-sateen-pillowcase-taupe
250754,"Kissenbezug aus Tencel™-Satin, Taupe","Verzichten Sie auf die teure Nachtcreme. Unser Tencel™-Satin-Kissenbezug in Taupe verfügt über ein glattes, satinweiches Gewebe, das sanft zu Haut und Haaren ist – der „Beauty-Kissenbezug“-Effekt, ganz ohne hohen Preis.",https://www.maisondecocon.com/products/tencel-sateen-pillowcase-taupe?variant_sku=250754,https://cdn.shopify.com/s/files/1/0884/0278/8685/files/tencel-sateen-pillowcase-taupe-styled-01.jpg?v=1785863745,in_stock,71.91 EUR,Coco & Cici,new,8721184401064,250754,tencel-sateen-pillowcase-taupe
250904,"Kissenbezug aus Tencel™-Satin, Taupe","Verzichten Sie auf die teure Nachtcreme. Unser Tencel™-Satin-Kissenbezug in Taupe verfügt über ein glattes, satinweiches Gewebe, das sanft zu Haut und Haaren ist – der „Beauty-Kissenbezug“-Effekt, ganz ohne hohen Preis.",https://www.maisondecocon.com/products/tencel-sateen-pillowcase-taupe?variant_sku=250904,https://cdn.shopify.com/s/files/1/0884/0278/8685/files/tencel-sateen-pillowcase-taupe-styled-01.jpg?v=1785863745,in_stock,75.51 EUR,Coco & Cici,new,8721184401170,250904,tencel-sateen-pillowcase-taupe
280807,Kissenbezug aus Tencel™-Satin in Terra Pink,"Verzichten Sie auf die teure Nachtcreme. Unser Tencel™-Satin-Kissenbezug in Terra Pink verfügt über ein glattes, satinweiches Gewebe, das sanft zu Haut und Haaren ist – der „Beauty-Kissenbezug“-Effekt, ganz ohne den hohen Preis.",https://www.maisondecocon.com/products/tencel-sateen-pillowcase-terra-pink?variant_sku=280807,https://cdn.shopify.com/s/files/1/0884/0278/8685/files/tencel-sateen-pillowcase-terra-pink-styled-01.jpg?v=1785863976,in_stock,77.31 EUR,Coco & Cici,new,7423612218282,280807,tencel-sateen-pillowcase-terra-pink
250607,Kissenbezug aus Tencel™-Satin in Terra Pink,"Verzichten Sie auf die teure Nachtcreme. Unser Tencel™-Satin-Kissenbezug in Terra Pink verfügt über ein glattes, satinweiches Gewebe, das sanft zu Haut und Haaren ist – der „Beauty-Kissenbezug“-Effekt, ganz ohne den hohen Preis.",https://www.maisondecocon.com/products/tencel-sateen-pillowcase-terra-pink?variant_sku=250607,https://cdn.shopify.com/s/files/1/0884/0278/8685/files/tencel-sateen-pillowcase-terra-pink-styled-01.jpg?v=1785863976,out_of_stock,62.91 EUR,Coco & Cici,new,7423603421417,250607,tencel-sateen-pillowcase-terra-pink
240807,Kissenbezug aus Tencel™-Satin in Terra Pink,"Verzichten Sie auf die teure Nachtcreme. Unser Tencel™-Satin-Kissenbezug in Terra Pink verfügt über ein glattes, satinweiches Gewebe, das sanft zu Haut und Haaren ist – der „Beauty-Kissenbezug“-Effekt, ganz ohne den hohen Preis.",https://www.maisondecocon.com/products/tencel-sateen-pillowcase-terra-pink?variant_sku=240807,https://cdn.shopify.com/s/files/1/0884/0278/8685/files/tencel-sateen-pillowcase-terra-pink-styled-01.jpg?v=1785863976,in_stock,62.91 EUR,Coco & Cici,new,7423611711760,240807,tencel-sateen-pillowcase-terra-pink
260707,Kissenbezug aus Tencel™-Satin in Terra Pink,"Verzichten Sie auf die teure Nachtcreme. Unser Tencel™-Satin-Kissenbezug in Terra Pink verfügt über ein glattes, satinweiches Gewebe, das sanft zu Haut und Haaren ist – der „Beauty-Kissenbezug“-Effekt, ganz ohne den hohen Preis.",https://www.maisondecocon.com/products/tencel-sateen-pillowcase-terra-pink?variant_sku=260707,https://cdn.shopify.com/s/files/1/0884/0278/8685/files/tencel-sateen-pillowcase-terra-pink-styled-01.jpg?v=1785863976,in_stock,71.91 EUR,Coco & Cici,new,7423603440456,260707,tencel-sateen-pillowcase-terra-pink
M2607021,"Kissenbezug aus Tencel™-Twill, Farbe: Pfirsich","Vervollständigen Sie Ihr Set mit passender Weichheit. Unser Kissenbezug aus Tencel™-Twill in der Farbe „Peach“ bietet denselben matten, langlebigen Komfort wie unsere Bettbezüge – diskreter Luxus, Kissen für Kissen.",https://www.maisondecocon.com/products/tencel-twill-pillowcase-peach?variant_sku=M2607021,https://cdn.shopify.com/s/files/1/0884/0278/8685/files/tencel-sateen-pillowcase-peach-styled-01.jpg?v=1785867010,in_stock,53.91 EUR,Coco & Cici,new,6097755225226,M2607021,tencel-twill-pillowcase-peach
M2507021,"Kissenbezug aus Tencel™-Twill, Farbe: Pfirsich","Vervollständigen Sie Ihr Set mit passender Weichheit. Unser Kissenbezug aus Tencel™-Twill in der Farbe „Peach“ bietet denselben matten, langlebigen Komfort wie unsere Bettbezüge – diskreter Luxus, Kissen für Kissen.",https://www.maisondecocon.com/products/tencel-twill-pillowcase-peach?variant_sku=M2507021,https://cdn.shopify.com/s/files/1/0884/0278/8685/files/tencel-sateen-pillowcase-peach-styled-01.jpg?v=1785867010,in_stock,53.91 EUR,Coco & Cici,new,6097754945965,M2507021,tencel-twill-pillowcase-peach
M250601,"Kissenbezug aus Tencel™-Twill, Farbe: Pfirsich","Vervollständigen Sie Ihr Set mit passender Weichheit. Unser Kissenbezug aus Tencel™-Twill in der Farbe „Peach“ bietet denselben matten, langlebigen Komfort wie unsere Bettbezüge – diskreter Luxus, Kissen für Kissen.",https://www.maisondecocon.com/products/tencel-twill-pillowcase-peach?variant_sku=M250601,https://cdn.shopify.com/s/files/1/0884/0278/8685/files/tencel-sateen-pillowcase-peach-styled-01.jpg?v=1785867010,out_of_stock,53.91 EUR,Coco & Cici,new,6097755357330,M250601,tencel-twill-pillowcase-peach
M260701,"Kissenbezug aus Tencel™-Twill, Farbe: Pfirsich","Vervollständigen Sie Ihr Set mit passender Weichheit. Unser Kissenbezug aus Tencel™-Twill in der Farbe „Peach“ bietet denselben matten, langlebigen Komfort wie unsere Bettbezüge – diskreter Luxus, Kissen für Kissen.",https://www.maisondecocon.com/products/tencel-twill-pillowcase-peach?variant_sku=M260701,https://cdn.shopify.com/s/files/1/0884/0278/8685/files/tencel-sateen-pillowcase-peach-styled-01.jpg?v=1785867010,in_stock,59.31 EUR,Coco & Cici,new,6097755423462,M260701,tencel-twill-pillowcase-peach
2607025,"Kissenbezug aus Tencel™-Satin, cremefarben","Glatt, atmungsaktiv und mit einem sanften Satin-Glanz versehen – unser Tencel™-Satin-Kissenbezug in Off White passt perfekt zu jedem unserer Satin-Bettbezüge – oder macht sich auch ganz für sich allein wunderbar.",https://www.maisondecocon.com/products/tencel-sateen-pillowcase-off-white?variant_sku=2607025,https://cdn.shopify.com/s/files/1/0884/0278/8685/files/tencel-sateen-pillowcase-off-white-lifestyle.jpg?v=1785867423,in_stock,62.91 EUR,Coco & Cici,new,7448135514529,2607025,tencel-sateen-pillowcase-off-white
260705,"Kissenbezug aus Tencel™-Satin, cremefarben","Glatt, atmungsaktiv und mit einem sanften Satin-Glanz versehen – unser Tencel™-Satin-Kissenbezug in Off White passt perfekt zu jedem unserer Satin-Bettbezüge – oder macht sich auch ganz für sich allein wunderbar.",https://www.maisondecocon.com/products/tencel-sateen-pillowcase-off-white?variant_sku=260705,https://cdn.shopify.com/s/files/1/0884/0278/8685/files/tencel-sateen-pillowcase-off-white-lifestyle.jpg?v=1785867423,in_stock,71.91 EUR,Coco & Cici,new,8721184402290,260705,tencel-sateen-pillowcase-off-white
250605,"Kissenbezug aus Tencel™-Satin, cremefarben","Glatt, atmungsaktiv und mit einem sanften Satin-Glanz versehen – unser Tencel™-Satin-Kissenbezug in Off White passt perfekt zu jedem unserer Satin-Bettbezüge – oder macht sich auch ganz für sich allein wunderbar.",https://www.maisondecocon.com/products/tencel-sateen-pillowcase-off-white?variant_sku=250605,https://cdn.shopify.com/s/files/1/0884/0278/8685/files/tencel-sateen-pillowcase-off-white-lifestyle.jpg?v=1785867423,in_stock,62.91 EUR,Coco & Cici,new,7448128676678,250605,tencel-sateen-pillowcase-off-white
240805,"Kissenbezug aus Tencel™-Satin, cremefarben","Glatt, atmungsaktiv und mit einem sanften Satin-Glanz versehen – unser Tencel™-Satin-Kissenbezug in Off White passt perfekt zu jedem unserer Satin-Bettbezüge – oder macht sich auch ganz für sich allein wunderbar.",https://www.maisondecocon.com/products/tencel-sateen-pillowcase-off-white?variant_sku=240805,https://cdn.shopify.com/s/files/1/0884/0278/8685/files/tencel-sateen-pillowcase-off-white-lifestyle.jpg?v=1785867423,in_stock,62.91 EUR,Coco & Cici,new,7423610655607,240805,tencel-sateen-pillowcase-off-white
250905,"Kissenbezug aus Tencel™-Satin, cremefarben","Glatt, atmungsaktiv und mit einem sanften Satin-Glanz versehen – unser Tencel™-Satin-Kissenbezug in Off White passt perfekt zu jedem unserer Satin-Bettbezüge – oder macht sich auch ganz für sich allein wunderbar.",https://www.maisondecocon.com/products/tencel-sateen-pillowcase-off-white?variant_sku=250905,https://cdn.shopify.com/s/files/1/0884/0278/8685/files/tencel-sateen-pillowcase-off-white-lifestyle.jpg?v=1785867423,in_stock,75.51 EUR,Coco & Cici,new,8721184401156,250905,tencel-sateen-pillowcase-off-white
250755,"Kissenbezug aus Tencel™-Satin, cremefarben","Glatt, atmungsaktiv und mit einem sanften Satin-Glanz versehen – unser Tencel™-Satin-Kissenbezug in Off White passt perfekt zu jedem unserer Satin-Bettbezüge – oder macht sich auch ganz für sich allein wunderbar.",https://www.maisondecocon.com/products/tencel-sateen-pillowcase-off-white?variant_sku=250755,https://cdn.shopify.com/s/files/1/0884/0278/8685/files/tencel-sateen-pillowcase-off-white-lifestyle.jpg?v=1785867423,in_stock,71.91 EUR,Coco & Cici,new,8721184401040,250755,tencel-sateen-pillowcase-off-white
2507025,"Kissenbezug aus Tencel™-Satin, cremefarben","Glatt, atmungsaktiv und mit einem sanften Satin-Glanz versehen – unser Tencel™-Satin-Kissenbezug in Off White passt perfekt zu jedem unserer Satin-Bettbezüge – oder macht sich auch ganz für sich allein wunderbar.",https://www.maisondecocon.com/products/tencel-sateen-pillowcase-off-white?variant_sku=2507025,https://cdn.shopify.com/s/files/1/0884/0278/8685/files/tencel-sateen-pillowcase-off-white-lifestyle.jpg?v=1785867423,in_stock,57.51 EUR,Coco & Cici,new,8721184402320,2507025,tencel-sateen-pillowcase-off-white
2507525,"Kissenbezug aus Tencel™-Satin, cremefarben","Glatt, atmungsaktiv und mit einem sanften Satin-Glanz versehen – unser Tencel™-Satin-Kissenbezug in Off White passt perfekt zu jedem unserer Satin-Bettbezüge – oder macht sich auch ganz für sich allein wunderbar.",https://www.maisondecocon.com/products/tencel-sateen-pillowcase-off-white?variant_sku=2507525,https://cdn.shopify.com/s/files/1/0884/0278/8685/files/tencel-sateen-pillowcase-off-white-lifestyle.jpg?v=1785867423,in_stock,62.91 EUR,Coco & Cici,new,8721184401088,2507525,tencel-sateen-pillowcase-off-white
265655,"Kissenbezug aus Tencel™-Satin, cremefarben","Glatt, atmungsaktiv und mit einem sanften Satin-Glanz versehen – unser Tencel™-Satin-Kissenbezug in Off White passt perfekt zu jedem unserer Satin-Bettbezüge – oder macht sich auch ganz für sich allein wunderbar.",https://www.maisondecocon.com/products/tencel-sateen-pillowcase-off-white?variant_sku=265655,https://cdn.shopify.com/s/files/1/0884/0278/8685/files/tencel-sateen-pillowcase-off-white-lifestyle.jpg?v=1785867423,in_stock,71.91 EUR,Coco & Cici,new,8721184401125,265655,tencel-sateen-pillowcase-off-white
280805,"Kissenbezug aus Tencel™-Satin, cremefarben","Glatt, atmungsaktiv und mit einem sanften Satin-Glanz versehen – unser Tencel™-Satin-Kissenbezug in Off White passt perfekt zu jedem unserer Satin-Bettbezüge – oder macht sich auch ganz für sich allein wunderbar.",https://www.maisondecocon.com/products/tencel-sateen-pillowcase-off-white?variant_sku=280805,https://cdn.shopify.com/s/files/1/0884/0278/8685/files/tencel-sateen-pillowcase-off-white-lifestyle.jpg?v=1785867423,in_stock,77.31 EUR,Coco & Cici,new,7423611089050,280805,tencel-sateen-pillowcase-off-white
260703,"Kissenbezug aus Tencel™-Satin, grau-blau","Unser Tencel™-Satin-Kissenbezug in Graublau ist geschmeidig, atmungsaktiv und mit einem sanften Satin-Glanz versehen. Er passt perfekt zu jedem unserer Satin-Bettbezüge – oder macht sich auch ganz für sich allein wunderbar.",https://www.maisondecocon.com/products/tencel-sateen-pillowcase-gray-blue?variant_sku=260703,https://cdn.shopify.com/s/files/1/0884/0278/8685/files/tencel-sateen-pillowcase-gray-styled-01blue.jpg?v=1785867572,in_stock,71.91 EUR,Coco & Cici,new,7439634189172,260703,tencel-sateen-pillowcase-gray-blue
B280803,"Kissenbezug aus Bambus, ockergelb","Weiches, atmungsaktives Öko-Bambusgewebe – unser Kissenbezug in Ockergelb ist der sanfte und unkomplizierte Einstieg in nachhaltige Bettwäsche und lässt sich ideal mit jedem unserer Bettbezüge aus Tencel™ oder Bambus kombinieren.",https://www.maisondecocon.com/products/bamboo-pillowcase-ocher-yellow?variant_sku=B280803,https://cdn.shopify.com/s/files/1/0884/0278/8685/files/bamboo-pillowcase-ochre-yellow-styled-01.jpg?v=1785867848,in_stock,59.31 EUR,Coco & Cici,new,6091017441461,B280803,bamboo-pillowcase-ocher-yellow
B250603,"Kissenbezug aus Bambus, ockergelb","Weiches, atmungsaktives Öko-Bambusgewebe – unser Kissenbezug in Ockergelb ist der sanfte und unkomplizierte Einstieg in nachhaltige Bettwäsche und lässt sich ideal mit jedem unserer Bettbezüge aus Tencel™ oder Bambus kombinieren.",https://www.maisondecocon.com/products/bamboo-pillowcase-ocher-yellow?variant_sku=B250603,https://cdn.shopify.com/s/files/1/0884/0278/8685/files/bamboo-pillowcase-ochre-yellow-styled-01.jpg?v=1785867848,out_of_stock,44.91 EUR,Coco & Cici,new,6091016919992,B250603,bamboo-pillowcase-ocher-yellow
B240803,"Kissenbezug aus Bambus, ockergelb","Weiches, atmungsaktives Öko-Bambusgewebe – unser Kissenbezug in Ockergelb ist der sanfte und unkomplizierte Einstieg in nachhaltige Bettwäsche und lässt sich ideal mit jedem unserer Bettbezüge aus Tencel™ oder Bambus kombinieren.",https://www.maisondecocon.com/products/bamboo-pillowcase-ocher-yellow?variant_sku=B240803,https://cdn.shopify.com/s/files/1/0884/0278/8685/files/bamboo-pillowcase-ochre-yellow-styled-01.jpg?v=1785867848,out_of_stock,46.71 EUR,Coco & Cici,new,6091016957949,B240803,bamboo-pillowcase-ocher-yellow
B265653,"Kissenbezug aus Bambus, ockergelb","Weiches, atmungsaktives Öko-Bambusgewebe – unser Kissenbezug in Ockergelb ist der sanfte und unkomplizierte Einstieg in nachhaltige Bettwäsche und lässt sich ideal mit jedem unserer Bettbezüge aus Tencel™ oder Bambus kombinieren.",https://www.maisondecocon.com/products/bamboo-pillowcase-ocher-yellow?variant_sku=B265653,https://cdn.shopify.com/s/files/1/0884/0278/8685/files/bamboo-pillowcase-ochre-yellow-styled-01.jpg?v=1785867848,out_of_stock,50.31 EUR,Coco & Cici,new,6091017366375,B265653,bamboo-pillowcase-ocher-yellow
B250753,"Kissenbezug aus Bambus, ockergelb","Weiches, atmungsaktives Öko-Bambusgewebe – unser Kissenbezug in Ockergelb ist der sanfte und unkomplizierte Einstieg in nachhaltige Bettwäsche und lässt sich ideal mit jedem unserer Bettbezüge aus Tencel™ oder Bambus kombinieren.",https://www.maisondecocon.com/products/bamboo-pillowcase-ocher-yellow?variant_sku=B250753,https://cdn.shopify.com/s/files/1/0884/0278/8685/files/bamboo-pillowcase-ochre-yellow-styled-01.jpg?v=1785867848,out_of_stock,50.31 EUR,Coco & Cici,new,6091017024039,B250753,bamboo-pillowcase-ocher-yellow
B260703,"Kissenbezug aus Bambus, ockergelb","Weiches, atmungsaktives Öko-Bambusgewebe – unser Kissenbezug in Ockergelb ist der sanfte und unkomplizierte Einstieg in nachhaltige Bettwäsche und lässt sich ideal mit jedem unserer Bettbezüge aus Tencel™ oder Bambus kombinieren.",https://www.maisondecocon.com/products/bamboo-pillowcase-ocher-yellow?variant_sku=B260703,https://cdn.shopify.com/s/files/1/0884/0278/8685/files/bamboo-pillowcase-ochre-yellow-styled-01.jpg?v=1785867848,out_of_stock,50.31 EUR,Coco & Cici,new,6091016884832,B260703,bamboo-pillowcase-ocher-yellow
240806,"Kissenbezug aus Tencel™-Satin, grau-grün","Glatt, atmungsaktiv und mit einem sanften Satin-Glanz versehen – unser Tencel™-Satin-Kissenbezug in Graugrün passt perfekt zu jedem unserer Satin-Bettbezüge – oder macht sich auch ganz für sich allein wunderbar.",https://www.maisondecocon.com/products/tencel-sateen-pillowcase-gray-green?variant_sku=240806,https://cdn.shopify.com/s/files/1/0884/0278/8685/files/tencel-sateen-pillowcase-gray-green-styled-01.jpg?v=1785867915,in_stock,62.91 EUR,Coco & Cici,new,7423611268219,240806,tencel-sateen-pillowcase-gray-green
2607026,"Kissenbezug aus Tencel™-Satin, grau-grün","Glatt, atmungsaktiv und mit einem sanften Satin-Glanz versehen – unser Tencel™-Satin-Kissenbezug in Graugrün passt perfekt zu jedem unserer Satin-Bettbezüge – oder macht sich auch ganz für sich allein wunderbar.",https://www.maisondecocon.com/products/tencel-sateen-pillowcase-gray-green?variant_sku=2607026,https://cdn.shopify.com/s/files/1/0884/0278/8685/files/tencel-sateen-pillowcase-gray-green-styled-01.jpg?v=1785867915,in_stock,62.91 EUR,Coco & Cici,new,8721184402207,2607026,tencel-sateen-pillowcase-gray-green
250606,"Kissenbezug aus Tencel™-Satin, grau-grün","Glatt, atmungsaktiv und mit einem sanften Satin-Glanz versehen – unser Tencel™-Satin-Kissenbezug in Graugrün passt perfekt zu jedem unserer Satin-Bettbezüge – oder macht sich auch ganz für sich allein wunderbar.",https://www.maisondecocon.com/products/tencel-sateen-pillowcase-gray-green?variant_sku=250606,https://cdn.shopify.com/s/files/1/0884/0278/8685/files/tencel-sateen-pillowcase-gray-green-styled-01.jpg?v=1785867915,out_of_stock,62.91 EUR,Coco & Cici,new,8721184402153,250606,tencel-sateen-pillowcase-gray-green
260706,"Kissenbezug aus Tencel™-Satin, grau-grün","Glatt, atmungsaktiv und mit einem sanften Satin-Glanz versehen – unser Tencel™-Satin-Kissenbezug in Graugrün passt perfekt zu jedem unserer Satin-Bettbezüge – oder macht sich auch ganz für sich allein wunderbar.",https://www.maisondecocon.com/products/tencel-sateen-pillowcase-gray-green?variant_sku=260706,https://cdn.shopify.com/s/files/1/0884/0278/8685/files/tencel-sateen-pillowcase-gray-green-styled-01.jpg?v=1785867915,in_stock,71.91 EUR,Coco & Cici,new,8721184402160,260706,tencel-sateen-pillowcase-gray-green
2507026,"Kissenbezug aus Tencel™-Satin, grau-grün","Glatt, atmungsaktiv und mit einem sanften Satin-Glanz versehen – unser Tencel™-Satin-Kissenbezug in Graugrün passt perfekt zu jedem unserer Satin-Bettbezüge – oder macht sich auch ganz für sich allein wunderbar.",https://www.maisondecocon.com/products/tencel-sateen-pillowcase-gray-green?variant_sku=2507026,https://cdn.shopify.com/s/files/1/0884/0278/8685/files/tencel-sateen-pillowcase-gray-green-styled-01.jpg?v=1785867915,in_stock,57.51 EUR,Coco & Cici,new,8721184402191,2507026,tencel-sateen-pillowcase-gray-green
280806,"Kissenbezug aus Tencel™-Satin, grau-grün","Glatt, atmungsaktiv und mit einem sanften Satin-Glanz versehen – unser Tencel™-Satin-Kissenbezug in Graugrün passt perfekt zu jedem unserer Satin-Bettbezüge – oder macht sich auch ganz für sich allein wunderbar.",https://www.maisondecocon.com/products/tencel-sateen-pillowcase-gray-green?variant_sku=280806,https://cdn.shopify.com/s/files/1/0884/0278/8685/files/tencel-sateen-pillowcase-gray-green-styled-01.jpg?v=1785867915,in_stock,77.31 EUR,Coco & Cici,new,7423611433433,280806,tencel-sateen-pillowcase-gray-green
B250756,Kissenbezug aus Öko-Bambus in der Farbe „Powder Peach“,"Weicher, atmungsaktiver Eco-Bambus – unser Kissenbezug „Powder Peach“ ist der sanfte und leicht zugängliche Einstieg in nachhaltige Bettwäsche und lässt sich ideal mit jedem unserer Bettbezüge aus Tencel™ oder Bambus kombinieren.",https://www.maisondecocon.com/products/eco-bamboe-kussensloop-powder-peach?variant_sku=B250756,https://cdn.shopify.com/s/files/1/0884/0278/8685/files/tencel-sateen-pillowcase-peach-white-lifestyle.jpg?v=1785868206,in_stock,50.31 EUR,Coco & Cici,new,8721184401361,B250756,eco-bamboe-kussensloop-powder-peach
B250606,Kissenbezug aus Öko-Bambus in der Farbe „Powder Peach“,"Weicher, atmungsaktiver Eco-Bambus – unser Kissenbezug „Powder Peach“ ist der sanfte und leicht zugängliche Einstieg in nachhaltige Bettwäsche und lässt sich ideal mit jedem unserer Bettbezüge aus Tencel™ oder Bambus kombinieren.",https://www.maisondecocon.com/products/eco-bamboe-kussensloop-powder-peach?variant_sku=B250606,https://cdn.shopify.com/s/files/1/0884/0278/8685/files/tencel-sateen-pillowcase-peach-white-lifestyle.jpg?v=1785868206,in_stock,44.91 EUR,Coco & Cici,new,8721184401354,B250606,eco-bamboe-kussensloop-powder-peach
B240806,Kissenbezug aus Öko-Bambus in der Farbe „Powder Peach“,"Weicher, atmungsaktiver Eco-Bambus – unser Kissenbezug „Powder Peach“ ist der sanfte und leicht zugängliche Einstieg in nachhaltige Bettwäsche und lässt sich ideal mit jedem unserer Bettbezüge aus Tencel™ oder Bambus kombinieren.",https://www.maisondecocon.com/products/eco-bamboe-kussensloop-powder-peach?variant_sku=B240806,https://cdn.shopify.com/s/files/1/0884/0278/8685/files/tencel-sateen-pillowcase-peach-white-lifestyle.jpg?v=1785868206,in_stock,46.71 EUR,Coco & Cici,new,8721184401347,B240806,eco-bamboe-kussensloop-powder-peach
B265656,Kissenbezug aus Öko-Bambus in der Farbe „Powder Peach“,"Weicher, atmungsaktiver Eco-Bambus – unser Kissenbezug „Powder Peach“ ist der sanfte und leicht zugängliche Einstieg in nachhaltige Bettwäsche und lässt sich ideal mit jedem unserer Bettbezüge aus Tencel™ oder Bambus kombinieren.",https://www.maisondecocon.com/products/eco-bamboe-kussensloop-powder-peach?variant_sku=B265656,https://cdn.shopify.com/s/files/1/0884/0278/8685/files/tencel-sateen-pillowcase-peach-white-lifestyle.jpg?v=1785868206,in_stock,50.31 EUR,Coco & Cici,new,8721184401408,B265656,eco-bamboe-kussensloop-powder-peach
B260706,Kissenbezug aus Öko-Bambus in der Farbe „Powder Peach“,"Weicher, atmungsaktiver Eco-Bambus – unser Kissenbezug „Powder Peach“ ist der sanfte und leicht zugängliche Einstieg in nachhaltige Bettwäsche und lässt sich ideal mit jedem unserer Bettbezüge aus Tencel™ oder Bambus kombinieren.",https://www.maisondecocon.com/products/eco-bamboe-kussensloop-powder-peach?variant_sku=B260706,https://cdn.shopify.com/s/files/1/0884/0278/8685/files/tencel-sateen-pillowcase-peach-white-lifestyle.jpg?v=1785868206,in_stock,50.31 EUR,Coco & Cici,new,8721184401385,B260706,eco-bamboe-kussensloop-powder-peach
B250906,Kissenbezug aus Öko-Bambus in der Farbe „Powder Peach“,"Weicher, atmungsaktiver Eco-Bambus – unser Kissenbezug „Powder Peach“ ist der sanfte und leicht zugängliche Einstieg in nachhaltige Bettwäsche und lässt sich ideal mit jedem unserer Bettbezüge aus Tencel™ oder Bambus kombinieren.",https://www.maisondecocon.com/products/eco-bamboe-kussensloop-powder-peach?variant_sku=B250906,https://cdn.shopify.com/s/files/1/0884/0278/8685/files/tencel-sateen-pillowcase-peach-white-lifestyle.jpg?v=1785868206,in_stock,55.71 EUR,Coco & Cici,new,8721184401378,B250906,eco-bamboe-kussensloop-powder-peach
B2607026,Kissenbezug aus Öko-Bambus in der Farbe „Powder Peach“,"Weicher, atmungsaktiver Eco-Bambus – unser Kissenbezug „Powder Peach“ ist der sanfte und leicht zugängliche Einstieg in nachhaltige Bettwäsche und lässt sich ideal mit jedem unserer Bettbezüge aus Tencel™ oder Bambus kombinieren.",https://www.maisondecocon.com/products/eco-bamboe-kussensloop-powder-peach?variant_sku=B2607026,https://cdn.shopify.com/s/files/1/0884/0278/8685/files/tencel-sateen-pillowcase-peach-white-lifestyle.jpg?v=1785868206,in_stock,50.31 EUR,Coco & Cici,new,8721184401446,B2607026,eco-bamboe-kussensloop-powder-peach
B2507526,Kissenbezug aus Öko-Bambus in der Farbe „Powder Peach“,"Weicher, atmungsaktiver Eco-Bambus – unser Kissenbezug „Powder Peach“ ist der sanfte und leicht zugängliche Einstieg in nachhaltige Bettwäsche und lässt sich ideal mit jedem unserer Bettbezüge aus Tencel™ oder Bambus kombinieren.",https://www.maisondecocon.com/products/eco-bamboe-kussensloop-powder-peach?variant_sku=B2507526,https://cdn.shopify.com/s/files/1/0884/0278/8685/files/tencel-sateen-pillowcase-peach-white-lifestyle.jpg?v=1785868206,in_stock,50.31 EUR,Coco & Cici,new,8721184401439,B2507526,eco-bamboe-kussensloop-powder-peach
B280806,Kissenbezug aus Öko-Bambus in der Farbe „Powder Peach“,"Weicher, atmungsaktiver Eco-Bambus – unser Kissenbezug „Powder Peach“ ist der sanfte und leicht zugängliche Einstieg in nachhaltige Bettwäsche und lässt sich ideal mit jedem unserer Bettbezüge aus Tencel™ oder Bambus kombinieren.",https://www.maisondecocon.com/products/eco-bamboe-kussensloop-powder-peach?variant_sku=B280806,https://cdn.shopify.com/s/files/1/0884/0278/8685/files/tencel-sateen-pillowcase-peach-white-lifestyle.jpg?v=1785868206,in_stock,59.31 EUR,Coco & Cici,new,8721184401415,B280806,eco-bamboe-kussensloop-powder-peach
M250908,"Kissenbezug aus Tencel™-Twill, olivgrün","Vervollständigen Sie Ihr Set mit passender Weichheit. Unser Kissenbezug aus Tencel™-Twill in Olivgrün bietet denselben matten, langlebigen Komfort wie unsere Bettbezüge – unaufdringlicher Luxus, Kissen für Kissen.",https://www.maisondecocon.com/products/tencel-twill-pillowcase-olive-green?variant_sku=M250908,https://cdn.shopify.com/s/files/1/0884/0278/8685/files/tencel-sateen-pillowcase-olive-green-styled-01.jpg?v=1785868402,in_stock,66.51 EUR,Coco & Cici,new,8721184401545,M250908,tencel-twill-pillowcase-olive-green
M2507028,"Kissenbezug aus Tencel™-Twill, olivgrün","Vervollständigen Sie Ihr Set mit passender Weichheit. Unser Kissenbezug aus Tencel™-Twill in Olivgrün bietet denselben matten, langlebigen Komfort wie unsere Bettbezüge – unaufdringlicher Luxus, Kissen für Kissen.",https://www.maisondecocon.com/products/tencel-twill-pillowcase-olive-green?variant_sku=M2507028,https://cdn.shopify.com/s/files/1/0884/0278/8685/files/tencel-sateen-pillowcase-olive-green-styled-01.jpg?v=1785868402,out_of_stock,53.91 EUR,Coco & Cici,new,8721184401590,M2507028,tencel-twill-pillowcase-olive-green
M250758,"Kissenbezug aus Tencel™-Twill, olivgrün","Vervollständigen Sie Ihr Set mit passender Weichheit. Unser Kissenbezug aus Tencel™-Twill in Olivgrün bietet denselben matten, langlebigen Komfort wie unsere Bettbezüge – unaufdringlicher Luxus, Kissen für Kissen.",https://www.maisondecocon.com/products/tencel-twill-pillowcase-olive-green?variant_sku=M250758,https://cdn.shopify.com/s/files/1/0884/0278/8685/files/tencel-sateen-pillowcase-olive-green-styled-01.jpg?v=1785868402,in_stock,59.31 EUR,Coco & Cici,new,8721184401538,M250758,tencel-twill-pillowcase-olive-green
M260708,"Kissenbezug aus Tencel™-Twill, olivgrün","Vervollständigen Sie Ihr Set mit passender Weichheit. Unser Kissenbezug aus Tencel™-Twill in Olivgrün bietet denselben matten, langlebigen Komfort wie unsere Bettbezüge – unaufdringlicher Luxus, Kissen für Kissen.",https://www.maisondecocon.com/products/tencel-twill-pillowcase-olive-green?variant_sku=M260708,https://cdn.shopify.com/s/files/1/0884/0278/8685/files/tencel-sateen-pillowcase-olive-green-styled-01.jpg?v=1785868402,in_stock,59.31 EUR,Coco & Cici,new,8721184401552,M260708,tencel-twill-pillowcase-olive-green
M2607028,"Kissenbezug aus Tencel™-Twill, olivgrün","Vervollständigen Sie Ihr Set mit passender Weichheit. Unser Kissenbezug aus Tencel™-Twill in Olivgrün bietet denselben matten, langlebigen Komfort wie unsere Bettbezüge – unaufdringlicher Luxus, Kissen für Kissen.",https://www.maisondecocon.com/products/tencel-twill-pillowcase-olive-green?variant_sku=M2607028,https://cdn.shopify.com/s/files/1/0884/0278/8685/files/tencel-sateen-pillowcase-olive-green-styled-01.jpg?v=1785868402,in_stock,53.91 EUR,Coco & Cici,new,8721184401613,M2607028,tencel-twill-pillowcase-olive-green
M265658,"Kissenbezug aus Tencel™-Twill, olivgrün","Vervollständigen Sie Ihr Set mit passender Weichheit. Unser Kissenbezug aus Tencel™-Twill in Olivgrün bietet denselben matten, langlebigen Komfort wie unsere Bettbezüge – unaufdringlicher Luxus, Kissen für Kissen.",https://www.maisondecocon.com/products/tencel-twill-pillowcase-olive-green?variant_sku=M265658,https://cdn.shopify.com/s/files/1/0884/0278/8685/files/tencel-sateen-pillowcase-olive-green-styled-01.jpg?v=1785868402,in_stock,59.31 EUR,Coco & Cici,new,8721184401576,M265658,tencel-twill-pillowcase-olive-green
M280808,"Kissenbezug aus Tencel™-Twill, olivgrün","Vervollständigen Sie Ihr Set mit passender Weichheit. Unser Kissenbezug aus Tencel™-Twill in Olivgrün bietet denselben matten, langlebigen Komfort wie unsere Bettbezüge – unaufdringlicher Luxus, Kissen für Kissen.",https://www.maisondecocon.com/products/tencel-twill-pillowcase-olive-green?variant_sku=M280808,https://cdn.shopify.com/s/files/1/0884/0278/8685/files/tencel-sateen-pillowcase-olive-green-styled-01.jpg?v=1785868402,in_stock,68.31 EUR,Coco & Cici,new,8721184401583,M280808,tencel-twill-pillowcase-olive-green
M2507528,"Kissenbezug aus Tencel™-Twill, olivgrün","Vervollständigen Sie Ihr Set mit passender Weichheit. Unser Kissenbezug aus Tencel™-Twill in Olivgrün bietet denselben matten, langlebigen Komfort wie unsere Bettbezüge – unaufdringlicher Luxus, Kissen für Kissen.",https://www.maisondecocon.com/products/tencel-twill-pillowcase-olive-green?variant_sku=M2507528,https://cdn.shopify.com/s/files/1/0884/0278/8685/files/tencel-sateen-pillowcase-olive-green-styled-01.jpg?v=1785868402,in_stock,55.71 EUR,Coco & Cici,new,8721184401606,M2507528,tencel-twill-pillowcase-olive-green
M240808,"Kissenbezug aus Tencel™-Twill, olivgrün","Vervollständigen Sie Ihr Set mit passender Weichheit. Unser Kissenbezug aus Tencel™-Twill in Olivgrün bietet denselben matten, langlebigen Komfort wie unsere Bettbezüge – unaufdringlicher Luxus, Kissen für Kissen.",https://www.maisondecocon.com/products/tencel-twill-pillowcase-olive-green?variant_sku=M240808,https://cdn.shopify.com/s/files/1/0884/0278/8685/files/tencel-sateen-pillowcase-olive-green-styled-01.jpg?v=1785868402,in_stock,59.31 EUR,Coco & Cici,new,8721184401514,M240808,tencel-twill-pillowcase-olive-green
M250608,"Kissenbezug aus Tencel™-Twill, olivgrün","Vervollständigen Sie Ihr Set mit passender Weichheit. Unser Kissenbezug aus Tencel™-Twill in Olivgrün bietet denselben matten, langlebigen Komfort wie unsere Bettbezüge – unaufdringlicher Luxus, Kissen für Kissen.",https://www.maisondecocon.com/products/tencel-twill-pillowcase-olive-green?variant_sku=M250608,https://cdn.shopify.com/s/files/1/0884/0278/8685/files/tencel-sateen-pillowcase-olive-green-styled-01.jpg?v=1785868402,in_stock,53.91 EUR,Coco & Cici,new,8721184401521,M250608,tencel-twill-pillowcase-olive-green
TDR67,Kissenbezug aus Tencel™-Twill in der Farbe „Dusty Rose“,"Vervollständigen Sie Ihr Set mit passender Weichheit. Unser Kissenbezug aus Tencel™-Twill in der Farbe „Dusty Rose“ bietet denselben matten, langlebigen Komfort wie unsere Bettbezüge – unaufdringlicher Luxus, Kissen für Kissen.",https://www.maisondecocon.com/products/tencel-twill-pillowcase-dusty-rose?variant_sku=TDR67,https://cdn.shopify.com/s/files/1/0884/0278/8685/files/tencel-twill-pillowcase-dusty-rose-styled-01.jpg?v=1785869540,in_stock,59.31 EUR,Coco & Cici,new,8721184405536,TDR67,tencel-twill-pillowcase-dusty-rose
TDR57NB,Kissenbezug aus Tencel™-Twill in der Farbe „Dusty Rose“,"Vervollständigen Sie Ihr Set mit passender Weichheit. Unser Kissenbezug aus Tencel™-Twill in der Farbe „Dusty Rose“ bietet denselben matten, langlebigen Komfort wie unsere Bettbezüge – unaufdringlicher Luxus, Kissen für Kissen.",https://www.maisondecocon.com/products/tencel-twill-pillowcase-dusty-rose?variant_sku=TDR57NB,https://cdn.shopify.com/s/files/1/0884/0278/8685/files/tencel-twill-pillowcase-dusty-rose-styled-01.jpg?v=1785869540,in_stock,53.91 EUR,Coco & Cici,new,8721184405550,TDR57NB,tencel-twill-pillowcase-dusty-rose
TDR56,Kissenbezug aus Tencel™-Twill in der Farbe „Dusty Rose“,"Vervollständigen Sie Ihr Set mit passender Weichheit. Unser Kissenbezug aus Tencel™-Twill in der Farbe „Dusty Rose“ bietet denselben matten, langlebigen Komfort wie unsere Bettbezüge – unaufdringlicher Luxus, Kissen für Kissen.",https://www.maisondecocon.com/products/tencel-twill-pillowcase-dusty-rose?variant_sku=TDR56,https://cdn.shopify.com/s/files/1/0884/0278/8685/files/tencel-twill-pillowcase-dusty-rose-styled-01.jpg?v=1785869540,in_stock,53.91 EUR,Coco & Cici,new,8721184405543,TDR56,tencel-twill-pillowcase-dusty-rose
M2507027,"Kissenbezug aus Tencel™-Twill, weiß","Vervollständigen Sie Ihr Set mit passender Weichheit. Unser Kissenbezug aus Tencel™-Twill in Weiß bietet denselben matten, langlebigen Komfort wie unsere Bettbezüge – unaufdringlicher Luxus, Kissen für Kissen.",https://www.maisondecocon.com/products/tencel-twill-pillowcase-white?variant_sku=M2507027,https://cdn.shopify.com/s/files/1/0884/0278/8685/files/tencel-twill-pillowcase-white-styled-01.jpg?v=1785869540,out_of_stock,53.91 EUR,Coco & Cici,new,8721184401927,M2507027,tencel-twill-pillowcase-white
M2607027,"Kissenbezug aus Tencel™-Twill, weiß","Vervollständigen Sie Ihr Set mit passender Weichheit. Unser Kissenbezug aus Tencel™-Twill in Weiß bietet denselben matten, langlebigen Komfort wie unsere Bettbezüge – unaufdringlicher Luxus, Kissen für Kissen.",https://www.maisondecocon.com/products/tencel-twill-pillowcase-white?variant_sku=M2607027,https://cdn.shopify.com/s/files/1/0884/0278/8685/files/tencel-twill-pillowcase-white-styled-01.jpg?v=1785869540,in_stock,53.91 EUR,Coco & Cici,new,8721184401941,M2607027,tencel-twill-pillowcase-white
M265657,"Kissenbezug aus Tencel™-Twill, weiß","Vervollständigen Sie Ihr Set mit passender Weichheit. Unser Kissenbezug aus Tencel™-Twill in Weiß bietet denselben matten, langlebigen Komfort wie unsere Bettbezüge – unaufdringlicher Luxus, Kissen für Kissen.",https://www.maisondecocon.com/products/tencel-twill-pillowcase-white?variant_sku=M265657,https://cdn.shopify.com/s/files/1/0884/0278/8685/files/tencel-twill-pillowcase-white-styled-01.jpg?v=1785869540,in_stock,59.31 EUR,Coco & Cici,new,8721184401903,M265657,tencel-twill-pillowcase-white
M250907,"Kissenbezug aus Tencel™-Twill, weiß","Vervollständigen Sie Ihr Set mit passender Weichheit. Unser Kissenbezug aus Tencel™-Twill in Weiß bietet denselben matten, langlebigen Komfort wie unsere Bettbezüge – unaufdringlicher Luxus, Kissen für Kissen.",https://www.maisondecocon.com/products/tencel-twill-pillowcase-white?variant_sku=M250907,https://cdn.shopify.com/s/files/1/0884/0278/8685/files/tencel-twill-pillowcase-white-styled-01.jpg?v=1785869540,in_stock,66.51 EUR,Coco & Cici,new,8721184401873,M250907,tencel-twill-pillowcase-white
M280807,"Kissenbezug aus Tencel™-Twill, weiß","Vervollständigen Sie Ihr Set mit passender Weichheit. Unser Kissenbezug aus Tencel™-Twill in Weiß bietet denselben matten, langlebigen Komfort wie unsere Bettbezüge – unaufdringlicher Luxus, Kissen für Kissen.",https://www.maisondecocon.com/products/tencel-twill-pillowcase-white?variant_sku=M280807,https://cdn.shopify.com/s/files/1/0884/0278/8685/files/tencel-twill-pillowcase-white-styled-01.jpg?v=1785869540,in_stock,68.31 EUR,Coco & Cici,new,8721184401910,M280807,tencel-twill-pillowcase-white
M2507527,"Kissenbezug aus Tencel™-Twill, weiß","Vervollständigen Sie Ihr Set mit passender Weichheit. Unser Kissenbezug aus Tencel™-Twill in Weiß bietet denselben matten, langlebigen Komfort wie unsere Bettbezüge – unaufdringlicher Luxus, Kissen für Kissen.",https://www.maisondecocon.com/products/tencel-twill-pillowcase-white?variant_sku=M2507527,https://cdn.shopify.com/s/files/1/0884/0278/8685/files/tencel-twill-pillowcase-white-styled-01.jpg?v=1785869540,in_stock,55.71 EUR,Coco & Cici,new,8721184401934,M2507527,tencel-twill-pillowcase-white
M250607,"Kissenbezug aus Tencel™-Twill, weiß","Vervollständigen Sie Ihr Set mit passender Weichheit. Unser Kissenbezug aus Tencel™-Twill in Weiß bietet denselben matten, langlebigen Komfort wie unsere Bettbezüge – unaufdringlicher Luxus, Kissen für Kissen.",https://www.maisondecocon.com/products/tencel-twill-pillowcase-white?variant_sku=M250607,https://cdn.shopify.com/s/files/1/0884/0278/8685/files/tencel-twill-pillowcase-white-styled-01.jpg?v=1785869540,in_stock,53.91 EUR,Coco & Cici,new,8721184401859,M250607,tencel-twill-pillowcase-white
M240807,"Kissenbezug aus Tencel™-Twill, weiß","Vervollständigen Sie Ihr Set mit passender Weichheit. Unser Kissenbezug aus Tencel™-Twill in Weiß bietet denselben matten, langlebigen Komfort wie unsere Bettbezüge – unaufdringlicher Luxus, Kissen für Kissen.",https://www.maisondecocon.com/products/tencel-twill-pillowcase-white?variant_sku=M240807,https://cdn.shopify.com/s/files/1/0884/0278/8685/files/tencel-twill-pillowcase-white-styled-01.jpg?v=1785869540,in_stock,59.31 EUR,Coco & Cici,new,8721184401842,M240807,tencel-twill-pillowcase-white
M260707,"Kissenbezug aus Tencel™-Twill, weiß","Vervollständigen Sie Ihr Set mit passender Weichheit. Unser Kissenbezug aus Tencel™-Twill in Weiß bietet denselben matten, langlebigen Komfort wie unsere Bettbezüge – unaufdringlicher Luxus, Kissen für Kissen.",https://www.maisondecocon.com/products/tencel-twill-pillowcase-white?variant_sku=M260707,https://cdn.shopify.com/s/files/1/0884/0278/8685/files/tencel-twill-pillowcase-white-styled-01.jpg?v=1785869540,in_stock,59.31 EUR,Coco & Cici,new,8721184401880,M260707,tencel-twill-pillowcase-white
M250757,"Kissenbezug aus Tencel™-Twill, weiß","Vervollständigen Sie Ihr Set mit passender Weichheit. Unser Kissenbezug aus Tencel™-Twill in Weiß bietet denselben matten, langlebigen Komfort wie unsere Bettbezüge – unaufdringlicher Luxus, Kissen für Kissen.",https://www.maisondecocon.com/products/tencel-twill-pillowcase-white?variant_sku=M250757,https://cdn.shopify.com/s/files/1/0884/0278/8685/files/tencel-twill-pillowcase-white-styled-01.jpg?v=1785869540,in_stock,59.31 EUR,Coco & Cici,new,8721184401866,M250757,tencel-twill-pillowcase-white
260701,"Kissenbezug aus Tencel™-Satin, weiß","Unser Kissenbezug aus Tencel™-Satin in Weiß ist geschmeidig, atmungsaktiv und mit einem sanften Satinschimmer versehen. Er passt perfekt zu jedem unserer Satin-Bettbezüge – oder macht auch für sich allein eine hervorragende Figur.",https://www.maisondecocon.com/products/tencel-sateen-pillowcase-white?variant_sku=260701,https://cdn.shopify.com/s/files/1/0884/0278/8685/files/tencel-sateen-pillowcase-white-styled-01.jpg?v=1785869540,in_stock,71.91 EUR,Coco & Cici,new,8721184402429,260701,tencel-sateen-pillowcase-white
280801,"Kissenbezug aus Tencel™-Satin, weiß","Unser Kissenbezug aus Tencel™-Satin in Weiß ist geschmeidig, atmungsaktiv und mit einem sanften Satinschimmer versehen. Er passt perfekt zu jedem unserer Satin-Bettbezüge – oder macht auch für sich allein eine hervorragende Figur.",https://www.maisondecocon.com/products/tencel-sateen-pillowcase-white?variant_sku=280801,https://cdn.shopify.com/s/files/1/0884/0278/8685/files/tencel-sateen-pillowcase-white-styled-01.jpg?v=1785869540,in_stock,77.31 EUR,Coco & Cici,new,7423609016051,280801,tencel-sateen-pillowcase-white
2507021,"Kissenbezug aus Tencel™-Satin, weiß","Unser Kissenbezug aus Tencel™-Satin in Weiß ist geschmeidig, atmungsaktiv und mit einem sanften Satinschimmer versehen. Er passt perfekt zu jedem unserer Satin-Bettbezüge – oder macht auch für sich allein eine hervorragende Figur.",https://www.maisondecocon.com/products/tencel-sateen-pillowcase-white?variant_sku=2507021,https://cdn.shopify.com/s/files/1/0884/0278/8685/files/tencel-sateen-pillowcase-white-styled-01.jpg?v=1785869540,out_of_stock,57.51 EUR,Coco & Cici,new,8721184402450,2507021,tencel-sateen-pillowcase-white
2607021,"Kissenbezug aus Tencel™-Satin, weiß","Unser Kissenbezug aus Tencel™-Satin in Weiß ist geschmeidig, atmungsaktiv und mit einem sanften Satinschimmer versehen. Er passt perfekt zu jedem unserer Satin-Bettbezüge – oder macht auch für sich allein eine hervorragende Figur.",https://www.maisondecocon.com/products/tencel-sateen-pillowcase-white?variant_sku=2607021,https://cdn.shopify.com/s/files/1/0884/0278/8685/files/tencel-sateen-pillowcase-white-styled-01.jpg?v=1785869540,in_stock,62.91 EUR,Coco & Cici,new,8721184402467,2607021,tencel-sateen-pillowcase-white
250601,"Kissenbezug aus Tencel™-Satin, weiß","Unser Kissenbezug aus Tencel™-Satin in Weiß ist geschmeidig, atmungsaktiv und mit einem sanften Satinschimmer versehen. Er passt perfekt zu jedem unserer Satin-Bettbezüge – oder macht auch für sich allein eine hervorragende Figur.",https://www.maisondecocon.com/products/tencel-sateen-pillowcase-white?variant_sku=250601,https://cdn.shopify.com/s/files/1/0884/0278/8685/files/tencel-sateen-pillowcase-white-styled-01.jpg?v=1785869540,in_stock,62.91 EUR,Coco & Cici,new,7439634187161,250601,tencel-sateen-pillowcase-white
265651,"Kissenbezug aus Tencel™-Satin, weiß","Unser Kissenbezug aus Tencel™-Satin in Weiß ist geschmeidig, atmungsaktiv und mit einem sanften Satinschimmer versehen. Er passt perfekt zu jedem unserer Satin-Bettbezüge – oder macht auch für sich allein eine hervorragende Figur.",https://www.maisondecocon.com/products/tencel-sateen-pillowcase-white?variant_sku=265651,https://cdn.shopify.com/s/files/1/0884/0278/8685/files/tencel-sateen-pillowcase-white-styled-01.jpg?v=1785869540,in_stock,71.91 EUR,Coco & Cici,new,6097741097011,265651,tencel-sateen-pillowcase-white
250751,"Kissenbezug aus Tencel™-Satin, weiß","Unser Kissenbezug aus Tencel™-Satin in Weiß ist geschmeidig, atmungsaktiv und mit einem sanften Satinschimmer versehen. Er passt perfekt zu jedem unserer Satin-Bettbezüge – oder macht auch für sich allein eine hervorragende Figur.",https://www.maisondecocon.com/products/tencel-sateen-pillowcase-white?variant_sku=250751,https://cdn.shopify.com/s/files/1/0884/0278/8685/files/tencel-sateen-pillowcase-white-styled-01.jpg?v=1785869540,in_stock,71.91 EUR,Coco & Cici,new,6097741312350,250751,tencel-sateen-pillowcase-white
250901,"Kissenbezug aus Tencel™-Satin, weiß","Unser Kissenbezug aus Tencel™-Satin in Weiß ist geschmeidig, atmungsaktiv und mit einem sanften Satinschimmer versehen. Er passt perfekt zu jedem unserer Satin-Bettbezüge – oder macht auch für sich allein eine hervorragende Figur.",https://www.maisondecocon.com/products/tencel-sateen-pillowcase-white?variant_sku=250901,https://cdn.shopify.com/s/files/1/0884/0278/8685/files/tencel-sateen-pillowcase-white-styled-01.jpg?v=1785869540,in_stock,75.51 EUR,Coco & Cici,new,6097741424473,250901,tencel-sateen-pillowcase-white
240801,"Kissenbezug aus Tencel™-Satin, weiß","Unser Kissenbezug aus Tencel™-Satin in Weiß ist geschmeidig, atmungsaktiv und mit einem sanften Satinschimmer versehen. Er passt perfekt zu jedem unserer Satin-Bettbezüge – oder macht auch für sich allein eine hervorragende Figur.",https://www.maisondecocon.com/products/tencel-sateen-pillowcase-white?variant_sku=240801,https://cdn.shopify.com/s/files/1/0884/0278/8685/files/tencel-sateen-pillowcase-white-styled-01.jpg?v=1785869540,in_stock,62.91 EUR,Coco & Cici,new,7423608926948,240801,tencel-sateen-pillowcase-white
2507521,"Kissenbezug aus Tencel™-Satin, weiß","Unser Kissenbezug aus Tencel™-Satin in Weiß ist geschmeidig, atmungsaktiv und mit einem sanften Satinschimmer versehen. Er passt perfekt zu jedem unserer Satin-Bettbezüge – oder macht auch für sich allein eine hervorragende Figur.",https://www.maisondecocon.com/products/tencel-sateen-pillowcase-white?variant_sku=2507521,https://cdn.shopify.com/s/files/1/0884/0278/8685/files/tencel-sateen-pillowcase-white-styled-01.jpg?v=1785869540,in_stock,62.91 EUR,Coco & Cici,new,8721184401071,2507521,tencel-sateen-pillowcase-white
SPW57NB,"Kissenbezug aus Tencel™-Satin, pfirsichfarben-weiß","Glatt, atmungsaktiv und mit einem sanften Satin-Glanz versehen – unser Tencel™-Satin-Kissenbezug in der Farbe „Peach White“ passt perfekt zu jedem unserer Satin-Bettbezüge – oder macht sich auch ganz für sich allein wunderbar.",https://www.maisondecocon.com/products/tencel-sateen-pillowcase-peach-white?variant_sku=SPW57NB,https://cdn.shopify.com/s/files/1/0884/0278/8685/files/tencel-sateen-pillowcase-peach-white-styled-01.jpg?v=1785869525,in_stock,57.51 EUR,Coco & Cici,new,8721184406168,SPW57NB,tencel-sateen-pillowcase-peach-white
SPW67NB,"Kissenbezug aus Tencel™-Satin, pfirsichfarben-weiß","Glatt, atmungsaktiv und mit einem sanften Satin-Glanz versehen – unser Tencel™-Satin-Kissenbezug in der Farbe „Peach White“ passt perfekt zu jedem unserer Satin-Bettbezüge – oder macht sich auch ganz für sich allein wunderbar.",https://www.maisondecocon.com/products/tencel-sateen-pillowcase-peach-white?variant_sku=SPW67NB,https://cdn.shopify.com/s/files/1/0884/0278/8685/files/tencel-sateen-pillowcase-peach-white-styled-01.jpg?v=1785869525,in_stock,62.91 EUR,Coco & Cici,new,8721184406175,SPW67NB,tencel-sateen-pillowcase-peach-white
SPW56,"Kissenbezug aus Tencel™-Satin, pfirsichfarben-weiß","Glatt, atmungsaktiv und mit einem sanften Satin-Glanz versehen – unser Tencel™-Satin-Kissenbezug in der Farbe „Peach White“ passt perfekt zu jedem unserer Satin-Bettbezüge – oder macht sich auch ganz für sich allein wunderbar.",https://www.maisondecocon.com/products/tencel-sateen-pillowcase-peach-white?variant_sku=SPW56,https://cdn.shopify.com/s/files/1/0884/0278/8685/files/tencel-sateen-pillowcase-peach-white-styled-01.jpg?v=1785869525,in_stock,62.91 EUR,Coco & Cici,new,8721184406151,SPW56,tencel-sateen-pillowcase-peach-white
SPW67,"Kissenbezug aus Tencel™-Satin, pfirsichfarben-weiß","Glatt, atmungsaktiv und mit einem sanften Satin-Glanz versehen – unser Tencel™-Satin-Kissenbezug in der Farbe „Peach White“ passt perfekt zu jedem unserer Satin-Bettbezüge – oder macht sich auch ganz für sich allein wunderbar.",https://www.maisondecocon.com/products/tencel-sateen-pillowcase-peach-white?variant_sku=SPW67,https://cdn.shopify.com/s/files/1/0884/0278/8685/files/tencel-sateen-pillowcase-peach-white-styled-01.jpg?v=1785869525,in_stock,71.91 EUR,Coco & Cici,new,8721184406144,SPW67,tencel-sateen-pillowcase-peach-white
TDB57NB,"Kissenbezug aus Tencel™-Twill, dunkelblau","Vervollständigen Sie Ihr Set mit passender Weichheit. Unser Kissenbezug aus Tencel™-Twill in Dunkelblau bietet denselben matten, langlebigen Komfort wie unsere Bettbezüge – diskreter Luxus, Kissen für Kissen.",https://www.maisondecocon.com/products/tencel-twill-pillowcase-dark-blue?variant_sku=TDB57NB,https://cdn.shopify.com/s/files/1/0884/0278/8685/files/tencel-twill-pillowcase-dark-blue-styled-01.jpg?v=1785869525,out_of_stock,53.91 EUR,Coco & Cici,new,8721184405703,TDB57NB,tencel-twill-pillowcase-dark-blue
TDB56,"Kissenbezug aus Tencel™-Twill, dunkelblau","Vervollständigen Sie Ihr Set mit passender Weichheit. Unser Kissenbezug aus Tencel™-Twill in Dunkelblau bietet denselben matten, langlebigen Komfort wie unsere Bettbezüge – diskreter Luxus, Kissen für Kissen.",https://www.maisondecocon.com/products/tencel-twill-pillowcase-dark-blue?variant_sku=TDB56,https://cdn.shopify.com/s/files/1/0884/0278/8685/files/tencel-twill-pillowcase-dark-blue-styled-01.jpg?v=1785869525,in_stock,53.91 EUR,Coco & Cici,new,8721184405697,TDB56,tencel-twill-pillowcase-dark-blue
TDB67,"Kissenbezug aus Tencel™-Twill, dunkelblau","Vervollständigen Sie Ihr Set mit passender Weichheit. Unser Kissenbezug aus Tencel™-Twill in Dunkelblau bietet denselben matten, langlebigen Komfort wie unsere Bettbezüge – diskreter Luxus, Kissen für Kissen.",https://www.maisondecocon.com/products/tencel-twill-pillowcase-dark-blue?variant_sku=TDB67,https://cdn.shopify.com/s/files/1/0884/0278/8685/files/tencel-twill-pillowcase-dark-blue-styled-01.jpg?v=1785869525,in_stock,59.31 EUR,Coco & Cici,new,8721184405680,TDB67,tencel-twill-pillowcase-dark-blue
TLB67,Kissenbezug aus Tencel™-Twill in Lavendelblau,"Vervollständigen Sie Ihr Set mit passender Weichheit. Unser Kissenbezug aus Tencel™-Twill in Lavendelblau bietet denselben matten, langlebigen Komfort wie unsere Bettbezüge – unaufdringlicher Luxus, Kissen für Kissen.",https://www.maisondecocon.com/products/tencel-twill-pillowcase-lavender-blue?variant_sku=TLB67,https://cdn.shopify.com/s/files/1/0884/0278/8685/files/tencel-twill-pillowcase-lavender-blue-styled-01.jpg?v=1785869506,in_stock,59.31 EUR,Coco & Cici,new,8721184405833,TLB67,tencel-twill-pillowcase-lavender-blue
TLB57NB,Kissenbezug aus Tencel™-Twill in Lavendelblau,"Vervollständigen Sie Ihr Set mit passender Weichheit. Unser Kissenbezug aus Tencel™-Twill in Lavendelblau bietet denselben matten, langlebigen Komfort wie unsere Bettbezüge – unaufdringlicher Luxus, Kissen für Kissen.",https://www.maisondecocon.com/products/tencel-twill-pillowcase-lavender-blue?variant_sku=TLB57NB,https://cdn.shopify.com/s/files/1/0884/0278/8685/files/tencel-twill-pillowcase-lavender-blue-styled-01.jpg?v=1785869506,in_stock,53.91 EUR,Coco & Cici,new,8721184405857,TLB57NB,tencel-twill-pillowcase-lavender-blue
TLB56,Kissenbezug aus Tencel™-Twill in Lavendelblau,"Vervollständigen Sie Ihr Set mit passender Weichheit. Unser Kissenbezug aus Tencel™-Twill in Lavendelblau bietet denselben matten, langlebigen Komfort wie unsere Bettbezüge – unaufdringlicher Luxus, Kissen für Kissen.",https://www.maisondecocon.com/products/tencel-twill-pillowcase-lavender-blue?variant_sku=TLB56,https://cdn.shopify.com/s/files/1/0884/0278/8685/files/tencel-twill-pillowcase-lavender-blue-styled-01.jpg?v=1785869506,in_stock,53.91 EUR,Coco & Cici,new,8721184405840,TLB56,tencel-twill-pillowcase-lavender-blue
TOY56,Kissenbezug aus Tencel™-Twill in Ockergelb,"Vervollständigen Sie Ihr Set mit passender Weichheit. Unser Kissenbezug aus Tencel™-Twill in Ockergelb bietet denselben matten, langlebigen Komfort wie unsere Bettbezüge – diskreter Luxus, Kissen für Kissen.",https://www.maisondecocon.com/products/tencel-twill-pillowcase-ocher-yellow?variant_sku=TOY56,https://cdn.shopify.com/s/files/1/0884/0278/8685/files/tencel-twill-pillowcase-ocher-yellow-styled-01.jpg?v=1785869487,in_stock,53.91 EUR,Coco & Cici,new,8721184405390,TOY56,tencel-twill-pillowcase-ocher-yellow
TOY57NB,Kissenbezug aus Tencel™-Twill in Ockergelb,"Vervollständigen Sie Ihr Set mit passender Weichheit. Unser Kissenbezug aus Tencel™-Twill in Ockergelb bietet denselben matten, langlebigen Komfort wie unsere Bettbezüge – diskreter Luxus, Kissen für Kissen.",https://www.maisondecocon.com/products/tencel-twill-pillowcase-ocher-yellow?variant_sku=TOY57NB,https://cdn.shopify.com/s/files/1/0884/0278/8685/files/tencel-twill-pillowcase-ocher-yellow-styled-01.jpg?v=1785869487,in_stock,53.91 EUR,Coco & Cici,new,8721184405406,TOY57NB,tencel-twill-pillowcase-ocher-yellow
TOY67,Kissenbezug aus Tencel™-Twill in Ockergelb,"Vervollständigen Sie Ihr Set mit passender Weichheit. Unser Kissenbezug aus Tencel™-Twill in Ockergelb bietet denselben matten, langlebigen Komfort wie unsere Bettbezüge – diskreter Luxus, Kissen für Kissen.",https://www.maisondecocon.com/products/tencel-twill-pillowcase-ocher-yellow?variant_sku=TOY67,https://cdn.shopify.com/s/files/1/0884/0278/8685/files/tencel-twill-pillowcase-ocher-yellow-styled-01.jpg?v=1785869487,in_stock,59.31 EUR,Coco & Cici,new,8721184405383,TOY67,tencel-twill-pillowcase-ocher-yellow
SWS67,"Kissenbezug aus Tencel™-Satin, „White Sand“","Glatt, atmungsaktiv und mit einem sanften Satin-Glanz versehen – unser Tencel™-Satin-Kissenbezug in der Farbe „White Sand“ passt perfekt zu jedem unserer Satin-Bettbezüge – oder macht sich auch ganz allein hervorragend.",https://www.maisondecocon.com/products/tencel-sateen-pillowcase-white-sand?variant_sku=SWS67,https://cdn.shopify.com/s/files/1/0884/0278/8685/files/tencel-sateen-pillowcase-white-sand-styled-01.jpg?v=1785869487,in_stock,71.91 EUR,Coco & Cici,new,8721184405987,SWS67,tencel-sateen-pillowcase-white-sand
SWS56,"Kissenbezug aus Tencel™-Satin, „White Sand“","Glatt, atmungsaktiv und mit einem sanften Satin-Glanz versehen – unser Tencel™-Satin-Kissenbezug in der Farbe „White Sand“ passt perfekt zu jedem unserer Satin-Bettbezüge – oder macht sich auch ganz allein hervorragend.",https://www.maisondecocon.com/products/tencel-sateen-pillowcase-white-sand?variant_sku=SWS56,https://cdn.shopify.com/s/files/1/0884/0278/8685/files/tencel-sateen-pillowcase-white-sand-styled-01.jpg?v=1785869487,in_stock,62.91 EUR,Coco & Cici,new,8721184405994,SWS56,tencel-sateen-pillowcase-white-sand
SWS67NB,"Kissenbezug aus Tencel™-Satin, „White Sand“","Glatt, atmungsaktiv und mit einem sanften Satin-Glanz versehen – unser Tencel™-Satin-Kissenbezug in der Farbe „White Sand“ passt perfekt zu jedem unserer Satin-Bettbezüge – oder macht sich auch ganz allein hervorragend.",https://www.maisondecocon.com/products/tencel-sateen-pillowcase-white-sand?variant_sku=SWS67NB,https://cdn.shopify.com/s/files/1/0884/0278/8685/files/tencel-sateen-pillowcase-white-sand-styled-01.jpg?v=1785869487,in_stock,62.91 EUR,Coco & Cici,new,8721184406014,SWS67NB,tencel-sateen-pillowcase-white-sand
SWS57NB,"Kissenbezug aus Tencel™-Satin, „White Sand“","Glatt, atmungsaktiv und mit einem sanften Satin-Glanz versehen – unser Tencel™-Satin-Kissenbezug in der Farbe „White Sand“ passt perfekt zu jedem unserer Satin-Bettbezüge – oder macht sich auch ganz allein hervorragend.",https://www.maisondecocon.com/products/tencel-sateen-pillowcase-white-sand?variant_sku=SWS57NB,https://cdn.shopify.com/s/files/1/0884/0278/8685/files/tencel-sateen-pillowcase-white-sand-styled-01.jpg?v=1785869487,out_of_stock,57.51 EUR,Coco & Cici,new,8721184406007,SWS57NB,tencel-sateen-pillowcase-white-sand
12002005VS,"Bettbezug aus Tencel™-Satin, cremefarben","Wachen Sie auf, als wären Sie noch im Urlaub. Unser Bettbezug aus Tencel™-Satin in Off-White verleiht Ihrem Schlafzimmer eine geschmeidige, strahlende Weichheit – mit einem natürlichen Glanz, der mit der Zeit immer schöner wird.",https://www.maisondecocon.com/products/tencel-sateen-duvet-cover-off-white?variant_sku=12002005VS,https://cdn.shopify.com/s/files/1/0884/0278/8685/files/tencel-sateen-duvet-cover-off-white-styled-01.jpg?v=1785869466,out_of_stock,229.95 EUR,Coco & Cici,new,8721184403662,12002005VS,tencel-sateen-duvet-cover-off-white
11402205VS,"Bettbezug aus Tencel™-Satin, cremefarben","Wachen Sie auf, als wären Sie noch im Urlaub. Unser Bettbezug aus Tencel™-Satin in Off-White verleiht Ihrem Schlafzimmer eine geschmeidige, strahlende Weichheit – mit einem natürlichen Glanz, der mit der Zeit immer schöner wird.",https://www.maisondecocon.com/products/tencel-sateen-duvet-cover-off-white?variant_sku=11402205VS,https://cdn.shopify.com/s/files/1/0884/0278/8685/files/tencel-sateen-duvet-cover-off-white-styled-01.jpg?v=1785869466,out_of_stock,159.95 EUR,Coco & Cici,new,8721184402221,11402205VS,tencel-sateen-duvet-cover-off-white
12402205VS,"Bettbezug aus Tencel™-Satin, cremefarben","Wachen Sie auf, als wären Sie noch im Urlaub. Unser Bettbezug aus Tencel™-Satin in Off-White verleiht Ihrem Schlafzimmer eine geschmeidige, strahlende Weichheit – mit einem natürlichen Glanz, der mit der Zeit immer schöner wird.",https://www.maisondecocon.com/products/tencel-sateen-duvet-cover-off-white?variant_sku=12402205VS,https://cdn.shopify.com/s/files/1/0884/0278/8685/files/tencel-sateen-duvet-cover-off-white-styled-01.jpg?v=1785869466,out_of_stock,249.95 EUR,Coco & Cici,new,8721184403747,12402205VS,tencel-sateen-duvet-cover-off-white
12002205VS,"Bettbezug aus Tencel™-Satin, cremefarben","Wachen Sie auf, als wären Sie noch im Urlaub. Unser Bettbezug aus Tencel™-Satin in Off-White verleiht Ihrem Schlafzimmer eine geschmeidige, strahlende Weichheit – mit einem natürlichen Glanz, der mit der Zeit immer schöner wird.",https://www.maisondecocon.com/products/tencel-sateen-duvet-cover-off-white?variant_sku=12002205VS,https://cdn.shopify.com/s/files/1/0884/0278/8685/files/tencel-sateen-duvet-cover-off-white-styled-01.jpg?v=1785869466,out_of_stock,229.95 EUR,Coco & Cici,new,8721184403709,12002205VS,tencel-sateen-duvet-cover-off-white
12602205VS,"Bettbezug aus Tencel™-Satin, cremefarben","Wachen Sie auf, als wären Sie noch im Urlaub. Unser Bettbezug aus Tencel™-Satin in Off-White verleiht Ihrem Schlafzimmer eine geschmeidige, strahlende Weichheit – mit einem natürlichen Glanz, der mit der Zeit immer schöner wird.",https://www.maisondecocon.com/products/tencel-sateen-duvet-cover-off-white?variant_sku=12602205VS,https://cdn.shopify.com/s/files/1/0884/0278/8685/files/tencel-sateen-duvet-cover-off-white-styled-01.jpg?v=1785869466,out_of_stock,269.95 EUR,Coco & Cici,new,8721184402269,12602205VS,tencel-sateen-duvet-cover-off-white
11402005VS,"Bettbezug aus Tencel™-Satin, cremefarben","Wachen Sie auf, als wären Sie noch im Urlaub. Unser Bettbezug aus Tencel™-Satin in Off-White verleiht Ihrem Schlafzimmer eine geschmeidige, strahlende Weichheit – mit einem natürlichen Glanz, der mit der Zeit immer schöner wird.",https://www.maisondecocon.com/products/tencel-sateen-duvet-cover-off-white?variant_sku=11402005VS,https://cdn.shopify.com/s/files/1/0884/0278/8685/files/tencel-sateen-duvet-cover-off-white-styled-01.jpg?v=1785869466,out_of_stock,159.95 EUR,Coco & Cici,new,8721184402214,11402005VS,tencel-sateen-duvet-cover-off-white
721301802,Alpaka-Merinowolle-Decke,Wunderbar warm und wunderschön schlicht. Unsere Alpaka-Merinowolle-Decke in Warm Ecru mit einem dezenten Hauch von Rosa ist in höchster Qualität gewebt – ein echter Blickfang für Ihr Schlafzimmer.,https://www.maisondecocon.com/products/alpaca-plaids?variant_sku=721301802,https://cdn.shopify.com/s/files/1/0884/0278/8685/files/alpaca-plaids-styled-01.jpg?v=1785869424,in_stock,199.95 EUR,Coco & Cici,new,7423614658659,721301802,alpaca-plaids
8720849141291,Woll-Decke „Venezia“ in Grau,"Die aus 100 % neuseeländischer Wolle gewebte Decke „Venezia“ verleiht jedem Raum in Ihrem Zuhause sanfte, natürliche Wärme und zurückhaltende Eleganz.",https://www.maisondecocon.com/products/wool-throw-blanket-venezia-grey?variant_sku=8720849141291,https://cdn.shopify.com/s/files/1/0884/0278/8685/files/wool-throw-blanket-venezia-grey-folded.jpg?v=1785919559,in_stock,71.00 EUR,MoST Blankets,new,8720849141291,8720849141291,wool-throw-blanket-venezia-grey
FCRINKSTRF1626,Crinkly – Baumwoll-Musselin – Tetra – Ecru,"Ein atmungsaktiver Bettbezug aus Baumwollmusselin in zartem Ecru mit einer natürlich geknitterten, bügelfreien Struktur – angenehm weich im Griff und pflegeleicht.",https://www.maisondecocon.com/products/crinkly-cotton-muslin-tetra-ecru?variant_sku=FCRINKSTRF1626,https://cdn.shopify.com/s/files/1/0884/0278/8685/files/crinkly-cotton-muslin-ecru-lifestyle.jpg?v=1786025988,in_stock,139.00 EUR,Casilin,new,,FCRINKSTRF1626,crinkly-cotton-muslin-tetra-ecru
FCRINKSTRF1643,Crinkly – Baumwoll-Musselin – Tetra – Ecru,"Ein atmungsaktiver Bettbezug aus Baumwollmusselin in zartem Ecru mit einer natürlich geknitterten, bügelfreien Struktur – angenehm weich im Griff und pflegeleicht.",https://www.maisondecocon.com/products/crinkly-cotton-muslin-tetra-ecru?variant_sku=FCRINKSTRF1643,https://cdn.shopify.com/s/files/1/0884/0278/8685/files/crinkly-cotton-muslin-ecru-lifestyle.jpg?v=1786025988,in_stock,209.00 EUR,Casilin,new,,FCRINKSTRF1643,crinkly-cotton-muslin-tetra-ecru
FCRINKSTRF1652,Crinkly – Baumwoll-Musselin – Tetra – Ecru,"Ein atmungsaktiver Bettbezug aus Baumwollmusselin in zartem Ecru mit einer natürlich geknitterten, bügelfreien Struktur – angenehm weich im Griff und pflegeleicht.",https://www.maisondecocon.com/products/crinkly-cotton-muslin-tetra-ecru?variant_sku=FCRINKSTRF1652,https://cdn.shopify.com/s/files/1/0884/0278/8685/files/crinkly-cotton-muslin-ecru-lifestyle.jpg?v=1786025988,in_stock,229.00 EUR,Casilin,new,,FCRINKSTRF1652,crinkly-cotton-muslin-tetra-ecru
FCRINKSTRF1654,Crinkly – Baumwoll-Musselin – Tetra – Ecru,"Ein atmungsaktiver Bettbezug aus Baumwollmusselin in zartem Ecru mit einer natürlich geknitterten, bügelfreien Struktur – angenehm weich im Griff und pflegeleicht.",https://www.maisondecocon.com/products/crinkly-cotton-muslin-tetra-ecru?variant_sku=FCRINKSTRF1654,https://cdn.shopify.com/s/files/1/0884/0278/8685/files/crinkly-cotton-muslin-ecru-lifestyle.jpg?v=1786025988,out_of_stock,239.00 EUR,Casilin,new,,FCRINKSTRF1654,crinkly-cotton-muslin-tetra-ecru
STENCELS0154,Tencel-Satin – Bettwäscheset – Lila,"Ein luxuriöser Bettbezug aus Tencel™ Lyocell-Satin in Lila, vorgewaschen für einen weichen, lässigen Look und einen seidigen, kühlen Griff.",https://www.maisondecocon.com/products/tencel-satin-duvet-cover-set-lila?variant_sku=STENCELS0154,https://cdn.shopify.com/s/files/1/0884/0278/8685/files/tencel-satin-duvet-cover-lila-texture-detail.jpg?v=1786026644,in_stock,279.00 EUR,Casilin,new,5600860519541,STENCELS0154,tencel-satin-duvet-cover-set-lila
STENCELS0143,Tencel-Satin – Bettwäscheset – Lila,"Ein luxuriöser Bettbezug aus Tencel™ Lyocell-Satin in Lila, vorgewaschen für einen weichen, lässigen Look und einen seidigen, kühlen Griff.",https://www.maisondecocon.com/products/tencel-satin-duvet-cover-set-lila?variant_sku=STENCELS0143,https://cdn.shopify.com/s/files/1/0884/0278/8685/files/tencel-satin-duvet-cover-lila-texture-detail.jpg?v=1786026644,in_stock,259.00 EUR,Casilin,new,5600860519534,STENCELS0143,tencel-satin-duvet-cover-set-lila
FCRINKSTRF1726,Crinkly – Baumwoll-Musselin – Tetra – Misty Blue,"Ein atmungsaktiver Bettbezug aus Baumwoll-Musselin in einem zarten Misty Blue mit einer natürlich gekräuselten, bügelfreien Struktur – angenehm weich im Griff und pflegeleicht.",https://www.maisondecocon.com/products/crinkly-cotton-muslin-tetra-misty-blue?variant_sku=FCRINKSTRF1726,https://cdn.shopify.com/s/files/1/0884/0278/8685/files/crinkly-cotton-muslin-misty-blue-lifestyle.jpg?v=1786026047,in_stock,139.00 EUR,Casilin,new,,FCRINKSTRF1726,crinkly-cotton-muslin-tetra-misty-blue
FCRINKSTRF1752,Crinkly – Baumwoll-Musselin – Tetra – Misty Blue,"Ein atmungsaktiver Bettbezug aus Baumwoll-Musselin in einem zarten Misty Blue mit einer natürlich gekräuselten, bügelfreien Struktur – angenehm weich im Griff und pflegeleicht.",https://www.maisondecocon.com/products/crinkly-cotton-muslin-tetra-misty-blue?variant_sku=FCRINKSTRF1752,https://cdn.shopify.com/s/files/1/0884/0278/8685/files/crinkly-cotton-muslin-misty-blue-lifestyle.jpg?v=1786026047,in_stock,229.00 EUR,Casilin,new,,FCRINKSTRF1752,crinkly-cotton-muslin-tetra-misty-blue
FCRINKSTRF1743,Crinkly – Baumwoll-Musselin – Tetra – Misty Blue,"Ein atmungsaktiver Bettbezug aus Baumwoll-Musselin in einem zarten Misty Blue mit einer natürlich gekräuselten, bügelfreien Struktur – angenehm weich im Griff und pflegeleicht.",https://www.maisondecocon.com/products/crinkly-cotton-muslin-tetra-misty-blue?variant_sku=FCRINKSTRF1743,https://cdn.shopify.com/s/files/1/0884/0278/8685/files/crinkly-cotton-muslin-misty-blue-lifestyle.jpg?v=1786026047,in_stock,209.00 EUR,Casilin,new,,FCRINKSTRF1743,crinkly-cotton-muslin-tetra-misty-blue
SKINGMEDIUM63,Daunenkissen / mittlerer Härtegrad,"Ein luxuriös weiches Daunenkissen mit drei Kammern – ein stützender Kern aus Entenfedern, umhüllt von einer flauschigen Schicht aus Entendaunen und -federn, bezogen mit feiner Mako-Baumwolle.",https://www.maisondecocon.com/products/down-pillow-medium-support?variant_sku=SKINGMEDIUM63,https://cdn.shopify.com/s/files/1/0884/0278/8685/files/down-pillow-medium-support-corner-detail.jpg?v=1786026509,in_stock,139.00 EUR,Casilin,new,4007151559711,SKINGMEDIUM63,down-pillow-medium-support
SKINGMEDIUM62,Daunenkissen / mittlerer Härtegrad,"Ein luxuriös weiches Daunenkissen mit drei Kammern – ein stützender Kern aus Entenfedern, umhüllt von einer flauschigen Schicht aus Entendaunen und -federn, bezogen mit feiner Mako-Baumwolle.",https://www.maisondecocon.com/products/down-pillow-medium-support?variant_sku=SKINGMEDIUM62,https://cdn.shopify.com/s/files/1/0884/0278/8685/files/down-pillow-medium-support-corner-detail.jpg?v=1786026509,in_stock,139.00 EUR,Casilin,new,4007151559667,SKINGMEDIUM62,down-pillow-medium-support
FCRINKSTRF1043,Crinkly – Baumwoll-Musselin – Tetra – Ziegelrot,"Ein atmungsaktiver Bettbezug aus Baumwollmusselin in einem warmen Dusty Rose-Farbton mit einer natürlich geknitterten, bügelfreien Struktur – er fühlt sich weich an und ist pflegeleicht.",https://www.maisondecocon.com/products/crinkly-cotton-muslin-tetra-brick-red?variant_sku=FCRINKSTRF1043,https://cdn.shopify.com/s/files/1/0884/0278/8685/files/crinkly-cotton-muslin-brick-red-bed-detail.jpg?v=1786025956,in_stock,209.00 EUR,Casilin,new,5407004721170,FCRINKSTRF1043,crinkly-cotton-muslin-tetra-brick-red
FCRINKSTRF1054,Crinkly – Baumwoll-Musselin – Tetra – Ziegelrot,"Ein atmungsaktiver Bettbezug aus Baumwollmusselin in einem warmen Dusty Rose-Farbton mit einer natürlich geknitterten, bügelfreien Struktur – er fühlt sich weich an und ist pflegeleicht.",https://www.maisondecocon.com/products/crinkly-cotton-muslin-tetra-brick-red?variant_sku=FCRINKSTRF1054,https://cdn.shopify.com/s/files/1/0884/0278/8685/files/crinkly-cotton-muslin-brick-red-bed-detail.jpg?v=1786025956,in_stock,229.00 EUR,Casilin,new,,FCRINKSTRF1054,crinkly-cotton-muslin-tetra-brick-red
FCRINKSTRF1026,Crinkly – Baumwoll-Musselin – Tetra – Ziegelrot,"Ein atmungsaktiver Bettbezug aus Baumwollmusselin in einem warmen Dusty Rose-Farbton mit einer natürlich geknitterten, bügelfreien Struktur – er fühlt sich weich an und ist pflegeleicht.",https://www.maisondecocon.com/products/crinkly-cotton-muslin-tetra-brick-red?variant_sku=FCRINKSTRF1026,https://cdn.shopify.com/s/files/1/0884/0278/8685/files/crinkly-cotton-muslin-brick-red-bed-detail.jpg?v=1786025956,in_stock,139.00 EUR,Casilin,new,5407004721163,FCRINKSTRF1026,crinkly-cotton-muslin-tetra-brick-red
FCRINKSTRF1052,Crinkly – Baumwoll-Musselin – Tetra – Ziegelrot,"Ein atmungsaktiver Bettbezug aus Baumwollmusselin in einem warmen Dusty Rose-Farbton mit einer natürlich geknitterten, bügelfreien Struktur – er fühlt sich weich an und ist pflegeleicht.",https://www.maisondecocon.com/products/crinkly-cotton-muslin-tetra-brick-red?variant_sku=FCRINKSTRF1052,https://cdn.shopify.com/s/files/1/0884/0278/8685/files/crinkly-cotton-muslin-brick-red-bed-detail.jpg?v=1786025956,in_stock,239.00 EUR,Casilin,new,5407004721187,FCRINKSTRF1052,crinkly-cotton-muslin-tetra-brick-red
FCRINKSTRF1126,Crinkly – Baumwoll-Musselin – Tetra – Sahara Pink,"Ein atmungsaktiver Bettbezug aus Baumwoll-Musselin in warmem Sahara Pink mit einer natürlich geknitterten, bügelfreien Struktur – weich im Griff und pflegeleicht.",https://www.maisondecocon.com/products/crinkly-cotton-muslin-tetra-sahara-pink?variant_sku=FCRINKSTRF1126,https://cdn.shopify.com/s/files/1/0884/0278/8685/files/crinkly-cotton-muslin-sahara-pink-texture-detail.jpg?v=1786026133,in_stock,139.00 EUR,Casilin,new,5407004721194,FCRINKSTRF1126,crinkly-cotton-muslin-tetra-sahara-pink
FCRINKSTRF1154,Crinkly – Baumwoll-Musselin – Tetra – Sahara Pink,"Ein atmungsaktiver Bettbezug aus Baumwoll-Musselin in warmem Sahara Pink mit einer natürlich geknitterten, bügelfreien Struktur – weich im Griff und pflegeleicht.",https://www.maisondecocon.com/products/crinkly-cotton-muslin-tetra-sahara-pink?variant_sku=FCRINKSTRF1154,https://cdn.shopify.com/s/files/1/0884/0278/8685/files/crinkly-cotton-muslin-sahara-pink-texture-detail.jpg?v=1786026133,in_stock,239.00 EUR,Casilin,new,,FCRINKSTRF1154,crinkly-cotton-muslin-tetra-sahara-pink
FCRINKSTRF1143,Crinkly – Baumwoll-Musselin – Tetra – Sahara Pink,"Ein atmungsaktiver Bettbezug aus Baumwoll-Musselin in warmem Sahara Pink mit einer natürlich geknitterten, bügelfreien Struktur – weich im Griff und pflegeleicht.",https://www.maisondecocon.com/products/crinkly-cotton-muslin-tetra-sahara-pink?variant_sku=FCRINKSTRF1143,https://cdn.shopify.com/s/files/1/0884/0278/8685/files/crinkly-cotton-muslin-sahara-pink-texture-detail.jpg?v=1786026133,in_stock,209.00 EUR,Casilin,new,5407004721200,FCRINKSTRF1143,crinkly-cotton-muslin-tetra-sahara-pink
FCRINKSTRF1152,Crinkly – Baumwoll-Musselin – Tetra – Sahara Pink,"Ein atmungsaktiver Bettbezug aus Baumwoll-Musselin in warmem Sahara Pink mit einer natürlich geknitterten, bügelfreien Struktur – weich im Griff und pflegeleicht.",https://www.maisondecocon.com/products/crinkly-cotton-muslin-tetra-sahara-pink?variant_sku=FCRINKSTRF1152,https://cdn.shopify.com/s/files/1/0884/0278/8685/files/crinkly-cotton-muslin-sahara-pink-texture-detail.jpg?v=1786026133,in_stock,229.00 EUR,Casilin,new,5407004721217,FCRINKSTRF1152,crinkly-cotton-muslin-tetra-sahara-pink
FCRINKSTRF0626,Crinkly – Baumwoll-Musselin – Tetra – Petrolblau,"Ein atmungsaktiver Bettbezug aus Baumwollmusselin in einem satten Petrolblau mit einer natürlich geknitterten, bügelfreien Struktur – weich im Griff und pflegeleicht.",https://www.maisondecocon.com/products/crinkly-cotton-muslin-tetra-petrol-blue?variant_sku=FCRINKSTRF0626,https://cdn.shopify.com/s/files/1/0884/0278/8685/files/crinkly-cotton-muslin-petrol-blue-texture-detail.jpg?v=1786026075,in_stock,139.00 EUR,Casilin,new,5407004721132,FCRINKSTRF0626,crinkly-cotton-muslin-tetra-petrol-blue
FCRINKSTRF0643,Crinkly – Baumwoll-Musselin – Tetra – Petrolblau,"Ein atmungsaktiver Bettbezug aus Baumwollmusselin in einem satten Petrolblau mit einer natürlich geknitterten, bügelfreien Struktur – weich im Griff und pflegeleicht.",https://www.maisondecocon.com/products/crinkly-cotton-muslin-tetra-petrol-blue?variant_sku=FCRINKSTRF0643,https://cdn.shopify.com/s/files/1/0884/0278/8685/files/crinkly-cotton-muslin-petrol-blue-texture-detail.jpg?v=1786026075,in_stock,209.00 EUR,Casilin,new,5407004721149,FCRINKSTRF0643,crinkly-cotton-muslin-tetra-petrol-blue
FCRINKSTRF0652,Crinkly – Baumwoll-Musselin – Tetra – Petrolblau,"Ein atmungsaktiver Bettbezug aus Baumwollmusselin in einem satten Petrolblau mit einer natürlich geknitterten, bügelfreien Struktur – weich im Griff und pflegeleicht.",https://www.maisondecocon.com/products/crinkly-cotton-muslin-tetra-petrol-blue?variant_sku=FCRINKSTRF0652,https://cdn.shopify.com/s/files/1/0884/0278/8685/files/crinkly-cotton-muslin-petrol-blue-texture-detail.jpg?v=1786026075,out_of_stock,239.00 EUR,Casilin,new,5407004721156,FCRINKSTRF0652,crinkly-cotton-muslin-tetra-petrol-blue
FCRINKSTRF0654,Crinkly – Baumwoll-Musselin – Tetra – Petrolblau,"Ein atmungsaktiver Bettbezug aus Baumwollmusselin in einem satten Petrolblau mit einer natürlich geknitterten, bügelfreien Struktur – weich im Griff und pflegeleicht.",https://www.maisondecocon.com/products/crinkly-cotton-muslin-tetra-petrol-blue?variant_sku=FCRINKSTRF0654,https://cdn.shopify.com/s/files/1/0884/0278/8685/files/crinkly-cotton-muslin-petrol-blue-texture-detail.jpg?v=1786026075,out_of_stock,229.00 EUR,Casilin,new,,FCRINKSTRF0654,crinkly-cotton-muslin-tetra-petrol-blue
SCRINKLYS0143,Crinkly – Baumwoll-Musselin – Tetra – Grau gestreift,Ein wendbarer Bettbezug aus Baumwollmusselin mit einem fein gewebten Nadelstreifen auf der einen Seite und einem einfarbigen Ticking-Streifen auf der anderen – angenehm weich im Griff und pflegeleicht.,https://www.maisondecocon.com/products/crinkly-cotton-muslin-tetra-stripe-grey?variant_sku=SCRINKLYS0143,https://cdn.shopify.com/s/files/1/0884/0278/8685/files/crinkly-cotton-muslin-stripe-grey-product-shot.jpg?v=1786026165,in_stock,199.00 EUR,Casilin,new,5603303018427,SCRINKLYS0143,crinkly-cotton-muslin-tetra-stripe-grey
SCRINKLYS0127,Crinkly – Baumwoll-Musselin – Tetra – Grau gestreift,Ein wendbarer Bettbezug aus Baumwollmusselin mit einem fein gewebten Nadelstreifen auf der einen Seite und einem einfarbigen Ticking-Streifen auf der anderen – angenehm weich im Griff und pflegeleicht.,https://www.maisondecocon.com/products/crinkly-cotton-muslin-tetra-stripe-grey?variant_sku=SCRINKLYS0127,https://cdn.shopify.com/s/files/1/0884/0278/8685/files/crinkly-cotton-muslin-stripe-grey-product-shot.jpg?v=1786026165,in_stock,129.00 EUR,Casilin,new,5603303018380,SCRINKLYS0127,crinkly-cotton-muslin-tetra-stripe-grey
SCRINKLYS0154,Crinkly – Baumwoll-Musselin – Tetra – Grau gestreift,Ein wendbarer Bettbezug aus Baumwollmusselin mit einem fein gewebten Nadelstreifen auf der einen Seite und einem einfarbigen Ticking-Streifen auf der anderen – angenehm weich im Griff und pflegeleicht.,https://www.maisondecocon.com/products/crinkly-cotton-muslin-tetra-stripe-grey?variant_sku=SCRINKLYS0154,https://cdn.shopify.com/s/files/1/0884/0278/8685/files/crinkly-cotton-muslin-stripe-grey-product-shot.jpg?v=1786026165,in_stock,229.00 EUR,Casilin,new,5603303018434,SCRINKLYS0154,crinkly-cotton-muslin-tetra-stripe-grey
FCRINKSTRF1526,Crinkly – Baumwoll-Musselin – Eisblau,"Ein atmungsaktiver Bettbezug aus Baumwollmusselin in zartem Eisblau mit einer natürlich gekräuselten, bügelfreien Struktur – lässig und luftig für Komfort im Alltag.",https://www.maisondecocon.com/products/crinkly-cotton-muslin-ice-blue?variant_sku=FCRINKSTRF1526,https://cdn.shopify.com/s/files/1/0884/0278/8685/files/crinkly-cotton-muslin-ice-blue-texture-detail.jpg?v=1786025926,in_stock,129.00 EUR,Casilin,new,5407004721255,FCRINKSTRF1526,crinkly-cotton-muslin-ice-blue
FCRINKSTRF1554,Crinkly – Baumwoll-Musselin – Eisblau,"Ein atmungsaktiver Bettbezug aus Baumwollmusselin in zartem Eisblau mit einer natürlich gekräuselten, bügelfreien Struktur – lässig und luftig für Komfort im Alltag.",https://www.maisondecocon.com/products/crinkly-cotton-muslin-ice-blue?variant_sku=FCRINKSTRF1554,https://cdn.shopify.com/s/files/1/0884/0278/8685/files/crinkly-cotton-muslin-ice-blue-texture-detail.jpg?v=1786025926,out_of_stock,229.00 EUR,Casilin,new,,FCRINKSTRF1554,crinkly-cotton-muslin-ice-blue
FCRINKSTRF1552,Crinkly – Baumwoll-Musselin – Eisblau,"Ein atmungsaktiver Bettbezug aus Baumwollmusselin in zartem Eisblau mit einer natürlich gekräuselten, bügelfreien Struktur – lässig und luftig für Komfort im Alltag.",https://www.maisondecocon.com/products/crinkly-cotton-muslin-ice-blue?variant_sku=FCRINKSTRF1552,https://cdn.shopify.com/s/files/1/0884/0278/8685/files/crinkly-cotton-muslin-ice-blue-texture-detail.jpg?v=1786025926,out_of_stock,219.00 EUR,Casilin,new,5407004721279,FCRINKSTRF1552,crinkly-cotton-muslin-ice-blue
FCRINKSTRF1543,Crinkly – Baumwoll-Musselin – Eisblau,"Ein atmungsaktiver Bettbezug aus Baumwollmusselin in zartem Eisblau mit einer natürlich gekräuselten, bügelfreien Struktur – lässig und luftig für Komfort im Alltag.",https://www.maisondecocon.com/products/crinkly-cotton-muslin-ice-blue?variant_sku=FCRINKSTRF1543,https://cdn.shopify.com/s/files/1/0884/0278/8685/files/crinkly-cotton-muslin-ice-blue-texture-detail.jpg?v=1786025926,in_stock,199.00 EUR,Casilin,new,5407004721262,FCRINKSTRF1543,crinkly-cotton-muslin-ice-blue
SSATINDUO52,Bettdecke – Satin Duo,"Diese Vier-Jahreszeiten-Bettdecke besteht aus zwei Bettdecken, die mittels Druckknöpfen miteinander verbunden werden, sodass Sie die Wärme je nach Jahreszeit anpassen können. Sie verfügt über einen Bezug aus Baumwollsatin und eine langlebige Megafill-Hohlfaserfüllung.",https://www.maisondecocon.com/products/duvet-satin-duo?variant_sku=SSATINDUO52,https://cdn.shopify.com/s/files/1/0884/0278/8685/files/duvet-satin-duo-hanging-product-shot.jpg?v=1786026615,out_of_stock,517.00 EUR,Casilin,new,4007151542492,SSATINDUO52,duvet-satin-duo
SSATINDUO27,Bettdecke – Satin Duo,"Diese Vier-Jahreszeiten-Bettdecke besteht aus zwei Bettdecken, die mittels Druckknöpfen miteinander verbunden werden, sodass Sie die Wärme je nach Jahreszeit anpassen können. Sie verfügt über einen Bezug aus Baumwollsatin und eine langlebige Megafill-Hohlfaserfüllung.",https://www.maisondecocon.com/products/duvet-satin-duo?variant_sku=SSATINDUO27,https://cdn.shopify.com/s/files/1/0884/0278/8685/files/duvet-satin-duo-hanging-product-shot.jpg?v=1786026615,in_stock,289.00 EUR,Casilin,new,4007151542898,SSATINDUO27,duvet-satin-duo
SSATINDUO43,Bettdecke – Satin Duo,"Diese Vier-Jahreszeiten-Bettdecke besteht aus zwei Bettdecken, die mittels Druckknöpfen miteinander verbunden werden, sodass Sie die Wärme je nach Jahreszeit anpassen können. Sie verfügt über einen Bezug aus Baumwollsatin und eine langlebige Megafill-Hohlfaserfüllung.",https://www.maisondecocon.com/products/duvet-satin-duo?variant_sku=SSATINDUO43,https://cdn.shopify.com/s/files/1/0884/0278/8685/files/duvet-satin-duo-hanging-product-shot.jpg?v=1786026615,out_of_stock,479.00 EUR,Casilin,new,4007151542485,SSATINDUO43,duvet-satin-duo
SSATINDUO39,Bettdecke – Satin Duo,"Diese Vier-Jahreszeiten-Bettdecke besteht aus zwei Bettdecken, die mittels Druckknöpfen miteinander verbunden werden, sodass Sie die Wärme je nach Jahreszeit anpassen können. Sie verfügt über einen Bezug aus Baumwollsatin und eine langlebige Megafill-Hohlfaserfüllung.",https://www.maisondecocon.com/products/duvet-satin-duo?variant_sku=SSATINDUO39,https://cdn.shopify.com/s/files/1/0884/0278/8685/files/duvet-satin-duo-hanging-product-shot.jpg?v=1786026615,in_stock,436.00 EUR,Casilin,new,4007151542478,SSATINDUO39,duvet-satin-duo
SSATINDUO26,Bettdecke – Satin Duo,"Diese Vier-Jahreszeiten-Bettdecke besteht aus zwei Bettdecken, die mittels Druckknöpfen miteinander verbunden werden, sodass Sie die Wärme je nach Jahreszeit anpassen können. Sie verfügt über einen Bezug aus Baumwollsatin und eine langlebige Megafill-Hohlfaserfüllung.",https://www.maisondecocon.com/products/duvet-satin-duo?variant_sku=SSATINDUO26,https://cdn.shopify.com/s/files/1/0884/0278/8685/files/duvet-satin-duo-hanging-product-shot.jpg?v=1786026615,in_stock,272.00 EUR,Casilin,new,4007151542461,SSATINDUO26,duvet-satin-duo
FCRINKSTRF1343,Crinkly – Baumwoll-Musselin – Tetra – Salbeigrün,"Ein atmungsaktiver Bettbezug aus Baumwoll-Musselin in dezentem Salbeigrün mit einer natürlich geknitterten, bügelfreien Struktur – er fühlt sich weich an und ist pflegeleicht.",https://www.maisondecocon.com/products/crinkly-cotton-muslin-tetra-sage-green?variant_sku=FCRINKSTRF1343,https://cdn.shopify.com/s/files/1/0884/0278/8685/files/crinkly-cotton-muslin-sage-green-texture-detail.jpg?v=1786026105,in_stock,209.00 EUR,Casilin,new,5407004721088,FCRINKSTRF1343,crinkly-cotton-muslin-tetra-sage-green
FCRINKSTRF1354,Crinkly – Baumwoll-Musselin – Tetra – Salbeigrün,"Ein atmungsaktiver Bettbezug aus Baumwoll-Musselin in dezentem Salbeigrün mit einer natürlich geknitterten, bügelfreien Struktur – er fühlt sich weich an und ist pflegeleicht.",https://www.maisondecocon.com/products/crinkly-cotton-muslin-tetra-sage-green?variant_sku=FCRINKSTRF1354,https://cdn.shopify.com/s/files/1/0884/0278/8685/files/crinkly-cotton-muslin-sage-green-texture-detail.jpg?v=1786026105,in_stock,239.00 EUR,Casilin,new,,FCRINKSTRF1354,crinkly-cotton-muslin-tetra-sage-green
FCRINKSTRF1326,Crinkly – Baumwoll-Musselin – Tetra – Salbeigrün,"Ein atmungsaktiver Bettbezug aus Baumwoll-Musselin in dezentem Salbeigrün mit einer natürlich geknitterten, bügelfreien Struktur – er fühlt sich weich an und ist pflegeleicht.",https://www.maisondecocon.com/products/crinkly-cotton-muslin-tetra-sage-green?variant_sku=FCRINKSTRF1326,https://cdn.shopify.com/s/files/1/0884/0278/8685/files/crinkly-cotton-muslin-sage-green-texture-detail.jpg?v=1786026105,in_stock,139.00 EUR,Casilin,new,5407004721071,FCRINKSTRF1326,crinkly-cotton-muslin-tetra-sage-green
FCRINKSTRF1352,Crinkly – Baumwoll-Musselin – Tetra – Salbeigrün,"Ein atmungsaktiver Bettbezug aus Baumwoll-Musselin in dezentem Salbeigrün mit einer natürlich geknitterten, bügelfreien Struktur – er fühlt sich weich an und ist pflegeleicht.",https://www.maisondecocon.com/products/crinkly-cotton-muslin-tetra-sage-green?variant_sku=FCRINKSTRF1352,https://cdn.shopify.com/s/files/1/0884/0278/8685/files/crinkly-cotton-muslin-sage-green-texture-detail.jpg?v=1786026105,in_stock,229.00 EUR,Casilin,new,5407004721095,FCRINKSTRF1352,crinkly-cotton-muslin-tetra-sage-green
FCRINKSTRF0526,Crinkly – Baumwoll-Musselin – Tetra – Hellgrau,"Ein atmungsaktiver Bettbezug aus Baumwoll-Musselin in Hellgrau mit einer natürlich geknitterten, bügelfreien Struktur – er fühlt sich weich an und ist pflegeleicht.",https://www.maisondecocon.com/products/crinkly-cotton-muslin-tetra-light-grey?variant_sku=FCRINKSTRF0526,https://cdn.shopify.com/s/files/1/0884/0278/8685/files/crinkly-cotton-muslin-light-grey-lifestyle.jpg?v=1786026018,in_stock,139.00 EUR,Casilin,new,5407004721101,FCRINKSTRF0526,crinkly-cotton-muslin-tetra-light-grey
FCRINKSTRF0543,Crinkly – Baumwoll-Musselin – Tetra – Hellgrau,"Ein atmungsaktiver Bettbezug aus Baumwoll-Musselin in Hellgrau mit einer natürlich geknitterten, bügelfreien Struktur – er fühlt sich weich an und ist pflegeleicht.",https://www.maisondecocon.com/products/crinkly-cotton-muslin-tetra-light-grey?variant_sku=FCRINKSTRF0543,https://cdn.shopify.com/s/files/1/0884/0278/8685/files/crinkly-cotton-muslin-light-grey-lifestyle.jpg?v=1786026018,out_of_stock,209.00 EUR,Casilin,new,5407004721118,FCRINKSTRF0543,crinkly-cotton-muslin-tetra-light-grey
FCRINKSTRF0552,Crinkly – Baumwoll-Musselin – Tetra – Hellgrau,"Ein atmungsaktiver Bettbezug aus Baumwoll-Musselin in Hellgrau mit einer natürlich geknitterten, bügelfreien Struktur – er fühlt sich weich an und ist pflegeleicht.",https://www.maisondecocon.com/products/crinkly-cotton-muslin-tetra-light-grey?variant_sku=FCRINKSTRF0552,https://cdn.shopify.com/s/files/1/0884/0278/8685/files/crinkly-cotton-muslin-light-grey-lifestyle.jpg?v=1786026018,in_stock,229.00 EUR,Casilin,new,5407004721125,FCRINKSTRF0552,crinkly-cotton-muslin-tetra-light-grey
FCRINKSTRF0554,Crinkly – Baumwoll-Musselin – Tetra – Hellgrau,"Ein atmungsaktiver Bettbezug aus Baumwoll-Musselin in Hellgrau mit einer natürlich geknitterten, bügelfreien Struktur – er fühlt sich weich an und ist pflegeleicht.",https://www.maisondecocon.com/products/crinkly-cotton-muslin-tetra-light-grey?variant_sku=FCRINKSTRF0554,https://cdn.shopify.com/s/files/1/0884/0278/8685/files/crinkly-cotton-muslin-light-grey-lifestyle.jpg?v=1786026018,in_stock,239.00 EUR,Casilin,new,,FCRINKSTRF0554,crinkly-cotton-muslin-tetra-light-grey
SROYALPS905027,Spannbetttuch aus Royal-Perkal – Hellgrau,"Ein knackig-frisches, atmungsaktives Spannbetttuch aus Perkal-Baumwolle in Hellgrau, mit einer tiefen Ecke von 32 cm und elastischen Rändern für einen sicheren Sitz.",https://www.maisondecocon.com/products/royal-percale-fitted-sheet-light-grey?variant_sku=SROYALPS905027,https://cdn.shopify.com/s/files/1/0884/0278/8685/files/royal-percale-fitted-sheet-light-grey-folded-label-white-mismatch.jpg?v=1786027055,in_stock,79.00 EUR,Casilin,new,5425023659946,SROYALPS905027,royal-percale-fitted-sheet-light-grey
SROYALPS905029,Spannbetttuch aus Royal-Perkal – Hellgrau,"Ein knackig-frisches, atmungsaktives Spannbetttuch aus Perkal-Baumwolle in Hellgrau, mit einer tiefen Ecke von 32 cm und elastischen Rändern für einen sicheren Sitz.",https://www.maisondecocon.com/products/royal-percale-fitted-sheet-light-grey?variant_sku=SROYALPS905029,https://cdn.shopify.com/s/files/1/0884/0278/8685/files/royal-percale-fitted-sheet-light-grey-folded-label-white-mismatch.jpg?v=1786027055,in_stock,79.00 EUR,Casilin,new,5425023659953,SROYALPS905029,royal-percale-fitted-sheet-light-grey
SROYALPS905022,Spannbetttuch aus Royal-Perkal – Hellgrau,"Ein knackig-frisches, atmungsaktives Spannbetttuch aus Perkal-Baumwolle in Hellgrau, mit einer tiefen Ecke von 32 cm und elastischen Rändern für einen sicheren Sitz.",https://www.maisondecocon.com/products/royal-percale-fitted-sheet-light-grey?variant_sku=SROYALPS905022,https://cdn.shopify.com/s/files/1/0884/0278/8685/files/royal-percale-fitted-sheet-light-grey-folded-label-white-mismatch.jpg?v=1786027055,out_of_stock,52.00 EUR,Casilin,new,5425023659939,SROYALPS905022,royal-percale-fitted-sheet-light-grey
SROYALPS905037,Spannbetttuch aus Royal-Perkal – Hellgrau,"Ein knackig-frisches, atmungsaktives Spannbetttuch aus Perkal-Baumwolle in Hellgrau, mit einer tiefen Ecke von 32 cm und elastischen Rändern für einen sicheren Sitz.",https://www.maisondecocon.com/products/royal-percale-fitted-sheet-light-grey?variant_sku=SROYALPS905037,https://cdn.shopify.com/s/files/1/0884/0278/8685/files/royal-percale-fitted-sheet-light-grey-folded-label-white-mismatch.jpg?v=1786027055,in_stock,90.00 EUR,Casilin,new,5425023659885,SROYALPS905037,royal-percale-fitted-sheet-light-grey
SROYALPS905033,Spannbetttuch aus Royal-Perkal – Hellgrau,"Ein knackig-frisches, atmungsaktives Spannbetttuch aus Perkal-Baumwolle in Hellgrau, mit einer tiefen Ecke von 32 cm und elastischen Rändern für einen sicheren Sitz.",https://www.maisondecocon.com/products/royal-percale-fitted-sheet-light-grey?variant_sku=SROYALPS905033,https://cdn.shopify.com/s/files/1/0884/0278/8685/files/royal-percale-fitted-sheet-light-grey-folded-label-white-mismatch.jpg?v=1786027055,in_stock,87.00 EUR,Casilin,new,5425003659966,SROYALPS905033,royal-percale-fitted-sheet-light-grey
SSUMCOTLIGHT52,"Bettdecke – Sommer, Baumwolle, leicht","Diese leichte Sommerbettdecke aus 100 % Baumwolle verfügt sowohl über einen Bezug aus Perkal-Baumwolle als auch über eine Füllung aus Baumwolle, die Feuchtigkeit schnell aufnimmt und so in warmen Sommernächten für ein trockenes, kühles Schlafgefühl sorgt.",https://www.maisondecocon.com/products/duvet-summer-cotton-light?variant_sku=SSUMCOTLIGHT52,https://cdn.shopify.com/s/files/1/0884/0278/8685/files/duvet-summer-cotton-light-hanging-product-shot.jpg?v=1786026735,in_stock,197.00 EUR,Casilin,new,4007151542768,SSUMCOTLIGHT52,duvet-summer-cotton-light
SSUMCOTLIGHT43,"Bettdecke – Sommer, Baumwolle, leicht","Diese leichte Sommerbettdecke aus 100 % Baumwolle verfügt sowohl über einen Bezug aus Perkal-Baumwolle als auch über eine Füllung aus Baumwolle, die Feuchtigkeit schnell aufnimmt und so in warmen Sommernächten für ein trockenes, kühles Schlafgefühl sorgt.",https://www.maisondecocon.com/products/duvet-summer-cotton-light?variant_sku=SSUMCOTLIGHT43,https://cdn.shopify.com/s/files/1/0884/0278/8685/files/duvet-summer-cotton-light-hanging-product-shot.jpg?v=1786026735,in_stock,170.00 EUR,Casilin,new,4007151542751,SSUMCOTLIGHT43,duvet-summer-cotton-light
SSUMCOTLIGHT39,"Bettdecke – Sommer, Baumwolle, leicht","Diese leichte Sommerbettdecke aus 100 % Baumwolle verfügt sowohl über einen Bezug aus Perkal-Baumwolle als auch über eine Füllung aus Baumwolle, die Feuchtigkeit schnell aufnimmt und so in warmen Sommernächten für ein trockenes, kühles Schlafgefühl sorgt.",https://www.maisondecocon.com/products/duvet-summer-cotton-light?variant_sku=SSUMCOTLIGHT39,https://cdn.shopify.com/s/files/1/0884/0278/8685/files/duvet-summer-cotton-light-hanging-product-shot.jpg?v=1786026735,in_stock,155.00 EUR,Casilin,new,4007151542744,SSUMCOTLIGHT39,duvet-summer-cotton-light
SSUMCOTLIGHT27,"Bettdecke – Sommer, Baumwolle, leicht","Diese leichte Sommerbettdecke aus 100 % Baumwolle verfügt sowohl über einen Bezug aus Perkal-Baumwolle als auch über eine Füllung aus Baumwolle, die Feuchtigkeit schnell aufnimmt und so in warmen Sommernächten für ein trockenes, kühles Schlafgefühl sorgt.",https://www.maisondecocon.com/products/duvet-summer-cotton-light?variant_sku=SSUMCOTLIGHT27,https://cdn.shopify.com/s/files/1/0884/0278/8685/files/duvet-summer-cotton-light-hanging-product-shot.jpg?v=1786026735,in_stock,109.00 EUR,Casilin,new,4007151561837,SSUMCOTLIGHT27,duvet-summer-cotton-light
SSUMCOTLIGHT54,"Bettdecke – Sommer, Baumwolle, leicht","Diese leichte Sommerbettdecke aus 100 % Baumwolle verfügt sowohl über einen Bezug aus Perkal-Baumwolle als auch über eine Füllung aus Baumwolle, die Feuchtigkeit schnell aufnimmt und so in warmen Sommernächten für ein trockenes, kühles Schlafgefühl sorgt.",https://www.maisondecocon.com/products/duvet-summer-cotton-light?variant_sku=SSUMCOTLIGHT54,https://cdn.shopify.com/s/files/1/0884/0278/8685/files/duvet-summer-cotton-light-hanging-product-shot.jpg?v=1786026735,in_stock,247.00 EUR,Casilin,new,4007151542942,SSUMCOTLIGHT54,duvet-summer-cotton-light
SSUMCOTLIGHT26,"Bettdecke – Sommer, Baumwolle, leicht","Diese leichte Sommerbettdecke aus 100 % Baumwolle verfügt sowohl über einen Bezug aus Perkal-Baumwolle als auch über eine Füllung aus Baumwolle, die Feuchtigkeit schnell aufnimmt und so in warmen Sommernächten für ein trockenes, kühles Schlafgefühl sorgt.",https://www.maisondecocon.com/products/duvet-summer-cotton-light?variant_sku=SSUMCOTLIGHT26,https://cdn.shopify.com/s/files/1/0884/0278/8685/files/duvet-summer-cotton-light-hanging-product-shot.jpg?v=1786026735,in_stock,95.00 EUR,Casilin,new,4007151542737,SSUMCOTLIGHT26,duvet-summer-cotton-light
SSUPSOFTDUO27,Bettdecke – Super Soft Duo,"Diese Ganzjahres-Bettdecke besteht aus zwei Bettdecken, die durch Druckknöpfe miteinander verbunden sind. Der Bezug aus Tencel-Satin und die Füllung aus Tencel und Klimafasern fühlen sich seidenweich an, wirken feuchtigkeitsregulierend und sind antiallergisch.",https://www.maisondecocon.com/products/duvet-super-soft-duo?variant_sku=SSUPSOFTDUO27,https://cdn.shopify.com/s/files/1/0884/0278/8685/files/duvet-super-soft-duo-folded-product-shot.jpg?v=1786026832,out_of_stock,349.00 EUR,Casilin,new,4007151542928,SSUPSOFTDUO27,duvet-super-soft-duo
SSUPSOFTDUO26,Bettdecke – Super Soft Duo,"Diese Ganzjahres-Bettdecke besteht aus zwei Bettdecken, die durch Druckknöpfe miteinander verbunden sind. Der Bezug aus Tencel-Satin und die Füllung aus Tencel und Klimafasern fühlen sich seidenweich an, wirken feuchtigkeitsregulierend und sind antiallergisch.",https://www.maisondecocon.com/products/duvet-super-soft-duo?variant_sku=SSUPSOFTDUO26,https://cdn.shopify.com/s/files/1/0884/0278/8685/files/duvet-super-soft-duo-folded-product-shot.jpg?v=1786026832,in_stock,337.00 EUR,Casilin,new,4007151542690,SSUPSOFTDUO26,duvet-super-soft-duo
SSUPSOFTDUO43,Bettdecke – Super Soft Duo,"Diese Ganzjahres-Bettdecke besteht aus zwei Bettdecken, die durch Druckknöpfe miteinander verbunden sind. Der Bezug aus Tencel-Satin und die Füllung aus Tencel und Klimafasern fühlen sich seidenweich an, wirken feuchtigkeitsregulierend und sind antiallergisch.",https://www.maisondecocon.com/products/duvet-super-soft-duo?variant_sku=SSUPSOFTDUO43,https://cdn.shopify.com/s/files/1/0884/0278/8685/files/duvet-super-soft-duo-folded-product-shot.jpg?v=1786026832,in_stock,615.00 EUR,Casilin,new,4007151542713,SSUPSOFTDUO43,duvet-super-soft-duo
SSUPSOFTDUO52,Bettdecke – Super Soft Duo,"Diese Ganzjahres-Bettdecke besteht aus zwei Bettdecken, die durch Druckknöpfe miteinander verbunden sind. Der Bezug aus Tencel-Satin und die Füllung aus Tencel und Klimafasern fühlen sich seidenweich an, wirken feuchtigkeitsregulierend und sind antiallergisch.",https://www.maisondecocon.com/products/duvet-super-soft-duo?variant_sku=SSUPSOFTDUO52,https://cdn.shopify.com/s/files/1/0884/0278/8685/files/duvet-super-soft-duo-folded-product-shot.jpg?v=1786026832,in_stock,657.00 EUR,Casilin,new,4007151542720,SSUPSOFTDUO52,duvet-super-soft-duo
SSUPSOFTDUO39,Bettdecke – Super Soft Duo,"Diese Ganzjahres-Bettdecke besteht aus zwei Bettdecken, die durch Druckknöpfe miteinander verbunden sind. Der Bezug aus Tencel-Satin und die Füllung aus Tencel und Klimafasern fühlen sich seidenweich an, wirken feuchtigkeitsregulierend und sind antiallergisch.",https://www.maisondecocon.com/products/duvet-super-soft-duo?variant_sku=SSUPSOFTDUO39,https://cdn.shopify.com/s/files/1/0884/0278/8685/files/duvet-super-soft-duo-folded-product-shot.jpg?v=1786026832,in_stock,514.00 EUR,Casilin,new,4007151542706,SSUPSOFTDUO39,duvet-super-soft-duo
SSUPSOFTDUO54,Bettdecke – Super Soft Duo,"Diese Ganzjahres-Bettdecke besteht aus zwei Bettdecken, die durch Druckknöpfe miteinander verbunden sind. Der Bezug aus Tencel-Satin und die Füllung aus Tencel und Klimafasern fühlen sich seidenweich an, wirken feuchtigkeitsregulierend und sind antiallergisch.",https://www.maisondecocon.com/products/duvet-super-soft-duo?variant_sku=SSUPSOFTDUO54,https://cdn.shopify.com/s/files/1/0884/0278/8685/files/duvet-super-soft-duo-folded-product-shot.jpg?v=1786026832,out_of_stock,682.00 EUR,Casilin,new,4007151542935,SSUPSOFTDUO54,duvet-super-soft-duo
SSATINMONO52,Bettdecke – Satin Mono,"Diese ganzjährig einsetzbare, mittelwarme Bettdecke verfügt über einen hautfreundlichen Bezug aus Baumwollsatin und eine Megafill-Hohlfaserfüllung, die auch nach vielen Wäschen ihr Volumen und ihre Bauschkraft beibehält.",https://www.maisondecocon.com/products/duvet-satin-mono?variant_sku=SSATINMONO52,https://cdn.shopify.com/s/files/1/0884/0278/8685/files/duvet-satin-mono-hanging-product-shot.jpg?v=1786026676,in_stock,314.00 EUR,Casilin,new,4007151542416,SSATINMONO52,duvet-satin-mono
SSATINMONO43,Bettdecke – Satin Mono,"Diese ganzjährig einsetzbare, mittelwarme Bettdecke verfügt über einen hautfreundlichen Bezug aus Baumwollsatin und eine Megafill-Hohlfaserfüllung, die auch nach vielen Wäschen ihr Volumen und ihre Bauschkraft beibehält.",https://www.maisondecocon.com/products/duvet-satin-mono?variant_sku=SSATINMONO43,https://cdn.shopify.com/s/files/1/0884/0278/8685/files/duvet-satin-mono-hanging-product-shot.jpg?v=1786026676,in_stock,269.00 EUR,Casilin,new,4007151542409,SSATINMONO43,duvet-satin-mono
SSATINMONO27,Bettdecke – Satin Mono,"Diese ganzjährig einsetzbare, mittelwarme Bettdecke verfügt über einen hautfreundlichen Bezug aus Baumwollsatin und eine Megafill-Hohlfaserfüllung, die auch nach vielen Wäschen ihr Volumen und ihre Bauschkraft beibehält.",https://www.maisondecocon.com/products/duvet-satin-mono?variant_sku=SSATINMONO27,https://cdn.shopify.com/s/files/1/0884/0278/8685/files/duvet-satin-mono-hanging-product-shot.jpg?v=1786026676,in_stock,149.00 EUR,Casilin,new,4007151542874,SSATINMONO27,duvet-satin-mono
SSATINMONO54,Bettdecke – Satin Mono,"Diese ganzjährig einsetzbare, mittelwarme Bettdecke verfügt über einen hautfreundlichen Bezug aus Baumwollsatin und eine Megafill-Hohlfaserfüllung, die auch nach vielen Wäschen ihr Volumen und ihre Bauschkraft beibehält.",https://www.maisondecocon.com/products/duvet-satin-mono?variant_sku=SSATINMONO54,https://cdn.shopify.com/s/files/1/0884/0278/8685/files/duvet-satin-mono-hanging-product-shot.jpg?v=1786026676,in_stock,341.00 EUR,Casilin,new,4007151542881,SSATINMONO54,duvet-satin-mono
SSATINMONO39,Bettdecke – Satin Mono,"Diese ganzjährig einsetzbare, mittelwarme Bettdecke verfügt über einen hautfreundlichen Bezug aus Baumwollsatin und eine Megafill-Hohlfaserfüllung, die auch nach vielen Wäschen ihr Volumen und ihre Bauschkraft beibehält.",https://www.maisondecocon.com/products/duvet-satin-mono?variant_sku=SSATINMONO39,https://cdn.shopify.com/s/files/1/0884/0278/8685/files/duvet-satin-mono-hanging-product-shot.jpg?v=1786026676,in_stock,247.00 EUR,Casilin,new,4007151542393,SSATINMONO39,duvet-satin-mono
SSATINMONO26,Bettdecke – Satin Mono,"Diese ganzjährig einsetzbare, mittelwarme Bettdecke verfügt über einen hautfreundlichen Bezug aus Baumwollsatin und eine Megafill-Hohlfaserfüllung, die auch nach vielen Wäschen ihr Volumen und ihre Bauschkraft beibehält.",https://www.maisondecocon.com/products/duvet-satin-mono?variant_sku=SSATINMONO26,https://cdn.shopify.com/s/files/1/0884/0278/8685/files/duvet-satin-mono-hanging-product-shot.jpg?v=1786026676,in_stock,136.00 EUR,Casilin,new,4007151542386,SSATINMONO26,duvet-satin-mono
SSUPSOFTLIGHT26,Bettdecke – Super Soft Light,"Diese leichte Sommerbettdecke verfügt über einen seidenweichen Tencel-Satin-Bezug und eine feuchtigkeitsregulierende Füllung aus Tencel und Klimafasern, die Feuchtigkeit schnell aufnimmt und wieder abgibt und so für einen trockenen Schlaf sorgt.",https://www.maisondecocon.com/products/duvet-super-soft-light?variant_sku=SSUPSOFTLIGHT26,https://cdn.shopify.com/s/files/1/0884/0278/8685/files/duvet-super-soft-light-hanging-product-shot.jpg?v=1786026902,in_stock,146.00 EUR,Casilin,new,4007151542508,SSUPSOFTLIGHT26,duvet-super-soft-light
SSUPSOFTLIGHT39,Bettdecke – Super Soft Light,"Diese leichte Sommerbettdecke verfügt über einen seidenweichen Tencel-Satin-Bezug und eine feuchtigkeitsregulierende Füllung aus Tencel und Klimafasern, die Feuchtigkeit schnell aufnimmt und wieder abgibt und so für einen trockenen Schlaf sorgt.",https://www.maisondecocon.com/products/duvet-super-soft-light?variant_sku=SSUPSOFTLIGHT39,https://cdn.shopify.com/s/files/1/0884/0278/8685/files/duvet-super-soft-light-hanging-product-shot.jpg?v=1786026902,in_stock,208.00 EUR,Casilin,new,4007151542560,SSUPSOFTLIGHT39,duvet-super-soft-light
SSUPSOFTLIGHT27,Bettdecke – Super Soft Light,"Diese leichte Sommerbettdecke verfügt über einen seidenweichen Tencel-Satin-Bezug und eine feuchtigkeitsregulierende Füllung aus Tencel und Klimafasern, die Feuchtigkeit schnell aufnimmt und wieder abgibt und so für einen trockenen Schlaf sorgt.",https://www.maisondecocon.com/products/duvet-super-soft-light?variant_sku=SSUPSOFTLIGHT27,https://cdn.shopify.com/s/files/1/0884/0278/8685/files/duvet-super-soft-light-hanging-product-shot.jpg?v=1786026902,in_stock,163.00 EUR,Casilin,new,4007151561844,SSUPSOFTLIGHT27,duvet-super-soft-light
SSUPSOFTLIGHT54,Bettdecke – Super Soft Light,"Diese leichte Sommerbettdecke verfügt über einen seidenweichen Tencel-Satin-Bezug und eine feuchtigkeitsregulierende Füllung aus Tencel und Klimafasern, die Feuchtigkeit schnell aufnimmt und wieder abgibt und so für einen trockenen Schlaf sorgt.",https://www.maisondecocon.com/products/duvet-super-soft-light?variant_sku=SSUPSOFTLIGHT54,https://cdn.shopify.com/s/files/1/0884/0278/8685/files/duvet-super-soft-light-hanging-product-shot.jpg?v=1786026902,in_stock,289.00 EUR,Casilin,new,4007151542959,SSUPSOFTLIGHT54,duvet-super-soft-light
SSUPSOFTLIGHT52,Bettdecke – Super Soft Light,"Diese leichte Sommerbettdecke verfügt über einen seidenweichen Tencel-Satin-Bezug und eine feuchtigkeitsregulierende Füllung aus Tencel und Klimafasern, die Feuchtigkeit schnell aufnimmt und wieder abgibt und so für einen trockenen Schlaf sorgt.",https://www.maisondecocon.com/products/duvet-super-soft-light?variant_sku=SSUPSOFTLIGHT52,https://cdn.shopify.com/s/files/1/0884/0278/8685/files/duvet-super-soft-light-hanging-product-shot.jpg?v=1786026902,in_stock,258.00 EUR,Casilin,new,4007151542584,SSUPSOFTLIGHT52,duvet-super-soft-light
SSUPSOFTLIGHT43,Bettdecke – Super Soft Light,"Diese leichte Sommerbettdecke verfügt über einen seidenweichen Tencel-Satin-Bezug und eine feuchtigkeitsregulierende Füllung aus Tencel und Klimafasern, die Feuchtigkeit schnell aufnimmt und wieder abgibt und so für einen trockenen Schlaf sorgt.",https://www.maisondecocon.com/products/duvet-super-soft-light?variant_sku=SSUPSOFTLIGHT43,https://cdn.shopify.com/s/files/1/0884/0278/8685/files/duvet-super-soft-light-hanging-product-shot.jpg?v=1786026902,in_stock,237.00 EUR,Casilin,new,4007151542577,SSUPSOFTLIGHT43,duvet-super-soft-light
SSUPSOFTMONO39,Bettdecke – Super Soft Mono,"Diese mittelwarme Ganzjahres-Bettdecke verfügt über einen besonders weichen Tencel-Satin-Bezug und eine feuchtigkeitsregulierende Füllung aus Tencel und Klimafasern, die für ein trockenes, angenehmes Schlafklima sorgt.",https://www.maisondecocon.com/products/duvet-super-soft-mono?variant_sku=SSUPSOFTMONO39,https://cdn.shopify.com/s/files/1/0884/0278/8685/files/duvet-super-soft-mono-hanging-product-shot.jpg?v=1786026971,in_stock,302.00 EUR,Casilin,new,4007151542669,SSUPSOFTMONO39,duvet-super-soft-mono
SSUPSOFTMONO26,Bettdecke – Super Soft Mono,"Diese mittelwarme Ganzjahres-Bettdecke verfügt über einen besonders weichen Tencel-Satin-Bezug und eine feuchtigkeitsregulierende Füllung aus Tencel und Klimafasern, die für ein trockenes, angenehmes Schlafklima sorgt.",https://www.maisondecocon.com/products/duvet-super-soft-mono?variant_sku=SSUPSOFTMONO26,https://cdn.shopify.com/s/files/1/0884/0278/8685/files/duvet-super-soft-mono-hanging-product-shot.jpg?v=1786026971,in_stock,174.00 EUR,Casilin,new,4007151542591,SSUPSOFTMONO26,duvet-super-soft-mono
SSUPSOFTMONO27,Bettdecke – Super Soft Mono,"Diese mittelwarme Ganzjahres-Bettdecke verfügt über einen besonders weichen Tencel-Satin-Bezug und eine feuchtigkeitsregulierende Füllung aus Tencel und Klimafasern, die für ein trockenes, angenehmes Schlafklima sorgt.",https://www.maisondecocon.com/products/duvet-super-soft-mono?variant_sku=SSUPSOFTMONO27,https://cdn.shopify.com/s/files/1/0884/0278/8685/files/duvet-super-soft-mono-hanging-product-shot.jpg?v=1786026971,in_stock,185.00 EUR,Casilin,new,4007151561851,SSUPSOFTMONO27,duvet-super-soft-mono
SSUPSOFTMONO43,Bettdecke – Super Soft Mono,"Diese mittelwarme Ganzjahres-Bettdecke verfügt über einen besonders weichen Tencel-Satin-Bezug und eine feuchtigkeitsregulierende Füllung aus Tencel und Klimafasern, die für ein trockenes, angenehmes Schlafklima sorgt.",https://www.maisondecocon.com/products/duvet-super-soft-mono?variant_sku=SSUPSOFTMONO43,https://cdn.shopify.com/s/files/1/0884/0278/8685/files/duvet-super-soft-mono-hanging-product-shot.jpg?v=1786026971,in_stock,329.00 EUR,Casilin,new,4007151542676,SSUPSOFTMONO43,duvet-super-soft-mono
SSUPSOFTMONO54,Bettdecke – Super Soft Mono,"Diese mittelwarme Ganzjahres-Bettdecke verfügt über einen besonders weichen Tencel-Satin-Bezug und eine feuchtigkeitsregulierende Füllung aus Tencel und Klimafasern, die für ein trockenes, angenehmes Schlafklima sorgt.",https://www.maisondecocon.com/products/duvet-super-soft-mono?variant_sku=SSUPSOFTMONO54,https://cdn.shopify.com/s/files/1/0884/0278/8685/files/duvet-super-soft-mono-hanging-product-shot.jpg?v=1786026971,in_stock,387.00 EUR,Casilin,new,4007151542911,SSUPSOFTMONO54,duvet-super-soft-mono
SSUPSOFTMONO52,Bettdecke – Super Soft Mono,"Diese mittelwarme Ganzjahres-Bettdecke verfügt über einen besonders weichen Tencel-Satin-Bezug und eine feuchtigkeitsregulierende Füllung aus Tencel und Klimafasern, die für ein trockenes, angenehmes Schlafklima sorgt.",https://www.maisondecocon.com/products/duvet-super-soft-mono?variant_sku=SSUPSOFTMONO52,https://cdn.shopify.com/s/files/1/0884/0278/8685/files/duvet-super-soft-mono-hanging-product-shot.jpg?v=1786026971,in_stock,349.00 EUR,Casilin,new,4007151542683,SSUPSOFTMONO52,duvet-super-soft-mono
SDUKE52,Bettdecke – Duke,"Diese Daunendecke bietet höchsten Schlafkomfort und ist mit 90 % Entendaunen und 10 % Entenfedern gefüllt, umhüllt von einem Bezug aus ultrafeiner Baumwolle. Sie trägt das „Down Pass“-Gütesiegel.",https://www.maisondecocon.com/products/duvet-duke?variant_sku=SDUKE52,https://cdn.shopify.com/s/files/1/0884/0278/8685/files/duvet-duke-folded-product-shot.jpg?v=1786026475,out_of_stock,694.00 EUR,Casilin,new,4007151299563,SDUKE52,duvet-duke
SDUKE43,Bettdecke – Duke,"Diese Daunendecke bietet höchsten Schlafkomfort und ist mit 90 % Entendaunen und 10 % Entenfedern gefüllt, umhüllt von einem Bezug aus ultrafeiner Baumwolle. Sie trägt das „Down Pass“-Gütesiegel.",https://www.maisondecocon.com/products/duvet-duke?variant_sku=SDUKE43,https://cdn.shopify.com/s/files/1/0884/0278/8685/files/duvet-duke-folded-product-shot.jpg?v=1786026475,in_stock,612.00 EUR,Casilin,new,4007151299556,SDUKE43,duvet-duke
SDUKE39,Bettdecke – Duke,"Diese Daunendecke bietet höchsten Schlafkomfort und ist mit 90 % Entendaunen und 10 % Entenfedern gefüllt, umhüllt von einem Bezug aus ultrafeiner Baumwolle. Sie trägt das „Down Pass“-Gütesiegel.",https://www.maisondecocon.com/products/duvet-duke?variant_sku=SDUKE39,https://cdn.shopify.com/s/files/1/0884/0278/8685/files/duvet-duke-folded-product-shot.jpg?v=1786026475,out_of_stock,517.00 EUR,Casilin,new,4007151299549,SDUKE39,duvet-duke
SDUKE54,Bettdecke – Duke,"Diese Daunendecke bietet höchsten Schlafkomfort und ist mit 90 % Entendaunen und 10 % Entenfedern gefüllt, umhüllt von einem Bezug aus ultrafeiner Baumwolle. Sie trägt das „Down Pass“-Gütesiegel.",https://www.maisondecocon.com/products/duvet-duke?variant_sku=SDUKE54,https://cdn.shopify.com/s/files/1/0884/0278/8685/files/duvet-duke-folded-product-shot.jpg?v=1786026475,out_of_stock,787.00 EUR,Casilin,new,4007151299570,SDUKE54,duvet-duke
SDUKE26,Bettdecke – Duke,"Diese Daunendecke bietet höchsten Schlafkomfort und ist mit 90 % Entendaunen und 10 % Entenfedern gefüllt, umhüllt von einem Bezug aus ultrafeiner Baumwolle. Sie trägt das „Down Pass“-Gütesiegel.",https://www.maisondecocon.com/products/duvet-duke?variant_sku=SDUKE26,https://cdn.shopify.com/s/files/1/0884/0278/8685/files/duvet-duke-folded-product-shot.jpg?v=1786026475,out_of_stock,341.00 EUR,Casilin,new,4007151299525,SDUKE26,duvet-duke
SDUKE27,Bettdecke – Duke,"Diese Daunendecke bietet höchsten Schlafkomfort und ist mit 90 % Entendaunen und 10 % Entenfedern gefüllt, umhüllt von einem Bezug aus ultrafeiner Baumwolle. Sie trägt das „Down Pass“-Gütesiegel.",https://www.maisondecocon.com/products/duvet-duke?variant_sku=SDUKE27,https://cdn.shopify.com/s/files/1/0884/0278/8685/files/duvet-duke-folded-product-shot.jpg?v=1786026475,in_stock,361.00 EUR,Casilin,new,4007151299532,SDUKE27,duvet-duke
SCLASSMEDIUM62,Klassisches Kissen – mittlerer Halt,"Ein weiches, stützendes Kissen, gefüllt mit atmungsaktiver, feuchtigkeitsregulierender AIR-FILL®-Faser, die ein daunenähnliches Liegegefühl vermittelt.",https://www.maisondecocon.com/products/classic-pillow-medium-support?variant_sku=SCLASSMEDIUM62,https://cdn.shopify.com/s/files/1/0884/0278/8685/files/classic-pillow-medium-support-corner-detail.jpg?v=1786021552,in_stock,54.00 EUR,Casilin,new,4007151542799,SCLASSMEDIUM62,classic-pillow-medium-support
SCLASSMEDIUM63,Klassisches Kissen – mittlerer Halt,"Ein weiches, stützendes Kissen, gefüllt mit atmungsaktiver, feuchtigkeitsregulierender AIR-FILL®-Faser, die ein daunenähnliches Liegegefühl vermittelt.",https://www.maisondecocon.com/products/classic-pillow-medium-support?variant_sku=SCLASSMEDIUM63,https://cdn.shopify.com/s/files/1/0884/0278/8685/files/classic-pillow-medium-support-corner-detail.jpg?v=1786021552,in_stock,54.00 EUR,Casilin,new,4007151542805,SCLASSMEDIUM63,classic-pillow-medium-support
SAIRCOVMAXWPS22,Air Cover Matratzenschoner – wasserdicht,"Ein atmungsaktiver, wasserdichter Matratzenschoner aus 3D-Strickgewebe mit antibakterieller Purotex+-Behandlung, speziell für besonders hohe Matratzen bis zu 40 cm konzipiert.",https://www.maisondecocon.com/products/air-cover-mattress-protector-waterproof?variant_sku=SAIRCOVMAXWPS22,https://cdn.shopify.com/s/files/1/0884/0278/8685/files/air-cover-mattress-protector-waterproof-label.jpg?v=1786023444,in_stock,209.00 EUR,Casilin,new,5420065500997,SAIRCOVMAXWPS22,air-cover-mattress-protector-waterproof
SAIRCOVMAXWPS27L,Air Cover Matratzenschoner – wasserdicht,"Ein atmungsaktiver, wasserdichter Matratzenschoner aus 3D-Strickgewebe mit antibakterieller Purotex+-Behandlung, speziell für besonders hohe Matratzen bis zu 40 cm konzipiert.",https://www.maisondecocon.com/products/air-cover-mattress-protector-waterproof?variant_sku=SAIRCOVMAXWPS27L,https://cdn.shopify.com/s/files/1/0884/0278/8685/files/air-cover-mattress-protector-waterproof-label.jpg?v=1786023444,in_stock,259.00 EUR,Casilin,new,5420065501048,SAIRCOVMAXWPS27L,air-cover-mattress-protector-waterproof
SAIRCOVMAXWPS19,Air Cover Matratzenschoner – wasserdicht,"Ein atmungsaktiver, wasserdichter Matratzenschoner aus 3D-Strickgewebe mit antibakterieller Purotex+-Behandlung, speziell für besonders hohe Matratzen bis zu 40 cm konzipiert.",https://www.maisondecocon.com/products/air-cover-mattress-protector-waterproof?variant_sku=SAIRCOVMAXWPS19,https://cdn.shopify.com/s/files/1/0884/0278/8685/files/air-cover-mattress-protector-waterproof-label.jpg?v=1786023444,in_stock,189.00 EUR,Casilin,new,5420065500959,SAIRCOVMAXWPS19,air-cover-mattress-protector-waterproof
SAIRCOVMAXWPS20,Air Cover Matratzenschoner – wasserdicht,"Ein atmungsaktiver, wasserdichter Matratzenschoner aus 3D-Strickgewebe mit antibakterieller Purotex+-Behandlung, speziell für besonders hohe Matratzen bis zu 40 cm konzipiert.",https://www.maisondecocon.com/products/air-cover-mattress-protector-waterproof?variant_sku=SAIRCOVMAXWPS20,https://cdn.shopify.com/s/files/1/0884/0278/8685/files/air-cover-mattress-protector-waterproof-label.jpg?v=1786023444,in_stock,199.00 EUR,Casilin,new,5420065500973,SAIRCOVMAXWPS20,air-cover-mattress-protector-waterproof
SAIRCOVMAXWPS25,Air Cover Matratzenschoner – wasserdicht,"Ein atmungsaktiver, wasserdichter Matratzenschoner aus 3D-Strickgewebe mit antibakterieller Purotex+-Behandlung, speziell für besonders hohe Matratzen bis zu 40 cm konzipiert.",https://www.maisondecocon.com/products/air-cover-mattress-protector-waterproof?variant_sku=SAIRCOVMAXWPS25,https://cdn.shopify.com/s/files/1/0884/0278/8685/files/air-cover-mattress-protector-waterproof-label.jpg?v=1786023444,out_of_stock,219.00 EUR,Casilin,new,5420065501017,SAIRCOVMAXWPS25,air-cover-mattress-protector-waterproof
SAIRCOVMAXWPS37L,Air Cover Matratzenschoner – wasserdicht,"Ein atmungsaktiver, wasserdichter Matratzenschoner aus 3D-Strickgewebe mit antibakterieller Purotex+-Behandlung, speziell für besonders hohe Matratzen bis zu 40 cm konzipiert.",https://www.maisondecocon.com/products/air-cover-mattress-protector-waterproof?variant_sku=SAIRCOVMAXWPS37L,https://cdn.shopify.com/s/files/1/0884/0278/8685/files/air-cover-mattress-protector-waterproof-label.jpg?v=1786023444,in_stock,359.00 EUR,Casilin,new,5420065501109,SAIRCOVMAXWPS37L,air-cover-mattress-protector-waterproof
SAIRCOVMAXWPS33,Air Cover Matratzenschoner – wasserdicht,"Ein atmungsaktiver, wasserdichter Matratzenschoner aus 3D-Strickgewebe mit antibakterieller Purotex+-Behandlung, speziell für besonders hohe Matratzen bis zu 40 cm konzipiert.",https://www.maisondecocon.com/products/air-cover-mattress-protector-waterproof?variant_sku=SAIRCOVMAXWPS33,https://cdn.shopify.com/s/files/1/0884/0278/8685/files/air-cover-mattress-protector-waterproof-label.jpg?v=1786023444,in_stock,289.00 EUR,Casilin,new,5420065501079,SAIRCOVMAXWPS33,air-cover-mattress-protector-waterproof
SAIRCOVMAXWPS25L,Air Cover Matratzenschoner – wasserdicht,"Ein atmungsaktiver, wasserdichter Matratzenschoner aus 3D-Strickgewebe mit antibakterieller Purotex+-Behandlung, speziell für besonders hohe Matratzen bis zu 40 cm konzipiert.",https://www.maisondecocon.com/products/air-cover-mattress-protector-waterproof?variant_sku=SAIRCOVMAXWPS25L,https://cdn.shopify.com/s/files/1/0884/0278/8685/files/air-cover-mattress-protector-waterproof-label.jpg?v=1786023444,out_of_stock,249.00 EUR,Casilin,new,5420065501024,SAIRCOVMAXWPS25L,air-cover-mattress-protector-waterproof
SAIRCOVMAXWPS27,Air Cover Matratzenschoner – wasserdicht,"Ein atmungsaktiver, wasserdichter Matratzenschoner aus 3D-Strickgewebe mit antibakterieller Purotex+-Behandlung, speziell für besonders hohe Matratzen bis zu 40 cm konzipiert.",https://www.maisondecocon.com/products/air-cover-mattress-protector-waterproof?variant_sku=SAIRCOVMAXWPS27,https://cdn.shopify.com/s/files/1/0884/0278/8685/files/air-cover-mattress-protector-waterproof-label.jpg?v=1786023444,in_stock,239.00 EUR,Casilin,new,5420065501031,SAIRCOVMAXWPS27,air-cover-mattress-protector-waterproof
SAIRCOVMAXWPS33L,Air Cover Matratzenschoner – wasserdicht,"Ein atmungsaktiver, wasserdichter Matratzenschoner aus 3D-Strickgewebe mit antibakterieller Purotex+-Behandlung, speziell für besonders hohe Matratzen bis zu 40 cm konzipiert.",https://www.maisondecocon.com/products/air-cover-mattress-protector-waterproof?variant_sku=SAIRCOVMAXWPS33L,https://cdn.shopify.com/s/files/1/0884/0278/8685/files/air-cover-mattress-protector-waterproof-label.jpg?v=1786023444,in_stock,319.00 EUR,Casilin,new,5420065501086,SAIRCOVMAXWPS33L,air-cover-mattress-protector-waterproof
SAIRCOVMAXWPS20L,Air Cover Matratzenschoner – wasserdicht,"Ein atmungsaktiver, wasserdichter Matratzenschoner aus 3D-Strickgewebe mit antibakterieller Purotex+-Behandlung, speziell für besonders hohe Matratzen bis zu 40 cm konzipiert.",https://www.maisondecocon.com/products/air-cover-mattress-protector-waterproof?variant_sku=SAIRCOVMAXWPS20L,https://cdn.shopify.com/s/files/1/0884/0278/8685/files/air-cover-mattress-protector-waterproof-label.jpg?v=1786023444,in_stock,219.00 EUR,Casilin,new,5420065500980,SAIRCOVMAXWPS20L,air-cover-mattress-protector-waterproof
SAIRCOVMAXWPS37,Air Cover Matratzenschoner – wasserdicht,"Ein atmungsaktiver, wasserdichter Matratzenschoner aus 3D-Strickgewebe mit antibakterieller Purotex+-Behandlung, speziell für besonders hohe Matratzen bis zu 40 cm konzipiert.",https://www.maisondecocon.com/products/air-cover-mattress-protector-waterproof?variant_sku=SAIRCOVMAXWPS37,https://cdn.shopify.com/s/files/1/0884/0278/8685/files/air-cover-mattress-protector-waterproof-label.jpg?v=1786023444,in_stock,319.00 EUR,Casilin,new,5420065501093,SAIRCOVMAXWPS37,air-cover-mattress-protector-waterproof
SAIRCOVMAXWPS22L,Air Cover Matratzenschoner – wasserdicht,"Ein atmungsaktiver, wasserdichter Matratzenschoner aus 3D-Strickgewebe mit antibakterieller Purotex+-Behandlung, speziell für besonders hohe Matratzen bis zu 40 cm konzipiert.",https://www.maisondecocon.com/products/air-cover-mattress-protector-waterproof?variant_sku=SAIRCOVMAXWPS22L,https://cdn.shopify.com/s/files/1/0884/0278/8685/files/air-cover-mattress-protector-waterproof-label.jpg?v=1786023444,in_stock,239.00 EUR,Casilin,new,5420065501000,SAIRCOVMAXWPS22L,air-cover-mattress-protector-waterproof
SAIRCOVMAXWPS31,Air Cover Matratzenschoner – wasserdicht,"Ein atmungsaktiver, wasserdichter Matratzenschoner aus 3D-Strickgewebe mit antibakterieller Purotex+-Behandlung, speziell für besonders hohe Matratzen bis zu 40 cm konzipiert.",https://www.maisondecocon.com/products/air-cover-mattress-protector-waterproof?variant_sku=SAIRCOVMAXWPS31,https://cdn.shopify.com/s/files/1/0884/0278/8685/files/air-cover-mattress-protector-waterproof-label.jpg?v=1786023444,in_stock,259.00 EUR,Casilin,new,5420065501055,SAIRCOVMAXWPS31,air-cover-mattress-protector-waterproof
SAIRCOVMAXWPS19L,Air Cover Matratzenschoner – wasserdicht,"Ein atmungsaktiver, wasserdichter Matratzenschoner aus 3D-Strickgewebe mit antibakterieller Purotex+-Behandlung, speziell für besonders hohe Matratzen bis zu 40 cm konzipiert.",https://www.maisondecocon.com/products/air-cover-mattress-protector-waterproof?variant_sku=SAIRCOVMAXWPS19L,https://cdn.shopify.com/s/files/1/0884/0278/8685/files/air-cover-mattress-protector-waterproof-label.jpg?v=1786023444,in_stock,209.00 EUR,Casilin,new,5420065500966,SAIRCOVMAXWPS19L,air-cover-mattress-protector-waterproof
SAIRCOVMAXWPS31L,Air Cover Matratzenschoner – wasserdicht,"Ein atmungsaktiver, wasserdichter Matratzenschoner aus 3D-Strickgewebe mit antibakterieller Purotex+-Behandlung, speziell für besonders hohe Matratzen bis zu 40 cm konzipiert.",https://www.maisondecocon.com/products/air-cover-mattress-protector-waterproof?variant_sku=SAIRCOVMAXWPS31L,https://cdn.shopify.com/s/files/1/0884/0278/8685/files/air-cover-mattress-protector-waterproof-label.jpg?v=1786023444,in_stock,279.00 EUR,Casilin,new,5420065501062,SAIRCOVMAXWPS31L,air-cover-mattress-protector-waterproof
SECOSFERAS20,Eco Sfera Matratzenschoner – wasserdicht,"Ein wasserdichter, extrem atmungsaktiver Matratzenschoner aus recycelten Materialien, mit einer weichen Frottee-Oberfläche und einer Hausstaubmilbenbarriere.",https://www.maisondecocon.com/products/eco-sfera-mattress-protector-waterproof?variant_sku=SECOSFERAS20,https://cdn.shopify.com/s/files/1/0884/0278/8685/files/eco-sfera-mattress-protector-packaging.jpg?v=1786026789,in_stock,42.90 EUR,Casilin,new,8414205655378,SECOSFERAS20,eco-sfera-mattress-protector-waterproof
VECOSFERAS22,Eco Sfera Matratzenschoner – wasserdicht,"Ein wasserdichter, extrem atmungsaktiver Matratzenschoner aus recycelten Materialien, mit einer weichen Frottee-Oberfläche und einer Hausstaubmilbenbarriere.",https://www.maisondecocon.com/products/eco-sfera-mattress-protector-waterproof?variant_sku=VECOSFERAS22,https://cdn.shopify.com/s/files/1/0884/0278/8685/files/eco-sfera-mattress-protector-packaging.jpg?v=1786026789,in_stock,45.50 EUR,Casilin,new,8414205057295,VECOSFERAS22,eco-sfera-mattress-protector-waterproof
SECOSFERAS19,Eco Sfera Matratzenschoner – wasserdicht,"Ein wasserdichter, extrem atmungsaktiver Matratzenschoner aus recycelten Materialien, mit einer weichen Frottee-Oberfläche und einer Hausstaubmilbenbarriere.",https://www.maisondecocon.com/products/eco-sfera-mattress-protector-waterproof?variant_sku=SECOSFERAS19,https://cdn.shopify.com/s/files/1/0884/0278/8685/files/eco-sfera-mattress-protector-packaging.jpg?v=1786026789,in_stock,47.90 EUR,Casilin,new,8414205655392,SECOSFERAS19,eco-sfera-mattress-protector-waterproof
VECOSFERAS24,Eco Sfera Matratzenschoner – wasserdicht,"Ein wasserdichter, extrem atmungsaktiver Matratzenschoner aus recycelten Materialien, mit einer weichen Frottee-Oberfläche und einer Hausstaubmilbenbarriere.",https://www.maisondecocon.com/products/eco-sfera-mattress-protector-waterproof?variant_sku=VECOSFERAS24,https://cdn.shopify.com/s/files/1/0884/0278/8685/files/eco-sfera-mattress-protector-packaging.jpg?v=1786026789,out_of_stock,52.50 EUR,Casilin,new,8414205057318,VECOSFERAS24,eco-sfera-mattress-protector-waterproof
SECOSFERAS25,Eco Sfera Matratzenschoner – wasserdicht,"Ein wasserdichter, extrem atmungsaktiver Matratzenschoner aus recycelten Materialien, mit einer weichen Frottee-Oberfläche und einer Hausstaubmilbenbarriere.",https://www.maisondecocon.com/products/eco-sfera-mattress-protector-waterproof?variant_sku=SECOSFERAS25,https://cdn.shopify.com/s/files/1/0884/0278/8685/files/eco-sfera-mattress-protector-packaging.jpg?v=1786026789,in_stock,54.50 EUR,Casilin,new,8414205655422,SECOSFERAS25,eco-sfera-mattress-protector-waterproof
VECOSFERAS31,Eco Sfera Matratzenschoner – wasserdicht,"Ein wasserdichter, extrem atmungsaktiver Matratzenschoner aus recycelten Materialien, mit einer weichen Frottee-Oberfläche und einer Hausstaubmilbenbarriere.",https://www.maisondecocon.com/products/eco-sfera-mattress-protector-waterproof?variant_sku=VECOSFERAS31,https://cdn.shopify.com/s/files/1/0884/0278/8685/files/eco-sfera-mattress-protector-packaging.jpg?v=1786026789,in_stock,62.50 EUR,Casilin,new,8414205057332,VECOSFERAS31,eco-sfera-mattress-protector-waterproof
SECOSFERAS33,Eco Sfera Matratzenschoner – wasserdicht,"Ein wasserdichter, extrem atmungsaktiver Matratzenschoner aus recycelten Materialien, mit einer weichen Frottee-Oberfläche und einer Hausstaubmilbenbarriere.",https://www.maisondecocon.com/products/eco-sfera-mattress-protector-waterproof?variant_sku=SECOSFERAS33,https://cdn.shopify.com/s/files/1/0884/0278/8685/files/eco-sfera-mattress-protector-packaging.jpg?v=1786026789,in_stock,68.90 EUR,Casilin,new,8414205655453,SECOSFERAS33,eco-sfera-mattress-protector-waterproof
SECOSFERAS37,Eco Sfera Matratzenschoner – wasserdicht,"Ein wasserdichter, extrem atmungsaktiver Matratzenschoner aus recycelten Materialien, mit einer weichen Frottee-Oberfläche und einer Hausstaubmilbenbarriere.",https://www.maisondecocon.com/products/eco-sfera-mattress-protector-waterproof?variant_sku=SECOSFERAS37,https://cdn.shopify.com/s/files/1/0884/0278/8685/files/eco-sfera-mattress-protector-packaging.jpg?v=1786026789,in_stock,72.90 EUR,Casilin,new,8414205655460,SECOSFERAS37,eco-sfera-mattress-protector-waterproof
SRESPIRAS162,"Respira Kissenbezug, wasserdicht – Weiß","Ein weicher Kissenbezug aus Bio-Baumwolle mit einer hauchdünnen, wasserdichten Membran, der gleichzeitig als atmungsaktiver Bezug dient, auf dem Sie direkt schlafen können.",https://www.maisondecocon.com/products/respira-pillow-protector-waterproof-white?variant_sku=SRESPIRAS162,https://cdn.shopify.com/s/files/1/0884/0278/8685/files/respira-pillow-protector-white-corner-detail.jpg?v=1786026884,in_stock,31.90 EUR,Casilin,new,8414205652513,SRESPIRAS162,respira-pillow-protector-waterproof-white
SRESPIRAS164,"Respira Kissenbezug, wasserdicht – Weiß","Ein weicher Kissenbezug aus Bio-Baumwolle mit einer hauchdünnen, wasserdichten Membran, der gleichzeitig als atmungsaktiver Bezug dient, auf dem Sie direkt schlafen können.",https://www.maisondecocon.com/products/respira-pillow-protector-waterproof-white?variant_sku=SRESPIRAS164,https://cdn.shopify.com/s/files/1/0884/0278/8685/files/respira-pillow-protector-white-corner-detail.jpg?v=1786026884,in_stock,24.50 EUR,Casilin,new,8414205652537,SRESPIRAS164,respira-pillow-protector-waterproof-white
SRESPIRAS165,"Respira Kissenbezug, wasserdicht – Weiß","Ein weicher Kissenbezug aus Bio-Baumwolle mit einer hauchdünnen, wasserdichten Membran, der gleichzeitig als atmungsaktiver Bezug dient, auf dem Sie direkt schlafen können.",https://www.maisondecocon.com/products/respira-pillow-protector-waterproof-white?variant_sku=SRESPIRAS165,https://cdn.shopify.com/s/files/1/0884/0278/8685/files/respira-pillow-protector-white-corner-detail.jpg?v=1786026884,in_stock,23.50 EUR,Casilin,new,8414205652490,SRESPIRAS165,respira-pillow-protector-waterproof-white
SCLASSFIRM62,Klassisches Kissen – fester Halt,"Ein festes Stützkissen mit erhöhtem Rand und einer Füllung hoher Dichte, ideal für Seitenschläfer.",https://www.maisondecocon.com/products/classic-pillow-firm-support?variant_sku=SCLASSFIRM62,https://cdn.shopify.com/s/files/1/0884/0278/8685/files/classic-pillow-firm-support-front.jpg?v=1786024552,in_stock,54.00 EUR,Casilin,new,4007151542775,SCLASSFIRM62,classic-pillow-firm-support
SCLASSFIRM63,Klassisches Kissen – fester Halt,"Ein festes Stützkissen mit erhöhtem Rand und einer Füllung hoher Dichte, ideal für Seitenschläfer.",https://www.maisondecocon.com/products/classic-pillow-firm-support?variant_sku=SCLASSFIRM63,https://cdn.shopify.com/s/files/1/0884/0278/8685/files/classic-pillow-firm-support-front.jpg?v=1786024552,in_stock,54.00 EUR,Casilin,new,4007151542782,SCLASSFIRM63,classic-pillow-firm-support
SROYALPS434122,Royal Percale – Spannbetttuch – Beige,"Ein knackig-frisches, atmungsaktives Spannbetttuch aus Perkal-Baumwolle in Beige, mit einer tiefen Ecke von 32 cm und elastischen Rändern für einen sicheren Sitz.",https://www.maisondecocon.com/products/royal-percale-fitted-sheet-beige?variant_sku=SROYALPS434122,https://cdn.shopify.com/s/files/1/0884/0278/8685/files/royal-percale-fitted-sheet-beige-folded-label.jpg?v=1786026989,out_of_stock,55.00 EUR,Casilin,new,5425023655931,SROYALPS434122,royal-percale-fitted-sheet-beige
SROYALPS434127,Royal Percale – Spannbetttuch – Beige,"Ein knackig-frisches, atmungsaktives Spannbetttuch aus Perkal-Baumwolle in Beige, mit einer tiefen Ecke von 32 cm und elastischen Rändern für einen sicheren Sitz.",https://www.maisondecocon.com/products/royal-percale-fitted-sheet-beige?variant_sku=SROYALPS434127,https://cdn.shopify.com/s/files/1/0884/0278/8685/files/royal-percale-fitted-sheet-beige-folded-label.jpg?v=1786026989,in_stock,83.00 EUR,Casilin,new,5425023655948,SROYALPS434127,royal-percale-fitted-sheet-beige
SROYALPS434129,Royal Percale – Spannbetttuch – Beige,"Ein knackig-frisches, atmungsaktives Spannbetttuch aus Perkal-Baumwolle in Beige, mit einer tiefen Ecke von 32 cm und elastischen Rändern für einen sicheren Sitz.",https://www.maisondecocon.com/products/royal-percale-fitted-sheet-beige?variant_sku=SROYALPS434129,https://cdn.shopify.com/s/files/1/0884/0278/8685/files/royal-percale-fitted-sheet-beige-folded-label.jpg?v=1786026989,in_stock,83.00 EUR,Casilin,new,5412416096938,SROYALPS434129,royal-percale-fitted-sheet-beige
SROYALPS434133,Royal Percale – Spannbetttuch – Beige,"Ein knackig-frisches, atmungsaktives Spannbetttuch aus Perkal-Baumwolle in Beige, mit einer tiefen Ecke von 32 cm und elastischen Rändern für einen sicheren Sitz.",https://www.maisondecocon.com/products/royal-percale-fitted-sheet-beige?variant_sku=SROYALPS434133,https://cdn.shopify.com/s/files/1/0884/0278/8685/files/royal-percale-fitted-sheet-beige-folded-label.jpg?v=1786026989,out_of_stock,91.00 EUR,Casilin,new,5412416093951,SROYALPS434133,royal-percale-fitted-sheet-beige
SROYALPS434137,Royal Percale – Spannbetttuch – Beige,"Ein knackig-frisches, atmungsaktives Spannbetttuch aus Perkal-Baumwolle in Beige, mit einer tiefen Ecke von 32 cm und elastischen Rändern für einen sicheren Sitz.",https://www.maisondecocon.com/products/royal-percale-fitted-sheet-beige?variant_sku=SROYALPS434137,https://cdn.shopify.com/s/files/1/0884/0278/8685/files/royal-percale-fitted-sheet-beige-folded-label.jpg?v=1786026989,in_stock,94.00 EUR,Casilin,new,5412416096921,SROYALPS434137,royal-percale-fitted-sheet-beige
SAIRCOVPILS63,Air Cover Kissenbezug,"Ein atmungsaktiver Kissenbezug aus 3D-Strickgewebe mit antibakterieller Purotex+-Behandlung, der dafür sorgt, dass Ihre Kissen kühl und hygienisch bleiben.",https://www.maisondecocon.com/products/air-cover-pillow-protector?variant_sku=SAIRCOVPILS63,https://cdn.shopify.com/s/files/1/0884/0278/8685/files/air-cover-pillow-protector-label.jpg?v=1786024311,in_stock,65.00 EUR,Casilin,new,5420065500621,SAIRCOVPILS63,air-cover-pillow-protector
SAIRCOVPILS57,Air Cover Kissenbezug,"Ein atmungsaktiver Kissenbezug aus 3D-Strickgewebe mit antibakterieller Purotex+-Behandlung, der dafür sorgt, dass Ihre Kissen kühl und hygienisch bleiben.",https://www.maisondecocon.com/products/air-cover-pillow-protector?variant_sku=SAIRCOVPILS57,https://cdn.shopify.com/s/files/1/0884/0278/8685/files/air-cover-pillow-protector-label.jpg?v=1786024311,in_stock,65.00 EUR,Casilin,new,5420065500607,SAIRCOVPILS57,air-cover-pillow-protector
SAIRCOVPILS46,Air Cover Kissenbezug,"Ein atmungsaktiver Kissenbezug aus 3D-Strickgewebe mit antibakterieller Purotex+-Behandlung, der dafür sorgt, dass Ihre Kissen kühl und hygienisch bleiben.",https://www.maisondecocon.com/products/air-cover-pillow-protector?variant_sku=SAIRCOVPILS46,https://cdn.shopify.com/s/files/1/0884/0278/8685/files/air-cover-pillow-protector-label.jpg?v=1786024311,in_stock,59.00 EUR,Casilin,new,5420065500591,SAIRCOVPILS46,air-cover-pillow-protector
SAIRCOVPILS62,Air Cover Kissenbezug,"Ein atmungsaktiver Kissenbezug aus 3D-Strickgewebe mit antibakterieller Purotex+-Behandlung, der dafür sorgt, dass Ihre Kissen kühl und hygienisch bleiben.",https://www.maisondecocon.com/products/air-cover-pillow-protector?variant_sku=SAIRCOVPILS62,https://cdn.shopify.com/s/files/1/0884/0278/8685/files/air-cover-pillow-protector-label.jpg?v=1786024311,in_stock,65.00 EUR,Casilin,new,5420065500614,SAIRCOVPILS62,air-cover-pillow-protector
SPRINCEDUO26,Bettdecke – Prince Duo – 4-Jahreszeiten-Daunendecke,"„The Prince“ ist eine 4-Jahreszeiten-Daunendecke, die aus zwei separat gefüllten Bettdecken besteht, die mittels Druckknöpfen miteinander verbunden werden, sodass Sie die Wärme je nach Jahreszeit anpassen können. Gefüllt mit 90 % Gänsedaunen und 10 % Federn.",https://www.maisondecocon.com/products/duvet-prince-duo-4-seasons-down-comforter?variant_sku=SPRINCEDUO26,https://cdn.shopify.com/s/files/1/0884/0278/8685/files/duvet-prince-duo-folded-product-shot.jpg?v=1786026555,out_of_stock,631.00 EUR,Casilin,new,4007151299297,SPRINCEDUO26,duvet-prince-duo-4-seasons-down-comforter
SPRINCEDUO27,Bettdecke – Prince Duo – 4-Jahreszeiten-Daunendecke,"„The Prince“ ist eine 4-Jahreszeiten-Daunendecke, die aus zwei separat gefüllten Bettdecken besteht, die mittels Druckknöpfen miteinander verbunden werden, sodass Sie die Wärme je nach Jahreszeit anpassen können. Gefüllt mit 90 % Gänsedaunen und 10 % Federn.",https://www.maisondecocon.com/products/duvet-prince-duo-4-seasons-down-comforter?variant_sku=SPRINCEDUO27,https://cdn.shopify.com/s/files/1/0884/0278/8685/files/duvet-prince-duo-folded-product-shot.jpg?v=1786026555,in_stock,657.00 EUR,Casilin,new,4007151299884,SPRINCEDUO27,duvet-prince-duo-4-seasons-down-comforter
SPRINCEDUO39,Bettdecke – Prince Duo – 4-Jahreszeiten-Daunendecke,"„The Prince“ ist eine 4-Jahreszeiten-Daunendecke, die aus zwei separat gefüllten Bettdecken besteht, die mittels Druckknöpfen miteinander verbunden werden, sodass Sie die Wärme je nach Jahreszeit anpassen können. Gefüllt mit 90 % Gänsedaunen und 10 % Federn.",https://www.maisondecocon.com/products/duvet-prince-duo-4-seasons-down-comforter?variant_sku=SPRINCEDUO39,https://cdn.shopify.com/s/files/1/0884/0278/8685/files/duvet-prince-duo-folded-product-shot.jpg?v=1786026555,in_stock,1072.00 EUR,Casilin,new,4007151299303,SPRINCEDUO39,duvet-prince-duo-4-seasons-down-comforter
SPRINCEDUO43,Bettdecke – Prince Duo – 4-Jahreszeiten-Daunendecke,"„The Prince“ ist eine 4-Jahreszeiten-Daunendecke, die aus zwei separat gefüllten Bettdecken besteht, die mittels Druckknöpfen miteinander verbunden werden, sodass Sie die Wärme je nach Jahreszeit anpassen können. Gefüllt mit 90 % Gänsedaunen und 10 % Federn.",https://www.maisondecocon.com/products/duvet-prince-duo-4-seasons-down-comforter?variant_sku=SPRINCEDUO43,https://cdn.shopify.com/s/files/1/0884/0278/8685/files/duvet-prince-duo-folded-product-shot.jpg?v=1786026555,in_stock,1154.00 EUR,Casilin,new,4007151299891,SPRINCEDUO43,duvet-prince-duo-4-seasons-down-comforter
SPRINCEDUO52,Bettdecke – Prince Duo – 4-Jahreszeiten-Daunendecke,"„The Prince“ ist eine 4-Jahreszeiten-Daunendecke, die aus zwei separat gefüllten Bettdecken besteht, die mittels Druckknöpfen miteinander verbunden werden, sodass Sie die Wärme je nach Jahreszeit anpassen können. Gefüllt mit 90 % Gänsedaunen und 10 % Federn.",https://www.maisondecocon.com/products/duvet-prince-duo-4-seasons-down-comforter?variant_sku=SPRINCEDUO52,https://cdn.shopify.com/s/files/1/0884/0278/8685/files/duvet-prince-duo-folded-product-shot.jpg?v=1786026555,in_stock,1296.00 EUR,Casilin,new,4007151299907,SPRINCEDUO52,duvet-prince-duo-4-seasons-down-comforter
SPRINCEDUO54,Bettdecke – Prince Duo – 4-Jahreszeiten-Daunendecke,"„The Prince“ ist eine 4-Jahreszeiten-Daunendecke, die aus zwei separat gefüllten Bettdecken besteht, die mittels Druckknöpfen miteinander verbunden werden, sodass Sie die Wärme je nach Jahreszeit anpassen können. Gefüllt mit 90 % Gänsedaunen und 10 % Federn.",https://www.maisondecocon.com/products/duvet-prince-duo-4-seasons-down-comforter?variant_sku=SPRINCEDUO54,https://cdn.shopify.com/s/files/1/0884/0278/8685/files/duvet-prince-duo-folded-product-shot.jpg?v=1786026555,in_stock,1352.00 EUR,Casilin,new,4007151299310,SPRINCEDUO54,duvet-prince-duo-4-seasons-down-comforter
STENCEL62,Tencel-Kissen,"Ein seidenweiches Tencel-Kissen mit einem gesteppten Satinbezug und einer fest stützenden Airfill-Füllung, die den Nacken angenehm stützt.",https://www.maisondecocon.com/products/tencel-pillow?variant_sku=STENCEL62,https://cdn.shopify.com/s/files/1/0884/0278/8685/files/tencel-pillow-quilted-cover-detail.jpg?v=1786026574,in_stock,109.00 EUR,Casilin,new,,STENCEL62,tencel-pillow
STENCEL64,Tencel-Kissen,"Ein seidenweiches Tencel-Kissen mit einem gesteppten Satinbezug und einer fest stützenden Airfill-Füllung, die den Nacken angenehm stützt.",https://www.maisondecocon.com/products/tencel-pillow?variant_sku=STENCEL64,https://cdn.shopify.com/s/files/1/0884/0278/8685/files/tencel-pillow-quilted-cover-detail.jpg?v=1786026574,in_stock,109.00 EUR,Casilin,new,,STENCEL64,tencel-pillow
STENCEL63,Tencel-Kissen,"Ein seidenweiches Tencel-Kissen mit einem gesteppten Satinbezug und einer fest stützenden Airfill-Füllung, die den Nacken angenehm stützt.",https://www.maisondecocon.com/products/tencel-pillow?variant_sku=STENCEL63,https://cdn.shopify.com/s/files/1/0884/0278/8685/files/tencel-pillow-quilted-cover-detail.jpg?v=1786026574,in_stock,109.00 EUR,Casilin,new,,STENCEL63,tencel-pillow
SCROWN27,Duvet Crown – Bettdecke aus Gänsedaunen,Diese mittelwarme Winter-Daunendecke ist voluminös und dennoch federleicht; sie ist mit 100 % neuen weißen Gänsedaunen gefüllt und mit einem Bezug aus ultrafeiner Baumwolle versehen. Sie trägt das „Down Pass“-Gütesiegel.,https://www.maisondecocon.com/products/duvet-crown-goose-down-duvet?variant_sku=SCROWN27,https://cdn.shopify.com/s/files/1/0884/0278/8685/files/duvet-crown-folded-product-shot.jpg?v=1786027046,in_stock,449.00 EUR,Casilin,new,4007151298573,SCROWN27,duvet-crown-goose-down-duvet
SCROWN26,Duvet Crown – Bettdecke aus Gänsedaunen,Diese mittelwarme Winter-Daunendecke ist voluminös und dennoch federleicht; sie ist mit 100 % neuen weißen Gänsedaunen gefüllt und mit einem Bezug aus ultrafeiner Baumwolle versehen. Sie trägt das „Down Pass“-Gütesiegel.,https://www.maisondecocon.com/products/duvet-crown-goose-down-duvet?variant_sku=SCROWN26,https://cdn.shopify.com/s/files/1/0884/0278/8685/files/duvet-crown-folded-product-shot.jpg?v=1786027046,in_stock,438.00 EUR,Casilin,new,4007151298290,SCROWN26,duvet-crown-goose-down-duvet
SCROWN43,Duvet Crown – Bettdecke aus Gänsedaunen,Diese mittelwarme Winter-Daunendecke ist voluminös und dennoch federleicht; sie ist mit 100 % neuen weißen Gänsedaunen gefüllt und mit einem Bezug aus ultrafeiner Baumwolle versehen. Sie trägt das „Down Pass“-Gütesiegel.,https://www.maisondecocon.com/products/duvet-crown-goose-down-duvet?variant_sku=SCROWN43,https://cdn.shopify.com/s/files/1/0884/0278/8685/files/duvet-crown-folded-product-shot.jpg?v=1786027046,in_stock,818.00 EUR,Casilin,new,4007151298313,SCROWN43,duvet-crown-goose-down-duvet
SCROWN39,Duvet Crown – Bettdecke aus Gänsedaunen,Diese mittelwarme Winter-Daunendecke ist voluminös und dennoch federleicht; sie ist mit 100 % neuen weißen Gänsedaunen gefüllt und mit einem Bezug aus ultrafeiner Baumwolle versehen. Sie trägt das „Down Pass“-Gütesiegel.,https://www.maisondecocon.com/products/duvet-crown-goose-down-duvet?variant_sku=SCROWN39,https://cdn.shopify.com/s/files/1/0884/0278/8685/files/duvet-crown-folded-product-shot.jpg?v=1786027046,in_stock,752.00 EUR,Casilin,new,4007151298306,SCROWN39,duvet-crown-goose-down-duvet
SCROWN54,Duvet Crown – Bettdecke aus Gänsedaunen,Diese mittelwarme Winter-Daunendecke ist voluminös und dennoch federleicht; sie ist mit 100 % neuen weißen Gänsedaunen gefüllt und mit einem Bezug aus ultrafeiner Baumwolle versehen. Sie trägt das „Down Pass“-Gütesiegel.,https://www.maisondecocon.com/products/duvet-crown-goose-down-duvet?variant_sku=SCROWN54,https://cdn.shopify.com/s/files/1/0884/0278/8685/files/duvet-crown-folded-product-shot.jpg?v=1786027046,out_of_stock,956.00 EUR,Casilin,new,4007151298580,SCROWN54,duvet-crown-goose-down-duvet
SCROWN52,Duvet Crown – Bettdecke aus Gänsedaunen,Diese mittelwarme Winter-Daunendecke ist voluminös und dennoch federleicht; sie ist mit 100 % neuen weißen Gänsedaunen gefüllt und mit einem Bezug aus ultrafeiner Baumwolle versehen. Sie trägt das „Down Pass“-Gütesiegel.,https://www.maisondecocon.com/products/duvet-crown-goose-down-duvet?variant_sku=SCROWN52,https://cdn.shopify.com/s/files/1/0884/0278/8685/files/duvet-crown-folded-product-shot.jpg?v=1786027046,in_stock,879.00 EUR,Casilin,new,4007151298320,SCROWN52,duvet-crown-goose-down-duvet
SAIRCOVMAXS37L,Air Cover Matratzenschoner – für besonders hohe Matratzen,"Ein atmungsaktiver, hauchdünner Matratzenschoner aus 3D-Strickgewebe mit antibakterieller Purotex+-Behandlung, speziell für besonders hohe Matratzen bis zu 40 cm konzipiert.",https://www.maisondecocon.com/products/air-cover-mattress-protector-extra-high-mattress?variant_sku=SAIRCOVMAXS37L,https://cdn.shopify.com/s/files/1/0884/0278/8685/files/air-cover-mattress-protector-extra-high-front.jpg?v=1786022001,in_stock,355.00 EUR,Casilin,new,5420065500942,SAIRCOVMAXS37L,air-cover-mattress-protector-extra-high-mattress
SAIRCOVMAXS20L,Air Cover Matratzenschoner – für besonders hohe Matratzen,"Ein atmungsaktiver, hauchdünner Matratzenschoner aus 3D-Strickgewebe mit antibakterieller Purotex+-Behandlung, speziell für besonders hohe Matratzen bis zu 40 cm konzipiert.",https://www.maisondecocon.com/products/air-cover-mattress-protector-extra-high-mattress?variant_sku=SAIRCOVMAXS20L,https://cdn.shopify.com/s/files/1/0884/0278/8685/files/air-cover-mattress-protector-extra-high-front.jpg?v=1786022001,in_stock,209.00 EUR,Casilin,new,5420065500829,SAIRCOVMAXS20L,air-cover-mattress-protector-extra-high-mattress
SAIRCOVMAXS33L,Air Cover Matratzenschoner – für besonders hohe Matratzen,"Ein atmungsaktiver, hauchdünner Matratzenschoner aus 3D-Strickgewebe mit antibakterieller Purotex+-Behandlung, speziell für besonders hohe Matratzen bis zu 40 cm konzipiert.",https://www.maisondecocon.com/products/air-cover-mattress-protector-extra-high-mattress?variant_sku=SAIRCOVMAXS33L,https://cdn.shopify.com/s/files/1/0884/0278/8685/files/air-cover-mattress-protector-extra-high-front.jpg?v=1786022001,in_stock,315.00 EUR,Casilin,new,5420065500928,SAIRCOVMAXS33L,air-cover-mattress-protector-extra-high-mattress
SAIRCOVMAXS33,Air Cover Matratzenschoner – für besonders hohe Matratzen,"Ein atmungsaktiver, hauchdünner Matratzenschoner aus 3D-Strickgewebe mit antibakterieller Purotex+-Behandlung, speziell für besonders hohe Matratzen bis zu 40 cm konzipiert.",https://www.maisondecocon.com/products/air-cover-mattress-protector-extra-high-mattress?variant_sku=SAIRCOVMAXS33,https://cdn.shopify.com/s/files/1/0884/0278/8685/files/air-cover-mattress-protector-extra-high-front.jpg?v=1786022001,in_stock,285.00 EUR,Casilin,new,5420065500911,SAIRCOVMAXS33,air-cover-mattress-protector-extra-high-mattress
SAIRCOVMAXS19L,Air Cover Matratzenschoner – für besonders hohe Matratzen,"Ein atmungsaktiver, hauchdünner Matratzenschoner aus 3D-Strickgewebe mit antibakterieller Purotex+-Behandlung, speziell für besonders hohe Matratzen bis zu 40 cm konzipiert.",https://www.maisondecocon.com/products/air-cover-mattress-protector-extra-high-mattress?variant_sku=SAIRCOVMAXS19L,https://cdn.shopify.com/s/files/1/0884/0278/8685/files/air-cover-mattress-protector-extra-high-front.jpg?v=1786022001,in_stock,199.00 EUR,Casilin,new,5420065500805,SAIRCOVMAXS19L,air-cover-mattress-protector-extra-high-mattress
SAIRCOVMAXS31,Air Cover Matratzenschoner – für besonders hohe Matratzen,"Ein atmungsaktiver, hauchdünner Matratzenschoner aus 3D-Strickgewebe mit antibakterieller Purotex+-Behandlung, speziell für besonders hohe Matratzen bis zu 40 cm konzipiert.",https://www.maisondecocon.com/products/air-cover-mattress-protector-extra-high-mattress?variant_sku=SAIRCOVMAXS31,https://cdn.shopify.com/s/files/1/0884/0278/8685/files/air-cover-mattress-protector-extra-high-front.jpg?v=1786022001,in_stock,255.00 EUR,Casilin,new,5420065500898,SAIRCOVMAXS31,air-cover-mattress-protector-extra-high-mattress
SAIRCOVMAXS31L,Air Cover Matratzenschoner – für besonders hohe Matratzen,"Ein atmungsaktiver, hauchdünner Matratzenschoner aus 3D-Strickgewebe mit antibakterieller Purotex+-Behandlung, speziell für besonders hohe Matratzen bis zu 40 cm konzipiert.",https://www.maisondecocon.com/products/air-cover-mattress-protector-extra-high-mattress?variant_sku=SAIRCOVMAXS31L,https://cdn.shopify.com/s/files/1/0884/0278/8685/files/air-cover-mattress-protector-extra-high-front.jpg?v=1786022001,in_stock,275.00 EUR,Casilin,new,5420065500904,SAIRCOVMAXS31L,air-cover-mattress-protector-extra-high-mattress
SAIRCOVMAXS22,Air Cover Matratzenschoner – für besonders hohe Matratzen,"Ein atmungsaktiver, hauchdünner Matratzenschoner aus 3D-Strickgewebe mit antibakterieller Purotex+-Behandlung, speziell für besonders hohe Matratzen bis zu 40 cm konzipiert.",https://www.maisondecocon.com/products/air-cover-mattress-protector-extra-high-mattress?variant_sku=SAIRCOVMAXS22,https://cdn.shopify.com/s/files/1/0884/0278/8685/files/air-cover-mattress-protector-extra-high-front.jpg?v=1786022001,in_stock,199.00 EUR,Casilin,new,5420065500836,SAIRCOVMAXS22,air-cover-mattress-protector-extra-high-mattress
SAIRCOVMAXS27,Air Cover Matratzenschoner – für besonders hohe Matratzen,"Ein atmungsaktiver, hauchdünner Matratzenschoner aus 3D-Strickgewebe mit antibakterieller Purotex+-Behandlung, speziell für besonders hohe Matratzen bis zu 40 cm konzipiert.",https://www.maisondecocon.com/products/air-cover-mattress-protector-extra-high-mattress?variant_sku=SAIRCOVMAXS27,https://cdn.shopify.com/s/files/1/0884/0278/8685/files/air-cover-mattress-protector-extra-high-front.jpg?v=1786022001,in_stock,235.00 EUR,Casilin,new,5420065500874,SAIRCOVMAXS27,air-cover-mattress-protector-extra-high-mattress
SAIRCOVMAXS37,Air Cover Matratzenschoner – für besonders hohe Matratzen,"Ein atmungsaktiver, hauchdünner Matratzenschoner aus 3D-Strickgewebe mit antibakterieller Purotex+-Behandlung, speziell für besonders hohe Matratzen bis zu 40 cm konzipiert.",https://www.maisondecocon.com/products/air-cover-mattress-protector-extra-high-mattress?variant_sku=SAIRCOVMAXS37,https://cdn.shopify.com/s/files/1/0884/0278/8685/files/air-cover-mattress-protector-extra-high-front.jpg?v=1786022001,in_stock,315.00 EUR,Casilin,new,5420065500935,SAIRCOVMAXS37,air-cover-mattress-protector-extra-high-mattress
SAIRCOVMAXS27L,Air Cover Matratzenschoner – für besonders hohe Matratzen,"Ein atmungsaktiver, hauchdünner Matratzenschoner aus 3D-Strickgewebe mit antibakterieller Purotex+-Behandlung, speziell für besonders hohe Matratzen bis zu 40 cm konzipiert.",https://www.maisondecocon.com/products/air-cover-mattress-protector-extra-high-mattress?variant_sku=SAIRCOVMAXS27L,https://cdn.shopify.com/s/files/1/0884/0278/8685/files/air-cover-mattress-protector-extra-high-front.jpg?v=1786022001,in_stock,255.00 EUR,Casilin,new,5420065500881,SAIRCOVMAXS27L,air-cover-mattress-protector-extra-high-mattress
SAIRCOVMAXS19,Air Cover Matratzenschoner – für besonders hohe Matratzen,"Ein atmungsaktiver, hauchdünner Matratzenschoner aus 3D-Strickgewebe mit antibakterieller Purotex+-Behandlung, speziell für besonders hohe Matratzen bis zu 40 cm konzipiert.",https://www.maisondecocon.com/products/air-cover-mattress-protector-extra-high-mattress?variant_sku=SAIRCOVMAXS19,https://cdn.shopify.com/s/files/1/0884/0278/8685/files/air-cover-mattress-protector-extra-high-front.jpg?v=1786022001,in_stock,179.00 EUR,Casilin,new,5420065500799,SAIRCOVMAXS19,air-cover-mattress-protector-extra-high-mattress
SAIRCOVMAXS25L,Air Cover Matratzenschoner – für besonders hohe Matratzen,"Ein atmungsaktiver, hauchdünner Matratzenschoner aus 3D-Strickgewebe mit antibakterieller Purotex+-Behandlung, speziell für besonders hohe Matratzen bis zu 40 cm konzipiert.",https://www.maisondecocon.com/products/air-cover-mattress-protector-extra-high-mattress?variant_sku=SAIRCOVMAXS25L,https://cdn.shopify.com/s/files/1/0884/0278/8685/files/air-cover-mattress-protector-extra-high-front.jpg?v=1786022001,in_stock,245.00 EUR,Casilin,new,5420065500867,SAIRCOVMAXS25L,air-cover-mattress-protector-extra-high-mattress
SAIRCOVMAXS22L,Air Cover Matratzenschoner – für besonders hohe Matratzen,"Ein atmungsaktiver, hauchdünner Matratzenschoner aus 3D-Strickgewebe mit antibakterieller Purotex+-Behandlung, speziell für besonders hohe Matratzen bis zu 40 cm konzipiert.",https://www.maisondecocon.com/products/air-cover-mattress-protector-extra-high-mattress?variant_sku=SAIRCOVMAXS22L,https://cdn.shopify.com/s/files/1/0884/0278/8685/files/air-cover-mattress-protector-extra-high-front.jpg?v=1786022001,in_stock,229.00 EUR,Casilin,new,5420065500843,SAIRCOVMAXS22L,air-cover-mattress-protector-extra-high-mattress
SAIRCOVMAXS25,Air Cover Matratzenschoner – für besonders hohe Matratzen,"Ein atmungsaktiver, hauchdünner Matratzenschoner aus 3D-Strickgewebe mit antibakterieller Purotex+-Behandlung, speziell für besonders hohe Matratzen bis zu 40 cm konzipiert.",https://www.maisondecocon.com/products/air-cover-mattress-protector-extra-high-mattress?variant_sku=SAIRCOVMAXS25,https://cdn.shopify.com/s/files/1/0884/0278/8685/files/air-cover-mattress-protector-extra-high-front.jpg?v=1786022001,in_stock,215.00 EUR,Casilin,new,5420065500850,SAIRCOVMAXS25,air-cover-mattress-protector-extra-high-mattress
SAIRCOVMAXS20,Air Cover Matratzenschoner – für besonders hohe Matratzen,"Ein atmungsaktiver, hauchdünner Matratzenschoner aus 3D-Strickgewebe mit antibakterieller Purotex+-Behandlung, speziell für besonders hohe Matratzen bis zu 40 cm konzipiert.",https://www.maisondecocon.com/products/air-cover-mattress-protector-extra-high-mattress?variant_sku=SAIRCOVMAXS20,https://cdn.shopify.com/s/files/1/0884/0278/8685/files/air-cover-mattress-protector-extra-high-front.jpg?v=1786022001,in_stock,189.00 EUR,Casilin,new,5420065500812,SAIRCOVMAXS20,air-cover-mattress-protector-extra-high-mattress
FCRINKSTRF0426,Bettbezug aus Baumwoll-Musselin – Beige,"Ein atmungsaktiver Bettbezug aus Baumwollmusselin mit einer natürlich geknitterten, bügelfreien Struktur – er fühlt sich weich an und ist pflegeleicht.",https://www.maisondecocon.com/products/cotton-muslin-duvet-cover-beige?variant_sku=FCRINKSTRF0426,https://cdn.shopify.com/s/files/1/0884/0278/8685/files/cotton-muslin-duvet-cover-beige-detail.jpg?v=1786009876,in_stock,139.00 EUR,Casilin,new,5407004721040,FCRINKSTRF0426,cotton-muslin-duvet-cover-beige
FCRINKSTRF0443,Bettbezug aus Baumwoll-Musselin – Beige,"Ein atmungsaktiver Bettbezug aus Baumwollmusselin mit einer natürlich geknitterten, bügelfreien Struktur – er fühlt sich weich an und ist pflegeleicht.",https://www.maisondecocon.com/products/cotton-muslin-duvet-cover-beige?variant_sku=FCRINKSTRF0443,https://cdn.shopify.com/s/files/1/0884/0278/8685/files/cotton-muslin-duvet-cover-beige-detail.jpg?v=1786009876,in_stock,209.00 EUR,Casilin,new,5407004721057,FCRINKSTRF0443,cotton-muslin-duvet-cover-beige
FCRINKSTRF0452,Bettbezug aus Baumwoll-Musselin – Beige,"Ein atmungsaktiver Bettbezug aus Baumwollmusselin mit einer natürlich geknitterten, bügelfreien Struktur – er fühlt sich weich an und ist pflegeleicht.",https://www.maisondecocon.com/products/cotton-muslin-duvet-cover-beige?variant_sku=FCRINKSTRF0452,https://cdn.shopify.com/s/files/1/0884/0278/8685/files/cotton-muslin-duvet-cover-beige-detail.jpg?v=1786009876,in_stock,229.00 EUR,Casilin,new,5407004721064,FCRINKSTRF0452,cotton-muslin-duvet-cover-beige
FCRINKSTRF0454,Bettbezug aus Baumwoll-Musselin – Beige,"Ein atmungsaktiver Bettbezug aus Baumwollmusselin mit einer natürlich geknitterten, bügelfreien Struktur – er fühlt sich weich an und ist pflegeleicht.",https://www.maisondecocon.com/products/cotton-muslin-duvet-cover-beige?variant_sku=FCRINKSTRF0454,https://cdn.shopify.com/s/files/1/0884/0278/8685/files/cotton-muslin-duvet-cover-beige-detail.jpg?v=1786009876,in_stock,239.00 EUR,Casilin,new,,FCRINKSTRF0454,cotton-muslin-duvet-cover-beige
SFROSTS18,ThermoComfort Frost Matratzenschoner,"Ein kühlender Matratzenschoner aus thermoregulierender Outlast-Baumwolle, der dafür sorgt, dass Ihre Schlaftemperatur ausgeglichen bleibt – ganz gleich, ob Ihnen schnell warm oder kalt wird.",https://www.maisondecocon.com/products/thermocomfort-frost-mattress-protector?variant_sku=SFROSTS18,https://cdn.shopify.com/s/files/1/0884/0278/8685/files/thermocomfort-frost-mattress-protector-packaging.jpg?v=1786021325,in_stock,99.50 EUR,Casilin,new,8414205003346,SFROSTS18,thermocomfort-frost-mattress-protector
SFROSTS20,ThermoComfort Frost Matratzenschoner,"Ein kühlender Matratzenschoner aus thermoregulierender Outlast-Baumwolle, der dafür sorgt, dass Ihre Schlaftemperatur ausgeglichen bleibt – ganz gleich, ob Ihnen schnell warm oder kalt wird.",https://www.maisondecocon.com/products/thermocomfort-frost-mattress-protector?variant_sku=SFROSTS20,https://cdn.shopify.com/s/files/1/0884/0278/8685/files/thermocomfort-frost-mattress-protector-packaging.jpg?v=1786021325,out_of_stock,114.90 EUR,Casilin,new,8414205003353,SFROSTS20,thermocomfort-frost-mattress-protector
SFROSTS22,ThermoComfort Frost Matratzenschoner,"Ein kühlender Matratzenschoner aus thermoregulierender Outlast-Baumwolle, der dafür sorgt, dass Ihre Schlaftemperatur ausgeglichen bleibt – ganz gleich, ob Ihnen schnell warm oder kalt wird.",https://www.maisondecocon.com/products/thermocomfort-frost-mattress-protector?variant_sku=SFROSTS22,https://cdn.shopify.com/s/files/1/0884/0278/8685/files/thermocomfort-frost-mattress-protector-packaging.jpg?v=1786021325,out_of_stock,117.90 EUR,Casilin,new,8414205003360,SFROSTS22,thermocomfort-frost-mattress-protector
SFROSTS21,ThermoComfort Frost Matratzenschoner,"Ein kühlender Matratzenschoner aus thermoregulierender Outlast-Baumwolle, der dafür sorgt, dass Ihre Schlaftemperatur ausgeglichen bleibt – ganz gleich, ob Ihnen schnell warm oder kalt wird.",https://www.maisondecocon.com/products/thermocomfort-frost-mattress-protector?variant_sku=SFROSTS21,https://cdn.shopify.com/s/files/1/0884/0278/8685/files/thermocomfort-frost-mattress-protector-packaging.jpg?v=1786021325,out_of_stock,126.90 EUR,Casilin,new,8414205003377,SFROSTS21,thermocomfort-frost-mattress-protector
SFROSTS24,ThermoComfort Frost Matratzenschoner,"Ein kühlender Matratzenschoner aus thermoregulierender Outlast-Baumwolle, der dafür sorgt, dass Ihre Schlaftemperatur ausgeglichen bleibt – ganz gleich, ob Ihnen schnell warm oder kalt wird.",https://www.maisondecocon.com/products/thermocomfort-frost-mattress-protector?variant_sku=SFROSTS24,https://cdn.shopify.com/s/files/1/0884/0278/8685/files/thermocomfort-frost-mattress-protector-packaging.jpg?v=1786021325,out_of_stock,144.50 EUR,Casilin,new,8414205003384,SFROSTS24,thermocomfort-frost-mattress-protector
SFROSTS25,ThermoComfort Frost Matratzenschoner,"Ein kühlender Matratzenschoner aus thermoregulierender Outlast-Baumwolle, der dafür sorgt, dass Ihre Schlaftemperatur ausgeglichen bleibt – ganz gleich, ob Ihnen schnell warm oder kalt wird.",https://www.maisondecocon.com/products/thermocomfort-frost-mattress-protector?variant_sku=SFROSTS25,https://cdn.shopify.com/s/files/1/0884/0278/8685/files/thermocomfort-frost-mattress-protector-packaging.jpg?v=1786021325,out_of_stock,156.50 EUR,Casilin,new,8414205003407,SFROSTS25,thermocomfort-frost-mattress-protector
SFROSTS31,ThermoComfort Frost Matratzenschoner,"Ein kühlender Matratzenschoner aus thermoregulierender Outlast-Baumwolle, der dafür sorgt, dass Ihre Schlaftemperatur ausgeglichen bleibt – ganz gleich, ob Ihnen schnell warm oder kalt wird.",https://www.maisondecocon.com/products/thermocomfort-frost-mattress-protector?variant_sku=SFROSTS31,https://cdn.shopify.com/s/files/1/0884/0278/8685/files/thermocomfort-frost-mattress-protector-packaging.jpg?v=1786021325,out_of_stock,180.50 EUR,Casilin,new,8414205003421,SFROSTS31,thermocomfort-frost-mattress-protector
SFROSTS33,ThermoComfort Frost Matratzenschoner,"Ein kühlender Matratzenschoner aus thermoregulierender Outlast-Baumwolle, der dafür sorgt, dass Ihre Schlaftemperatur ausgeglichen bleibt – ganz gleich, ob Ihnen schnell warm oder kalt wird.",https://www.maisondecocon.com/products/thermocomfort-frost-mattress-protector?variant_sku=SFROSTS33,https://cdn.shopify.com/s/files/1/0884/0278/8685/files/thermocomfort-frost-mattress-protector-packaging.jpg?v=1786021325,out_of_stock,196.90 EUR,Casilin,new,8414205003438,SFROSTS33,thermocomfort-frost-mattress-protector
SFROSTS37,ThermoComfort Frost Matratzenschoner,"Ein kühlender Matratzenschoner aus thermoregulierender Outlast-Baumwolle, der dafür sorgt, dass Ihre Schlaftemperatur ausgeglichen bleibt – ganz gleich, ob Ihnen schnell warm oder kalt wird.",https://www.maisondecocon.com/products/thermocomfort-frost-mattress-protector?variant_sku=SFROSTS37,https://cdn.shopify.com/s/files/1/0884/0278/8685/files/thermocomfort-frost-mattress-protector-packaging.jpg?v=1786021325,out_of_stock,217.90 EUR,Casilin,new,8414205003445,SFROSTS37,thermocomfort-frost-mattress-protector
SFROSTS23,ThermoComfort Frost Matratzenschoner,"Ein kühlender Matratzenschoner aus thermoregulierender Outlast-Baumwolle, der dafür sorgt, dass Ihre Schlaftemperatur ausgeglichen bleibt – ganz gleich, ob Ihnen schnell warm oder kalt wird.",https://www.maisondecocon.com/products/thermocomfort-frost-mattress-protector?variant_sku=SFROSTS23,https://cdn.shopify.com/s/files/1/0884/0278/8685/files/thermocomfort-frost-mattress-protector-packaging.jpg?v=1786021325,out_of_stock,134.90 EUR,Casilin,new,8414205003469,SFROSTS23,thermocomfort-frost-mattress-protector
SFROSTS32,ThermoComfort Frost Matratzenschoner,"Ein kühlender Matratzenschoner aus thermoregulierender Outlast-Baumwolle, der dafür sorgt, dass Ihre Schlaftemperatur ausgeglichen bleibt – ganz gleich, ob Ihnen schnell warm oder kalt wird.",https://www.maisondecocon.com/products/thermocomfort-frost-mattress-protector?variant_sku=SFROSTS32,https://cdn.shopify.com/s/files/1/0884/0278/8685/files/thermocomfort-frost-mattress-protector-packaging.jpg?v=1786021325,out_of_stock,233.90 EUR,Casilin,new,8414205722513,SFROSTS32,thermocomfort-frost-mattress-protector
SFROSTS34,ThermoComfort Frost Matratzenschoner,"Ein kühlender Matratzenschoner aus thermoregulierender Outlast-Baumwolle, der dafür sorgt, dass Ihre Schlaftemperatur ausgeglichen bleibt – ganz gleich, ob Ihnen schnell warm oder kalt wird.",https://www.maisondecocon.com/products/thermocomfort-frost-mattress-protector?variant_sku=SFROSTS34,https://cdn.shopify.com/s/files/1/0884/0278/8685/files/thermocomfort-frost-mattress-protector-packaging.jpg?v=1786021325,out_of_stock,236.50 EUR,Casilin,new,8414205003483,SFROSTS34,thermocomfort-frost-mattress-protector
SFROSTS38,ThermoComfort Frost Matratzenschoner,"Ein kühlender Matratzenschoner aus thermoregulierender Outlast-Baumwolle, der dafür sorgt, dass Ihre Schlaftemperatur ausgeglichen bleibt – ganz gleich, ob Ihnen schnell warm oder kalt wird.",https://www.maisondecocon.com/products/thermocomfort-frost-mattress-protector?variant_sku=SFROSTS38,https://cdn.shopify.com/s/files/1/0884/0278/8685/files/thermocomfort-frost-mattress-protector-packaging.jpg?v=1786021325,out_of_stock,236.90 EUR,Casilin,new,8414205003490,SFROSTS38,thermocomfort-frost-mattress-protector
0793002340679-copy,Woll-Decke „Cool Mint“ 140 × 200,Diese Decke wurde aus 100 % neuseeländischer Wolle mit einem beachtlichen Gewicht von 450 g/m² gewebt und verleiht jedem Bett und jedem Wohnraum natürliche Wärme und zurückhaltende Eleganz.,https://www.maisondecocon.com/products/wool-throw-blanket-cool-mint-140-200?variant_sku=0793002340679-copy,https://cdn.shopify.com/s/files/1/0884/0278/8685/files/wool-bed-blanket-cool-mint-folded.jpg?v=1785920918,in_stock,108.90 EUR,MoST Blankets,new,,0793002340679-copy,wool-throw-blanket-cool-mint-140-200
0793002340662-copy,Woll-Decke „Cool Mint“ 140 × 200,Diese Decke wurde aus 100 % neuseeländischer Wolle mit einem beachtlichen Gewicht von 450 g/m² gewebt und verleiht jedem Bett und jedem Wohnraum natürliche Wärme und zurückhaltende Eleganz.,https://www.maisondecocon.com/products/wool-throw-blanket-cool-mint-140-200?variant_sku=0793002340662-copy,https://cdn.shopify.com/s/files/1/0884/0278/8685/files/wool-bed-blanket-cool-mint-folded.jpg?v=1785920918,in_stock,88.90 EUR,MoST Blankets,new,,0793002340662-copy,wool-throw-blanket-cool-mint-140-200
8720849141093,"Bettüberwurf aus Merinowolle „Sun Dust“, 200 x 220","Diese Tagesdecke besteht aus einer Mischung aus 80 % Merinowolle und 20 % Nylon und bietet außergewöhnliche Wärme, Weichheit und langlebige Strapazierfähigkeit für kühle Nächte.",https://www.maisondecocon.com/products/merino-wool-bedspread-sun-dust-200-220?variant_sku=8720849141093,https://cdn.shopify.com/s/files/1/0884/0278/8685/files/merino-wool-bedspread-sun-dust-folded.jpg?v=1785931931,in_stock,109.00 EUR,MoST Blankets,new,,8720849141093,merino-wool-bedspread-sun-dust-200-220
8720849141918,"Woll-Überwurfdecke „Manoria Savana“ – mehrfarbig, braun","Die aus 100 % neuseeländischer Wolle gefertigte Manoria-Decke besticht durch ein markantes Zickzackmuster, das jedem Raum lebendige Farben und verspielte Eleganz verleiht.",https://www.maisondecocon.com/products/wool-throw-blanket-manoria-savana-multi-colored-brown?variant_sku=8720849141918,https://cdn.shopify.com/s/files/1/0884/0278/8685/files/wool-throw-blanket-manoria-savana-folded.jpg?v=1785999804,in_stock,69.90 EUR,MoST Blankets,new,8720849141918,8720849141918,wool-throw-blanket-manoria-savana-multi-colored-brown
8720849140355,"Woll-Decke „Florence“ in Grau, 140 x 200","Die aus 100 % neuseeländischer Wolle gefertigte Decke „Florence“ verleiht jedem Raum einen eleganten, italienisch inspirierten Stil und eine edle Struktur.",https://www.maisondecocon.com/products/wool-throw-blanket-florence-grey-140-200?variant_sku=8720849140355,https://cdn.shopify.com/s/files/1/0884/0278/8685/files/wool-throw-blanket-florence-grey-folded.jpg?v=1785932573,in_stock,69.00 EUR,MoST Blankets,new,8720849140355,8720849140355,wool-throw-blanket-florence-grey-140-200
8720849140577,"Woll-Decke „Chocolate Chip“, 140 x 200",Diese Decke aus 100 % neuseeländischer Wolle mit einem beachtlichen Gewicht von 450 g/m² sorgt in jedem Schlafzimmer für echte Wärme und dauerhaften Komfort.,https://www.maisondecocon.com/products/wool-throw-blanket-chocolate-chip-140-200?variant_sku=8720849140577,https://cdn.shopify.com/s/files/1/0884/0278/8685/files/wool-throw-chocolate-chip-folded.jpg?v=1786003624,in_stock,88.90 EUR,MoST Blankets,new,,8720849140577,wool-throw-blanket-chocolate-chip-140-200
8720849142038-1,"Woll-Bouclé-Decke „Paris“, dunkelbraun, 140 x 200","Die Decke „Paris“ besteht aus einer luxuriösen Bouclé-Mischung aus 80 % Wolle und 20 % Polyester und bietet weiche, behagliche Wärme sowohl im Innen- als auch im Außenbereich.",https://www.maisondecocon.com/products/wool-boucle-throw-blanket-paris-dark-brown-140-200?variant_sku=8720849142038-1,https://cdn.shopify.com/s/files/1/0884/0278/8685/files/wool-boucle-throw-blanket-paris-dark-brown-folded.jpg?v=1785934206,in_stock,71.00 EUR,MoST Blankets,new,8720849142038,8720849142038-1,wool-boucle-throw-blanket-paris-dark-brown-140-200
8720849140553,Woll-Decke „Hunter“ 140 x 200,Die aus 100 % neuseeländischer Wolle gewebte Decke „Hunter“ mit einem beachtlichen Gewicht von 450 g/m² verleiht jedem Wohnraum natürliche Wärme und zurückhaltende Eleganz.,https://www.maisondecocon.com/products/wool-bed-blanket-hunter-140-200?variant_sku=8720849140553,https://cdn.shopify.com/s/files/1/0884/0278/8685/files/wool-throw-hunter-folded.jpg?v=1786006889,out_of_stock,88.90 EUR,MoST Blankets,new,,8720849140553,wool-bed-blanket-hunter-140-200
8720849141888,"Woll-Decke „Manoria Foresta“ – mehrfarbig, grün","Die aus 100 % neuseeländischer Wolle gefertigte Manoria-Decke besticht durch ein markantes Zickzackmuster, das jedem Raum lebendige Farben und verspielte Eleganz verleiht.",https://www.maisondecocon.com/products/wool-throw-blanket-manoria-foresta-green-140-200?variant_sku=8720849141888,https://cdn.shopify.com/s/files/1/0884/0278/8685/files/wool-throw-blanket-manoria-foresta-folded.jpg?v=1785934570,in_stock,69.90 EUR,MoST Blankets,new,8720849141888,8720849141888,wool-throw-blanket-manoria-foresta-green-140-200
EB5B9B5CCF943AEA,"Bettläufer aus Wolle „Blue Fog“, 130 x 250","Dieser aus einer hochwertigen Wollmischung gefertigte Bettläufer verleiht jedem Bett Wärme, Struktur und einen edlen Look im Hotelstil.",https://www.maisondecocon.com/products/wool-bed-runner-blue-fog-130-250?variant_sku=EB5B9B5CCF943AEA,https://cdn.shopify.com/s/files/1/0884/0278/8685/files/wool-bed-runner-blue-fog-folded.jpg?v=1785935879,in_stock,95.00 EUR,MoST Blankets,new,8720849142151,EB5B9B5CCF943AEA,wool-bed-runner-blue-fog-130-250
8720849142120-1,"Decke aus Merinowolle und Kaschmir „Luma“, Soft Blue, 140 x 200","Die Luma Soft-Decke wurde aus einer edlen Mischung aus 90 % Merinowolle und 10 % Kaschmir gefertigt und bietet außergewöhnliche Weichheit, Leichtigkeit und natürliche Wärme.",https://www.maisondecocon.com/products/merino-wool-cashmere-throw-blanket-luma-soft-blue-140-200?variant_sku=8720849142120-1,https://cdn.shopify.com/s/files/1/0884/0278/8685/files/merino-wool-cashmere-throw-blanket-luma-soft-blue-folded.jpg?v=1785936692,in_stock,119.00 EUR,MoST Blankets,new,8720849142120,8720849142120-1,merino-wool-cashmere-throw-blanket-luma-soft-blue-140-200
B4B0CBB397BC961E,"Bettläufer aus Wolle „Eco Fossil“, 130 x 250","Dieser aus einer hochwertigen Wollmischung gefertigte Bettläufer verleiht jedem Bett Wärme, Struktur und einen edlen Look im Hotelstil.",https://www.maisondecocon.com/products/wool-bed-runner-eco-fossil-130-250?variant_sku=B4B0CBB397BC961E,https://cdn.shopify.com/s/files/1/0884/0278/8685/files/wool-bed-runner-eco-fossil-folded.jpg?v=1785937227,in_stock,95.00 EUR,MoST Blankets,new,8720849142168,B4B0CBB397BC961E,wool-bed-runner-eco-fossil-130-250
8720849141451,"Woll-Decke „Rio Green“, 140 x 200",Die aus 100 % reiner Schafwolle gefertigte Decke „Rio“ bietet behagliche Wärme und farbenfrohen Stil – sowohl für den Innen- als auch für den Außenbereich.,https://www.maisondecocon.com/products/wool-throw-blanket-rio-green-140-200?variant_sku=8720849141451,https://cdn.shopify.com/s/files/1/0884/0278/8685/files/wool-throw-blanket-rio-green-folded.jpg?v=1785937438,in_stock,68.50 EUR,MoST Blankets,new,8720849141451,8720849141451,wool-throw-blanket-rio-green-140-200
EA9A3B09DCB93819,"Merino- und Kaschmir-Decke „Tibet Grey“, 140 x 200",Das Tibet-Tuch besteht aus einer luxuriösen Mischung aus 50 % Kaschmir und 50 % Merinowolle und bietet außergewöhnliche Weichheit und Wärme.,https://www.maisondecocon.com/products/merino-cashmere-throw-blanket-tibet-grey-140-200?variant_sku=EA9A3B09DCB93819,https://cdn.shopify.com/s/files/1/0884/0278/8685/files/merino-cashmere-throw-blanket-tibet-grey-folded.jpg?v=1785938135,in_stock,155.00 EUR,MoST Blankets,new,8720849141420,EA9A3B09DCB93819,merino-cashmere-throw-blanket-tibet-grey-140-200
0793002340693,"Woll-Decke in zartem Gelb, 140 x 200",Die aus 100 % neuseeländischer Wolle gewebte Decke „Misted Yellow“ mit einem beachtlichen Gewicht von 450 g/m² verleiht jedem Wohnraum natürliche Wärme und zurückhaltende Eleganz.,https://www.maisondecocon.com/products/wool-bed-blanket-misted-yellow-140-200?variant_sku=0793002340693,https://cdn.shopify.com/s/files/1/0884/0278/8685/files/wool-throw-blanket-misted-yellow-folded.jpg?v=1786007092,out_of_stock,88.90 EUR,MoST Blankets,new,,0793002340693,wool-bed-blanket-misted-yellow-140-200
8720849141680-1,Woll-Decke „Tribe Green“ 140 x 200,Mit ihrem aufwendig gearbeiteten ukrainischen Motiv verleiht diese Wolldecke jedem Raum ein Stück kulturelles Erbe und behagliche Wärme.,https://www.maisondecocon.com/products/wool-throw-blanket-tribe-green-140-200?variant_sku=8720849141680-1,https://cdn.shopify.com/s/files/1/0884/0278/8685/files/wool-throw-blanket-tribe-green-folded.jpg?v=1785938541,in_stock,95.00 EUR,MoST Blankets,new,8720849141680,8720849141680-1,wool-throw-blanket-tribe-green-140-200
8720849140737-1,"Woll-Tagesdecke „Tribe Bronze“, 200 × 220",Diese Bettdecke aus Wolle mit einem aufwendig gearbeiteten ukrainischen Motiv bringt kulturelles Erbe und behagliche Wärme in Ihr Schlafzimmer.,https://www.maisondecocon.com/products/wool-bedspread-tribe-bronze-200-220?variant_sku=8720849140737-1,https://cdn.shopify.com/s/files/1/0884/0278/8685/files/wool-bedspread-tribe-bronze-folded.jpg?v=1785939175,in_stock,115.00 EUR,MoST Blankets,new,8720849140737,8720849140737-1,wool-bedspread-tribe-bronze-200-220
0793002340440,"Merino- und Kaschmir-Decke „Milano Blue“, 140 × 200",Das Milano-Tuch besteht aus einer Mischung aus 90 % Merinowolle und 10 % Kaschmir und besticht durch außergewöhnliche Weichheit und zeitlose Eleganz.,https://www.maisondecocon.com/products/merino-cashmere-throw-blanket-milano-blue-140-200?variant_sku=0793002340440,https://cdn.shopify.com/s/files/1/0884/0278/8685/files/merino-cashmere-throw-blanket-milano-blue-texture.jpg?v=1785939755,in_stock,85.50 EUR,MoST Blankets,new,0793002340440,0793002340440,merino-cashmere-throw-blanket-milano-blue-140-200
8720849141284-1,"Woll-Decke „Venezia Mint“, 140 x 200","Die aus 100 % neuseeländischer Wolle gewebte Decke „Venezia“ verleiht jedem Raum in Ihrem Zuhause sanfte, natürliche Wärme und zurückhaltende Eleganz.",https://www.maisondecocon.com/products/wool-throw-blanket-venezia-mint-140-200?variant_sku=8720849141284-1,https://cdn.shopify.com/s/files/1/0884/0278/8685/files/wool-throw-blanket-venezia-mint-folded.jpg?v=1785939993,in_stock,71.00 EUR,MoST Blankets,new,8720849141284,8720849141284-1,wool-throw-blanket-venezia-mint-140-200
8720849141314,Woll-Decke „Denver Olive“ 140 x 200,"Die Denver-Decke besteht zu 100 % aus neuseeländischer Wolle und besticht durch ein markantes Zickzackmuster sowie eine auffällige Kantenverarbeitung, die für einen lässigen Stil sorgt.",https://www.maisondecocon.com/products/wool-throw-blanket-denver-olive-140-200?variant_sku=8720849141314,https://cdn.shopify.com/s/files/1/0884/0278/8685/files/wool-throw-blanket-denver-olive-folded-main.jpg?v=1785941841,in_stock,70.00 EUR,MoST Blankets,new,8720849141314,8720849141314,wool-throw-blanket-denver-olive-140-200
8720849141758,Woll-Bouclé-Decke „Paris Cappuccino“ 140 x 200,"Die Decke „Paris“ besteht aus einer luxuriösen Bouclé-Mischung aus 80 % Wolle und 20 % Polyester und bietet weiche, behagliche Wärme sowohl im Innen- als auch im Außenbereich.",https://www.maisondecocon.com/products/wool-boucle-throw-blanket-paris-cappuccino-140-200?variant_sku=8720849141758,https://cdn.shopify.com/s/files/1/0884/0278/8685/files/wool-boucle-throw-blanket-paris-cappuccino-folded.jpg?v=1785942107,in_stock,71.00 EUR,MoST Blankets,new,8720849141758,8720849141758,wool-boucle-throw-blanket-paris-cappuccino-140-200
8720849141321,"Woll-Decke „Denver“, beige","Die Denver-Decke besteht zu 100 % aus neuseeländischer Wolle und besticht durch ein markantes Zickzackmuster sowie eine auffällige Kantenverarbeitung, die für einen lässigen Stil sorgt.",https://www.maisondecocon.com/products/wool-throw-blanket-denver-beige-140-200?variant_sku=8720849141321,https://cdn.shopify.com/s/files/1/0884/0278/8685/files/wool-throw-blanket-denver-beige-folded.jpg?v=1785942741,in_stock,70.00 EUR,MoST Blankets,new,8720849141321,8720849141321,wool-throw-blanket-denver-beige-140-200
8720849141277,"Woll-Decke „Linea Orion“, 140 x 200","Der aus 100 % neuseeländischer Wolle gefertigte Linea-Überwurf besticht durch ein schlichtes Linienmuster, das jedem Raum moderne Eleganz und einen minimalistischen Stil verleiht.",https://www.maisondecocon.com/products/wool-throw-blanket-linea-orion-140-200?variant_sku=8720849141277,https://cdn.shopify.com/s/files/1/0884/0278/8685/files/wool-throw-blanket-linea-orion-lifestyle.jpg?v=1785943162,in_stock,69.90 EUR,MoST Blankets,new,8720849141277,8720849141277,wool-throw-blanket-linea-orion-140-200
8720849141956-1,"Woll-Decke „Denver Terra“, 140 x 200","Die Denver-Decke besteht zu 100 % aus neuseeländischer Wolle und besticht durch ein markantes Zickzackmuster sowie eine auffällige Kantenverarbeitung, die für einen lässigen Stil sorgt.",https://www.maisondecocon.com/products/wool-throw-blanket-denver-terra-140-200?variant_sku=8720849141956-1,https://cdn.shopify.com/s/files/1/0884/0278/8685/files/wool-throw-blanket-denver-terra-folded.jpg?v=1785943621,in_stock,70.00 EUR,MoST Blankets,new,8720849141956,8720849141956-1,wool-throw-blanket-denver-terra-140-200
8720849141185,"Woll-Decke „Ugle Blue“, 140 x 200","Die Decke „Ugle“ besteht zu 100 % aus neuseeländischer Wolle und besticht durch sanfte, beruhigende Farben, die sich nahtlos in jede Einrichtung einfügen.",https://www.maisondecocon.com/products/wool-throw-blanket-ugle-blue?variant_sku=8720849141185,https://cdn.shopify.com/s/files/1/0884/0278/8685/files/wool-throw-blanket-ugle-blue-folded.jpg?v=1785943991,in_stock,69.90 EUR,MoST Blankets,new,8720849141185,8720849141185,wool-throw-blanket-ugle-blue
8720849141161,"Woll-Decke „Ugle Green“, 140 x 200","Die Decke „Ugle“ besteht zu 100 % aus neuseeländischer Wolle und besticht durch sanfte, beruhigende Farben, die sich nahtlos in jede Einrichtung einfügen.",https://www.maisondecocon.com/products/wool-throw-blanket-ugle-green-140-200?variant_sku=8720849141161,https://cdn.shopify.com/s/files/1/0884/0278/8685/files/wool-throw-blanket-ugle-green-folded.jpg?v=1785944249,in_stock,69.90 EUR,MoST Blankets,new,8720849141161,8720849141161,wool-throw-blanket-ugle-green-140-200
8720849140485,"Merino- und Kaschmir-Decke „Milano Brown“, 140 x 200",Das Milano-Tuch besteht aus einer Mischung aus 90 % Merinowolle und 10 % Kaschmir und besticht durch außergewöhnliche Weichheit und zeitlose Eleganz.,https://www.maisondecocon.com/products/merino-cashmere-throw-blanket-milano-brown-140-200?variant_sku=8720849140485,https://cdn.shopify.com/s/files/1/0884/0278/8685/files/merino-cashmere-throw-blanket-milano-brown-folded.jpg?v=1785944604,in_stock,85.50 EUR,MoST Blankets,new,8720849140485,8720849140485,merino-cashmere-throw-blanket-milano-brown-140-200
8720849140843,Woll-Decke „City Stripe“ 130 x 170,"Eine weiche, kuschelige Wolldecke, die Wärme und Behaglichkeit spendet und sich perfekt eignet, um jedem Sofa oder Bett eine elegante Note zu verleihen.",https://www.maisondecocon.com/products/wool-throw-blanket-city-stripe-130-170?variant_sku=8720849140843,https://cdn.shopify.com/s/files/1/0884/0278/8685/files/wool-throw-blanket-city-stripe-folded-main.jpg?v=1785947653,in_stock,70.90 EUR,MoST Blankets,new,8720849140843,8720849140843,wool-throw-blanket-city-stripe-130-170
8720849141741,"Woll-Bouclé-Decke „Paris“, senfgelb, 140 x 200","Die Decke „Paris“ besteht aus einer luxuriösen Bouclé-Mischung aus 80 % Wolle und 20 % Polyester und bietet weiche, behagliche Wärme sowohl im Innen- als auch im Außenbereich.",https://www.maisondecocon.com/products/wool-boucle-throw-blanket-paris-mustard-yellow-140-200?variant_sku=8720849141741,https://cdn.shopify.com/s/files/1/0884/0278/8685/files/wool-boucle-throw-blanket-paris-mustard-yellow-folded.jpg?v=1785948448,in_stock,71.00 EUR,MoST Blankets,new,8720849141741,8720849141741,wool-boucle-throw-blanket-paris-mustard-yellow-140-200
0793002340433,"Merino- und Kaschmir-Decke „Milano“, hellgrau, 140 x 200",Das Milano-Tuch besteht aus einer Mischung aus 90 % Merinowolle und 10 % Kaschmir und besticht durch außergewöhnliche Weichheit und zeitlose Eleganz.,https://www.maisondecocon.com/products/merino-cashmere-throw-blanket-milano-light-grey-140-200?variant_sku=0793002340433,https://cdn.shopify.com/s/files/1/0884/0278/8685/files/merino-cashmere-throw-blanket-milano-light-grey-folded.jpg?v=1785948849,in_stock,85.50 EUR,MoST Blankets,new,0793002340433,0793002340433,merino-cashmere-throw-blanket-milano-light-grey-140-200
8720849140942,"Woll-Decke „Sienna Blue“, 140 x 200",Die aus 100 % neuseeländischer Wolle gefertigte Decke „Sienna“ verleiht jedem Sofa oder Bett satte Farbtöne und zeitlose Eleganz.,https://www.maisondecocon.com/products/wool-throw-blanket-sienna-blue-140-200?variant_sku=8720849140942,https://cdn.shopify.com/s/files/1/0884/0278/8685/files/wool-throw-blanket-sienna-blue-lifestyle.jpg?v=1785949343,in_stock,68.90 EUR,MoST Blankets,new,8720849140942,8720849140942,wool-throw-blanket-sienna-blue-140-200
8720849141895,Woll-Decke „Manoria Acqua“ – mehrfarbig in Blau,"Die aus 100 % neuseeländischer Wolle gefertigte Manoria-Decke besticht durch ein markantes Zickzackmuster, das jedem Raum lebendige Farben und verspielte Eleganz verleiht.",https://www.maisondecocon.com/products/wool-throw-blanket-manoria-acqua-blue-140-200?variant_sku=8720849141895,https://cdn.shopify.com/s/files/1/0884/0278/8685/files/wool-throw-blanket-manoria-acqua-folded.jpg?v=1785949645,in_stock,69.90 EUR,MoST Blankets,new,8720849141895,8720849141895,wool-throw-blanket-manoria-acqua-blue-140-200
0AA5C4EF5C0B2550,"Woll-Bouclé-Decke „Paris White“, 140 x 200","Die Decke „Paris“ besteht aus einer luxuriösen Bouclé-Mischung aus 80 % Wolle und 20 % Polyester und bietet weiche, behagliche Wärme sowohl im Innen- als auch im Außenbereich.",https://www.maisondecocon.com/products/wool-boucle-throw-blanket-paris-white-140-200?variant_sku=0AA5C4EF5C0B2550,https://cdn.shopify.com/s/files/1/0884/0278/8685/files/wool-boucle-throw-blanket-paris-white-folded.jpg?v=1785950223,in_stock,71.00 EUR,MoST Blankets,new,8720849141338,0AA5C4EF5C0B2550,wool-boucle-throw-blanket-paris-white-140-200
8720849141444,"Woll-Decke „Rio“ in Beige, 140 x 200",Die aus 100 % reiner Schafwolle gefertigte Decke „Rio“ bietet kuschelige Wärme und farbenfrohen Stil – sowohl für den Innen- als auch für den Außenbereich.,https://www.maisondecocon.com/products/wool-throw-blanket-rio-beige-140-200?variant_sku=8720849141444,https://cdn.shopify.com/s/files/1/0884/0278/8685/files/wool-throw-blanket-rio-beige-folded.jpg?v=1785950441,in_stock,68.50 EUR,MoST Blankets,new,8720849141444,8720849141444,wool-throw-blanket-rio-beige-140-200
8720849141215,"Woll-Decke „Agatha Grey“, 140 x 200","Die Agatha-Decke besteht zu 100 % aus neuseeländischer Wolle und besticht durch ein lebhaftes, mehrfarbiges Design, das jedem Raum Wärme und einen lebendigen Stil verleiht.",https://www.maisondecocon.com/products/wool-throw-blanket-agatha-grey-140-200?variant_sku=8720849141215,https://cdn.shopify.com/s/files/1/0884/0278/8685/files/wool-throw-blanket-agatha-grey-folded.jpg?v=1785950769,in_stock,69.90 EUR,MoST Blankets,new,8720849141215,8720849141215,wool-throw-blanket-agatha-grey-140-200
801538473F16A8E4,"Woll-Bouclé-Decke „Paris“, Elfenbein, 140 x 200","Die Decke „Paris“ besteht aus einer luxuriösen Bouclé-Mischung aus 80 % Wolle und 20 % Polyester und bietet weiche, behagliche Wärme sowohl im Innen- als auch im Außenbereich.",https://www.maisondecocon.com/products/wool-boucle-throw-blanket-paris-ivory-140-200?variant_sku=801538473F16A8E4,https://cdn.shopify.com/s/files/1/0884/0278/8685/files/wool-boucle-throw-blanket-paris-ivory-folded.jpg?v=1785951055,in_stock,71.00 EUR,MoST Blankets,new,8720849141352,801538473F16A8E4,wool-boucle-throw-blanket-paris-ivory-140-200
8720849141499,Merino- und Kaschmir-Decke „Milano Rosa Orlo“ 140 x 200,Das Milano Rosa Orlo-Tuch besteht aus einer Mischung aus 90 % Merinowolle und 10 % Kaschmir und besticht durch außergewöhnliche Weichheit sowie eine edle graue Einfassung in zartem Rosa.,https://www.maisondecocon.com/products/merino-cashmere-throw-blanket-milano-rosa-orlo?variant_sku=8720849141499,https://cdn.shopify.com/s/files/1/0884/0278/8685/files/merino-cashmere-throw-blanket-milano-rosa-orlo-folded.jpg?v=1786002359,in_stock,85.50 EUR,MoST Blankets,new,8720849141499,8720849141499,merino-cashmere-throw-blanket-milano-rosa-orlo
8720849141482,"Merino- und Kaschmir-Decke „Milano Grigio Orlo“, 140 x 200","Die Decke „Milano Grigio Orlo“ besteht aus einer Mischung aus 90 % Merinowolle und 10 % Kaschmir und besticht durch außergewöhnliche Weichheit sowie eine dezente, farblich abgestimmte Einfassung in Grau.",https://www.maisondecocon.com/products/merino-cashmere-throw-blanket-milano-grigio-orlo?variant_sku=8720849141482,https://cdn.shopify.com/s/files/1/0884/0278/8685/files/merino-cashmere-throw-blanket-milano-grigio-orlo-folded.jpg?v=1785999353,in_stock,85.50 EUR,MoST Blankets,new,8720849141482,8720849141482,merino-cashmere-throw-blanket-milano-grigio-orlo
8720849141505,"Merino- und Kaschmir-Decke „Milano Verde Orlo“, 140 x 200",Das Milano Verde Orlo-Tuch besteht aus einer Mischung aus 90 % Merinowolle und 10 % Kaschmir und besticht durch außergewöhnliche Weichheit sowie eine edle Einfassung in tiefem Grün.,https://www.maisondecocon.com/products/merino-cashmere-throw-blanket-milano-verde-orlo?variant_sku=8720849141505,https://cdn.shopify.com/s/files/1/0884/0278/8685/files/merino-cashmere-throw-blanket-milano-verde-orlo-folded.jpg?v=1785999445,in_stock,85.50 EUR,MoST Blankets,new,8720849141505,8720849141505,merino-cashmere-throw-blanket-milano-verde-orlo
8720849142106-1,"Decke aus Merinowolle und Kaschmir „Luma“, Soft Grey, 140 x 200","Die Luma Soft-Decke wurde aus einer edlen Mischung aus 90 % Merinowolle und 10 % Kaschmir gefertigt und bietet außergewöhnliche Weichheit, Leichtigkeit und natürliche Wärme.",https://www.maisondecocon.com/products/soft-cashmere-merino-wool-blanket-luma-soft-single-gray?variant_sku=8720849142106-1,https://cdn.shopify.com/s/files/1/0884/0278/8685/files/merino-wool-cashmere-throw-blanket-luma-soft-gray-folded.jpg?v=1785999538,in_stock,119.00 EUR,MoST Blankets,new,8720849142106,8720849142106-1,soft-cashmere-merino-wool-blanket-luma-soft-single-gray
8720849141925-1,"Woll-Decke „Venezia Sky“, 140 x 200","Die aus 100 % neuseeländischer Wolle gewebte Decke „Venezia“ verleiht jedem Raum in Ihrem Zuhause sanfte, natürliche Wärme und zurückhaltende Eleganz.",https://www.maisondecocon.com/products/wool-throw-blanket-venezia-sky?variant_sku=8720849141925-1,https://cdn.shopify.com/s/files/1/0884/0278/8685/files/wool-throw-blanket-venezia-sky-folded.jpg?v=1785999595,in_stock,71.00 EUR,MoST Blankets,new,8720849141925,8720849141925-1,wool-throw-blanket-venezia-sky
8720849140454-copy,"Merino-Woll-Decke „Aegean“, 140 × 200",Diese Decke besteht aus einer Mischung aus 80 % Merinowolle und 20 % Nylon und verleiht jedem Schlafzimmer außergewöhnliche Wärme und langlebige Strapazierfähigkeit.,https://www.maisondecocon.com/products/merino-wool-bed-blanket-aegean-140-200?variant_sku=8720849140454-copy,https://cdn.shopify.com/s/files/1/0884/0278/8685/files/wool-throw-blanket-ocean-blue-folded.jpg?v=1786007797,in_stock,92.00 EUR,MoST Blankets,new,,8720849140454-copy,merino-wool-bed-blanket-aegean-140-200
8720849141239,Woll-Decke „Triangel“ Blau 140 x 200,"Die Decke „Triangel“ aus 100 % neuseeländischer Wolle besticht durch ein lebhaftes Dreiecksmuster, das jedem Interieur einen Farbtupfer und einen modernen Touch verleiht.",https://www.maisondecocon.com/products/wool-throw-blanket-triangel-blue?variant_sku=8720849141239,https://cdn.shopify.com/s/files/1/0884/0278/8685/files/wool-throw-blanket-triangel-blue-folded.jpg?v=1786002198,in_stock,69.90 EUR,MoST Blankets,new,8720849141239,8720849141239,wool-throw-blanket-triangel-blue
95C789B2B74A70BA,"Merino- und Kaschmir-Decke „Tibet Brown“, 140 x 200",Das Tibet-Tuch besteht aus einer luxuriösen Mischung aus 50 % Kaschmir und 50 % Merinowolle und bietet außergewöhnliche Weichheit und Wärme.,https://www.maisondecocon.com/products/merino-cashmere-throw-blanket-tibet-brown?variant_sku=95C789B2B74A70BA,https://cdn.shopify.com/s/files/1/0884/0278/8685/files/merino-cashmere-throw-blanket-tibet-brown-folded.jpg?v=1786001717,in_stock,155.00 EUR,MoST Blankets,new,8720849141383,95C789B2B74A70BA,merino-cashmere-throw-blanket-tibet-brown
8720849141253,"Woll-Überwurfdecke „Triangel“, grau, 140 x 200","Die aus 100 % neuseeländischer Wolle gefertigte Decke „Triangel“ besticht durch ein lebhaftes Dreiecksmuster, das jedem Raum eine auffällige, verspielte Note verleiht.",https://www.maisondecocon.com/products/wool-throw-blanket-triangel-grey?variant_sku=8720849141253,https://cdn.shopify.com/s/files/1/0884/0278/8685/files/wool-throw-blanket-triangel-grey-folded.jpg?v=1786002144,in_stock,69.90 EUR,MoST Blankets,new,8720849141253,8720849141253,wool-throw-blanket-triangel-grey
87CF1A6F230F3017,"Bettläufer aus Wolle „Wild Dove“, 130 x 250","Dieser aus einer hochwertigen Wollmischung gefertigte Bettläufer verleiht jedem Bett Wärme, Struktur und einen edlen Look im Hotelstil.",https://www.maisondecocon.com/products/wool-bed-runner-wild-dove-130-x-250-cm?variant_sku=87CF1A6F230F3017,https://cdn.shopify.com/s/files/1/0884/0278/8685/files/wool-bed-runner-wild-dove-folded.jpg?v=1786002256,in_stock,95.00 EUR,MoST Blankets,new,8720849142175,87CF1A6F230F3017,wool-bed-runner-wild-dove-130-x-250-cm
8720849141116,Woll-Decke „Venezia Leaf“ 140 x 200,"Die aus 100 % neuseeländischer Wolle gewebte Decke „Venezia“ verleiht jedem Raum in Ihrem Zuhause sanfte, natürliche Wärme und zurückhaltende Eleganz.",https://www.maisondecocon.com/products/wool-throw-blanket-venezia-leaf?variant_sku=8720849141116,https://cdn.shopify.com/s/files/1/0884/0278/8685/files/wool-throw-blanket-venezia-leaf-folded.jpg?v=1786001839,in_stock,71.00 EUR,MoST Blankets,new,8720849141116,8720849141116,wool-throw-blanket-venezia-leaf
0793002340051,"Wendbare Wolldecke in Denim-Optik, 130 x 190","Diese kuschelige, beidseitig verwendbare Decke wurde aus 100 % neuseeländischer Wolle gewebt, die aufgrund der hohen Standards des Landes in Bezug auf das Wohlergehen der Schafe und den verantwortungsvollen Umgang mit der Umwelt besonders geschätzt wird.",https://www.maisondecocon.com/products/reversible-wool-throw-blanket-denim?variant_sku=0793002340051,https://cdn.shopify.com/s/files/1/0884/0278/8685/files/reversible-wool-throw-blanket-denim-folded.jpg?v=1786002086,in_stock,65.90 EUR,MoST Blankets,new,0793002340051,0793002340051,reversible-wool-throw-blanket-denim
EB93869FBA8CC1FC,"Woll-Bouclé-Decke „Paris Brown“, 140 x 200","Die Decke „Paris“ besteht aus einer luxuriösen Bouclé-Mischung aus 80 % Wolle und 20 % Polyester und bietet weiche, behagliche Wärme sowohl im Innen- als auch im Außenbereich.",https://www.maisondecocon.com/products/wool-boucle-throw-blanket-paris-brown?variant_sku=EB93869FBA8CC1FC,https://cdn.shopify.com/s/files/1/0884/0278/8685/files/wool-boucle-throw-blanket-paris-brown-folded.jpg?v=1786001915,in_stock,71.00 EUR,MoST Blankets,new,8720849141345,EB93869FBA8CC1FC,wool-boucle-throw-blanket-paris-brown
AEC6290610E7964D,"Merino- und Kaschmir-Decke „Tibet“, dunkelgrau, 140 x 200",Das Tibet-Tuch besteht aus einer luxuriösen Mischung aus 50 % Kaschmir und 50 % Merinowolle und bietet außergewöhnliche Weichheit und Wärme.,https://www.maisondecocon.com/products/merino-cashmere-throw-blanket-tibet-dark-grey?variant_sku=AEC6290610E7964D,https://cdn.shopify.com/s/files/1/0884/0278/8685/files/merino-cashmere-throw-blanket-tibet-dark-grey-folded.jpg?v=1786000420,in_stock,155.00 EUR,MoST Blankets,new,8720849141406,AEC6290610E7964D,merino-cashmere-throw-blanket-tibet-dark-grey
BA2643BE3224656C,"Merino- und Kaschmir-Decke „Tibet Beige“, 140 x 200",Das Tibet-Tuch besteht aus einer luxuriösen Mischung aus 50 % Kaschmir und 50 % Merinowolle und bietet außergewöhnliche Weichheit und Wärme.,https://www.maisondecocon.com/products/merino-cashmere-throw-blanket-tibet-beige?variant_sku=BA2643BE3224656C,https://cdn.shopify.com/s/files/1/0884/0278/8685/files/merino-cashmere-throw-blanket-tibet-beige-folded.jpg?v=1786001547,in_stock,155.00 EUR,MoST Blankets,new,8720849141390,BA2643BE3224656C,merino-cashmere-throw-blanket-tibet-beige
239A55CCBA024FA2,"Bettüberwurf aus Merino und Kaschmir, „Ivory Mist“, 200 x 220",Die Decke „Ivory Mist“ wurde aus einer edlen Mischung aus 90 % Merinowolle und 10 % Kaschmir gefertigt und besticht durch einen ruhigen Farbverlauf von Grau nach Weiß sowie durch zurückhaltenden Luxus.,https://www.maisondecocon.com/products/merino-cashmere-bed-blanket-ivory-mist?variant_sku=239A55CCBA024FA2,https://cdn.shopify.com/s/files/1/0884/0278/8685/files/merino-cashmere-bedspread-ivory-mist-folded.jpg?v=1785998926,in_stock,149.00 EUR,MoST Blankets,new,08720849141598,239A55CCBA024FA2,merino-cashmere-bed-blanket-ivory-mist
8720849141550,"Merino- und Kaschmir-Decke „Silver Cloud“, 200 × 140",Die Decke „Silver Cloud“ wurde aus einer edlen Mischung aus 90 % Merinowolle und 10 % Kaschmir gefertigt und besticht durch einen ruhigen Farbverlauf von Grau nach Weiß sowie durch zurückhaltenden Luxus.,https://www.maisondecocon.com/products/merino-cashmere-throw-blanket-silver-cloud-200-140?variant_sku=8720849141550,https://cdn.shopify.com/s/files/1/0884/0278/8685/files/merino-cashmere-throw-blanket-silver-cloud-folded.jpg?v=1785998644,in_stock,119.00 EUR,MoST Blankets,new,,8720849141550,merino-cashmere-throw-blanket-silver-cloud-200-140
8720849141772,"Woll-Bouclé-Decke „Paris“, Swamp Green, 140 x 200","Die Decke „Paris“ besteht aus einer luxuriösen Bouclé-Mischung aus 80 % Wolle und 20 % Polyester und bietet weiche, behagliche Wärme sowohl im Innen- als auch im Außenbereich.",https://www.maisondecocon.com/products/wool-boucle-throw-blanket-paris-swamp-green?variant_sku=8720849141772,https://cdn.shopify.com/s/files/1/0884/0278/8685/files/wool-boucle-throw-blanket-paris-swamp-green-folded.jpg?v=1786001790,in_stock,71.00 EUR,MoST Blankets,new,8720849141772,8720849141772,wool-boucle-throw-blanket-paris-swamp-green
8720849141222,"Woll-Decke „Agatha Brown“, 140 x 200","Die Agatha-Decke besteht zu 100 % aus neuseeländischer Wolle und besticht durch ein atemberaubendes, mehrfarbiges Design, das jedem Interieur Wärme und Lebendigkeit verleiht.",https://www.maisondecocon.com/products/wool-throw-blanket-agatha-brown?variant_sku=8720849141222,https://cdn.shopify.com/s/files/1/0884/0278/8685/files/wool-throw-blanket-agatha-brown-folded.jpg?v=1786002030,out_of_stock,69.90 EUR,MoST Blankets,new,8720849141222,8720849141222,wool-throw-blanket-agatha-brown
8720849141123,"Woll-Überwurfdecke „Venezia Blue“, 140 x 200","Die aus 100 % neuseeländischer Wolle gewebte Decke „Venezia“ verleiht jedem Raum in Ihrem Zuhause sanfte, natürliche Wärme und zurückhaltende Eleganz.",https://www.maisondecocon.com/products/wool-throw-blanket-venezia-blue?variant_sku=8720849141123,https://cdn.shopify.com/s/files/1/0884/0278/8685/files/wool-throw-blanket-venezia-blue-folded.jpg?v=1786001647,out_of_stock,71.00 EUR,MoST Blankets,new,8720849141123,8720849141123,wool-throw-blanket-venezia-blue
0793002340679,"Bettüberwurf aus Wolle „Cool Mint“, 200 x 220",Diese Decke wurde aus 100 % neuseeländischer Wolle mit einem beachtlichen Gewicht von 450 g/m² gewebt und verleiht jedem Bett und jedem Wohnraum natürliche Wärme und zurückhaltende Eleganz.,https://www.maisondecocon.com/products/wool-bedspread-cool-mint-200-220?variant_sku=0793002340679,https://cdn.shopify.com/s/files/1/0884/0278/8685/files/wool-bed-blanket-cool-mint-folded.jpg?v=1785920918,in_stock,108.90 EUR,MoST Blankets,new,,0793002340679,wool-bedspread-cool-mint-200-220
8720849140447-copy,"Bettüberwurf aus Merinowolle „Aegean“, 200 x 220",Diese Tagesdecke aus einer Mischung aus 80 % Merinowolle und 20 % Nylon verleiht Ihrem Schlafzimmer außergewöhnliche Wärme und langlebige Strapazierfähigkeit.,https://www.maisondecocon.com/products/merino-wool-bedspread-aegean-200-220?variant_sku=8720849140447-copy,https://cdn.shopify.com/s/files/1/0884/0278/8685/files/wool-bedspread-blanket-ocean-blue-folded.jpg?v=1786007702,in_stock,112.00 EUR,MoST Blankets,new,,8720849140447-copy,merino-wool-bedspread-aegean-200-220
8720849140584,Wolltagesdecke „Chocolate Chip“ 200 x 220,Diese Tagesdecke aus 100 % neuseeländischer Wolle mit einem beachtlichen Gewicht von 450 g/m² sorgt in Ihrem Schlafzimmer für echte Wärme und dauerhaften Komfort.,https://www.maisondecocon.com/products/wool-bedspread-chocolate-chip-200x220?variant_sku=8720849140584,https://cdn.shopify.com/s/files/1/0884/0278/8685/files/wool-bedspread-chocolate-chip-folded.jpg?v=1786003553,in_stock,108.90 EUR,MoST Blankets,new,,8720849140584,wool-bedspread-chocolate-chip-200x220
8720849140560,"Wolltagesdecke „Hunter“, 200 × 220",Die aus 100 % neuseeländischer Wolle gewebte Tagesdecke „Hunter“ mit einem beachtlichen Gewicht von 450 g/m² verleiht jedem Bett natürliche Wärme und zurückhaltende Eleganz.,https://www.maisondecocon.com/products/wool-bedspread-hunter-200-220?variant_sku=8720849140560,https://cdn.shopify.com/s/files/1/0884/0278/8685/files/wool-bedspread-hunter-folded.jpg?v=1786006920,in_stock,108.90 EUR,MoST Blankets,new,,8720849140560,wool-bedspread-hunter-200-220
0793002340709,"Bettüberwurf aus Wolle, „Misted Yellow“, 200 x 220",Die Tagesdecke „Misted Yellow“ wurde aus 100 % neuseeländischer Wolle mit einem beachtlichen Gewicht von 450 g/m² gewebt und verleiht jedem Bett natürliche Wärme und zurückhaltende Eleganz.,https://www.maisondecocon.com/products/wool-bedspread-misted-yellow-200-220?variant_sku=0793002340709,https://cdn.shopify.com/s/files/1/0884/0278/8685/files/wool-bedspread-blanket-misted-yellow-folded.jpg?v=1786007145,out_of_stock,108.90 EUR,MoST Blankets,new,,0793002340709,wool-bedspread-misted-yellow-200-220
9999998014050,"Bambus-Bettwäscheset für 1 Person, Coffee Brown, 400TC","Ein warmes, luxuriös weiches Bettwäscheset aus Bambus mit einer Fadenzahl von 400TC für eine Person in sattem Coffee Brown – atmungsaktiv, hypoallergen und hautfreundlich für einen Schlaf wie im Hotel.",https://www.maisondecocon.com/products/1-person-bamboo-bedding-set-coffee-brown-400tc?variant_sku=9999998014050,https://cdn.shopify.com/s/files/1/0884/0278/8685/files/c6852ec8-3551-4ec0-9f05-f798b82d4b2d_1200x1200_fill.jpg?v=1786036520,in_stock,161.00 EUR,Boomba Bamboo,new,,9999998014050,1-person-bamboo-bedding-set-coffee-brown-400tc
9999999014050,"Bambus-Bettwäscheset für 1 Person, Coffee Brown, 400TC","Ein warmes, luxuriös weiches Bettwäscheset aus Bambus mit einer Fadenzahl von 400TC für eine Person in sattem Coffee Brown – atmungsaktiv, hypoallergen und hautfreundlich für einen Schlaf wie im Hotel.",https://www.maisondecocon.com/products/1-person-bamboo-bedding-set-coffee-brown-400tc?variant_sku=9999999014050,https://cdn.shopify.com/s/files/1/0884/0278/8685/files/c6852ec8-3551-4ec0-9f05-f798b82d4b2d_1200x1200_fill.jpg?v=1786036520,in_stock,164.00 EUR,Boomba Bamboo,new,,9999999014050,1-person-bamboo-bedding-set-coffee-brown-400tc
5555558014050,"Bambus-Bettwäscheset für 1 Person, Coco White, 400TC","Ein luxuriös weiches Bettwäscheset aus Bambus mit einer Fadenzahl von 400TC für eine Person in frischem, zeitlosem „Coco White“ – atmungsaktiv, hypoallergen und hautfreundlich für einen Schlaf wie im Hotel.",https://www.maisondecocon.com/products/1-person-bamboo-bedding-set-coco-white-400tc?variant_sku=5555558014050,https://cdn.shopify.com/s/files/1/0884/0278/8685/files/bamboo-bedding-set-coco-white-1-person-window-lifestyle.jpg?v=1786101593,out_of_stock,161.00 EUR,Boomba Bamboo,new,,5555558014050,1-person-bamboo-bedding-set-coco-white-400tc
5555559014050,"Bambus-Bettwäscheset für 1 Person, Coco White, 400TC","Ein luxuriös weiches Bettwäscheset aus Bambus mit einer Fadenzahl von 400TC für eine Person in frischem, zeitlosem „Coco White“ – atmungsaktiv, hypoallergen und hautfreundlich für einen Schlaf wie im Hotel.",https://www.maisondecocon.com/products/1-person-bamboo-bedding-set-coco-white-400tc?variant_sku=5555559014050,https://cdn.shopify.com/s/files/1/0884/0278/8685/files/bamboo-bedding-set-coco-white-1-person-window-lifestyle.jpg?v=1786101593,out_of_stock,164.00 EUR,Boomba Bamboo,new,,5555559014050,1-person-bamboo-bedding-set-coco-white-400tc
6154513585586,Bambus-Spannbetttuch „Lavender Mist“ 400TC,"Ein seidenweiches Bambus-Spannbetttuch mit einer Fadenzahl von 400TC in der traumhaften Farbe „Lavender Mist“ – atmungsaktiv, hypoallergen und angenehm kühl auf der Haut, mit einem passgenauen Gummizug für Matratzen mit einer Höhe von bis zu 30 cm.",https://www.maisondecocon.com/products/bamboo-fitted-sheet-lavender-mist-400tc?variant_sku=6154513585586,https://cdn.shopify.com/s/files/1/0884/0278/8685/files/bamboo-fitted-sheet-lavender-mist-corner-detail.jpg?v=1786102537,in_stock,147.00 EUR,Boomba Bamboo,new,,6154513585586,bamboo-fitted-sheet-lavender-mist-400tc
6154512472436,Bambus-Spannbetttuch „Lavender Mist“ 400TC,"Ein seidenweiches Bambus-Spannbetttuch mit einer Fadenzahl von 400TC in der traumhaften Farbe „Lavender Mist“ – atmungsaktiv, hypoallergen und angenehm kühl auf der Haut, mit einem passgenauen Gummizug für Matratzen mit einer Höhe von bis zu 30 cm.",https://www.maisondecocon.com/products/bamboo-fitted-sheet-lavender-mist-400tc?variant_sku=6154512472436,https://cdn.shopify.com/s/files/1/0884/0278/8685/files/bamboo-fitted-sheet-lavender-mist-corner-detail.jpg?v=1786102537,in_stock,120.00 EUR,Boomba Bamboo,new,,6154512472436,bamboo-fitted-sheet-lavender-mist-400tc
6154512970970,Bambus-Spannbetttuch „Lavender Mist“ 400TC,"Ein seidenweiches Bambus-Spannbetttuch mit einer Fadenzahl von 400TC in der traumhaften Farbe „Lavender Mist“ – atmungsaktiv, hypoallergen und angenehm kühl auf der Haut, mit einem passgenauen Gummizug für Matratzen mit einer Höhe von bis zu 30 cm.",https://www.maisondecocon.com/products/bamboo-fitted-sheet-lavender-mist-400tc?variant_sku=6154512970970,https://cdn.shopify.com/s/files/1/0884/0278/8685/files/bamboo-fitted-sheet-lavender-mist-corner-detail.jpg?v=1786102537,in_stock,129.00 EUR,Boomba Bamboo,new,,6154512970970,bamboo-fitted-sheet-lavender-mist-400tc
6154513553554,Bambus-Spannbetttuch „Lavender Mist“ 400TC,"Ein seidenweiches Bambus-Spannbetttuch mit einer Fadenzahl von 400TC in der traumhaften Farbe „Lavender Mist“ – atmungsaktiv, hypoallergen und angenehm kühl auf der Haut, mit einem passgenauen Gummizug für Matratzen mit einer Höhe von bis zu 30 cm.",https://www.maisondecocon.com/products/bamboo-fitted-sheet-lavender-mist-400tc?variant_sku=6154513553554,https://cdn.shopify.com/s/files/1/0884/0278/8685/files/bamboo-fitted-sheet-lavender-mist-corner-detail.jpg?v=1786102537,in_stock,144.00 EUR,Boomba Bamboo,new,,6154513553554,bamboo-fitted-sheet-lavender-mist-400tc
6154514216267,Bambus-Spannbetttuch „Lavender Mist“ 400TC,"Ein seidenweiches Bambus-Spannbetttuch mit einer Fadenzahl von 400TC in der traumhaften Farbe „Lavender Mist“ – atmungsaktiv, hypoallergen und angenehm kühl auf der Haut, mit einem passgenauen Gummizug für Matratzen mit einer Höhe von bis zu 30 cm.",https://www.maisondecocon.com/products/bamboo-fitted-sheet-lavender-mist-400tc?variant_sku=6154514216267,https://cdn.shopify.com/s/files/1/0884/0278/8685/files/bamboo-fitted-sheet-lavender-mist-corner-detail.jpg?v=1786102537,in_stock,156.00 EUR,Boomba Bamboo,new,,6154514216267,bamboo-fitted-sheet-lavender-mist-400tc
6154512596521,Bambus-Spannbetttuch „Lavender Mist“ 400TC,"Ein seidenweiches Bambus-Spannbetttuch mit einer Fadenzahl von 400TC in der traumhaften Farbe „Lavender Mist“ – atmungsaktiv, hypoallergen und angenehm kühl auf der Haut, mit einem passgenauen Gummizug für Matratzen mit einer Höhe von bis zu 30 cm.",https://www.maisondecocon.com/products/bamboo-fitted-sheet-lavender-mist-400tc?variant_sku=6154512596521,https://cdn.shopify.com/s/files/1/0884/0278/8685/files/bamboo-fitted-sheet-lavender-mist-corner-detail.jpg?v=1786102537,in_stock,126.00 EUR,Boomba Bamboo,new,,6154512596521,bamboo-fitted-sheet-lavender-mist-400tc
6154514556592,Bambus-Spannbetttuch „Lavender Mist“ 400TC,"Ein seidenweiches Bambus-Spannbetttuch mit einer Fadenzahl von 400TC in der traumhaften Farbe „Lavender Mist“ – atmungsaktiv, hypoallergen und angenehm kühl auf der Haut, mit einem passgenauen Gummizug für Matratzen mit einer Höhe von bis zu 30 cm.",https://www.maisondecocon.com/products/bamboo-fitted-sheet-lavender-mist-400tc?variant_sku=6154514556592,https://cdn.shopify.com/s/files/1/0884/0278/8685/files/bamboo-fitted-sheet-lavender-mist-corner-detail.jpg?v=1786102537,in_stock,162.00 EUR,Boomba Bamboo,new,,6154514556592,bamboo-fitted-sheet-lavender-mist-400tc
6154514842848,Bambus-Spannbetttuch „Lavender Mist“ 400TC,"Ein seidenweiches Bambus-Spannbetttuch mit einer Fadenzahl von 400TC in der traumhaften Farbe „Lavender Mist“ – atmungsaktiv, hypoallergen und angenehm kühl auf der Haut, mit einem passgenauen Gummizug für Matratzen mit einer Höhe von bis zu 30 cm.",https://www.maisondecocon.com/products/bamboo-fitted-sheet-lavender-mist-400tc?variant_sku=6154514842848,https://cdn.shopify.com/s/files/1/0884/0278/8685/files/bamboo-fitted-sheet-lavender-mist-corner-detail.jpg?v=1786102537,in_stock,180.00 EUR,Boomba Bamboo,new,,6154514842848,bamboo-fitted-sheet-lavender-mist-400tc
6154513388361,Bambus-Spannbetttuch „Lavender Mist“ 400TC,"Ein seidenweiches Bambus-Spannbetttuch mit einer Fadenzahl von 400TC in der traumhaften Farbe „Lavender Mist“ – atmungsaktiv, hypoallergen und angenehm kühl auf der Haut, mit einem passgenauen Gummizug für Matratzen mit einer Höhe von bis zu 30 cm.",https://www.maisondecocon.com/products/bamboo-fitted-sheet-lavender-mist-400tc?variant_sku=6154513388361,https://cdn.shopify.com/s/files/1/0884/0278/8685/files/bamboo-fitted-sheet-lavender-mist-corner-detail.jpg?v=1786102537,in_stock,138.00 EUR,Boomba Bamboo,new,,6154513388361,bamboo-fitted-sheet-lavender-mist-400tc
6154514681621,Bambus-Spannbetttuch „Lavender Mist“ 400TC,"Ein seidenweiches Bambus-Spannbetttuch mit einer Fadenzahl von 400TC in der traumhaften Farbe „Lavender Mist“ – atmungsaktiv, hypoallergen und angenehm kühl auf der Haut, mit einem passgenauen Gummizug für Matratzen mit einer Höhe von bis zu 30 cm.",https://www.maisondecocon.com/products/bamboo-fitted-sheet-lavender-mist-400tc?variant_sku=6154514681621,https://cdn.shopify.com/s/files/1/0884/0278/8685/files/bamboo-fitted-sheet-lavender-mist-corner-detail.jpg?v=1786102537,in_stock,168.00 EUR,Boomba Bamboo,new,,6154514681621,bamboo-fitted-sheet-lavender-mist-400tc
6154513283284,Bambus-Spannbetttuch „Lavender Mist“ 400TC,"Ein seidenweiches Bambus-Spannbetttuch mit einer Fadenzahl von 400TC in der traumhaften Farbe „Lavender Mist“ – atmungsaktiv, hypoallergen und angenehm kühl auf der Haut, mit einem passgenauen Gummizug für Matratzen mit einer Höhe von bis zu 30 cm.",https://www.maisondecocon.com/products/bamboo-fitted-sheet-lavender-mist-400tc?variant_sku=6154513283284,https://cdn.shopify.com/s/files/1/0884/0278/8685/files/bamboo-fitted-sheet-lavender-mist-corner-detail.jpg?v=1786102537,in_stock,135.00 EUR,Boomba Bamboo,new,,6154513283284,bamboo-fitted-sheet-lavender-mist-400tc
6154513694660,Bambus-Spannbetttuch „Lavender Mist“ 400TC,"Ein seidenweiches Bambus-Spannbetttuch mit einer Fadenzahl von 400TC in der traumhaften Farbe „Lavender Mist“ – atmungsaktiv, hypoallergen und angenehm kühl auf der Haut, mit einem passgenauen Gummizug für Matratzen mit einer Höhe von bis zu 30 cm.",https://www.maisondecocon.com/products/bamboo-fitted-sheet-lavender-mist-400tc?variant_sku=6154513694660,https://cdn.shopify.com/s/files/1/0884/0278/8685/files/bamboo-fitted-sheet-lavender-mist-corner-detail.jpg?v=1786102537,in_stock,153.00 EUR,Boomba Bamboo,new,,6154513694660,bamboo-fitted-sheet-lavender-mist-400tc
6154513395352,Bambus-Spannbetttuch „Lavender Mist“ 400TC,"Ein seidenweiches Bambus-Spannbetttuch mit einer Fadenzahl von 400TC in der traumhaften Farbe „Lavender Mist“ – atmungsaktiv, hypoallergen und angenehm kühl auf der Haut, mit einem passgenauen Gummizug für Matratzen mit einer Höhe von bis zu 30 cm.",https://www.maisondecocon.com/products/bamboo-fitted-sheet-lavender-mist-400tc?variant_sku=6154513395352,https://cdn.shopify.com/s/files/1/0884/0278/8685/files/bamboo-fitted-sheet-lavender-mist-corner-detail.jpg?v=1786102537,in_stock,141.00 EUR,Boomba Bamboo,new,,6154513395352,bamboo-fitted-sheet-lavender-mist-400tc
6154516032025,"Kissenbezüge aus Bambus, „Lavender Mist“, 400TC – 2er-Set","Verleihen Sie Ihrem Schlafzimmer mit diesen Kissenbezügen aus Bambus mit einer Fadenzahl von 400TC im zarten Farbton „Lavender Mist“ eine traumhafte, luxuriöse Note – seidig-glatt, hypoallergen und sanft zu Haut und Haaren.",https://www.maisondecocon.com/products/bamboo-pillowcases-lavender-mist-400tc?variant_sku=6154516032025,https://cdn.shopify.com/s/files/1/0884/0278/8685/files/bamboo-pillowcases-lavender-mist-bedroom-lifestyle.jpg?v=1786103412,in_stock,93.00 EUR,Boomba Bamboo,new,,6154516032025,bamboo-pillowcases-lavender-mist-400tc
6154515935945,"Kissenbezüge aus Bambus, „Lavender Mist“, 400TC – 2er-Set","Verleihen Sie Ihrem Schlafzimmer mit diesen Kissenbezügen aus Bambus mit einer Fadenzahl von 400TC im zarten Farbton „Lavender Mist“ eine traumhafte, luxuriöse Note – seidig-glatt, hypoallergen und sanft zu Haut und Haaren.",https://www.maisondecocon.com/products/bamboo-pillowcases-lavender-mist-400tc?variant_sku=6154515935945,https://cdn.shopify.com/s/files/1/0884/0278/8685/files/bamboo-pillowcases-lavender-mist-bedroom-lifestyle.jpg?v=1786103412,in_stock,90.00 EUR,Boomba Bamboo,new,,6154515935945,bamboo-pillowcases-lavender-mist-400tc
6154516042055,"Kissenbezüge aus Bambus, „Lavender Mist“, 400TC – 2er-Set","Verleihen Sie Ihrem Schlafzimmer mit diesen Kissenbezügen aus Bambus mit einer Fadenzahl von 400TC im zarten Farbton „Lavender Mist“ eine traumhafte, luxuriöse Note – seidig-glatt, hypoallergen und sanft zu Haut und Haaren.",https://www.maisondecocon.com/products/bamboo-pillowcases-lavender-mist-400tc?variant_sku=6154516042055,https://cdn.shopify.com/s/files/1/0884/0278/8685/files/bamboo-pillowcases-lavender-mist-bedroom-lifestyle.jpg?v=1786103412,in_stock,99.00 EUR,Boomba Bamboo,new,,6154516042055,bamboo-pillowcases-lavender-mist-400tc
8720828225066,"Kissenbezüge aus Bambus, himmelblau, 400TC – 2er-Set","Verleihen Sie Ihrem Schlafzimmer mit diesen Kissenbezügen aus Bambus mit einer Fadenzahl von 400TC im luftigen Sky Blue einen frischen, ruhigen Look – seidig weich, hypoallergen und sanft zu Haut und Haaren.",https://www.maisondecocon.com/products/bamboo-pillowcases-sky-blue-400tc?variant_sku=8720828225066,https://cdn.shopify.com/s/files/1/0884/0278/8685/files/bamboo-pillowcases-sky-blue-bench-lifestyle.jpg?v=1786131856,in_stock,93.00 EUR,Boomba Bamboo,new,,8720828225066,bamboo-pillowcases-sky-blue-400tc
8720828225080,"Kissenbezüge aus Bambus, himmelblau, 400TC – 2er-Set","Verleihen Sie Ihrem Schlafzimmer mit diesen Kissenbezügen aus Bambus mit einer Fadenzahl von 400TC im luftigen Sky Blue einen frischen, ruhigen Look – seidig weich, hypoallergen und sanft zu Haut und Haaren.",https://www.maisondecocon.com/products/bamboo-pillowcases-sky-blue-400tc?variant_sku=8720828225080,https://cdn.shopify.com/s/files/1/0884/0278/8685/files/bamboo-pillowcases-sky-blue-bench-lifestyle.jpg?v=1786131856,in_stock,99.00 EUR,Boomba Bamboo,new,,8720828225080,bamboo-pillowcases-sky-blue-400tc
8720828225073,"Kissenbezüge aus Bambus, himmelblau, 400TC – 2er-Set","Verleihen Sie Ihrem Schlafzimmer mit diesen Kissenbezügen aus Bambus mit einer Fadenzahl von 400TC im luftigen Sky Blue einen frischen, ruhigen Look – seidig weich, hypoallergen und sanft zu Haut und Haaren.",https://www.maisondecocon.com/products/bamboo-pillowcases-sky-blue-400tc?variant_sku=8720828225073,https://cdn.shopify.com/s/files/1/0884/0278/8685/files/bamboo-pillowcases-sky-blue-bench-lifestyle.jpg?v=1786131856,in_stock,96.00 EUR,Boomba Bamboo,new,,8720828225073,bamboo-pillowcases-sky-blue-400tc
6154509826877,"Bambus-Spannbetttuch „Moosgrün“, 400TC","Ein seidenweiches Bambus-Spannbetttuch mit einer Fadenzahl von 400TC in dem satten Farbton „Moosgrün“ – atmungsaktiv, hypoallergen und angenehm kühl auf der Haut, mit einem passgenauen Gummizug für Matratzen mit einer Höhe von bis zu 30 cm.",https://www.maisondecocon.com/products/bamboo-fitted-sheet-deep-moss-400tc?variant_sku=6154509826877,https://cdn.shopify.com/s/files/1/0884/0278/8685/files/bamboo-fitted-sheet-deep-moss-seam-detail.jpg?v=1786181560,in_stock,162.00 EUR,Boomba Bamboo,new,,6154509826877,bamboo-fitted-sheet-deep-moss-400tc
6154509257213,"Bambus-Spannbetttuch „Moosgrün“, 400TC","Ein seidenweiches Bambus-Spannbetttuch mit einer Fadenzahl von 400TC in dem satten Farbton „Moosgrün“ – atmungsaktiv, hypoallergen und angenehm kühl auf der Haut, mit einem passgenauen Gummizug für Matratzen mit einer Höhe von bis zu 30 cm.",https://www.maisondecocon.com/products/bamboo-fitted-sheet-deep-moss-400tc?variant_sku=6154509257213,https://cdn.shopify.com/s/files/1/0884/0278/8685/files/bamboo-fitted-sheet-deep-moss-seam-detail.jpg?v=1786181560,in_stock,138.00 EUR,Boomba Bamboo,new,,6154509257213,bamboo-fitted-sheet-deep-moss-400tc
6154509971928,"Bambus-Spannbetttuch „Moosgrün“, 400TC","Ein seidenweiches Bambus-Spannbetttuch mit einer Fadenzahl von 400TC in dem satten Farbton „Moosgrün“ – atmungsaktiv, hypoallergen und angenehm kühl auf der Haut, mit einem passgenauen Gummizug für Matratzen mit einer Höhe von bis zu 30 cm.",https://www.maisondecocon.com/products/bamboo-fitted-sheet-deep-moss-400tc?variant_sku=6154509971928,https://cdn.shopify.com/s/files/1/0884/0278/8685/files/bamboo-fitted-sheet-deep-moss-seam-detail.jpg?v=1786181560,in_stock,180.00 EUR,Boomba Bamboo,new,,6154509971928,bamboo-fitted-sheet-deep-moss-400tc
6154509867849,"Bambus-Spannbetttuch „Moosgrün“, 400TC","Ein seidenweiches Bambus-Spannbetttuch mit einer Fadenzahl von 400TC in dem satten Farbton „Moosgrün“ – atmungsaktiv, hypoallergen und angenehm kühl auf der Haut, mit einem passgenauen Gummizug für Matratzen mit einer Höhe von bis zu 30 cm.",https://www.maisondecocon.com/products/bamboo-fitted-sheet-deep-moss-400tc?variant_sku=6154509867849,https://cdn.shopify.com/s/files/1/0884/0278/8685/files/bamboo-fitted-sheet-deep-moss-seam-detail.jpg?v=1786181560,in_stock,168.00 EUR,Boomba Bamboo,new,,6154509867849,bamboo-fitted-sheet-deep-moss-400tc
6154508986978,"Bambus-Spannbetttuch „Moosgrün“, 400TC","Ein seidenweiches Bambus-Spannbetttuch mit einer Fadenzahl von 400TC in dem satten Farbton „Moosgrün“ – atmungsaktiv, hypoallergen und angenehm kühl auf der Haut, mit einem passgenauen Gummizug für Matratzen mit einer Höhe von bis zu 30 cm.",https://www.maisondecocon.com/products/bamboo-fitted-sheet-deep-moss-400tc?variant_sku=6154508986978,https://cdn.shopify.com/s/files/1/0884/0278/8685/files/bamboo-fitted-sheet-deep-moss-seam-detail.jpg?v=1786181560,in_stock,126.00 EUR,Boomba Bamboo,new,,6154508986978,bamboo-fitted-sheet-deep-moss-400tc
6154509330367,"Bambus-Spannbetttuch „Moosgrün“, 400TC","Ein seidenweiches Bambus-Spannbetttuch mit einer Fadenzahl von 400TC in dem satten Farbton „Moosgrün“ – atmungsaktiv, hypoallergen und angenehm kühl auf der Haut, mit einem passgenauen Gummizug für Matratzen mit einer Höhe von bis zu 30 cm.",https://www.maisondecocon.com/products/bamboo-fitted-sheet-deep-moss-400tc?variant_sku=6154509330367,https://cdn.shopify.com/s/files/1/0884/0278/8685/files/bamboo-fitted-sheet-deep-moss-seam-detail.jpg?v=1786181560,in_stock,153.00 EUR,Boomba Bamboo,new,,6154509330367,bamboo-fitted-sheet-deep-moss-400tc
6154509033091,"Bambus-Spannbetttuch „Moosgrün“, 400TC","Ein seidenweiches Bambus-Spannbetttuch mit einer Fadenzahl von 400TC in dem satten Farbton „Moosgrün“ – atmungsaktiv, hypoallergen und angenehm kühl auf der Haut, mit einem passgenauen Gummizug für Matratzen mit einer Höhe von bis zu 30 cm.",https://www.maisondecocon.com/products/bamboo-fitted-sheet-deep-moss-400tc?variant_sku=6154509033091,https://cdn.shopify.com/s/files/1/0884/0278/8685/files/bamboo-fitted-sheet-deep-moss-seam-detail.jpg?v=1786181560,in_stock,135.00 EUR,Boomba Bamboo,new,,6154509033091,bamboo-fitted-sheet-deep-moss-400tc
6154509293280,"Bambus-Spannbetttuch „Moosgrün“, 400TC","Ein seidenweiches Bambus-Spannbetttuch mit einer Fadenzahl von 400TC in dem satten Farbton „Moosgrün“ – atmungsaktiv, hypoallergen und angenehm kühl auf der Haut, mit einem passgenauen Gummizug für Matratzen mit einer Höhe von bis zu 30 cm.",https://www.maisondecocon.com/products/bamboo-fitted-sheet-deep-moss-400tc?variant_sku=6154509293280,https://cdn.shopify.com/s/files/1/0884/0278/8685/files/bamboo-fitted-sheet-deep-moss-seam-detail.jpg?v=1786181560,in_stock,144.00 EUR,Boomba Bamboo,new,,6154509293280,bamboo-fitted-sheet-deep-moss-400tc
6154509296229,"Bambus-Spannbetttuch „Moosgrün“, 400TC","Ein seidenweiches Bambus-Spannbetttuch mit einer Fadenzahl von 400TC in dem satten Farbton „Moosgrün“ – atmungsaktiv, hypoallergen und angenehm kühl auf der Haut, mit einem passgenauen Gummizug für Matratzen mit einer Höhe von bis zu 30 cm.",https://www.maisondecocon.com/products/bamboo-fitted-sheet-deep-moss-400tc?variant_sku=6154509296229,https://cdn.shopify.com/s/files/1/0884/0278/8685/files/bamboo-fitted-sheet-deep-moss-seam-detail.jpg?v=1786181560,in_stock,147.00 EUR,Boomba Bamboo,new,,6154509296229,bamboo-fitted-sheet-deep-moss-400tc
6154509342322,"Bambus-Spannbetttuch „Moosgrün“, 400TC","Ein seidenweiches Bambus-Spannbetttuch mit einer Fadenzahl von 400TC in dem satten Farbton „Moosgrün“ – atmungsaktiv, hypoallergen und angenehm kühl auf der Haut, mit einem passgenauen Gummizug für Matratzen mit einer Höhe von bis zu 30 cm.",https://www.maisondecocon.com/products/bamboo-fitted-sheet-deep-moss-400tc?variant_sku=6154509342322,https://cdn.shopify.com/s/files/1/0884/0278/8685/files/bamboo-fitted-sheet-deep-moss-seam-detail.jpg?v=1786181560,in_stock,156.00 EUR,Boomba Bamboo,new,,6154509342322,bamboo-fitted-sheet-deep-moss-400tc
6154508297234,"Bambus-Spannbetttuch „Moosgrün“, 400TC","Ein seidenweiches Bambus-Spannbetttuch mit einer Fadenzahl von 400TC in dem satten Farbton „Moosgrün“ – atmungsaktiv, hypoallergen und angenehm kühl auf der Haut, mit einem passgenauen Gummizug für Matratzen mit einer Höhe von bis zu 30 cm.",https://www.maisondecocon.com/products/bamboo-fitted-sheet-deep-moss-400tc?variant_sku=6154508297234,https://cdn.shopify.com/s/files/1/0884/0278/8685/files/bamboo-fitted-sheet-deep-moss-seam-detail.jpg?v=1786181560,in_stock,120.00 EUR,Boomba Bamboo,new,,6154508297234,bamboo-fitted-sheet-deep-moss-400tc
6154509026086,"Bambus-Spannbetttuch „Moosgrün“, 400TC","Ein seidenweiches Bambus-Spannbetttuch mit einer Fadenzahl von 400TC in dem satten Farbton „Moosgrün“ – atmungsaktiv, hypoallergen und angenehm kühl auf der Haut, mit einem passgenauen Gummizug für Matratzen mit einer Höhe von bis zu 30 cm.",https://www.maisondecocon.com/products/bamboo-fitted-sheet-deep-moss-400tc?variant_sku=6154509026086,https://cdn.shopify.com/s/files/1/0884/0278/8685/files/bamboo-fitted-sheet-deep-moss-seam-detail.jpg?v=1786181560,in_stock,129.00 EUR,Boomba Bamboo,new,,6154509026086,bamboo-fitted-sheet-deep-moss-400tc
6154509273275,"Bambus-Spannbetttuch „Moosgrün“, 400TC","Ein seidenweiches Bambus-Spannbetttuch mit einer Fadenzahl von 400TC in dem satten Farbton „Moosgrün“ – atmungsaktiv, hypoallergen und angenehm kühl auf der Haut, mit einem passgenauen Gummizug für Matratzen mit einer Höhe von bis zu 30 cm.",https://www.maisondecocon.com/products/bamboo-fitted-sheet-deep-moss-400tc?variant_sku=6154509273275,https://cdn.shopify.com/s/files/1/0884/0278/8685/files/bamboo-fitted-sheet-deep-moss-seam-detail.jpg?v=1786181560,in_stock,141.00 EUR,Boomba Bamboo,new,,6154509273275,bamboo-fitted-sheet-deep-moss-400tc
6154511032082,"Kissenbezüge aus Bambus, „Moosgrün“, 400TC – 2er-Set","Verleihen Sie Ihrem Schlafzimmer mit diesen Kissenbezügen aus Bambus mit einer Fadenzahl von 400TC in der natürlichen Farbe „Moosgrün“ eine edle, erholsame Note – seidig weich, hypoallergen und sanft zu Haut und Haaren.",https://www.maisondecocon.com/products/bamboo-pillowcases-deep-moss-400tc?variant_sku=6154511032082,https://cdn.shopify.com/s/files/1/0884/0278/8685/files/bamboo-pillowcases-deep-moss-bench-lifestyle.jpg?v=1786131626,in_stock,90.00 EUR,Boomba Bamboo,new,,6154511032082,bamboo-pillowcases-deep-moss-400tc
6154511142170,"Kissenbezüge aus Bambus, „Moosgrün“, 400TC – 2er-Set","Verleihen Sie Ihrem Schlafzimmer mit diesen Kissenbezügen aus Bambus mit einer Fadenzahl von 400TC in der natürlichen Farbe „Moosgrün“ eine edle, erholsame Note – seidig weich, hypoallergen und sanft zu Haut und Haaren.",https://www.maisondecocon.com/products/bamboo-pillowcases-deep-moss-400tc?variant_sku=6154511142170,https://cdn.shopify.com/s/files/1/0884/0278/8685/files/bamboo-pillowcases-deep-moss-bench-lifestyle.jpg?v=1786131626,in_stock,93.00 EUR,Boomba Bamboo,new,,6154511142170,bamboo-pillowcases-deep-moss-400tc
6154511221240,"Kissenbezüge aus Bambus, „Moosgrün“, 400TC – 2er-Set","Verleihen Sie Ihrem Schlafzimmer mit diesen Kissenbezügen aus Bambus mit einer Fadenzahl von 400TC in der natürlichen Farbe „Moosgrün“ eine edle, erholsame Note – seidig weich, hypoallergen und sanft zu Haut und Haaren.",https://www.maisondecocon.com/products/bamboo-pillowcases-deep-moss-400tc?variant_sku=6154511221240,https://cdn.shopify.com/s/files/1/0884/0278/8685/files/bamboo-pillowcases-deep-moss-bench-lifestyle.jpg?v=1786131626,in_stock,99.00 EUR,Boomba Bamboo,new,,6154511221240,bamboo-pillowcases-deep-moss-400tc
8720648154225,"Bambus-Bettbezug „Coco White“, 400TC","Ein seidenweicher Bettbezug aus Bambus mit einer Fadenzahl von 400TC in reinem „Coco White“ – atmungsaktiv, hypoallergen und wahlweise mit Bambus-Knopfverschluss oder Einsteckstreifen erhältlich.",https://www.maisondecocon.com/products/bamboo-duvet-cover-coco-white-400tc?variant_sku=8720648154225,https://cdn.shopify.com/s/files/1/0884/0278/8685/files/bamboo-duvet-cover-coco-white-bedroom-lifestyle-1.jpg?v=1786134890,in_stock,300.00 EUR,Boomba Bamboo,new,,8720648154225,bamboo-duvet-cover-coco-white-400tc
8720618860569,"Bambus-Bettbezug „Coco White“, 400TC","Ein seidenweicher Bettbezug aus Bambus mit einer Fadenzahl von 400TC in reinem „Coco White“ – atmungsaktiv, hypoallergen und wahlweise mit Bambus-Knopfverschluss oder Einsteckstreifen erhältlich.",https://www.maisondecocon.com/products/bamboo-duvet-cover-coco-white-400tc?variant_sku=8720618860569,https://cdn.shopify.com/s/files/1/0884/0278/8685/files/bamboo-duvet-cover-coco-white-bedroom-lifestyle-1.jpg?v=1786134890,in_stock,420.00 EUR,Boomba Bamboo,new,,8720618860569,bamboo-duvet-cover-coco-white-400tc
8720648154232,"Bambus-Bettbezug „Coco White“, 400TC","Ein seidenweicher Bettbezug aus Bambus mit einer Fadenzahl von 400TC in reinem „Coco White“ – atmungsaktiv, hypoallergen und wahlweise mit Bambus-Knopfverschluss oder Einsteckstreifen erhältlich.",https://www.maisondecocon.com/products/bamboo-duvet-cover-coco-white-400tc?variant_sku=8720648154232,https://cdn.shopify.com/s/files/1/0884/0278/8685/files/bamboo-duvet-cover-coco-white-bedroom-lifestyle-1.jpg?v=1786134890,in_stock,318.00 EUR,Boomba Bamboo,new,,8720648154232,bamboo-duvet-cover-coco-white-400tc
8720618860514,"Bambus-Bettbezug „Coco White“, 400TC","Ein seidenweicher Bettbezug aus Bambus mit einer Fadenzahl von 400TC in reinem „Coco White“ – atmungsaktiv, hypoallergen und wahlweise mit Bambus-Knopfverschluss oder Einsteckstreifen erhältlich.",https://www.maisondecocon.com/products/bamboo-duvet-cover-coco-white-400tc?variant_sku=8720618860514,https://cdn.shopify.com/s/files/1/0884/0278/8685/files/bamboo-duvet-cover-coco-white-bedroom-lifestyle-1.jpg?v=1786134890,in_stock,282.00 EUR,Boomba Bamboo,new,,8720618860514,bamboo-duvet-cover-coco-white-400tc
8720648154218,"Bambus-Bettbezug „Coco White“, 400TC","Ein seidenweicher Bettbezug aus Bambus mit einer Fadenzahl von 400TC in reinem „Coco White“ – atmungsaktiv, hypoallergen und wahlweise mit Bambus-Knopfverschluss oder Einsteckstreifen erhältlich.",https://www.maisondecocon.com/products/bamboo-duvet-cover-coco-white-400tc?variant_sku=8720648154218,https://cdn.shopify.com/s/files/1/0884/0278/8685/files/bamboo-duvet-cover-coco-white-bedroom-lifestyle-1.jpg?v=1786134890,in_stock,258.00 EUR,Boomba Bamboo,new,,8720648154218,bamboo-duvet-cover-coco-white-400tc
8720618860507,"Bambus-Bettbezug „Coco White“, 400TC","Ein seidenweicher Bettbezug aus Bambus mit einer Fadenzahl von 400TC in reinem „Coco White“ – atmungsaktiv, hypoallergen und wahlweise mit Bambus-Knopfverschluss oder Einsteckstreifen erhältlich.",https://www.maisondecocon.com/products/bamboo-duvet-cover-coco-white-400tc?variant_sku=8720618860507,https://cdn.shopify.com/s/files/1/0884/0278/8685/files/bamboo-duvet-cover-coco-white-bedroom-lifestyle-1.jpg?v=1786134890,in_stock,267.00 EUR,Boomba Bamboo,new,,8720618860507,bamboo-duvet-cover-coco-white-400tc
8720648154355,"Bambus-Bettbezug „Coco White“, 400TC","Ein seidenweicher Bettbezug aus Bambus mit einer Fadenzahl von 400TC in reinem „Coco White“ – atmungsaktiv, hypoallergen und wahlweise mit Bambus-Knopfverschluss oder Einsteckstreifen erhältlich.",https://www.maisondecocon.com/products/bamboo-duvet-cover-coco-white-400tc?variant_sku=8720648154355,https://cdn.shopify.com/s/files/1/0884/0278/8685/files/bamboo-duvet-cover-coco-white-bedroom-lifestyle-1.jpg?v=1786134890,in_stock,402.00 EUR,Boomba Bamboo,new,,8720648154355,bamboo-duvet-cover-coco-white-400tc
8720618860552,"Bambus-Bettbezug „Coco White“, 400TC","Ein seidenweicher Bettbezug aus Bambus mit einer Fadenzahl von 400TC in reinem „Coco White“ – atmungsaktiv, hypoallergen und wahlweise mit Bambus-Knopfverschluss oder Einsteckstreifen erhältlich.",https://www.maisondecocon.com/products/bamboo-duvet-cover-coco-white-400tc?variant_sku=8720618860552,https://cdn.shopify.com/s/files/1/0884/0278/8685/files/bamboo-duvet-cover-coco-white-bedroom-lifestyle-1.jpg?v=1786134890,out_of_stock,387.00 EUR,Boomba Bamboo,new,,8720618860552,bamboo-duvet-cover-coco-white-400tc
8720618860545,"Bambus-Bettbezug „Coco White“, 400TC","Ein seidenweicher Bettbezug aus Bambus mit einer Fadenzahl von 400TC in reinem „Coco White“ – atmungsaktiv, hypoallergen und wahlweise mit Bambus-Knopfverschluss oder Einsteckstreifen erhältlich.",https://www.maisondecocon.com/products/bamboo-duvet-cover-coco-white-400tc?variant_sku=8720618860545,https://cdn.shopify.com/s/files/1/0884/0278/8685/files/bamboo-duvet-cover-coco-white-bedroom-lifestyle-1.jpg?v=1786134890,in_stock,336.00 EUR,Boomba Bamboo,new,,8720618860545,bamboo-duvet-cover-coco-white-400tc
8720618860538,"Bambus-Bettbezug „Coco White“, 400TC","Ein seidenweicher Bettbezug aus Bambus mit einer Fadenzahl von 400TC in reinem „Coco White“ – atmungsaktiv, hypoallergen und wahlweise mit Bambus-Knopfverschluss oder Einsteckstreifen erhältlich.",https://www.maisondecocon.com/products/bamboo-duvet-cover-coco-white-400tc?variant_sku=8720618860538,https://cdn.shopify.com/s/files/1/0884/0278/8685/files/bamboo-duvet-cover-coco-white-bedroom-lifestyle-1.jpg?v=1786134890,in_stock,318.00 EUR,Boomba Bamboo,new,,8720618860538,bamboo-duvet-cover-coco-white-400tc
8720648154249,"Bambus-Bettbezug „Coco White“, 400TC","Ein seidenweicher Bettbezug aus Bambus mit einer Fadenzahl von 400TC in reinem „Coco White“ – atmungsaktiv, hypoallergen und wahlweise mit Bambus-Knopfverschluss oder Einsteckstreifen erhältlich.",https://www.maisondecocon.com/products/bamboo-duvet-cover-coco-white-400tc?variant_sku=8720648154249,https://cdn.shopify.com/s/files/1/0884/0278/8685/files/bamboo-duvet-cover-coco-white-bedroom-lifestyle-1.jpg?v=1786134890,out_of_stock,369.00 EUR,Boomba Bamboo,new,,8720648154249,bamboo-duvet-cover-coco-white-400tc
8720618860521,"Bambus-Bettbezug „Coco White“, 400TC","Ein seidenweicher Bettbezug aus Bambus mit einer Fadenzahl von 400TC in reinem „Coco White“ – atmungsaktiv, hypoallergen und wahlweise mit Bambus-Knopfverschluss oder Einsteckstreifen erhältlich.",https://www.maisondecocon.com/products/bamboo-duvet-cover-coco-white-400tc?variant_sku=8720618860521,https://cdn.shopify.com/s/files/1/0884/0278/8685/files/bamboo-duvet-cover-coco-white-bedroom-lifestyle-1.jpg?v=1786134890,in_stock,297.00 EUR,Boomba Bamboo,new,,8720618860521,bamboo-duvet-cover-coco-white-400tc
6154519237298,"Bambus-Spannbetttuch, Coffee Brown, 400TC","Ein seidenweiches Spannbetttuch aus Bambus mit einer Fadenzahl von 400TC in sattem Coffee Brown – atmungsaktiv, hypoallergen und angenehm kühl auf der Haut, mit einem passgenauen Gummizug für Matratzen mit einer Höhe von bis zu 30 cm.",https://www.maisondecocon.com/products/bamboo-fitted-sheet-coffee-brown-400tc?variant_sku=6154519237298,https://cdn.shopify.com/s/files/1/0884/0278/8685/files/bamboo-fitted-sheet-coffee-brown-seam-detail.jpg?v=1786183053,in_stock,144.00 EUR,Boomba Bamboo,new,,6154519237298,bamboo-fitted-sheet-coffee-brown-400tc
6154519973950,"Bambus-Spannbetttuch, Coffee Brown, 400TC","Ein seidenweiches Spannbetttuch aus Bambus mit einer Fadenzahl von 400TC in sattem Coffee Brown – atmungsaktiv, hypoallergen und angenehm kühl auf der Haut, mit einem passgenauen Gummizug für Matratzen mit einer Höhe von bis zu 30 cm.",https://www.maisondecocon.com/products/bamboo-fitted-sheet-coffee-brown-400tc?variant_sku=6154519973950,https://cdn.shopify.com/s/files/1/0884/0278/8685/files/bamboo-fitted-sheet-coffee-brown-seam-detail.jpg?v=1786183053,in_stock,162.00 EUR,Boomba Bamboo,new,,6154519973950,bamboo-fitted-sheet-coffee-brown-400tc
6154520289286,"Bambus-Spannbetttuch, Coffee Brown, 400TC","Ein seidenweiches Spannbetttuch aus Bambus mit einer Fadenzahl von 400TC in sattem Coffee Brown – atmungsaktiv, hypoallergen und angenehm kühl auf der Haut, mit einem passgenauen Gummizug für Matratzen mit einer Höhe von bis zu 30 cm.",https://www.maisondecocon.com/products/bamboo-fitted-sheet-coffee-brown-400tc?variant_sku=6154520289286,https://cdn.shopify.com/s/files/1/0884/0278/8685/files/bamboo-fitted-sheet-coffee-brown-seam-detail.jpg?v=1786183053,in_stock,168.00 EUR,Boomba Bamboo,new,,6154520289286,bamboo-fitted-sheet-coffee-brown-400tc
6154519017067,"Bambus-Spannbetttuch, Coffee Brown, 400TC","Ein seidenweiches Spannbetttuch aus Bambus mit einer Fadenzahl von 400TC in sattem Coffee Brown – atmungsaktiv, hypoallergen und angenehm kühl auf der Haut, mit einem passgenauen Gummizug für Matratzen mit einer Höhe von bis zu 30 cm.",https://www.maisondecocon.com/products/bamboo-fitted-sheet-coffee-brown-400tc?variant_sku=6154519017067,https://cdn.shopify.com/s/files/1/0884/0278/8685/files/bamboo-fitted-sheet-coffee-brown-seam-detail.jpg?v=1786183053,in_stock,135.00 EUR,Boomba Bamboo,new,,6154519017067,bamboo-fitted-sheet-coffee-brown-400tc
6154518493459,"Bambus-Spannbetttuch, Coffee Brown, 400TC","Ein seidenweiches Spannbetttuch aus Bambus mit einer Fadenzahl von 400TC in sattem Coffee Brown – atmungsaktiv, hypoallergen und angenehm kühl auf der Haut, mit einem passgenauen Gummizug für Matratzen mit einer Höhe von bis zu 30 cm.",https://www.maisondecocon.com/products/bamboo-fitted-sheet-coffee-brown-400tc?variant_sku=6154518493459,https://cdn.shopify.com/s/files/1/0884/0278/8685/files/bamboo-fitted-sheet-coffee-brown-seam-detail.jpg?v=1786183053,in_stock,120.00 EUR,Boomba Bamboo,new,,6154518493459,bamboo-fitted-sheet-coffee-brown-400tc
6154519018095,"Bambus-Spannbetttuch, Coffee Brown, 400TC","Ein seidenweiches Spannbetttuch aus Bambus mit einer Fadenzahl von 400TC in sattem Coffee Brown – atmungsaktiv, hypoallergen und angenehm kühl auf der Haut, mit einem passgenauen Gummizug für Matratzen mit einer Höhe von bis zu 30 cm.",https://www.maisondecocon.com/products/bamboo-fitted-sheet-coffee-brown-400tc?variant_sku=6154519018095,https://cdn.shopify.com/s/files/1/0884/0278/8685/files/bamboo-fitted-sheet-coffee-brown-seam-detail.jpg?v=1786183053,in_stock,138.00 EUR,Boomba Bamboo,new,,6154519018095,bamboo-fitted-sheet-coffee-brown-400tc
6154518569543,"Bambus-Spannbetttuch, Coffee Brown, 400TC","Ein seidenweiches Spannbetttuch aus Bambus mit einer Fadenzahl von 400TC in sattem Coffee Brown – atmungsaktiv, hypoallergen und angenehm kühl auf der Haut, mit einem passgenauen Gummizug für Matratzen mit einer Höhe von bis zu 30 cm.",https://www.maisondecocon.com/products/bamboo-fitted-sheet-coffee-brown-400tc?variant_sku=6154518569543,https://cdn.shopify.com/s/files/1/0884/0278/8685/files/bamboo-fitted-sheet-coffee-brown-seam-detail.jpg?v=1786183053,in_stock,126.00 EUR,Boomba Bamboo,new,,6154518569543,bamboo-fitted-sheet-coffee-brown-400tc
6154519099018,"Bambus-Spannbetttuch, Coffee Brown, 400TC","Ein seidenweiches Spannbetttuch aus Bambus mit einer Fadenzahl von 400TC in sattem Coffee Brown – atmungsaktiv, hypoallergen und angenehm kühl auf der Haut, mit einem passgenauen Gummizug für Matratzen mit einer Höhe von bis zu 30 cm.",https://www.maisondecocon.com/products/bamboo-fitted-sheet-coffee-brown-400tc?variant_sku=6154519099018,https://cdn.shopify.com/s/files/1/0884/0278/8685/files/bamboo-fitted-sheet-coffee-brown-seam-detail.jpg?v=1786183053,in_stock,141.00 EUR,Boomba Bamboo,new,,6154519099018,bamboo-fitted-sheet-coffee-brown-400tc
6154519740798,"Bambus-Spannbetttuch, Coffee Brown, 400TC","Ein seidenweiches Spannbetttuch aus Bambus mit einer Fadenzahl von 400TC in sattem Coffee Brown – atmungsaktiv, hypoallergen und angenehm kühl auf der Haut, mit einem passgenauen Gummizug für Matratzen mit einer Höhe von bis zu 30 cm.",https://www.maisondecocon.com/products/bamboo-fitted-sheet-coffee-brown-400tc?variant_sku=6154519740798,https://cdn.shopify.com/s/files/1/0884/0278/8685/files/bamboo-fitted-sheet-coffee-brown-seam-detail.jpg?v=1786183053,in_stock,156.00 EUR,Boomba Bamboo,new,,6154519740798,bamboo-fitted-sheet-coffee-brown-400tc
6154519494400,"Bambus-Spannbetttuch, Coffee Brown, 400TC","Ein seidenweiches Spannbetttuch aus Bambus mit einer Fadenzahl von 400TC in sattem Coffee Brown – atmungsaktiv, hypoallergen und angenehm kühl auf der Haut, mit einem passgenauen Gummizug für Matratzen mit einer Höhe von bis zu 30 cm.",https://www.maisondecocon.com/products/bamboo-fitted-sheet-coffee-brown-400tc?variant_sku=6154519494400,https://cdn.shopify.com/s/files/1/0884/0278/8685/files/bamboo-fitted-sheet-coffee-brown-seam-detail.jpg?v=1786183053,in_stock,147.00 EUR,Boomba Bamboo,new,,6154519494400,bamboo-fitted-sheet-coffee-brown-400tc
6154520692604,"Bambus-Spannbetttuch, Coffee Brown, 400TC","Ein seidenweiches Spannbetttuch aus Bambus mit einer Fadenzahl von 400TC in sattem Coffee Brown – atmungsaktiv, hypoallergen und angenehm kühl auf der Haut, mit einem passgenauen Gummizug für Matratzen mit einer Höhe von bis zu 30 cm.",https://www.maisondecocon.com/products/bamboo-fitted-sheet-coffee-brown-400tc?variant_sku=6154520692604,https://cdn.shopify.com/s/files/1/0884/0278/8685/files/bamboo-fitted-sheet-coffee-brown-seam-detail.jpg?v=1786183053,in_stock,180.00 EUR,Boomba Bamboo,new,,6154520692604,bamboo-fitted-sheet-coffee-brown-400tc
6154519695661,"Bambus-Spannbetttuch, Coffee Brown, 400TC","Ein seidenweiches Spannbetttuch aus Bambus mit einer Fadenzahl von 400TC in sattem Coffee Brown – atmungsaktiv, hypoallergen und angenehm kühl auf der Haut, mit einem passgenauen Gummizug für Matratzen mit einer Höhe von bis zu 30 cm.",https://www.maisondecocon.com/products/bamboo-fitted-sheet-coffee-brown-400tc?variant_sku=6154519695661,https://cdn.shopify.com/s/files/1/0884/0278/8685/files/bamboo-fitted-sheet-coffee-brown-seam-detail.jpg?v=1786183053,in_stock,153.00 EUR,Boomba Bamboo,new,,6154519695661,bamboo-fitted-sheet-coffee-brown-400tc
6154518856810,"Bambus-Spannbetttuch, Coffee Brown, 400TC","Ein seidenweiches Spannbetttuch aus Bambus mit einer Fadenzahl von 400TC in sattem Coffee Brown – atmungsaktiv, hypoallergen und angenehm kühl auf der Haut, mit einem passgenauen Gummizug für Matratzen mit einer Höhe von bis zu 30 cm.",https://www.maisondecocon.com/products/bamboo-fitted-sheet-coffee-brown-400tc?variant_sku=6154518856810,https://cdn.shopify.com/s/files/1/0884/0278/8685/files/bamboo-fitted-sheet-coffee-brown-seam-detail.jpg?v=1786183053,in_stock,129.00 EUR,Boomba Bamboo,new,,6154518856810,bamboo-fitted-sheet-coffee-brown-400tc
8720648154980,"Kissenbezüge aus Bambus „Cuddle Pink“, 400TC – 2er-Set","Verleihen Sie Ihrem Schlafzimmer mit diesen Kissenbezügen aus Bambus mit einer Fadenzahl von 400TC in zartem „Cuddle Pink“ eine warme, romantische Note – seidig-glatt, hypoallergen und sanft zu Haut und Haaren.",https://www.maisondecocon.com/products/bamboo-pillowcases-cuddle-pink-400tc?variant_sku=8720648154980,https://cdn.shopify.com/s/files/1/0884/0278/8685/files/bamboo-pillowcases-cuddle-pink-bench-lifestyle.jpg?v=1786131385,in_stock,93.00 EUR,Boomba Bamboo,new,,8720648154980,bamboo-pillowcases-cuddle-pink-400tc
8720648154997,"Kissenbezüge aus Bambus „Cuddle Pink“, 400TC – 2er-Set","Verleihen Sie Ihrem Schlafzimmer mit diesen Kissenbezügen aus Bambus mit einer Fadenzahl von 400TC in zartem „Cuddle Pink“ eine warme, romantische Note – seidig-glatt, hypoallergen und sanft zu Haut und Haaren.",https://www.maisondecocon.com/products/bamboo-pillowcases-cuddle-pink-400tc?variant_sku=8720648154997,https://cdn.shopify.com/s/files/1/0884/0278/8685/files/bamboo-pillowcases-cuddle-pink-bench-lifestyle.jpg?v=1786131385,in_stock,96.00 EUR,Boomba Bamboo,new,,8720648154997,bamboo-pillowcases-cuddle-pink-400tc
8720618860002,"Kissenbezüge aus Bambus „Cuddle Pink“, 400TC – 2er-Set","Verleihen Sie Ihrem Schlafzimmer mit diesen Kissenbezügen aus Bambus mit einer Fadenzahl von 400TC in zartem „Cuddle Pink“ eine warme, romantische Note – seidig-glatt, hypoallergen und sanft zu Haut und Haaren.",https://www.maisondecocon.com/products/bamboo-pillowcases-cuddle-pink-400tc?variant_sku=8720618860002,https://cdn.shopify.com/s/files/1/0884/0278/8685/files/bamboo-pillowcases-cuddle-pink-bench-lifestyle.jpg?v=1786131385,in_stock,99.00 EUR,Boomba Bamboo,new,,8720618860002,bamboo-pillowcases-cuddle-pink-400tc
8720648154201,"Kissenbezüge aus Bambus, Coco White, 400TC – 2er-Set","Verleihen Sie Ihrem Schlafzimmer mit diesen Kissenbezügen aus Bambus mit einer Fadenzahl von 400TC im zeitlosen Farbton „Coco White“ einen frischen, puristischen Look – seidig weich, hypoallergen und sanft zu Haut und Haaren.",https://www.maisondecocon.com/products/bamboo-pillowcases-coco-white-400tc?variant_sku=8720648154201,https://cdn.shopify.com/s/files/1/0884/0278/8685/files/bamboo-pillowcases-coco-white-bench-lifestyle.jpg?v=1786130927,in_stock,99.00 EUR,Boomba Bamboo,new,,8720648154201,bamboo-pillowcases-coco-white-400tc
8720648154195,"Kissenbezüge aus Bambus, Coco White, 400TC – 2er-Set","Verleihen Sie Ihrem Schlafzimmer mit diesen Kissenbezügen aus Bambus mit einer Fadenzahl von 400TC im zeitlosen Farbton „Coco White“ einen frischen, puristischen Look – seidig weich, hypoallergen und sanft zu Haut und Haaren.",https://www.maisondecocon.com/products/bamboo-pillowcases-coco-white-400tc?variant_sku=8720648154195,https://cdn.shopify.com/s/files/1/0884/0278/8685/files/bamboo-pillowcases-coco-white-bench-lifestyle.jpg?v=1786130927,in_stock,96.00 EUR,Boomba Bamboo,new,,8720648154195,bamboo-pillowcases-coco-white-400tc
8720648154188,"Kissenbezüge aus Bambus, Coco White, 400TC – 2er-Set","Verleihen Sie Ihrem Schlafzimmer mit diesen Kissenbezügen aus Bambus mit einer Fadenzahl von 400TC im zeitlosen Farbton „Coco White“ einen frischen, puristischen Look – seidig weich, hypoallergen und sanft zu Haut und Haaren.",https://www.maisondecocon.com/products/bamboo-pillowcases-coco-white-400tc?variant_sku=8720648154188,https://cdn.shopify.com/s/files/1/0884/0278/8685/files/bamboo-pillowcases-coco-white-bench-lifestyle.jpg?v=1786130927,in_stock,93.00 EUR,Boomba Bamboo,new,,8720648154188,bamboo-pillowcases-coco-white-400tc
8720648154706,"Kissenbezüge aus Bambus, Space Blue, 400TC – 2er-Set","Verleihen Sie Ihrem Schlafzimmer mit diesen Kissenbezügen aus Bambus mit einer Fadenzahl von 400TC in sattem „Space Blue“ eine edle, moderne Note – seidig weich, hypoallergen und sanft zu Haut und Haaren.",https://www.maisondecocon.com/products/bamboo-pillowcases-space-blue-400tc?variant_sku=8720648154706,https://cdn.shopify.com/s/files/1/0884/0278/8685/files/bamboo-pillowcases-space-blue-bench-lifestyle.jpg?v=1786130759,in_stock,93.00 EUR,Boomba Bamboo,new,,8720648154706,bamboo-pillowcases-space-blue-400tc
8720648154720,"Kissenbezüge aus Bambus, Space Blue, 400TC – 2er-Set","Verleihen Sie Ihrem Schlafzimmer mit diesen Kissenbezügen aus Bambus mit einer Fadenzahl von 400TC in sattem „Space Blue“ eine edle, moderne Note – seidig weich, hypoallergen und sanft zu Haut und Haaren.",https://www.maisondecocon.com/products/bamboo-pillowcases-space-blue-400tc?variant_sku=8720648154720,https://cdn.shopify.com/s/files/1/0884/0278/8685/files/bamboo-pillowcases-space-blue-bench-lifestyle.jpg?v=1786130759,in_stock,99.00 EUR,Boomba Bamboo,new,,8720648154720,bamboo-pillowcases-space-blue-400tc
8720648154713,"Kissenbezüge aus Bambus, Space Blue, 400TC – 2er-Set","Verleihen Sie Ihrem Schlafzimmer mit diesen Kissenbezügen aus Bambus mit einer Fadenzahl von 400TC in sattem „Space Blue“ eine edle, moderne Note – seidig weich, hypoallergen und sanft zu Haut und Haaren.",https://www.maisondecocon.com/products/bamboo-pillowcases-space-blue-400tc?variant_sku=8720648154713,https://cdn.shopify.com/s/files/1/0884/0278/8685/files/bamboo-pillowcases-space-blue-bench-lifestyle.jpg?v=1786130759,in_stock,96.00 EUR,Boomba Bamboo,new,,8720648154713,bamboo-pillowcases-space-blue-400tc
8720648154430,"Bambus-Spannbetttuch für Matratzenauflage „Coco White“, 400TC","Ein hochwertiges Spannbetttuch aus 100 % Bambus für Matratzenauflagen mit einer Dicke von bis zu 10 cm in der Farbe „Coco White“ – aus seidenweichem Tanboocel™-Gewebe mit einer Fadenzahl von 400TC, das atmungsaktiv und temperaturregulierend ist und Ihnen das ganze Jahr über einen kühlen Schlaf beschert.",https://www.maisondecocon.com/products/bamboo-fitted-sheet-for-mattress-topper-coco-white-400tc?variant_sku=8720648154430,https://cdn.shopify.com/s/files/1/0884/0278/8685/files/bamboo-fitted-sheet-mattress-topper-coco-white-corner-fit.jpg?v=1786182261,in_stock,162.00 EUR,Boomba Bamboo,new,,8720648154430,bamboo-fitted-sheet-for-mattress-topper-coco-white-400tc
8720648154409,"Bambus-Spannbetttuch für Matratzenauflage „Coco White“, 400TC","Ein hochwertiges Spannbetttuch aus 100 % Bambus für Matratzenauflagen mit einer Dicke von bis zu 10 cm in der Farbe „Coco White“ – aus seidenweichem Tanboocel™-Gewebe mit einer Fadenzahl von 400TC, das atmungsaktiv und temperaturregulierend ist und Ihnen das ganze Jahr über einen kühlen Schlaf beschert.",https://www.maisondecocon.com/products/bamboo-fitted-sheet-for-mattress-topper-coco-white-400tc?variant_sku=8720648154409,https://cdn.shopify.com/s/files/1/0884/0278/8685/files/bamboo-fitted-sheet-mattress-topper-coco-white-corner-fit.jpg?v=1786182261,in_stock,144.00 EUR,Boomba Bamboo,new,,8720648154409,bamboo-fitted-sheet-for-mattress-topper-coco-white-400tc
8720648154362,"Bambus-Spannbetttuch für Matratzenauflage „Coco White“, 400TC","Ein hochwertiges Spannbetttuch aus 100 % Bambus für Matratzenauflagen mit einer Dicke von bis zu 10 cm in der Farbe „Coco White“ – aus seidenweichem Tanboocel™-Gewebe mit einer Fadenzahl von 400TC, das atmungsaktiv und temperaturregulierend ist und Ihnen das ganze Jahr über einen kühlen Schlaf beschert.",https://www.maisondecocon.com/products/bamboo-fitted-sheet-for-mattress-topper-coco-white-400tc?variant_sku=8720648154362,https://cdn.shopify.com/s/files/1/0884/0278/8685/files/bamboo-fitted-sheet-mattress-topper-coco-white-corner-fit.jpg?v=1786182261,out_of_stock,120.00 EUR,Boomba Bamboo,new,,8720648154362,bamboo-fitted-sheet-for-mattress-topper-coco-white-400tc
8720648154379,"Bambus-Spannbetttuch für Matratzenauflage „Coco White“, 400TC","Ein hochwertiges Spannbetttuch aus 100 % Bambus für Matratzenauflagen mit einer Dicke von bis zu 10 cm in der Farbe „Coco White“ – aus seidenweichem Tanboocel™-Gewebe mit einer Fadenzahl von 400TC, das atmungsaktiv und temperaturregulierend ist und Ihnen das ganze Jahr über einen kühlen Schlaf beschert.",https://www.maisondecocon.com/products/bamboo-fitted-sheet-for-mattress-topper-coco-white-400tc?variant_sku=8720648154379,https://cdn.shopify.com/s/files/1/0884/0278/8685/files/bamboo-fitted-sheet-mattress-topper-coco-white-corner-fit.jpg?v=1786182261,in_stock,126.00 EUR,Boomba Bamboo,new,,8720648154379,bamboo-fitted-sheet-for-mattress-topper-coco-white-400tc
8720648154393,"Bambus-Spannbetttuch für Matratzenauflage „Coco White“, 400TC","Ein hochwertiges Spannbetttuch aus 100 % Bambus für Matratzenauflagen mit einer Dicke von bis zu 10 cm in der Farbe „Coco White“ – aus seidenweichem Tanboocel™-Gewebe mit einer Fadenzahl von 400TC, das atmungsaktiv und temperaturregulierend ist und Ihnen das ganze Jahr über einen kühlen Schlaf beschert.",https://www.maisondecocon.com/products/bamboo-fitted-sheet-for-mattress-topper-coco-white-400tc?variant_sku=8720648154393,https://cdn.shopify.com/s/files/1/0884/0278/8685/files/bamboo-fitted-sheet-mattress-topper-coco-white-corner-fit.jpg?v=1786182261,in_stock,138.00 EUR,Boomba Bamboo,new,,8720648154393,bamboo-fitted-sheet-for-mattress-topper-coco-white-400tc
8720648154386,"Bambus-Spannbetttuch für Matratzenauflage „Coco White“, 400TC","Ein hochwertiges Spannbetttuch aus 100 % Bambus für Matratzenauflagen mit einer Dicke von bis zu 10 cm in der Farbe „Coco White“ – aus seidenweichem Tanboocel™-Gewebe mit einer Fadenzahl von 400TC, das atmungsaktiv und temperaturregulierend ist und Ihnen das ganze Jahr über einen kühlen Schlaf beschert.",https://www.maisondecocon.com/products/bamboo-fitted-sheet-for-mattress-topper-coco-white-400tc?variant_sku=8720648154386,https://cdn.shopify.com/s/files/1/0884/0278/8685/files/bamboo-fitted-sheet-mattress-topper-coco-white-corner-fit.jpg?v=1786182261,out_of_stock,132.00 EUR,Boomba Bamboo,new,,8720648154386,bamboo-fitted-sheet-for-mattress-topper-coco-white-400tc
8720648154416,"Bambus-Spannbetttuch für Matratzenauflage „Coco White“, 400TC","Ein hochwertiges Spannbetttuch aus 100 % Bambus für Matratzenauflagen mit einer Dicke von bis zu 10 cm in der Farbe „Coco White“ – aus seidenweichem Tanboocel™-Gewebe mit einer Fadenzahl von 400TC, das atmungsaktiv und temperaturregulierend ist und Ihnen das ganze Jahr über einen kühlen Schlaf beschert.",https://www.maisondecocon.com/products/bamboo-fitted-sheet-for-mattress-topper-coco-white-400tc?variant_sku=8720648154416,https://cdn.shopify.com/s/files/1/0884/0278/8685/files/bamboo-fitted-sheet-mattress-topper-coco-white-corner-fit.jpg?v=1786182261,in_stock,150.00 EUR,Boomba Bamboo,new,,8720648154416,bamboo-fitted-sheet-for-mattress-topper-coco-white-400tc
8720648154423,"Bambus-Spannbetttuch für Matratzenauflage „Coco White“, 400TC","Ein hochwertiges Spannbetttuch aus 100 % Bambus für Matratzenauflagen mit einer Dicke von bis zu 10 cm in der Farbe „Coco White“ – aus seidenweichem Tanboocel™-Gewebe mit einer Fadenzahl von 400TC, das atmungsaktiv und temperaturregulierend ist und Ihnen das ganze Jahr über einen kühlen Schlaf beschert.",https://www.maisondecocon.com/products/bamboo-fitted-sheet-for-mattress-topper-coco-white-400tc?variant_sku=8720648154423,https://cdn.shopify.com/s/files/1/0884/0278/8685/files/bamboo-fitted-sheet-mattress-topper-coco-white-corner-fit.jpg?v=1786182261,in_stock,156.00 EUR,Boomba Bamboo,new,,8720648154423,bamboo-fitted-sheet-for-mattress-topper-coco-white-400tc
8720648154348,Bambus-Spannbetttuch „Coco White“ 400TC,"Ein seidenweiches Bambus-Spannbetttuch mit einer Fadenzahl von 400TC in strahlendem „Coco White“ – atmungsaktiv, hypoallergen und angenehm kühl auf der Haut, mit einem passgenauen Gummizug für Matratzen mit einer Höhe von bis zu 30 cm.",https://www.maisondecocon.com/products/bamboo-fitted-sheet-coco-white-400tc?variant_sku=8720648154348,https://cdn.shopify.com/s/files/1/0884/0278/8685/files/bamboo-fitted-sheet-coco-white-seam-detail.jpg?v=1786183250,in_stock,162.00 EUR,Boomba Bamboo,new,,8720648154348,bamboo-fitted-sheet-coco-white-400tc
8720648154270,Bambus-Spannbetttuch „Coco White“ 400TC,"Ein seidenweiches Bambus-Spannbetttuch mit einer Fadenzahl von 400TC in strahlendem „Coco White“ – atmungsaktiv, hypoallergen und angenehm kühl auf der Haut, mit einem passgenauen Gummizug für Matratzen mit einer Höhe von bis zu 30 cm.",https://www.maisondecocon.com/products/bamboo-fitted-sheet-coco-white-400tc?variant_sku=8720648154270,https://cdn.shopify.com/s/files/1/0884/0278/8685/files/bamboo-fitted-sheet-coco-white-seam-detail.jpg?v=1786183250,in_stock,144.00 EUR,Boomba Bamboo,new,,8720648154270,bamboo-fitted-sheet-coco-white-400tc
8720828225707,Bambus-Spannbetttuch „Coco White“ 400TC,"Ein seidenweiches Bambus-Spannbetttuch mit einer Fadenzahl von 400TC in strahlendem „Coco White“ – atmungsaktiv, hypoallergen und angenehm kühl auf der Haut, mit einem passgenauen Gummizug für Matratzen mit einer Höhe von bis zu 30 cm.",https://www.maisondecocon.com/products/bamboo-fitted-sheet-coco-white-400tc?variant_sku=8720828225707,https://cdn.shopify.com/s/files/1/0884/0278/8685/files/bamboo-fitted-sheet-coco-white-seam-detail.jpg?v=1786183250,in_stock,126.00 EUR,Boomba Bamboo,new,,8720828225707,bamboo-fitted-sheet-coco-white-400tc
8720828225936,Bambus-Spannbetttuch „Coco White“ 400TC,"Ein seidenweiches Bambus-Spannbetttuch mit einer Fadenzahl von 400TC in strahlendem „Coco White“ – atmungsaktiv, hypoallergen und angenehm kühl auf der Haut, mit einem passgenauen Gummizug für Matratzen mit einer Höhe von bis zu 30 cm.",https://www.maisondecocon.com/products/bamboo-fitted-sheet-coco-white-400tc?variant_sku=8720828225936,https://cdn.shopify.com/s/files/1/0884/0278/8685/files/bamboo-fitted-sheet-coco-white-seam-detail.jpg?v=1786183250,in_stock,141.00 EUR,Boomba Bamboo,new,,8720828225936,bamboo-fitted-sheet-coco-white-400tc
8720618860576,Bambus-Spannbetttuch „Coco White“ 400TC,"Ein seidenweiches Bambus-Spannbetttuch mit einer Fadenzahl von 400TC in strahlendem „Coco White“ – atmungsaktiv, hypoallergen und angenehm kühl auf der Haut, mit einem passgenauen Gummizug für Matratzen mit einer Höhe von bis zu 30 cm.",https://www.maisondecocon.com/products/bamboo-fitted-sheet-coco-white-400tc?variant_sku=8720618860576,https://cdn.shopify.com/s/files/1/0884/0278/8685/files/bamboo-fitted-sheet-coco-white-seam-detail.jpg?v=1786183250,in_stock,132.00 EUR,Boomba Bamboo,new,,8720618860576,bamboo-fitted-sheet-coco-white-400tc
8720648154294,Bambus-Spannbetttuch „Coco White“ 400TC,"Ein seidenweiches Bambus-Spannbetttuch mit einer Fadenzahl von 400TC in strahlendem „Coco White“ – atmungsaktiv, hypoallergen und angenehm kühl auf der Haut, mit einem passgenauen Gummizug für Matratzen mit einer Höhe von bis zu 30 cm.",https://www.maisondecocon.com/products/bamboo-fitted-sheet-coco-white-400tc?variant_sku=8720648154294,https://cdn.shopify.com/s/files/1/0884/0278/8685/files/bamboo-fitted-sheet-coco-white-seam-detail.jpg?v=1786183250,out_of_stock,156.00 EUR,Boomba Bamboo,new,,8720648154294,bamboo-fitted-sheet-coco-white-400tc
8720828225929,Bambus-Spannbetttuch „Coco White“ 400TC,"Ein seidenweiches Bambus-Spannbetttuch mit einer Fadenzahl von 400TC in strahlendem „Coco White“ – atmungsaktiv, hypoallergen und angenehm kühl auf der Haut, mit einem passgenauen Gummizug für Matratzen mit einer Höhe von bis zu 30 cm.",https://www.maisondecocon.com/products/bamboo-fitted-sheet-coco-white-400tc?variant_sku=8720828225929,https://cdn.shopify.com/s/files/1/0884/0278/8685/files/bamboo-fitted-sheet-coco-white-seam-detail.jpg?v=1786183250,in_stock,138.00 EUR,Boomba Bamboo,new,,8720828225929,bamboo-fitted-sheet-coco-white-400tc
8720648154331,Bambus-Spannbetttuch „Coco White“ 400TC,"Ein seidenweiches Bambus-Spannbetttuch mit einer Fadenzahl von 400TC in strahlendem „Coco White“ – atmungsaktiv, hypoallergen und angenehm kühl auf der Haut, mit einem passgenauen Gummizug für Matratzen mit einer Höhe von bis zu 30 cm.",https://www.maisondecocon.com/products/bamboo-fitted-sheet-coco-white-400tc?variant_sku=8720648154331,https://cdn.shopify.com/s/files/1/0884/0278/8685/files/bamboo-fitted-sheet-coco-white-seam-detail.jpg?v=1786183250,in_stock,180.00 EUR,Boomba Bamboo,new,,8720648154331,bamboo-fitted-sheet-coco-white-400tc
8720828225493,Bambus-Spannbetttuch „Coco White“ 400TC,"Ein seidenweiches Bambus-Spannbetttuch mit einer Fadenzahl von 400TC in strahlendem „Coco White“ – atmungsaktiv, hypoallergen und angenehm kühl auf der Haut, mit einem passgenauen Gummizug für Matratzen mit einer Höhe von bis zu 30 cm.",https://www.maisondecocon.com/products/bamboo-fitted-sheet-coco-white-400tc?variant_sku=8720828225493,https://cdn.shopify.com/s/files/1/0884/0278/8685/files/bamboo-fitted-sheet-coco-white-seam-detail.jpg?v=1786183250,in_stock,123.00 EUR,Boomba Bamboo,new,,8720828225493,bamboo-fitted-sheet-coco-white-400tc
8720648154256,Bambus-Spannbetttuch „Coco White“ 400TC,"Ein seidenweiches Bambus-Spannbetttuch mit einer Fadenzahl von 400TC in strahlendem „Coco White“ – atmungsaktiv, hypoallergen und angenehm kühl auf der Haut, mit einem passgenauen Gummizug für Matratzen mit einer Höhe von bis zu 30 cm.",https://www.maisondecocon.com/products/bamboo-fitted-sheet-coco-white-400tc?variant_sku=8720648154256,https://cdn.shopify.com/s/files/1/0884/0278/8685/files/bamboo-fitted-sheet-coco-white-seam-detail.jpg?v=1786183250,out_of_stock,120.00 EUR,Boomba Bamboo,new,,8720648154256,bamboo-fitted-sheet-coco-white-400tc
8720648154287,Bambus-Spannbetttuch „Coco White“ 400TC,"Ein seidenweiches Bambus-Spannbetttuch mit einer Fadenzahl von 400TC in strahlendem „Coco White“ – atmungsaktiv, hypoallergen und angenehm kühl auf der Haut, mit einem passgenauen Gummizug für Matratzen mit einer Höhe von bis zu 30 cm.",https://www.maisondecocon.com/products/bamboo-fitted-sheet-coco-white-400tc?variant_sku=8720648154287,https://cdn.shopify.com/s/files/1/0884/0278/8685/files/bamboo-fitted-sheet-coco-white-seam-detail.jpg?v=1786183250,in_stock,147.00 EUR,Boomba Bamboo,new,,8720648154287,bamboo-fitted-sheet-coco-white-400tc
8720648154263,Bambus-Spannbetttuch „Coco White“ 400TC,"Ein seidenweiches Bambus-Spannbetttuch mit einer Fadenzahl von 400TC in strahlendem „Coco White“ – atmungsaktiv, hypoallergen und angenehm kühl auf der Haut, mit einem passgenauen Gummizug für Matratzen mit einer Höhe von bis zu 30 cm.",https://www.maisondecocon.com/products/bamboo-fitted-sheet-coco-white-400tc?variant_sku=8720648154263,https://cdn.shopify.com/s/files/1/0884/0278/8685/files/bamboo-fitted-sheet-coco-white-seam-detail.jpg?v=1786183250,out_of_stock,129.00 EUR,Boomba Bamboo,new,,8720648154263,bamboo-fitted-sheet-coco-white-400tc
8720618860583,Bambus-Spannbetttuch „Coco White“ 400TC,"Ein seidenweiches Bambus-Spannbetttuch mit einer Fadenzahl von 400TC in strahlendem „Coco White“ – atmungsaktiv, hypoallergen und angenehm kühl auf der Haut, mit einem passgenauen Gummizug für Matratzen mit einer Höhe von bis zu 30 cm.",https://www.maisondecocon.com/products/bamboo-fitted-sheet-coco-white-400tc?variant_sku=8720618860583,https://cdn.shopify.com/s/files/1/0884/0278/8685/files/bamboo-fitted-sheet-coco-white-seam-detail.jpg?v=1786183250,in_stock,135.00 EUR,Boomba Bamboo,new,,8720618860583,bamboo-fitted-sheet-coco-white-400tc
8720828225806,Bambus-Spannbetttuch „Coco White“ 400TC,"Ein seidenweiches Bambus-Spannbetttuch mit einer Fadenzahl von 400TC in strahlendem „Coco White“ – atmungsaktiv, hypoallergen und angenehm kühl auf der Haut, mit einem passgenauen Gummizug für Matratzen mit einer Höhe von bis zu 30 cm.",https://www.maisondecocon.com/products/bamboo-fitted-sheet-coco-white-400tc?variant_sku=8720828225806,https://cdn.shopify.com/s/files/1/0884/0278/8685/files/bamboo-fitted-sheet-coco-white-seam-detail.jpg?v=1786183250,in_stock,153.00 EUR,Boomba Bamboo,new,,8720828225806,bamboo-fitted-sheet-coco-white-400tc
8720648154317,Bambus-Spannbetttuch „Coco White“ 400TC,"Ein seidenweiches Bambus-Spannbetttuch mit einer Fadenzahl von 400TC in strahlendem „Coco White“ – atmungsaktiv, hypoallergen und angenehm kühl auf der Haut, mit einem passgenauen Gummizug für Matratzen mit einer Höhe von bis zu 30 cm.",https://www.maisondecocon.com/products/bamboo-fitted-sheet-coco-white-400tc?variant_sku=8720648154317,https://cdn.shopify.com/s/files/1/0884/0278/8685/files/bamboo-fitted-sheet-coco-white-seam-detail.jpg?v=1786183250,in_stock,168.00 EUR,Boomba Bamboo,new,,8720648154317,bamboo-fitted-sheet-coco-white-400tc
8720618860446,"Bambus-Spannbetttuch für Matratzenauflage, salbeigrün, 400TC","Ein hochwertiges Spannbetttuch aus 100 % Bambus für Matratzenauflagen mit einer Dicke von bis zu 10 cm in der Farbe „Sage Green“ – aus seidenweichem Tanboocel™-Gewebe mit einer Fadenzahl von 400TC, das atmungsaktiv ist und die Temperatur reguliert, sodass Sie das ganze Jahr über einen kühlen Schlaf genießen können.",https://www.maisondecocon.com/products/bamboo-fitted-sheet-for-mattress-topper-sage-green-400tc?variant_sku=8720618860446,https://cdn.shopify.com/s/files/1/0884/0278/8685/files/bamboo-fitted-sheet-mattress-topper-sage-green-seam-detail.jpg?v=1786182010,in_stock,132.00 EUR,Boomba Bamboo,new,,8720618860446,bamboo-fitted-sheet-for-mattress-topper-sage-green-400tc
8720618860422,"Bambus-Spannbetttuch für Matratzenauflage, salbeigrün, 400TC","Ein hochwertiges Spannbetttuch aus 100 % Bambus für Matratzenauflagen mit einer Dicke von bis zu 10 cm in der Farbe „Sage Green“ – aus seidenweichem Tanboocel™-Gewebe mit einer Fadenzahl von 400TC, das atmungsaktiv ist und die Temperatur reguliert, sodass Sie das ganze Jahr über einen kühlen Schlaf genießen können.",https://www.maisondecocon.com/products/bamboo-fitted-sheet-for-mattress-topper-sage-green-400tc?variant_sku=8720618860422,https://cdn.shopify.com/s/files/1/0884/0278/8685/files/bamboo-fitted-sheet-mattress-topper-sage-green-seam-detail.jpg?v=1786182010,in_stock,120.00 EUR,Boomba Bamboo,new,,8720618860422,bamboo-fitted-sheet-for-mattress-topper-sage-green-400tc
8720618860477,"Bambus-Spannbetttuch für Matratzenauflage, salbeigrün, 400TC","Ein hochwertiges Spannbetttuch aus 100 % Bambus für Matratzenauflagen mit einer Dicke von bis zu 10 cm in der Farbe „Sage Green“ – aus seidenweichem Tanboocel™-Gewebe mit einer Fadenzahl von 400TC, das atmungsaktiv ist und die Temperatur reguliert, sodass Sie das ganze Jahr über einen kühlen Schlaf genießen können.",https://www.maisondecocon.com/products/bamboo-fitted-sheet-for-mattress-topper-sage-green-400tc?variant_sku=8720618860477,https://cdn.shopify.com/s/files/1/0884/0278/8685/files/bamboo-fitted-sheet-mattress-topper-sage-green-seam-detail.jpg?v=1786182010,in_stock,150.00 EUR,Boomba Bamboo,new,,8720618860477,bamboo-fitted-sheet-for-mattress-topper-sage-green-400tc
8720618860484,"Bambus-Spannbetttuch für Matratzenauflage, salbeigrün, 400TC","Ein hochwertiges Spannbetttuch aus 100 % Bambus für Matratzenauflagen mit einer Dicke von bis zu 10 cm in der Farbe „Sage Green“ – aus seidenweichem Tanboocel™-Gewebe mit einer Fadenzahl von 400TC, das atmungsaktiv ist und die Temperatur reguliert, sodass Sie das ganze Jahr über einen kühlen Schlaf genießen können.",https://www.maisondecocon.com/products/bamboo-fitted-sheet-for-mattress-topper-sage-green-400tc?variant_sku=8720618860484,https://cdn.shopify.com/s/files/1/0884/0278/8685/files/bamboo-fitted-sheet-mattress-topper-sage-green-seam-detail.jpg?v=1786182010,in_stock,156.00 EUR,Boomba Bamboo,new,,8720618860484,bamboo-fitted-sheet-for-mattress-topper-sage-green-400tc
8720618860491,"Bambus-Spannbetttuch für Matratzenauflage, salbeigrün, 400TC","Ein hochwertiges Spannbetttuch aus 100 % Bambus für Matratzenauflagen mit einer Dicke von bis zu 10 cm in der Farbe „Sage Green“ – aus seidenweichem Tanboocel™-Gewebe mit einer Fadenzahl von 400TC, das atmungsaktiv ist und die Temperatur reguliert, sodass Sie das ganze Jahr über einen kühlen Schlaf genießen können.",https://www.maisondecocon.com/products/bamboo-fitted-sheet-for-mattress-topper-sage-green-400tc?variant_sku=8720618860491,https://cdn.shopify.com/s/files/1/0884/0278/8685/files/bamboo-fitted-sheet-mattress-topper-sage-green-seam-detail.jpg?v=1786182010,in_stock,162.00 EUR,Boomba Bamboo,new,,8720618860491,bamboo-fitted-sheet-for-mattress-topper-sage-green-400tc
8720618860460,"Bambus-Spannbetttuch für Matratzenauflage, salbeigrün, 400TC","Ein hochwertiges Spannbetttuch aus 100 % Bambus für Matratzenauflagen mit einer Dicke von bis zu 10 cm in der Farbe „Sage Green“ – aus seidenweichem Tanboocel™-Gewebe mit einer Fadenzahl von 400TC, das atmungsaktiv ist und die Temperatur reguliert, sodass Sie das ganze Jahr über einen kühlen Schlaf genießen können.",https://www.maisondecocon.com/products/bamboo-fitted-sheet-for-mattress-topper-sage-green-400tc?variant_sku=8720618860460,https://cdn.shopify.com/s/files/1/0884/0278/8685/files/bamboo-fitted-sheet-mattress-topper-sage-green-seam-detail.jpg?v=1786182010,in_stock,144.00 EUR,Boomba Bamboo,new,,8720618860460,bamboo-fitted-sheet-for-mattress-topper-sage-green-400tc
8720618860453,"Bambus-Spannbetttuch für Matratzenauflage, salbeigrün, 400TC","Ein hochwertiges Spannbetttuch aus 100 % Bambus für Matratzenauflagen mit einer Dicke von bis zu 10 cm in der Farbe „Sage Green“ – aus seidenweichem Tanboocel™-Gewebe mit einer Fadenzahl von 400TC, das atmungsaktiv ist und die Temperatur reguliert, sodass Sie das ganze Jahr über einen kühlen Schlaf genießen können.",https://www.maisondecocon.com/products/bamboo-fitted-sheet-for-mattress-topper-sage-green-400tc?variant_sku=8720618860453,https://cdn.shopify.com/s/files/1/0884/0278/8685/files/bamboo-fitted-sheet-mattress-topper-sage-green-seam-detail.jpg?v=1786182010,in_stock,138.00 EUR,Boomba Bamboo,new,,8720618860453,bamboo-fitted-sheet-for-mattress-topper-sage-green-400tc
8720618860439,"Bambus-Spannbetttuch für Matratzenauflage, salbeigrün, 400TC","Ein hochwertiges Spannbetttuch aus 100 % Bambus für Matratzenauflagen mit einer Dicke von bis zu 10 cm in der Farbe „Sage Green“ – aus seidenweichem Tanboocel™-Gewebe mit einer Fadenzahl von 400TC, das atmungsaktiv ist und die Temperatur reguliert, sodass Sie das ganze Jahr über einen kühlen Schlaf genießen können.",https://www.maisondecocon.com/products/bamboo-fitted-sheet-for-mattress-topper-sage-green-400tc?variant_sku=8720618860439,https://cdn.shopify.com/s/files/1/0884/0278/8685/files/bamboo-fitted-sheet-mattress-topper-sage-green-seam-detail.jpg?v=1786182010,in_stock,126.00 EUR,Boomba Bamboo,new,,8720618860439,bamboo-fitted-sheet-for-mattress-topper-sage-green-400tc
6154510884866,"Bambus-Spannbetttuch für Matratzenauflage, Moosgrün, 400TC","Ein hochwertiges Spannbetttuch aus 100 % Bambus für Matratzenauflagen mit einer Dicke von bis zu 10 cm in der Farbe „Moosgrün“ – aus seidenweichem Tanboocel™-Gewebe mit einer Fadenzahl von 400TC, das atmungsaktiv ist und die Temperatur reguliert, sodass Sie das ganze Jahr über einen kühlen Schlaf genießen können.",https://www.maisondecocon.com/products/bamboo-fitted-sheet-for-mattress-topper-deep-moss-400tc?variant_sku=6154510884866,https://cdn.shopify.com/s/files/1/0884/0278/8685/files/bamboo-fitted-sheet-mattress-topper-deep-moss-seam-detail.jpg?v=1786182010,in_stock,180.00 EUR,Boomba Bamboo,new,,6154510884866,bamboo-fitted-sheet-for-mattress-topper-deep-moss-400tc
6154510163145,"Bambus-Spannbetttuch für Matratzenauflage, Moosgrün, 400TC","Ein hochwertiges Spannbetttuch aus 100 % Bambus für Matratzenauflagen mit einer Dicke von bis zu 10 cm in der Farbe „Moosgrün“ – aus seidenweichem Tanboocel™-Gewebe mit einer Fadenzahl von 400TC, das atmungsaktiv ist und die Temperatur reguliert, sodass Sie das ganze Jahr über einen kühlen Schlaf genießen können.",https://www.maisondecocon.com/products/bamboo-fitted-sheet-for-mattress-topper-deep-moss-400tc?variant_sku=6154510163145,https://cdn.shopify.com/s/files/1/0884/0278/8685/files/bamboo-fitted-sheet-mattress-topper-deep-moss-seam-detail.jpg?v=1786182010,in_stock,144.00 EUR,Boomba Bamboo,new,,6154510163145,bamboo-fitted-sheet-for-mattress-topper-deep-moss-400tc
6154510711780,"Bambus-Spannbetttuch für Matratzenauflage, Moosgrün, 400TC","Ein hochwertiges Spannbetttuch aus 100 % Bambus für Matratzenauflagen mit einer Dicke von bis zu 10 cm in der Farbe „Moosgrün“ – aus seidenweichem Tanboocel™-Gewebe mit einer Fadenzahl von 400TC, das atmungsaktiv ist und die Temperatur reguliert, sodass Sie das ganze Jahr über einen kühlen Schlaf genießen können.",https://www.maisondecocon.com/products/bamboo-fitted-sheet-for-mattress-topper-deep-moss-400tc?variant_sku=6154510711780,https://cdn.shopify.com/s/files/1/0884/0278/8685/files/bamboo-fitted-sheet-mattress-topper-deep-moss-seam-detail.jpg?v=1786182010,in_stock,168.00 EUR,Boomba Bamboo,new,,6154510711780,bamboo-fitted-sheet-for-mattress-topper-deep-moss-400tc
6154510653622,"Bambus-Spannbetttuch für Matratzenauflage, Moosgrün, 400TC","Ein hochwertiges Spannbetttuch aus 100 % Bambus für Matratzenauflagen mit einer Dicke von bis zu 10 cm in der Farbe „Moosgrün“ – aus seidenweichem Tanboocel™-Gewebe mit einer Fadenzahl von 400TC, das atmungsaktiv ist und die Temperatur reguliert, sodass Sie das ganze Jahr über einen kühlen Schlaf genießen können.",https://www.maisondecocon.com/products/bamboo-fitted-sheet-for-mattress-topper-deep-moss-400tc?variant_sku=6154510653622,https://cdn.shopify.com/s/files/1/0884/0278/8685/files/bamboo-fitted-sheet-mattress-topper-deep-moss-seam-detail.jpg?v=1786182010,in_stock,156.00 EUR,Boomba Bamboo,new,,6154510653622,bamboo-fitted-sheet-for-mattress-topper-deep-moss-400tc
6154510671626,"Bambus-Spannbetttuch für Matratzenauflage, Moosgrün, 400TC","Ein hochwertiges Spannbetttuch aus 100 % Bambus für Matratzenauflagen mit einer Dicke von bis zu 10 cm in der Farbe „Moosgrün“ – aus seidenweichem Tanboocel™-Gewebe mit einer Fadenzahl von 400TC, das atmungsaktiv ist und die Temperatur reguliert, sodass Sie das ganze Jahr über einen kühlen Schlaf genießen können.",https://www.maisondecocon.com/products/bamboo-fitted-sheet-for-mattress-topper-deep-moss-400tc?variant_sku=6154510671626,https://cdn.shopify.com/s/files/1/0884/0278/8685/files/bamboo-fitted-sheet-mattress-topper-deep-moss-seam-detail.jpg?v=1786182010,in_stock,162.00 EUR,Boomba Bamboo,new,,6154510671626,bamboo-fitted-sheet-for-mattress-topper-deep-moss-400tc
6154510458470,"Bambus-Spannbetttuch für Matratzenauflage, Moosgrün, 400TC","Ein hochwertiges Spannbetttuch aus 100 % Bambus für Matratzenauflagen mit einer Dicke von bis zu 10 cm in der Farbe „Moosgrün“ – aus seidenweichem Tanboocel™-Gewebe mit einer Fadenzahl von 400TC, das atmungsaktiv ist und die Temperatur reguliert, sodass Sie das ganze Jahr über einen kühlen Schlaf genießen können.",https://www.maisondecocon.com/products/bamboo-fitted-sheet-for-mattress-topper-deep-moss-400tc?variant_sku=6154510458470,https://cdn.shopify.com/s/files/1/0884/0278/8685/files/bamboo-fitted-sheet-mattress-topper-deep-moss-seam-detail.jpg?v=1786182010,in_stock,153.00 EUR,Boomba Bamboo,new,,6154510458470,bamboo-fitted-sheet-for-mattress-topper-deep-moss-400tc
6154510372370,"Bambus-Spannbetttuch für Matratzenauflage, Moosgrün, 400TC","Ein hochwertiges Spannbetttuch aus 100 % Bambus für Matratzenauflagen mit einer Dicke von bis zu 10 cm in der Farbe „Moosgrün“ – aus seidenweichem Tanboocel™-Gewebe mit einer Fadenzahl von 400TC, das atmungsaktiv ist und die Temperatur reguliert, sodass Sie das ganze Jahr über einen kühlen Schlaf genießen können.",https://www.maisondecocon.com/products/bamboo-fitted-sheet-for-mattress-topper-deep-moss-400tc?variant_sku=6154510372370,https://cdn.shopify.com/s/files/1/0884/0278/8685/files/bamboo-fitted-sheet-mattress-topper-deep-moss-seam-detail.jpg?v=1786182010,in_stock,147.00 EUR,Boomba Bamboo,new,,6154510372370,bamboo-fitted-sheet-for-mattress-topper-deep-moss-400tc
8720828225646,"Bambus-Bettbezug, Salbeigrün, 400TC","Ein seidenweicher Bettbezug aus Bambus mit einer Fadenzahl von 400TC in beruhigendem Salbeigrün – atmungsaktiv, hypoallergen und wahlweise mit Bambusknopfverschluss oder Einsteckstreifen erhältlich.",https://www.maisondecocon.com/products/bamboo-duvet-cover-sage-green-400tc?variant_sku=8720828225646,https://cdn.shopify.com/s/files/1/0884/0278/8685/files/bamboo-duvet-cover-sage-green-bedroom-lifestyle-1.jpg?v=1786136046,out_of_stock,297.00 EUR,Boomba Bamboo,new,,8720828225646,bamboo-duvet-cover-sage-green-400tc
8720828225639,"Bambus-Bettbezug, Salbeigrün, 400TC","Ein seidenweicher Bettbezug aus Bambus mit einer Fadenzahl von 400TC in beruhigendem Salbeigrün – atmungsaktiv, hypoallergen und wahlweise mit Bambusknopfverschluss oder Einsteckstreifen erhältlich.",https://www.maisondecocon.com/products/bamboo-duvet-cover-sage-green-400tc?variant_sku=8720828225639,https://cdn.shopify.com/s/files/1/0884/0278/8685/files/bamboo-duvet-cover-sage-green-bedroom-lifestyle-1.jpg?v=1786136046,in_stock,282.00 EUR,Boomba Bamboo,new,,8720828225639,bamboo-duvet-cover-sage-green-400tc
8720828225677,"Bambus-Bettbezug, Salbeigrün, 400TC","Ein seidenweicher Bettbezug aus Bambus mit einer Fadenzahl von 400TC in beruhigendem Salbeigrün – atmungsaktiv, hypoallergen und wahlweise mit Bambusknopfverschluss oder Einsteckstreifen erhältlich.",https://www.maisondecocon.com/products/bamboo-duvet-cover-sage-green-400tc?variant_sku=8720828225677,https://cdn.shopify.com/s/files/1/0884/0278/8685/files/bamboo-duvet-cover-sage-green-bedroom-lifestyle-1.jpg?v=1786136046,out_of_stock,387.00 EUR,Boomba Bamboo,new,,8720828225677,bamboo-duvet-cover-sage-green-400tc
8720828225691,"Bambus-Bettbezug, Salbeigrün, 400TC","Ein seidenweicher Bettbezug aus Bambus mit einer Fadenzahl von 400TC in beruhigendem Salbeigrün – atmungsaktiv, hypoallergen und wahlweise mit Bambusknopfverschluss oder Einsteckstreifen erhältlich.",https://www.maisondecocon.com/products/bamboo-duvet-cover-sage-green-400tc?variant_sku=8720828225691,https://cdn.shopify.com/s/files/1/0884/0278/8685/files/bamboo-duvet-cover-sage-green-bedroom-lifestyle-1.jpg?v=1786136046,in_stock,267.00 EUR,Boomba Bamboo,new,,8720828225691,bamboo-duvet-cover-sage-green-400tc
8720828225684,"Bambus-Bettbezug, Salbeigrün, 400TC","Ein seidenweicher Bettbezug aus Bambus mit einer Fadenzahl von 400TC in beruhigendem Salbeigrün – atmungsaktiv, hypoallergen und wahlweise mit Bambusknopfverschluss oder Einsteckstreifen erhältlich.",https://www.maisondecocon.com/products/bamboo-duvet-cover-sage-green-400tc?variant_sku=8720828225684,https://cdn.shopify.com/s/files/1/0884/0278/8685/files/bamboo-duvet-cover-sage-green-bedroom-lifestyle-1.jpg?v=1786136046,in_stock,420.00 EUR,Boomba Bamboo,new,,8720828225684,bamboo-duvet-cover-sage-green-400tc
8720618860309,"Bambus-Bettbezug, Salbeigrün, 400TC","Ein seidenweicher Bettbezug aus Bambus mit einer Fadenzahl von 400TC in beruhigendem Salbeigrün – atmungsaktiv, hypoallergen und wahlweise mit Bambusknopfverschluss oder Einsteckstreifen erhältlich.",https://www.maisondecocon.com/products/bamboo-duvet-cover-sage-green-400tc?variant_sku=8720618860309,https://cdn.shopify.com/s/files/1/0884/0278/8685/files/bamboo-duvet-cover-sage-green-bedroom-lifestyle-1.jpg?v=1786136046,in_stock,369.00 EUR,Boomba Bamboo,new,,8720618860309,bamboo-duvet-cover-sage-green-400tc
8720618860293,"Bambus-Bettbezug, Salbeigrün, 400TC","Ein seidenweicher Bettbezug aus Bambus mit einer Fadenzahl von 400TC in beruhigendem Salbeigrün – atmungsaktiv, hypoallergen und wahlweise mit Bambusknopfverschluss oder Einsteckstreifen erhältlich.",https://www.maisondecocon.com/products/bamboo-duvet-cover-sage-green-400tc?variant_sku=8720618860293,https://cdn.shopify.com/s/files/1/0884/0278/8685/files/bamboo-duvet-cover-sage-green-bedroom-lifestyle-1.jpg?v=1786136046,in_stock,318.00 EUR,Boomba Bamboo,new,,8720618860293,bamboo-duvet-cover-sage-green-400tc
8720618860286,"Bambus-Bettbezug, Salbeigrün, 400TC","Ein seidenweicher Bettbezug aus Bambus mit einer Fadenzahl von 400TC in beruhigendem Salbeigrün – atmungsaktiv, hypoallergen und wahlweise mit Bambusknopfverschluss oder Einsteckstreifen erhältlich.",https://www.maisondecocon.com/products/bamboo-duvet-cover-sage-green-400tc?variant_sku=8720618860286,https://cdn.shopify.com/s/files/1/0884/0278/8685/files/bamboo-duvet-cover-sage-green-bedroom-lifestyle-1.jpg?v=1786136046,in_stock,300.00 EUR,Boomba Bamboo,new,,8720618860286,bamboo-duvet-cover-sage-green-400tc
8720828225660,"Bambus-Bettbezug, Salbeigrün, 400TC","Ein seidenweicher Bettbezug aus Bambus mit einer Fadenzahl von 400TC in beruhigendem Salbeigrün – atmungsaktiv, hypoallergen und wahlweise mit Bambusknopfverschluss oder Einsteckstreifen erhältlich.",https://www.maisondecocon.com/products/bamboo-duvet-cover-sage-green-400tc?variant_sku=8720828225660,https://cdn.shopify.com/s/files/1/0884/0278/8685/files/bamboo-duvet-cover-sage-green-bedroom-lifestyle-1.jpg?v=1786136046,in_stock,336.00 EUR,Boomba Bamboo,new,,8720828225660,bamboo-duvet-cover-sage-green-400tc
8720618860279,"Bambus-Bettbezug, Salbeigrün, 400TC","Ein seidenweicher Bettbezug aus Bambus mit einer Fadenzahl von 400TC in beruhigendem Salbeigrün – atmungsaktiv, hypoallergen und wahlweise mit Bambusknopfverschluss oder Einsteckstreifen erhältlich.",https://www.maisondecocon.com/products/bamboo-duvet-cover-sage-green-400tc?variant_sku=8720618860279,https://cdn.shopify.com/s/files/1/0884/0278/8685/files/bamboo-duvet-cover-sage-green-bedroom-lifestyle-1.jpg?v=1786136046,in_stock,258.00 EUR,Boomba Bamboo,new,,8720618860279,bamboo-duvet-cover-sage-green-400tc
8720828225653,"Bambus-Bettbezug, Salbeigrün, 400TC","Ein seidenweicher Bettbezug aus Bambus mit einer Fadenzahl von 400TC in beruhigendem Salbeigrün – atmungsaktiv, hypoallergen und wahlweise mit Bambusknopfverschluss oder Einsteckstreifen erhältlich.",https://www.maisondecocon.com/products/bamboo-duvet-cover-sage-green-400tc?variant_sku=8720828225653,https://cdn.shopify.com/s/files/1/0884/0278/8685/files/bamboo-duvet-cover-sage-green-bedroom-lifestyle-1.jpg?v=1786136046,in_stock,318.00 EUR,Boomba Bamboo,new,,8720828225653,bamboo-duvet-cover-sage-green-400tc
8720618860316,"Bambus-Bettbezug, Salbeigrün, 400TC","Ein seidenweicher Bettbezug aus Bambus mit einer Fadenzahl von 400TC in beruhigendem Salbeigrün – atmungsaktiv, hypoallergen und wahlweise mit Bambusknopfverschluss oder Einsteckstreifen erhältlich.",https://www.maisondecocon.com/products/bamboo-duvet-cover-sage-green-400tc?variant_sku=8720618860316,https://cdn.shopify.com/s/files/1/0884/0278/8685/files/bamboo-duvet-cover-sage-green-bedroom-lifestyle-1.jpg?v=1786136046,in_stock,402.00 EUR,Boomba Bamboo,new,,8720618860316,bamboo-duvet-cover-sage-green-400tc
8720648154683,"Bambus-Spannbetttuch für Matratzenauflage, Soft Taupe, 400TC","Ein hochwertiges Spannbetttuch aus 100 % Bambus für Matratzenauflagen mit einer Dicke von bis zu 10 cm in der Farbe „Soft Taupe“ – aus seidenweichem Tanboocel™-Gewebe mit einer Fadenzahl von 400TC, das atmungsaktiv und temperaturregulierend ist und Ihnen das ganze Jahr über einen kühlen Schlaf beschert.",https://www.maisondecocon.com/products/bamboo-fitted-sheet-for-mattress-topper-soft-taupe-400tc?variant_sku=8720648154683,https://cdn.shopify.com/s/files/1/0884/0278/8685/files/bamboo-fitted-sheet-mattress-topper-soft-taupe-corner-fit.jpg?v=1786182490,out_of_stock,174.00 EUR,Boomba Bamboo,new,,8720648154683,bamboo-fitted-sheet-for-mattress-topper-soft-taupe-400tc
8720648154652,"Bambus-Spannbetttuch für Matratzenauflage, Soft Taupe, 400TC","Ein hochwertiges Spannbetttuch aus 100 % Bambus für Matratzenauflagen mit einer Dicke von bis zu 10 cm in der Farbe „Soft Taupe“ – aus seidenweichem Tanboocel™-Gewebe mit einer Fadenzahl von 400TC, das atmungsaktiv und temperaturregulierend ist und Ihnen das ganze Jahr über einen kühlen Schlaf beschert.",https://www.maisondecocon.com/products/bamboo-fitted-sheet-for-mattress-topper-soft-taupe-400tc?variant_sku=8720648154652,https://cdn.shopify.com/s/files/1/0884/0278/8685/files/bamboo-fitted-sheet-mattress-topper-soft-taupe-corner-fit.jpg?v=1786182490,in_stock,159.00 EUR,Boomba Bamboo,new,,8720648154652,bamboo-fitted-sheet-for-mattress-topper-soft-taupe-400tc
8720648154621,"Bambus-Spannbetttuch für Matratzenauflage, Soft Taupe, 400TC","Ein hochwertiges Spannbetttuch aus 100 % Bambus für Matratzenauflagen mit einer Dicke von bis zu 10 cm in der Farbe „Soft Taupe“ – aus seidenweichem Tanboocel™-Gewebe mit einer Fadenzahl von 400TC, das atmungsaktiv und temperaturregulierend ist und Ihnen das ganze Jahr über einen kühlen Schlaf beschert.",https://www.maisondecocon.com/products/bamboo-fitted-sheet-for-mattress-topper-soft-taupe-400tc?variant_sku=8720648154621,https://cdn.shopify.com/s/files/1/0884/0278/8685/files/bamboo-fitted-sheet-mattress-topper-soft-taupe-corner-fit.jpg?v=1786182490,in_stock,144.00 EUR,Boomba Bamboo,new,,8720648154621,bamboo-fitted-sheet-for-mattress-topper-soft-taupe-400tc
8720648154676,"Bambus-Spannbetttuch für Matratzenauflage, Soft Taupe, 400TC","Ein hochwertiges Spannbetttuch aus 100 % Bambus für Matratzenauflagen mit einer Dicke von bis zu 10 cm in der Farbe „Soft Taupe“ – aus seidenweichem Tanboocel™-Gewebe mit einer Fadenzahl von 400TC, das atmungsaktiv und temperaturregulierend ist und Ihnen das ganze Jahr über einen kühlen Schlaf beschert.",https://www.maisondecocon.com/products/bamboo-fitted-sheet-for-mattress-topper-soft-taupe-400tc?variant_sku=8720648154676,https://cdn.shopify.com/s/files/1/0884/0278/8685/files/bamboo-fitted-sheet-mattress-topper-soft-taupe-corner-fit.jpg?v=1786182490,in_stock,168.00 EUR,Boomba Bamboo,new,,8720648154676,bamboo-fitted-sheet-for-mattress-topper-soft-taupe-400tc
8720648154669,"Bambus-Spannbetttuch für Matratzenauflage, Soft Taupe, 400TC","Ein hochwertiges Spannbetttuch aus 100 % Bambus für Matratzenauflagen mit einer Dicke von bis zu 10 cm in der Farbe „Soft Taupe“ – aus seidenweichem Tanboocel™-Gewebe mit einer Fadenzahl von 400TC, das atmungsaktiv und temperaturregulierend ist und Ihnen das ganze Jahr über einen kühlen Schlaf beschert.",https://www.maisondecocon.com/products/bamboo-fitted-sheet-for-mattress-topper-soft-taupe-400tc?variant_sku=8720648154669,https://cdn.shopify.com/s/files/1/0884/0278/8685/files/bamboo-fitted-sheet-mattress-topper-soft-taupe-corner-fit.jpg?v=1786182490,in_stock,162.00 EUR,Boomba Bamboo,new,,8720648154669,bamboo-fitted-sheet-for-mattress-topper-soft-taupe-400tc
8720648154638,"Bambus-Spannbetttuch für Matratzenauflage, Soft Taupe, 400TC","Ein hochwertiges Spannbetttuch aus 100 % Bambus für Matratzenauflagen mit einer Dicke von bis zu 10 cm in der Farbe „Soft Taupe“ – aus seidenweichem Tanboocel™-Gewebe mit einer Fadenzahl von 400TC, das atmungsaktiv und temperaturregulierend ist und Ihnen das ganze Jahr über einen kühlen Schlaf beschert.",https://www.maisondecocon.com/products/bamboo-fitted-sheet-for-mattress-topper-soft-taupe-400tc?variant_sku=8720648154638,https://cdn.shopify.com/s/files/1/0884/0278/8685/files/bamboo-fitted-sheet-mattress-topper-soft-taupe-corner-fit.jpg?v=1786182490,in_stock,147.00 EUR,Boomba Bamboo,new,,8720648154638,bamboo-fitted-sheet-for-mattress-topper-soft-taupe-400tc
8720648154690,"Bambus-Spannbetttuch für Matratzenauflage, Soft Taupe, 400TC","Ein hochwertiges Spannbetttuch aus 100 % Bambus für Matratzenauflagen mit einer Dicke von bis zu 10 cm in der Farbe „Soft Taupe“ – aus seidenweichem Tanboocel™-Gewebe mit einer Fadenzahl von 400TC, das atmungsaktiv und temperaturregulierend ist und Ihnen das ganze Jahr über einen kühlen Schlaf beschert.",https://www.maisondecocon.com/products/bamboo-fitted-sheet-for-mattress-topper-soft-taupe-400tc?variant_sku=8720648154690,https://cdn.shopify.com/s/files/1/0884/0278/8685/files/bamboo-fitted-sheet-mattress-topper-soft-taupe-corner-fit.jpg?v=1786182490,in_stock,180.00 EUR,Boomba Bamboo,new,,8720648154690,bamboo-fitted-sheet-for-mattress-topper-soft-taupe-400tc
8720648154645,"Bambus-Spannbetttuch für Matratzenauflage, Soft Taupe, 400TC","Ein hochwertiges Spannbetttuch aus 100 % Bambus für Matratzenauflagen mit einer Dicke von bis zu 10 cm in der Farbe „Soft Taupe“ – aus seidenweichem Tanboocel™-Gewebe mit einer Fadenzahl von 400TC, das atmungsaktiv und temperaturregulierend ist und Ihnen das ganze Jahr über einen kühlen Schlaf beschert.",https://www.maisondecocon.com/products/bamboo-fitted-sheet-for-mattress-topper-soft-taupe-400tc?variant_sku=8720648154645,https://cdn.shopify.com/s/files/1/0884/0278/8685/files/bamboo-fitted-sheet-mattress-topper-soft-taupe-corner-fit.jpg?v=1786182490,out_of_stock,156.00 EUR,Boomba Bamboo,new,,8720648154645,bamboo-fitted-sheet-for-mattress-topper-soft-taupe-400tc
6154518089058,"Bambus-Bettbezug „Lavender Mist“, 400TC","Ein seidenweicher Bettbezug aus Bambus mit einer Fadenzahl von 400TC in der ruhigen Farbe „Lavender Mist“ – atmungsaktiv, hypoallergen und wahlweise mit Bambusknöpfen oder einem Einsteckstreifen erhältlich.",https://www.maisondecocon.com/products/bamboo-duvet-cover-lavender-mist-400tc?variant_sku=6154518089058,https://cdn.shopify.com/s/files/1/0884/0278/8685/files/bamboo-duvet-cover-lavender-mist-bedroom-lifestyle-1.jpg?v=1786136174,in_stock,336.00 EUR,Boomba Bamboo,new,,6154518089058,bamboo-duvet-cover-lavender-mist-400tc
6154516245234,"Bambus-Bettbezug „Lavender Mist“, 400TC","Ein seidenweicher Bettbezug aus Bambus mit einer Fadenzahl von 400TC in der ruhigen Farbe „Lavender Mist“ – atmungsaktiv, hypoallergen und wahlweise mit Bambusknöpfen oder einem Einsteckstreifen erhältlich.",https://www.maisondecocon.com/products/bamboo-duvet-cover-lavender-mist-400tc?variant_sku=6154516245234,https://cdn.shopify.com/s/files/1/0884/0278/8685/files/bamboo-duvet-cover-lavender-mist-bedroom-lifestyle-1.jpg?v=1786136174,in_stock,267.00 EUR,Boomba Bamboo,new,,6154516245234,bamboo-duvet-cover-lavender-mist-400tc
6154518158129,"Bambus-Bettbezug „Lavender Mist“, 400TC","Ein seidenweicher Bettbezug aus Bambus mit einer Fadenzahl von 400TC in der ruhigen Farbe „Lavender Mist“ – atmungsaktiv, hypoallergen und wahlweise mit Bambusknöpfen oder einem Einsteckstreifen erhältlich.",https://www.maisondecocon.com/products/bamboo-duvet-cover-lavender-mist-400tc?variant_sku=6154518158129,https://cdn.shopify.com/s/files/1/0884/0278/8685/files/bamboo-duvet-cover-lavender-mist-bedroom-lifestyle-1.jpg?v=1786136174,in_stock,387.00 EUR,Boomba Bamboo,new,,6154518158129,bamboo-duvet-cover-lavender-mist-400tc
6154516770743,"Bambus-Bettbezug „Lavender Mist“, 400TC","Ein seidenweicher Bettbezug aus Bambus mit einer Fadenzahl von 400TC in der ruhigen Farbe „Lavender Mist“ – atmungsaktiv, hypoallergen und wahlweise mit Bambusknöpfen oder einem Einsteckstreifen erhältlich.",https://www.maisondecocon.com/products/bamboo-duvet-cover-lavender-mist-400tc?variant_sku=6154516770743,https://cdn.shopify.com/s/files/1/0884/0278/8685/files/bamboo-duvet-cover-lavender-mist-bedroom-lifestyle-1.jpg?v=1786136174,in_stock,402.00 EUR,Boomba Bamboo,new,,6154516770743,bamboo-duvet-cover-lavender-mist-400tc
6154518295268,"Bambus-Bettbezug „Lavender Mist“, 400TC","Ein seidenweicher Bettbezug aus Bambus mit einer Fadenzahl von 400TC in der ruhigen Farbe „Lavender Mist“ – atmungsaktiv, hypoallergen und wahlweise mit Bambusknöpfen oder einem Einsteckstreifen erhältlich.",https://www.maisondecocon.com/products/bamboo-duvet-cover-lavender-mist-400tc?variant_sku=6154518295268,https://cdn.shopify.com/s/files/1/0884/0278/8685/files/bamboo-duvet-cover-lavender-mist-bedroom-lifestyle-1.jpg?v=1786136174,in_stock,420.00 EUR,Boomba Bamboo,new,,6154518295268,bamboo-duvet-cover-lavender-mist-400tc
6154517521573,"Bambus-Bettbezug „Lavender Mist“, 400TC","Ein seidenweicher Bettbezug aus Bambus mit einer Fadenzahl von 400TC in der ruhigen Farbe „Lavender Mist“ – atmungsaktiv, hypoallergen und wahlweise mit Bambusknöpfen oder einem Einsteckstreifen erhältlich.",https://www.maisondecocon.com/products/bamboo-duvet-cover-lavender-mist-400tc?variant_sku=6154517521573,https://cdn.shopify.com/s/files/1/0884/0278/8685/files/bamboo-duvet-cover-lavender-mist-bedroom-lifestyle-1.jpg?v=1786136174,in_stock,282.00 EUR,Boomba Bamboo,new,,6154517521573,bamboo-duvet-cover-lavender-mist-400tc
6154516397339,"Bambus-Bettbezug „Lavender Mist“, 400TC","Ein seidenweicher Bettbezug aus Bambus mit einer Fadenzahl von 400TC in der ruhigen Farbe „Lavender Mist“ – atmungsaktiv, hypoallergen und wahlweise mit Bambusknöpfen oder einem Einsteckstreifen erhältlich.",https://www.maisondecocon.com/products/bamboo-duvet-cover-lavender-mist-400tc?variant_sku=6154516397339,https://cdn.shopify.com/s/files/1/0884/0278/8685/files/bamboo-duvet-cover-lavender-mist-bedroom-lifestyle-1.jpg?v=1786136174,in_stock,300.00 EUR,Boomba Bamboo,new,,6154516397339,bamboo-duvet-cover-lavender-mist-400tc
6154517821871,"Bambus-Bettbezug „Lavender Mist“, 400TC","Ein seidenweicher Bettbezug aus Bambus mit einer Fadenzahl von 400TC in der ruhigen Farbe „Lavender Mist“ – atmungsaktiv, hypoallergen und wahlweise mit Bambusknöpfen oder einem Einsteckstreifen erhältlich.",https://www.maisondecocon.com/products/bamboo-duvet-cover-lavender-mist-400tc?variant_sku=6154517821871,https://cdn.shopify.com/s/files/1/0884/0278/8685/files/bamboo-duvet-cover-lavender-mist-bedroom-lifestyle-1.jpg?v=1786136174,in_stock,297.00 EUR,Boomba Bamboo,new,,6154517821871,bamboo-duvet-cover-lavender-mist-400tc
6154516219228,"Bambus-Bettbezug „Lavender Mist“, 400TC","Ein seidenweicher Bettbezug aus Bambus mit einer Fadenzahl von 400TC in der ruhigen Farbe „Lavender Mist“ – atmungsaktiv, hypoallergen und wahlweise mit Bambusknöpfen oder einem Einsteckstreifen erhältlich.",https://www.maisondecocon.com/products/bamboo-duvet-cover-lavender-mist-400tc?variant_sku=6154516219228,https://cdn.shopify.com/s/files/1/0884/0278/8685/files/bamboo-duvet-cover-lavender-mist-bedroom-lifestyle-1.jpg?v=1786136174,in_stock,258.00 EUR,Boomba Bamboo,new,,6154516219228,bamboo-duvet-cover-lavender-mist-400tc
6154516527507,"Bambus-Bettbezug „Lavender Mist“, 400TC","Ein seidenweicher Bettbezug aus Bambus mit einer Fadenzahl von 400TC in der ruhigen Farbe „Lavender Mist“ – atmungsaktiv, hypoallergen und wahlweise mit Bambusknöpfen oder einem Einsteckstreifen erhältlich.",https://www.maisondecocon.com/products/bamboo-duvet-cover-lavender-mist-400tc?variant_sku=6154516527507,https://cdn.shopify.com/s/files/1/0884/0278/8685/files/bamboo-duvet-cover-lavender-mist-bedroom-lifestyle-1.jpg?v=1786136174,in_stock,318.00 EUR,Boomba Bamboo,new,,6154516527507,bamboo-duvet-cover-lavender-mist-400tc
6154516651622,"Bambus-Bettbezug „Lavender Mist“, 400TC","Ein seidenweicher Bettbezug aus Bambus mit einer Fadenzahl von 400TC in der ruhigen Farbe „Lavender Mist“ – atmungsaktiv, hypoallergen und wahlweise mit Bambusknöpfen oder einem Einsteckstreifen erhältlich.",https://www.maisondecocon.com/products/bamboo-duvet-cover-lavender-mist-400tc?variant_sku=6154516651622,https://cdn.shopify.com/s/files/1/0884/0278/8685/files/bamboo-duvet-cover-lavender-mist-bedroom-lifestyle-1.jpg?v=1786136174,in_stock,369.00 EUR,Boomba Bamboo,new,,6154516651622,bamboo-duvet-cover-lavender-mist-400tc
6154517867855,"Bambus-Bettbezug „Lavender Mist“, 400TC","Ein seidenweicher Bettbezug aus Bambus mit einer Fadenzahl von 400TC in der ruhigen Farbe „Lavender Mist“ – atmungsaktiv, hypoallergen und wahlweise mit Bambusknöpfen oder einem Einsteckstreifen erhältlich.",https://www.maisondecocon.com/products/bamboo-duvet-cover-lavender-mist-400tc?variant_sku=6154517867855,https://cdn.shopify.com/s/files/1/0884/0278/8685/files/bamboo-duvet-cover-lavender-mist-bedroom-lifestyle-1.jpg?v=1786136174,in_stock,318.00 EUR,Boomba Bamboo,new,,6154517867855,bamboo-duvet-cover-lavender-mist-400tc
8720648154775,"Bettbezug aus Bambus, Space Blue, 400TC","Ein seidenweicher Bettbezug aus Bambus mit einer Fadenzahl von 400TC in tiefem Space Blue – atmungsaktiv, hypoallergen und wahlweise mit Bambus-Knopfverschluss oder Einsteckstreifen erhältlich.",https://www.maisondecocon.com/products/bamboo-duvet-cover-space-blue-400tc?variant_sku=8720648154775,https://cdn.shopify.com/s/files/1/0884/0278/8685/files/bamboo-duvet-cover-space-blue-bedroom-lifestyle-1.jpg?v=1786136300,in_stock,402.00 EUR,Boomba Bamboo,new,,8720648154775,bamboo-duvet-cover-space-blue-400tc
8720648154737,"Bettbezug aus Bambus, Space Blue, 400TC","Ein seidenweicher Bettbezug aus Bambus mit einer Fadenzahl von 400TC in tiefem Space Blue – atmungsaktiv, hypoallergen und wahlweise mit Bambus-Knopfverschluss oder Einsteckstreifen erhältlich.",https://www.maisondecocon.com/products/bamboo-duvet-cover-space-blue-400tc?variant_sku=8720648154737,https://cdn.shopify.com/s/files/1/0884/0278/8685/files/bamboo-duvet-cover-space-blue-bedroom-lifestyle-1.jpg?v=1786136300,out_of_stock,258.00 EUR,Boomba Bamboo,new,,8720648154737,bamboo-duvet-cover-space-blue-400tc
8720618860750,"Bettbezug aus Bambus, Space Blue, 400TC","Ein seidenweicher Bettbezug aus Bambus mit einer Fadenzahl von 400TC in tiefem Space Blue – atmungsaktiv, hypoallergen und wahlweise mit Bambus-Knopfverschluss oder Einsteckstreifen erhältlich.",https://www.maisondecocon.com/products/bamboo-duvet-cover-space-blue-400tc?variant_sku=8720618860750,https://cdn.shopify.com/s/files/1/0884/0278/8685/files/bamboo-duvet-cover-space-blue-bedroom-lifestyle-1.jpg?v=1786136300,in_stock,420.00 EUR,Boomba Bamboo,new,,8720618860750,bamboo-duvet-cover-space-blue-400tc
8720618860729,"Bettbezug aus Bambus, Space Blue, 400TC","Ein seidenweicher Bettbezug aus Bambus mit einer Fadenzahl von 400TC in tiefem Space Blue – atmungsaktiv, hypoallergen und wahlweise mit Bambus-Knopfverschluss oder Einsteckstreifen erhältlich.",https://www.maisondecocon.com/products/bamboo-duvet-cover-space-blue-400tc?variant_sku=8720618860729,https://cdn.shopify.com/s/files/1/0884/0278/8685/files/bamboo-duvet-cover-space-blue-bedroom-lifestyle-1.jpg?v=1786136300,in_stock,318.00 EUR,Boomba Bamboo,new,,8720618860729,bamboo-duvet-cover-space-blue-400tc
8720618860736,"Bettbezug aus Bambus, Space Blue, 400TC","Ein seidenweicher Bettbezug aus Bambus mit einer Fadenzahl von 400TC in tiefem Space Blue – atmungsaktiv, hypoallergen und wahlweise mit Bambus-Knopfverschluss oder Einsteckstreifen erhältlich.",https://www.maisondecocon.com/products/bamboo-duvet-cover-space-blue-400tc?variant_sku=8720618860736,https://cdn.shopify.com/s/files/1/0884/0278/8685/files/bamboo-duvet-cover-space-blue-bedroom-lifestyle-1.jpg?v=1786136300,in_stock,336.00 EUR,Boomba Bamboo,new,,8720618860736,bamboo-duvet-cover-space-blue-400tc
8720648154768,"Bettbezug aus Bambus, Space Blue, 400TC","Ein seidenweicher Bettbezug aus Bambus mit einer Fadenzahl von 400TC in tiefem Space Blue – atmungsaktiv, hypoallergen und wahlweise mit Bambus-Knopfverschluss oder Einsteckstreifen erhältlich.",https://www.maisondecocon.com/products/bamboo-duvet-cover-space-blue-400tc?variant_sku=8720648154768,https://cdn.shopify.com/s/files/1/0884/0278/8685/files/bamboo-duvet-cover-space-blue-bedroom-lifestyle-1.jpg?v=1786136300,in_stock,369.00 EUR,Boomba Bamboo,new,,8720648154768,bamboo-duvet-cover-space-blue-400tc
8720618860699,"Bettbezug aus Bambus, Space Blue, 400TC","Ein seidenweicher Bettbezug aus Bambus mit einer Fadenzahl von 400TC in tiefem Space Blue – atmungsaktiv, hypoallergen und wahlweise mit Bambus-Knopfverschluss oder Einsteckstreifen erhältlich.",https://www.maisondecocon.com/products/bamboo-duvet-cover-space-blue-400tc?variant_sku=8720618860699,https://cdn.shopify.com/s/files/1/0884/0278/8685/files/bamboo-duvet-cover-space-blue-bedroom-lifestyle-1.jpg?v=1786136300,in_stock,282.00 EUR,Boomba Bamboo,new,,8720618860699,bamboo-duvet-cover-space-blue-400tc
8720648154744,"Bettbezug aus Bambus, Space Blue, 400TC","Ein seidenweicher Bettbezug aus Bambus mit einer Fadenzahl von 400TC in tiefem Space Blue – atmungsaktiv, hypoallergen und wahlweise mit Bambus-Knopfverschluss oder Einsteckstreifen erhältlich.",https://www.maisondecocon.com/products/bamboo-duvet-cover-space-blue-400tc?variant_sku=8720648154744,https://cdn.shopify.com/s/files/1/0884/0278/8685/files/bamboo-duvet-cover-space-blue-bedroom-lifestyle-1.jpg?v=1786136300,in_stock,300.00 EUR,Boomba Bamboo,new,,8720648154744,bamboo-duvet-cover-space-blue-400tc
8720648154751,"Bettbezug aus Bambus, Space Blue, 400TC","Ein seidenweicher Bettbezug aus Bambus mit einer Fadenzahl von 400TC in tiefem Space Blue – atmungsaktiv, hypoallergen und wahlweise mit Bambus-Knopfverschluss oder Einsteckstreifen erhältlich.",https://www.maisondecocon.com/products/bamboo-duvet-cover-space-blue-400tc?variant_sku=8720648154751,https://cdn.shopify.com/s/files/1/0884/0278/8685/files/bamboo-duvet-cover-space-blue-bedroom-lifestyle-1.jpg?v=1786136300,in_stock,318.00 EUR,Boomba Bamboo,new,,8720648154751,bamboo-duvet-cover-space-blue-400tc
8720618860682,"Bettbezug aus Bambus, Space Blue, 400TC","Ein seidenweicher Bettbezug aus Bambus mit einer Fadenzahl von 400TC in tiefem Space Blue – atmungsaktiv, hypoallergen und wahlweise mit Bambus-Knopfverschluss oder Einsteckstreifen erhältlich.",https://www.maisondecocon.com/products/bamboo-duvet-cover-space-blue-400tc?variant_sku=8720618860682,https://cdn.shopify.com/s/files/1/0884/0278/8685/files/bamboo-duvet-cover-space-blue-bedroom-lifestyle-1.jpg?v=1786136300,in_stock,267.00 EUR,Boomba Bamboo,new,,8720618860682,bamboo-duvet-cover-space-blue-400tc
8720618860743,"Bettbezug aus Bambus, Space Blue, 400TC","Ein seidenweicher Bettbezug aus Bambus mit einer Fadenzahl von 400TC in tiefem Space Blue – atmungsaktiv, hypoallergen und wahlweise mit Bambus-Knopfverschluss oder Einsteckstreifen erhältlich.",https://www.maisondecocon.com/products/bamboo-duvet-cover-space-blue-400tc?variant_sku=8720618860743,https://cdn.shopify.com/s/files/1/0884/0278/8685/files/bamboo-duvet-cover-space-blue-bedroom-lifestyle-1.jpg?v=1786136300,in_stock,387.00 EUR,Boomba Bamboo,new,,8720618860743,bamboo-duvet-cover-space-blue-400tc
8720618860712,"Bettbezug aus Bambus, Space Blue, 400TC","Ein seidenweicher Bettbezug aus Bambus mit einer Fadenzahl von 400TC in tiefem Space Blue – atmungsaktiv, hypoallergen und wahlweise mit Bambus-Knopfverschluss oder Einsteckstreifen erhältlich.",https://www.maisondecocon.com/products/bamboo-duvet-cover-space-blue-400tc?variant_sku=8720618860712,https://cdn.shopify.com/s/files/1/0884/0278/8685/files/bamboo-duvet-cover-space-blue-bedroom-lifestyle-1.jpg?v=1786136300,in_stock,297.00 EUR,Boomba Bamboo,new,,8720618860712,bamboo-duvet-cover-space-blue-400tc
8720648154508,"Bettbezug aus Bambus, Soft Taupe, 400TC","Ein seidenweicher Bettbezug aus Bambus mit einer Fadenzahl von 400TC im warmen Farbton „Soft Taupe“ – atmungsaktiv, hypoallergen und wahlweise mit Bambus-Knopfverschluss oder Einsteckstreifen erhältlich.",https://www.maisondecocon.com/products/bamboo-duvet-cover-soft-taupe-400tc?variant_sku=8720648154508,https://cdn.shopify.com/s/files/1/0884/0278/8685/files/bamboo-duvet-cover-soft-taupe-bedroom-lifestyle-1.jpg?v=1786136464,in_stock,369.00 EUR,Boomba Bamboo,new,,8720648154508,bamboo-duvet-cover-soft-taupe-400tc
8720618860637,"Bettbezug aus Bambus, Soft Taupe, 400TC","Ein seidenweicher Bettbezug aus Bambus mit einer Fadenzahl von 400TC im warmen Farbton „Soft Taupe“ – atmungsaktiv, hypoallergen und wahlweise mit Bambus-Knopfverschluss oder Einsteckstreifen erhältlich.",https://www.maisondecocon.com/products/bamboo-duvet-cover-soft-taupe-400tc?variant_sku=8720618860637,https://cdn.shopify.com/s/files/1/0884/0278/8685/files/bamboo-duvet-cover-soft-taupe-bedroom-lifestyle-1.jpg?v=1786136464,in_stock,336.00 EUR,Boomba Bamboo,new,,8720618860637,bamboo-duvet-cover-soft-taupe-400tc
8720618860620,"Bettbezug aus Bambus, Soft Taupe, 400TC","Ein seidenweicher Bettbezug aus Bambus mit einer Fadenzahl von 400TC im warmen Farbton „Soft Taupe“ – atmungsaktiv, hypoallergen und wahlweise mit Bambus-Knopfverschluss oder Einsteckstreifen erhältlich.",https://www.maisondecocon.com/products/bamboo-duvet-cover-soft-taupe-400tc?variant_sku=8720618860620,https://cdn.shopify.com/s/files/1/0884/0278/8685/files/bamboo-duvet-cover-soft-taupe-bedroom-lifestyle-1.jpg?v=1786136464,in_stock,318.00 EUR,Boomba Bamboo,new,,8720618860620,bamboo-duvet-cover-soft-taupe-400tc
8720648154478,"Bettbezug aus Bambus, Soft Taupe, 400TC","Ein seidenweicher Bettbezug aus Bambus mit einer Fadenzahl von 400TC im warmen Farbton „Soft Taupe“ – atmungsaktiv, hypoallergen und wahlweise mit Bambus-Knopfverschluss oder Einsteckstreifen erhältlich.",https://www.maisondecocon.com/products/bamboo-duvet-cover-soft-taupe-400tc?variant_sku=8720648154478,https://cdn.shopify.com/s/files/1/0884/0278/8685/files/bamboo-duvet-cover-soft-taupe-bedroom-lifestyle-1.jpg?v=1786136464,in_stock,258.00 EUR,Boomba Bamboo,new,,8720648154478,bamboo-duvet-cover-soft-taupe-400tc
8720618860644,"Bettbezug aus Bambus, Soft Taupe, 400TC","Ein seidenweicher Bettbezug aus Bambus mit einer Fadenzahl von 400TC im warmen Farbton „Soft Taupe“ – atmungsaktiv, hypoallergen und wahlweise mit Bambus-Knopfverschluss oder Einsteckstreifen erhältlich.",https://www.maisondecocon.com/products/bamboo-duvet-cover-soft-taupe-400tc?variant_sku=8720618860644,https://cdn.shopify.com/s/files/1/0884/0278/8685/files/bamboo-duvet-cover-soft-taupe-bedroom-lifestyle-1.jpg?v=1786136464,in_stock,387.00 EUR,Boomba Bamboo,new,,8720618860644,bamboo-duvet-cover-soft-taupe-400tc
8720618860613,"Bettbezug aus Bambus, Soft Taupe, 400TC","Ein seidenweicher Bettbezug aus Bambus mit einer Fadenzahl von 400TC im warmen Farbton „Soft Taupe“ – atmungsaktiv, hypoallergen und wahlweise mit Bambus-Knopfverschluss oder Einsteckstreifen erhältlich.",https://www.maisondecocon.com/products/bamboo-duvet-cover-soft-taupe-400tc?variant_sku=8720618860613,https://cdn.shopify.com/s/files/1/0884/0278/8685/files/bamboo-duvet-cover-soft-taupe-bedroom-lifestyle-1.jpg?v=1786136464,in_stock,297.00 EUR,Boomba Bamboo,new,,8720618860613,bamboo-duvet-cover-soft-taupe-400tc
8720618860606,"Bettbezug aus Bambus, Soft Taupe, 400TC","Ein seidenweicher Bettbezug aus Bambus mit einer Fadenzahl von 400TC im warmen Farbton „Soft Taupe“ – atmungsaktiv, hypoallergen und wahlweise mit Bambus-Knopfverschluss oder Einsteckstreifen erhältlich.",https://www.maisondecocon.com/products/bamboo-duvet-cover-soft-taupe-400tc?variant_sku=8720618860606,https://cdn.shopify.com/s/files/1/0884/0278/8685/files/bamboo-duvet-cover-soft-taupe-bedroom-lifestyle-1.jpg?v=1786136464,in_stock,282.00 EUR,Boomba Bamboo,new,,8720618860606,bamboo-duvet-cover-soft-taupe-400tc
8720648154485,"Bettbezug aus Bambus, Soft Taupe, 400TC","Ein seidenweicher Bettbezug aus Bambus mit einer Fadenzahl von 400TC im warmen Farbton „Soft Taupe“ – atmungsaktiv, hypoallergen und wahlweise mit Bambus-Knopfverschluss oder Einsteckstreifen erhältlich.",https://www.maisondecocon.com/products/bamboo-duvet-cover-soft-taupe-400tc?variant_sku=8720648154485,https://cdn.shopify.com/s/files/1/0884/0278/8685/files/bamboo-duvet-cover-soft-taupe-bedroom-lifestyle-1.jpg?v=1786136464,in_stock,300.00 EUR,Boomba Bamboo,new,,8720648154485,bamboo-duvet-cover-soft-taupe-400tc
8720618860651,"Bettbezug aus Bambus, Soft Taupe, 400TC","Ein seidenweicher Bettbezug aus Bambus mit einer Fadenzahl von 400TC im warmen Farbton „Soft Taupe“ – atmungsaktiv, hypoallergen und wahlweise mit Bambus-Knopfverschluss oder Einsteckstreifen erhältlich.",https://www.maisondecocon.com/products/bamboo-duvet-cover-soft-taupe-400tc?variant_sku=8720618860651,https://cdn.shopify.com/s/files/1/0884/0278/8685/files/bamboo-duvet-cover-soft-taupe-bedroom-lifestyle-1.jpg?v=1786136464,in_stock,420.00 EUR,Boomba Bamboo,new,,8720618860651,bamboo-duvet-cover-soft-taupe-400tc
8720618860590,"Bettbezug aus Bambus, Soft Taupe, 400TC","Ein seidenweicher Bettbezug aus Bambus mit einer Fadenzahl von 400TC im warmen Farbton „Soft Taupe“ – atmungsaktiv, hypoallergen und wahlweise mit Bambus-Knopfverschluss oder Einsteckstreifen erhältlich.",https://www.maisondecocon.com/products/bamboo-duvet-cover-soft-taupe-400tc?variant_sku=8720618860590,https://cdn.shopify.com/s/files/1/0884/0278/8685/files/bamboo-duvet-cover-soft-taupe-bedroom-lifestyle-1.jpg?v=1786136464,in_stock,267.00 EUR,Boomba Bamboo,new,,8720618860590,bamboo-duvet-cover-soft-taupe-400tc
8720648154515,"Bettbezug aus Bambus, Soft Taupe, 400TC","Ein seidenweicher Bettbezug aus Bambus mit einer Fadenzahl von 400TC im warmen Farbton „Soft Taupe“ – atmungsaktiv, hypoallergen und wahlweise mit Bambus-Knopfverschluss oder Einsteckstreifen erhältlich.",https://www.maisondecocon.com/products/bamboo-duvet-cover-soft-taupe-400tc?variant_sku=8720648154515,https://cdn.shopify.com/s/files/1/0884/0278/8685/files/bamboo-duvet-cover-soft-taupe-bedroom-lifestyle-1.jpg?v=1786136464,in_stock,402.00 EUR,Boomba Bamboo,new,,8720648154515,bamboo-duvet-cover-soft-taupe-400tc
8720648154492,"Bettbezug aus Bambus, Soft Taupe, 400TC","Ein seidenweicher Bettbezug aus Bambus mit einer Fadenzahl von 400TC im warmen Farbton „Soft Taupe“ – atmungsaktiv, hypoallergen und wahlweise mit Bambus-Knopfverschluss oder Einsteckstreifen erhältlich.",https://www.maisondecocon.com/products/bamboo-duvet-cover-soft-taupe-400tc?variant_sku=8720648154492,https://cdn.shopify.com/s/files/1/0884/0278/8685/files/bamboo-duvet-cover-soft-taupe-bedroom-lifestyle-1.jpg?v=1786136464,in_stock,318.00 EUR,Boomba Bamboo,new,,8720648154492,bamboo-duvet-cover-soft-taupe-400tc
6154511529513,"Bambus-Bettbezug „Moosgrün“, 400TC","Ein seidenweicher Bettbezug aus Bambus mit einer Fadenzahl von 400TC in dem satten Farbton „Moosgrün“ – atmungsaktiv, hypoallergen und wahlweise mit Bambus-Knopfverschluss oder Einsteckstreifen erhältlich.",https://www.maisondecocon.com/products/bamboo-duvet-cover-deep-moss-400tc?variant_sku=6154511529513,https://cdn.shopify.com/s/files/1/0884/0278/8685/files/bamboo-duvet-cover-deep-moss-bedroom-lifestyle-1.jpg?v=1786136656,in_stock,300.00 EUR,Boomba Bamboo,new,,6154511529513,bamboo-duvet-cover-deep-moss-400tc
6154511275236,"Bambus-Bettbezug „Moosgrün“, 400TC","Ein seidenweicher Bettbezug aus Bambus mit einer Fadenzahl von 400TC in dem satten Farbton „Moosgrün“ – atmungsaktiv, hypoallergen und wahlweise mit Bambus-Knopfverschluss oder Einsteckstreifen erhältlich.",https://www.maisondecocon.com/products/bamboo-duvet-cover-deep-moss-400tc?variant_sku=6154511275236,https://cdn.shopify.com/s/files/1/0884/0278/8685/files/bamboo-duvet-cover-deep-moss-bedroom-lifestyle-1.jpg?v=1786136656,in_stock,258.00 EUR,Boomba Bamboo,new,,6154511275236,bamboo-duvet-cover-deep-moss-400tc
6154512077020,"Bambus-Bettbezug „Moosgrün“, 400TC","Ein seidenweicher Bettbezug aus Bambus mit einer Fadenzahl von 400TC in dem satten Farbton „Moosgrün“ – atmungsaktiv, hypoallergen und wahlweise mit Bambus-Knopfverschluss oder Einsteckstreifen erhältlich.",https://www.maisondecocon.com/products/bamboo-duvet-cover-deep-moss-400tc?variant_sku=6154512077020,https://cdn.shopify.com/s/files/1/0884/0278/8685/files/bamboo-duvet-cover-deep-moss-bedroom-lifestyle-1.jpg?v=1786136656,in_stock,282.00 EUR,Boomba Bamboo,new,,6154512077020,bamboo-duvet-cover-deep-moss-400tc
6154512267230,"Bambus-Bettbezug „Moosgrün“, 400TC","Ein seidenweicher Bettbezug aus Bambus mit einer Fadenzahl von 400TC in dem satten Farbton „Moosgrün“ – atmungsaktiv, hypoallergen und wahlweise mit Bambus-Knopfverschluss oder Einsteckstreifen erhältlich.",https://www.maisondecocon.com/products/bamboo-duvet-cover-deep-moss-400tc?variant_sku=6154512267230,https://cdn.shopify.com/s/files/1/0884/0278/8685/files/bamboo-duvet-cover-deep-moss-bedroom-lifestyle-1.jpg?v=1786136656,in_stock,336.00 EUR,Boomba Bamboo,new,,6154512267230,bamboo-duvet-cover-deep-moss-400tc
6154512390341,"Bambus-Bettbezug „Moosgrün“, 400TC","Ein seidenweicher Bettbezug aus Bambus mit einer Fadenzahl von 400TC in dem satten Farbton „Moosgrün“ – atmungsaktiv, hypoallergen und wahlweise mit Bambus-Knopfverschluss oder Einsteckstreifen erhältlich.",https://www.maisondecocon.com/products/bamboo-duvet-cover-deep-moss-400tc?variant_sku=6154512390341,https://cdn.shopify.com/s/files/1/0884/0278/8685/files/bamboo-duvet-cover-deep-moss-bedroom-lifestyle-1.jpg?v=1786136656,in_stock,420.00 EUR,Boomba Bamboo,new,,6154512390341,bamboo-duvet-cover-deep-moss-400tc
6154511344314,"Bambus-Bettbezug „Moosgrün“, 400TC","Ein seidenweicher Bettbezug aus Bambus mit einer Fadenzahl von 400TC in dem satten Farbton „Moosgrün“ – atmungsaktiv, hypoallergen und wahlweise mit Bambus-Knopfverschluss oder Einsteckstreifen erhältlich.",https://www.maisondecocon.com/products/bamboo-duvet-cover-deep-moss-400tc?variant_sku=6154511344314,https://cdn.shopify.com/s/files/1/0884/0278/8685/files/bamboo-duvet-cover-deep-moss-bedroom-lifestyle-1.jpg?v=1786136656,in_stock,267.00 EUR,Boomba Bamboo,new,,6154511344314,bamboo-duvet-cover-deep-moss-400tc
6154512219246,"Bambus-Bettbezug „Moosgrün“, 400TC","Ein seidenweicher Bettbezug aus Bambus mit einer Fadenzahl von 400TC in dem satten Farbton „Moosgrün“ – atmungsaktiv, hypoallergen und wahlweise mit Bambus-Knopfverschluss oder Einsteckstreifen erhältlich.",https://www.maisondecocon.com/products/bamboo-duvet-cover-deep-moss-400tc?variant_sku=6154512219246,https://cdn.shopify.com/s/files/1/0884/0278/8685/files/bamboo-duvet-cover-deep-moss-bedroom-lifestyle-1.jpg?v=1786136656,in_stock,318.00 EUR,Boomba Bamboo,new,,6154512219246,bamboo-duvet-cover-deep-moss-400tc
6154511546527,"Bambus-Bettbezug „Moosgrün“, 400TC","Ein seidenweicher Bettbezug aus Bambus mit einer Fadenzahl von 400TC in dem satten Farbton „Moosgrün“ – atmungsaktiv, hypoallergen und wahlweise mit Bambus-Knopfverschluss oder Einsteckstreifen erhältlich.",https://www.maisondecocon.com/products/bamboo-duvet-cover-deep-moss-400tc?variant_sku=6154511546527,https://cdn.shopify.com/s/files/1/0884/0278/8685/files/bamboo-duvet-cover-deep-moss-bedroom-lifestyle-1.jpg?v=1786136656,in_stock,318.00 EUR,Boomba Bamboo,new,,6154511546527,bamboo-duvet-cover-deep-moss-400tc
6154512115180,"Bambus-Bettbezug „Moosgrün“, 400TC","Ein seidenweicher Bettbezug aus Bambus mit einer Fadenzahl von 400TC in dem satten Farbton „Moosgrün“ – atmungsaktiv, hypoallergen und wahlweise mit Bambus-Knopfverschluss oder Einsteckstreifen erhältlich.",https://www.maisondecocon.com/products/bamboo-duvet-cover-deep-moss-400tc?variant_sku=6154512115180,https://cdn.shopify.com/s/files/1/0884/0278/8685/files/bamboo-duvet-cover-deep-moss-bedroom-lifestyle-1.jpg?v=1786136656,out_of_stock,297.00 EUR,Boomba Bamboo,new,,6154512115180,bamboo-duvet-cover-deep-moss-400tc
6154511567577,"Bambus-Bettbezug „Moosgrün“, 400TC","Ein seidenweicher Bettbezug aus Bambus mit einer Fadenzahl von 400TC in dem satten Farbton „Moosgrün“ – atmungsaktiv, hypoallergen und wahlweise mit Bambus-Knopfverschluss oder Einsteckstreifen erhältlich.",https://www.maisondecocon.com/products/bamboo-duvet-cover-deep-moss-400tc?variant_sku=6154511567577,https://cdn.shopify.com/s/files/1/0884/0278/8685/files/bamboo-duvet-cover-deep-moss-bedroom-lifestyle-1.jpg?v=1786136656,in_stock,369.00 EUR,Boomba Bamboo,new,,6154511567577,bamboo-duvet-cover-deep-moss-400tc
6154511734733,"Bambus-Bettbezug „Moosgrün“, 400TC","Ein seidenweicher Bettbezug aus Bambus mit einer Fadenzahl von 400TC in dem satten Farbton „Moosgrün“ – atmungsaktiv, hypoallergen und wahlweise mit Bambus-Knopfverschluss oder Einsteckstreifen erhältlich.",https://www.maisondecocon.com/products/bamboo-duvet-cover-deep-moss-400tc?variant_sku=6154511734733,https://cdn.shopify.com/s/files/1/0884/0278/8685/files/bamboo-duvet-cover-deep-moss-bedroom-lifestyle-1.jpg?v=1786136656,in_stock,402.00 EUR,Boomba Bamboo,new,,6154511734733,bamboo-duvet-cover-deep-moss-400tc
6154512333379,"Bambus-Bettbezug „Moosgrün“, 400TC","Ein seidenweicher Bettbezug aus Bambus mit einer Fadenzahl von 400TC in dem satten Farbton „Moosgrün“ – atmungsaktiv, hypoallergen und wahlweise mit Bambus-Knopfverschluss oder Einsteckstreifen erhältlich.",https://www.maisondecocon.com/products/bamboo-duvet-cover-deep-moss-400tc?variant_sku=6154512333379,https://cdn.shopify.com/s/files/1/0884/0278/8685/files/bamboo-duvet-cover-deep-moss-bedroom-lifestyle-1.jpg?v=1786136656,in_stock,387.00 EUR,Boomba Bamboo,new,,6154512333379,bamboo-duvet-cover-deep-moss-400tc
8720618860255,"Kissenbezüge aus Bambus, salbeigrün, 400TC – 2er-Set","Verleihen Sie Ihrem Schlafzimmer mit diesen Kissenbezügen aus Bambus mit einer Fadenzahl von 400TC in zartem Salbeigrün eine natürliche, harmonische Note – seidig weich, hypoallergen und sanft zu Haut und Haaren.",https://www.maisondecocon.com/products/bamboo-pillowcases-sage-green-400tc?variant_sku=8720618860255,https://cdn.shopify.com/s/files/1/0884/0278/8685/files/bamboo-pillowcases-sage-green-bench-lifestyle.jpg?v=1786130554,in_stock,96.00 EUR,Boomba Bamboo,new,,8720618860255,bamboo-pillowcases-sage-green-400tc
8720618860262,"Kissenbezüge aus Bambus, salbeigrün, 400TC – 2er-Set","Verleihen Sie Ihrem Schlafzimmer mit diesen Kissenbezügen aus Bambus mit einer Fadenzahl von 400TC in zartem Salbeigrün eine natürliche, harmonische Note – seidig weich, hypoallergen und sanft zu Haut und Haaren.",https://www.maisondecocon.com/products/bamboo-pillowcases-sage-green-400tc?variant_sku=8720618860262,https://cdn.shopify.com/s/files/1/0884/0278/8685/files/bamboo-pillowcases-sage-green-bench-lifestyle.jpg?v=1786130554,in_stock,99.00 EUR,Boomba Bamboo,new,,8720618860262,bamboo-pillowcases-sage-green-400tc
8720618860248,"Kissenbezüge aus Bambus, salbeigrün, 400TC – 2er-Set","Verleihen Sie Ihrem Schlafzimmer mit diesen Kissenbezügen aus Bambus mit einer Fadenzahl von 400TC in zartem Salbeigrün eine natürliche, harmonische Note – seidig weich, hypoallergen und sanft zu Haut und Haaren.",https://www.maisondecocon.com/products/bamboo-pillowcases-sage-green-400tc?variant_sku=8720618860248,https://cdn.shopify.com/s/files/1/0884/0278/8685/files/bamboo-pillowcases-sage-green-bench-lifestyle.jpg?v=1786130554,in_stock,93.00 EUR,Boomba Bamboo,new,,8720618860248,bamboo-pillowcases-sage-green-400tc
8720648154560,"Bambus-Spannbetttuch, Soft Taupe, 400TC","Ein seidenweiches Spannbetttuch aus Bambus mit einer Fadenzahl von 400TC in elegantem Soft Taupe – atmungsaktiv, hypoallergen und angenehm kühl auf der Haut, mit einem passgenauen Gummizug für Matratzen mit einer Höhe von bis zu 30 cm.",https://www.maisondecocon.com/products/bamboo-fitted-sheet-soft-taupe-400tc?variant_sku=8720648154560,https://cdn.shopify.com/s/files/1/0884/0278/8685/files/bamboo-fitted-sheet-soft-taupe-seam-detail.jpg?v=1786183469,out_of_stock,159.00 EUR,Boomba Bamboo,new,,8720648154560,bamboo-fitted-sheet-soft-taupe-400tc
8720828225820,"Bambus-Spannbetttuch, Soft Taupe, 400TC","Ein seidenweiches Spannbetttuch aus Bambus mit einer Fadenzahl von 400TC in elegantem Soft Taupe – atmungsaktiv, hypoallergen und angenehm kühl auf der Haut, mit einem passgenauen Gummizug für Matratzen mit einer Höhe von bis zu 30 cm.",https://www.maisondecocon.com/products/bamboo-fitted-sheet-soft-taupe-400tc?variant_sku=8720828225820,https://cdn.shopify.com/s/files/1/0884/0278/8685/files/bamboo-fitted-sheet-soft-taupe-seam-detail.jpg?v=1786183469,in_stock,156.00 EUR,Boomba Bamboo,new,,8720828225820,bamboo-fitted-sheet-soft-taupe-400tc
8720648154614,"Bambus-Spannbetttuch, Soft Taupe, 400TC","Ein seidenweiches Spannbetttuch aus Bambus mit einer Fadenzahl von 400TC in elegantem Soft Taupe – atmungsaktiv, hypoallergen und angenehm kühl auf der Haut, mit einem passgenauen Gummizug für Matratzen mit einer Höhe von bis zu 30 cm.",https://www.maisondecocon.com/products/bamboo-fitted-sheet-soft-taupe-400tc?variant_sku=8720648154614,https://cdn.shopify.com/s/files/1/0884/0278/8685/files/bamboo-fitted-sheet-soft-taupe-seam-detail.jpg?v=1786183469,out_of_stock,180.00 EUR,Boomba Bamboo,new,,8720648154614,bamboo-fitted-sheet-soft-taupe-400tc
8720648154584,"Bambus-Spannbetttuch, Soft Taupe, 400TC","Ein seidenweiches Spannbetttuch aus Bambus mit einer Fadenzahl von 400TC in elegantem Soft Taupe – atmungsaktiv, hypoallergen und angenehm kühl auf der Haut, mit einem passgenauen Gummizug für Matratzen mit einer Höhe von bis zu 30 cm.",https://www.maisondecocon.com/products/bamboo-fitted-sheet-soft-taupe-400tc?variant_sku=8720648154584,https://cdn.shopify.com/s/files/1/0884/0278/8685/files/bamboo-fitted-sheet-soft-taupe-seam-detail.jpg?v=1786183469,in_stock,165.00 EUR,Boomba Bamboo,new,,8720648154584,bamboo-fitted-sheet-soft-taupe-400tc
8720648154553,"Bambus-Spannbetttuch, Soft Taupe, 400TC","Ein seidenweiches Spannbetttuch aus Bambus mit einer Fadenzahl von 400TC in elegantem Soft Taupe – atmungsaktiv, hypoallergen und angenehm kühl auf der Haut, mit einem passgenauen Gummizug für Matratzen mit einer Höhe von bis zu 30 cm.",https://www.maisondecocon.com/products/bamboo-fitted-sheet-soft-taupe-400tc?variant_sku=8720648154553,https://cdn.shopify.com/s/files/1/0884/0278/8685/files/bamboo-fitted-sheet-soft-taupe-seam-detail.jpg?v=1786183469,out_of_stock,147.00 EUR,Boomba Bamboo,new,,8720648154553,bamboo-fitted-sheet-soft-taupe-400tc
8720618860675,"Bambus-Spannbetttuch, Soft Taupe, 400TC","Ein seidenweiches Spannbetttuch aus Bambus mit einer Fadenzahl von 400TC in elegantem Soft Taupe – atmungsaktiv, hypoallergen und angenehm kühl auf der Haut, mit einem passgenauen Gummizug für Matratzen mit einer Höhe von bis zu 30 cm.",https://www.maisondecocon.com/products/bamboo-fitted-sheet-soft-taupe-400tc?variant_sku=8720618860675,https://cdn.shopify.com/s/files/1/0884/0278/8685/files/bamboo-fitted-sheet-soft-taupe-seam-detail.jpg?v=1786183469,out_of_stock,135.00 EUR,Boomba Bamboo,new,,8720618860675,bamboo-fitted-sheet-soft-taupe-400tc
8720828225516,"Bambus-Spannbetttuch, Soft Taupe, 400TC","Ein seidenweiches Spannbetttuch aus Bambus mit einer Fadenzahl von 400TC in elegantem Soft Taupe – atmungsaktiv, hypoallergen und angenehm kühl auf der Haut, mit einem passgenauen Gummizug für Matratzen mit einer Höhe von bis zu 30 cm.",https://www.maisondecocon.com/products/bamboo-fitted-sheet-soft-taupe-400tc?variant_sku=8720828225516,https://cdn.shopify.com/s/files/1/0884/0278/8685/files/bamboo-fitted-sheet-soft-taupe-seam-detail.jpg?v=1786183469,in_stock,123.00 EUR,Boomba Bamboo,new,,8720828225516,bamboo-fitted-sheet-soft-taupe-400tc
8720648154539,"Bambus-Spannbetttuch, Soft Taupe, 400TC","Ein seidenweiches Spannbetttuch aus Bambus mit einer Fadenzahl von 400TC in elegantem Soft Taupe – atmungsaktiv, hypoallergen und angenehm kühl auf der Haut, mit einem passgenauen Gummizug für Matratzen mit einer Höhe von bis zu 30 cm.",https://www.maisondecocon.com/products/bamboo-fitted-sheet-soft-taupe-400tc?variant_sku=8720648154539,https://cdn.shopify.com/s/files/1/0884/0278/8685/files/bamboo-fitted-sheet-soft-taupe-seam-detail.jpg?v=1786183469,out_of_stock,129.00 EUR,Boomba Bamboo,new,,8720648154539,bamboo-fitted-sheet-soft-taupe-400tc
8720648154522,"Bambus-Spannbetttuch, Soft Taupe, 400TC","Ein seidenweiches Spannbetttuch aus Bambus mit einer Fadenzahl von 400TC in elegantem Soft Taupe – atmungsaktiv, hypoallergen und angenehm kühl auf der Haut, mit einem passgenauen Gummizug für Matratzen mit einer Höhe von bis zu 30 cm.",https://www.maisondecocon.com/products/bamboo-fitted-sheet-soft-taupe-400tc?variant_sku=8720648154522,https://cdn.shopify.com/s/files/1/0884/0278/8685/files/bamboo-fitted-sheet-soft-taupe-seam-detail.jpg?v=1786183469,in_stock,120.00 EUR,Boomba Bamboo,new,,8720648154522,bamboo-fitted-sheet-soft-taupe-400tc
8720648154546,"Bambus-Spannbetttuch, Soft Taupe, 400TC","Ein seidenweiches Spannbetttuch aus Bambus mit einer Fadenzahl von 400TC in elegantem Soft Taupe – atmungsaktiv, hypoallergen und angenehm kühl auf der Haut, mit einem passgenauen Gummizug für Matratzen mit einer Höhe von bis zu 30 cm.",https://www.maisondecocon.com/products/bamboo-fitted-sheet-soft-taupe-400tc?variant_sku=8720648154546,https://cdn.shopify.com/s/files/1/0884/0278/8685/files/bamboo-fitted-sheet-soft-taupe-seam-detail.jpg?v=1786183469,out_of_stock,144.00 EUR,Boomba Bamboo,new,,8720648154546,bamboo-fitted-sheet-soft-taupe-400tc
8720618860668,"Bambus-Spannbetttuch, Soft Taupe, 400TC","Ein seidenweiches Spannbetttuch aus Bambus mit einer Fadenzahl von 400TC in elegantem Soft Taupe – atmungsaktiv, hypoallergen und angenehm kühl auf der Haut, mit einem passgenauen Gummizug für Matratzen mit einer Höhe von bis zu 30 cm.",https://www.maisondecocon.com/products/bamboo-fitted-sheet-soft-taupe-400tc?variant_sku=8720618860668,https://cdn.shopify.com/s/files/1/0884/0278/8685/files/bamboo-fitted-sheet-soft-taupe-seam-detail.jpg?v=1786183469,out_of_stock,132.00 EUR,Boomba Bamboo,new,,8720618860668,bamboo-fitted-sheet-soft-taupe-400tc
8720648154577,"Bambus-Spannbetttuch, Soft Taupe, 400TC","Ein seidenweiches Spannbetttuch aus Bambus mit einer Fadenzahl von 400TC in elegantem Soft Taupe – atmungsaktiv, hypoallergen und angenehm kühl auf der Haut, mit einem passgenauen Gummizug für Matratzen mit einer Höhe von bis zu 30 cm.",https://www.maisondecocon.com/products/bamboo-fitted-sheet-soft-taupe-400tc?variant_sku=8720648154577,https://cdn.shopify.com/s/files/1/0884/0278/8685/files/bamboo-fitted-sheet-soft-taupe-seam-detail.jpg?v=1786183469,in_stock,162.00 EUR,Boomba Bamboo,new,,8720648154577,bamboo-fitted-sheet-soft-taupe-400tc
8720648154591,"Bambus-Spannbetttuch, Soft Taupe, 400TC","Ein seidenweiches Spannbetttuch aus Bambus mit einer Fadenzahl von 400TC in elegantem Soft Taupe – atmungsaktiv, hypoallergen und angenehm kühl auf der Haut, mit einem passgenauen Gummizug für Matratzen mit einer Höhe von bis zu 30 cm.",https://www.maisondecocon.com/products/bamboo-fitted-sheet-soft-taupe-400tc?variant_sku=8720648154591,https://cdn.shopify.com/s/files/1/0884/0278/8685/files/bamboo-fitted-sheet-soft-taupe-seam-detail.jpg?v=1786183469,in_stock,168.00 EUR,Boomba Bamboo,new,,8720648154591,bamboo-fitted-sheet-soft-taupe-400tc
4444448014050,"Bambus-Bettwäscheset für 1 Person, „Cuddle Pink“, 400TC","Ein warmes, romantisches Bettwäscheset aus Bambus mit einer Fadenzahl von 400TC für eine Person in der Farbe „Cuddle Pink“ – atmungsaktiv, hypoallergen und hautfreundlich für einen Schlaf wie im Hotel.",https://www.maisondecocon.com/products/1-person-bamboo-bedding-set-cuddle-pink-400tc?variant_sku=4444448014050,https://cdn.shopify.com/s/files/1/0884/0278/8685/files/bamboo-bedding-set-cuddle-pink-1-person-bedroom-lifestyle.jpg?v=1786137986,in_stock,483.00 EUR,Boomba Bamboo,new,,4444448014050,1-person-bamboo-bedding-set-cuddle-pink-400tc
4444449014050,"Bambus-Bettwäscheset für 1 Person, „Cuddle Pink“, 400TC","Ein warmes, romantisches Bettwäscheset aus Bambus mit einer Fadenzahl von 400TC für eine Person in der Farbe „Cuddle Pink“ – atmungsaktiv, hypoallergen und hautfreundlich für einen Schlaf wie im Hotel.",https://www.maisondecocon.com/products/1-person-bamboo-bedding-set-cuddle-pink-400tc?variant_sku=4444449014050,https://cdn.shopify.com/s/files/1/0884/0278/8685/files/bamboo-bedding-set-cuddle-pink-1-person-bedroom-lifestyle.jpg?v=1786137986,in_stock,492.00 EUR,Boomba Bamboo,new,,4444449014050,1-person-bamboo-bedding-set-cuddle-pink-400tc
8720828225790,"Bambus-Spannbetttuch, salbeigrün, 400TC","Ein seidenweiches Bambus-Spannbetttuch mit einer Fadenzahl von 400TC in zartem Salbeigrün – atmungsaktiv, hypoallergen und angenehm kühl auf der Haut, mit einem passgenauen Gummizug für Matratzen mit einer Höhe von bis zu 30 cm.",https://www.maisondecocon.com/products/bamboo-fitted-sheet-sage-green-400tc?variant_sku=8720828225790,https://cdn.shopify.com/s/files/1/0884/0278/8685/files/bamboo-fitted-sheet-sage-green-seam-detail.jpg?v=1786181871,in_stock,132.00 EUR,Boomba Bamboo,new,,8720828225790,bamboo-fitted-sheet-sage-green-400tc
8720828225783,"Bambus-Spannbetttuch, salbeigrün, 400TC","Ein seidenweiches Bambus-Spannbetttuch mit einer Fadenzahl von 400TC in zartem Salbeigrün – atmungsaktiv, hypoallergen und angenehm kühl auf der Haut, mit einem passgenauen Gummizug für Matratzen mit einer Höhe von bis zu 30 cm.",https://www.maisondecocon.com/products/bamboo-fitted-sheet-sage-green-400tc?variant_sku=8720828225783,https://cdn.shopify.com/s/files/1/0884/0278/8685/files/bamboo-fitted-sheet-sage-green-seam-detail.jpg?v=1786181871,in_stock,126.00 EUR,Boomba Bamboo,new,,8720828225783,bamboo-fitted-sheet-sage-green-400tc
8720618860354,"Bambus-Spannbetttuch, salbeigrün, 400TC","Ein seidenweiches Bambus-Spannbetttuch mit einer Fadenzahl von 400TC in zartem Salbeigrün – atmungsaktiv, hypoallergen und angenehm kühl auf der Haut, mit einem passgenauen Gummizug für Matratzen mit einer Höhe von bis zu 30 cm.",https://www.maisondecocon.com/products/bamboo-fitted-sheet-sage-green-400tc?variant_sku=8720618860354,https://cdn.shopify.com/s/files/1/0884/0278/8685/files/bamboo-fitted-sheet-sage-green-seam-detail.jpg?v=1786181871,in_stock,147.00 EUR,Boomba Bamboo,new,,8720618860354,bamboo-fitted-sheet-sage-green-400tc
8720618860392,"Bambus-Spannbetttuch, salbeigrün, 400TC","Ein seidenweiches Bambus-Spannbetttuch mit einer Fadenzahl von 400TC in zartem Salbeigrün – atmungsaktiv, hypoallergen und angenehm kühl auf der Haut, mit einem passgenauen Gummizug für Matratzen mit einer Höhe von bis zu 30 cm.",https://www.maisondecocon.com/products/bamboo-fitted-sheet-sage-green-400tc?variant_sku=8720618860392,https://cdn.shopify.com/s/files/1/0884/0278/8685/files/bamboo-fitted-sheet-sage-green-seam-detail.jpg?v=1786181871,in_stock,168.00 EUR,Boomba Bamboo,new,,8720618860392,bamboo-fitted-sheet-sage-green-400tc
8720618860347,"Bambus-Spannbetttuch, salbeigrün, 400TC","Ein seidenweiches Bambus-Spannbetttuch mit einer Fadenzahl von 400TC in zartem Salbeigrün – atmungsaktiv, hypoallergen und angenehm kühl auf der Haut, mit einem passgenauen Gummizug für Matratzen mit einer Höhe von bis zu 30 cm.",https://www.maisondecocon.com/products/bamboo-fitted-sheet-sage-green-400tc?variant_sku=8720618860347,https://cdn.shopify.com/s/files/1/0884/0278/8685/files/bamboo-fitted-sheet-sage-green-seam-detail.jpg?v=1786181871,in_stock,144.00 EUR,Boomba Bamboo,new,,8720618860347,bamboo-fitted-sheet-sage-green-400tc
8720618860378,"Bambus-Spannbetttuch, salbeigrün, 400TC","Ein seidenweiches Bambus-Spannbetttuch mit einer Fadenzahl von 400TC in zartem Salbeigrün – atmungsaktiv, hypoallergen und angenehm kühl auf der Haut, mit einem passgenauen Gummizug für Matratzen mit einer Höhe von bis zu 30 cm.",https://www.maisondecocon.com/products/bamboo-fitted-sheet-sage-green-400tc?variant_sku=8720618860378,https://cdn.shopify.com/s/files/1/0884/0278/8685/files/bamboo-fitted-sheet-sage-green-seam-detail.jpg?v=1786181871,out_of_stock,159.00 EUR,Boomba Bamboo,new,,8720618860378,bamboo-fitted-sheet-sage-green-400tc
8720618860361,"Bambus-Spannbetttuch, salbeigrün, 400TC","Ein seidenweiches Bambus-Spannbetttuch mit einer Fadenzahl von 400TC in zartem Salbeigrün – atmungsaktiv, hypoallergen und angenehm kühl auf der Haut, mit einem passgenauen Gummizug für Matratzen mit einer Höhe von bis zu 30 cm.",https://www.maisondecocon.com/products/bamboo-fitted-sheet-sage-green-400tc?variant_sku=8720618860361,https://cdn.shopify.com/s/files/1/0884/0278/8685/files/bamboo-fitted-sheet-sage-green-seam-detail.jpg?v=1786181871,out_of_stock,156.00 EUR,Boomba Bamboo,new,,8720618860361,bamboo-fitted-sheet-sage-green-400tc
8720828225905,"Bambus-Spannbetttuch, salbeigrün, 400TC","Ein seidenweiches Bambus-Spannbetttuch mit einer Fadenzahl von 400TC in zartem Salbeigrün – atmungsaktiv, hypoallergen und angenehm kühl auf der Haut, mit einem passgenauen Gummizug für Matratzen mit einer Höhe von bis zu 30 cm.",https://www.maisondecocon.com/products/bamboo-fitted-sheet-sage-green-400tc?variant_sku=8720828225905,https://cdn.shopify.com/s/files/1/0884/0278/8685/files/bamboo-fitted-sheet-sage-green-seam-detail.jpg?v=1786181871,in_stock,150.00 EUR,Boomba Bamboo,new,,8720828225905,bamboo-fitted-sheet-sage-green-400tc
8720618860385,"Bambus-Spannbetttuch, salbeigrün, 400TC","Ein seidenweiches Bambus-Spannbetttuch mit einer Fadenzahl von 400TC in zartem Salbeigrün – atmungsaktiv, hypoallergen und angenehm kühl auf der Haut, mit einem passgenauen Gummizug für Matratzen mit einer Höhe von bis zu 30 cm.",https://www.maisondecocon.com/products/bamboo-fitted-sheet-sage-green-400tc?variant_sku=8720618860385,https://cdn.shopify.com/s/files/1/0884/0278/8685/files/bamboo-fitted-sheet-sage-green-seam-detail.jpg?v=1786181871,out_of_stock,162.00 EUR,Boomba Bamboo,new,,8720618860385,bamboo-fitted-sheet-sage-green-400tc
8720618860323,"Bambus-Spannbetttuch, salbeigrün, 400TC","Ein seidenweiches Bambus-Spannbetttuch mit einer Fadenzahl von 400TC in zartem Salbeigrün – atmungsaktiv, hypoallergen und angenehm kühl auf der Haut, mit einem passgenauen Gummizug für Matratzen mit einer Höhe von bis zu 30 cm.",https://www.maisondecocon.com/products/bamboo-fitted-sheet-sage-green-400tc?variant_sku=8720618860323,https://cdn.shopify.com/s/files/1/0884/0278/8685/files/bamboo-fitted-sheet-sage-green-seam-detail.jpg?v=1786181871,in_stock,120.00 EUR,Boomba Bamboo,new,,8720618860323,bamboo-fitted-sheet-sage-green-400tc
8720618860415,"Bambus-Spannbetttuch, salbeigrün, 400TC","Ein seidenweiches Bambus-Spannbetttuch mit einer Fadenzahl von 400TC in zartem Salbeigrün – atmungsaktiv, hypoallergen und angenehm kühl auf der Haut, mit einem passgenauen Gummizug für Matratzen mit einer Höhe von bis zu 30 cm.",https://www.maisondecocon.com/products/bamboo-fitted-sheet-sage-green-400tc?variant_sku=8720618860415,https://cdn.shopify.com/s/files/1/0884/0278/8685/files/bamboo-fitted-sheet-sage-green-seam-detail.jpg?v=1786181871,in_stock,180.00 EUR,Boomba Bamboo,new,,8720618860415,bamboo-fitted-sheet-sage-green-400tc
8720618860330,"Bambus-Spannbetttuch, salbeigrün, 400TC","Ein seidenweiches Bambus-Spannbetttuch mit einer Fadenzahl von 400TC in zartem Salbeigrün – atmungsaktiv, hypoallergen und angenehm kühl auf der Haut, mit einem passgenauen Gummizug für Matratzen mit einer Höhe von bis zu 30 cm.",https://www.maisondecocon.com/products/bamboo-fitted-sheet-sage-green-400tc?variant_sku=8720618860330,https://cdn.shopify.com/s/files/1/0884/0278/8685/files/bamboo-fitted-sheet-sage-green-seam-detail.jpg?v=1786181871,in_stock,129.00 EUR,Boomba Bamboo,new,,8720618860330,bamboo-fitted-sheet-sage-green-400tc
8720828225257,"Bambus-Spannbetttuch, Himmelblau, 400TC","Ein seidenweiches Bambus-Spannbetttuch mit einer Fadenzahl von 400TC in zartem Himmelblau – atmungsaktiv, hypoallergen und angenehm kühl auf der Haut, mit einem passgenauen Gummizug für Matratzen mit einer Höhe von bis zu 30 cm.",https://www.maisondecocon.com/products/bamboo-fitted-sheet-sky-blue-400tc?variant_sku=8720828225257,https://cdn.shopify.com/s/files/1/0884/0278/8685/files/bamboo-fitted-sheet-sky-blue-corner-detail.jpg?v=1786181969,in_stock,144.00 EUR,Boomba Bamboo,new,,8720828225257,bamboo-fitted-sheet-sky-blue-400tc
8720828225530,"Bambus-Spannbetttuch, Himmelblau, 400TC","Ein seidenweiches Bambus-Spannbetttuch mit einer Fadenzahl von 400TC in zartem Himmelblau – atmungsaktiv, hypoallergen und angenehm kühl auf der Haut, mit einem passgenauen Gummizug für Matratzen mit einer Höhe von bis zu 30 cm.",https://www.maisondecocon.com/products/bamboo-fitted-sheet-sky-blue-400tc?variant_sku=8720828225530,https://cdn.shopify.com/s/files/1/0884/0278/8685/files/bamboo-fitted-sheet-sky-blue-corner-detail.jpg?v=1786181969,in_stock,123.00 EUR,Boomba Bamboo,new,,8720828225530,bamboo-fitted-sheet-sky-blue-400tc
8720828225240,"Bambus-Spannbetttuch, Himmelblau, 400TC","Ein seidenweiches Bambus-Spannbetttuch mit einer Fadenzahl von 400TC in zartem Himmelblau – atmungsaktiv, hypoallergen und angenehm kühl auf der Haut, mit einem passgenauen Gummizug für Matratzen mit einer Höhe von bis zu 30 cm.",https://www.maisondecocon.com/products/bamboo-fitted-sheet-sky-blue-400tc?variant_sku=8720828225240,https://cdn.shopify.com/s/files/1/0884/0278/8685/files/bamboo-fitted-sheet-sky-blue-corner-detail.jpg?v=1786181969,in_stock,135.00 EUR,Boomba Bamboo,new,,8720828225240,bamboo-fitted-sheet-sky-blue-400tc
8720828225295,"Bambus-Spannbetttuch, Himmelblau, 400TC","Ein seidenweiches Bambus-Spannbetttuch mit einer Fadenzahl von 400TC in zartem Himmelblau – atmungsaktiv, hypoallergen und angenehm kühl auf der Haut, mit einem passgenauen Gummizug für Matratzen mit einer Höhe von bis zu 30 cm.",https://www.maisondecocon.com/products/bamboo-fitted-sheet-sky-blue-400tc?variant_sku=8720828225295,https://cdn.shopify.com/s/files/1/0884/0278/8685/files/bamboo-fitted-sheet-sky-blue-corner-detail.jpg?v=1786181969,in_stock,162.00 EUR,Boomba Bamboo,new,,8720828225295,bamboo-fitted-sheet-sky-blue-400tc
8720828225318,"Bambus-Spannbetttuch, Himmelblau, 400TC","Ein seidenweiches Bambus-Spannbetttuch mit einer Fadenzahl von 400TC in zartem Himmelblau – atmungsaktiv, hypoallergen und angenehm kühl auf der Haut, mit einem passgenauen Gummizug für Matratzen mit einer Höhe von bis zu 30 cm.",https://www.maisondecocon.com/products/bamboo-fitted-sheet-sky-blue-400tc?variant_sku=8720828225318,https://cdn.shopify.com/s/files/1/0884/0278/8685/files/bamboo-fitted-sheet-sky-blue-corner-detail.jpg?v=1786181969,in_stock,174.00 EUR,Boomba Bamboo,new,,8720828225318,bamboo-fitted-sheet-sky-blue-400tc
8720828225219,"Bambus-Spannbetttuch, Himmelblau, 400TC","Ein seidenweiches Bambus-Spannbetttuch mit einer Fadenzahl von 400TC in zartem Himmelblau – atmungsaktiv, hypoallergen und angenehm kühl auf der Haut, mit einem passgenauen Gummizug für Matratzen mit einer Höhe von bis zu 30 cm.",https://www.maisondecocon.com/products/bamboo-fitted-sheet-sky-blue-400tc?variant_sku=8720828225219,https://cdn.shopify.com/s/files/1/0884/0278/8685/files/bamboo-fitted-sheet-sky-blue-corner-detail.jpg?v=1786181969,in_stock,120.00 EUR,Boomba Bamboo,new,,8720828225219,bamboo-fitted-sheet-sky-blue-400tc
8720828225325,"Bambus-Spannbetttuch, Himmelblau, 400TC","Ein seidenweiches Bambus-Spannbetttuch mit einer Fadenzahl von 400TC in zartem Himmelblau – atmungsaktiv, hypoallergen und angenehm kühl auf der Haut, mit einem passgenauen Gummizug für Matratzen mit einer Höhe von bis zu 30 cm.",https://www.maisondecocon.com/products/bamboo-fitted-sheet-sky-blue-400tc?variant_sku=8720828225325,https://cdn.shopify.com/s/files/1/0884/0278/8685/files/bamboo-fitted-sheet-sky-blue-corner-detail.jpg?v=1786181969,in_stock,180.00 EUR,Boomba Bamboo,new,,8720828225325,bamboo-fitted-sheet-sky-blue-400tc
8720828225226,"Bambus-Spannbetttuch, Himmelblau, 400TC","Ein seidenweiches Bambus-Spannbetttuch mit einer Fadenzahl von 400TC in zartem Himmelblau – atmungsaktiv, hypoallergen und angenehm kühl auf der Haut, mit einem passgenauen Gummizug für Matratzen mit einer Höhe von bis zu 30 cm.",https://www.maisondecocon.com/products/bamboo-fitted-sheet-sky-blue-400tc?variant_sku=8720828225226,https://cdn.shopify.com/s/files/1/0884/0278/8685/files/bamboo-fitted-sheet-sky-blue-corner-detail.jpg?v=1786181969,in_stock,129.00 EUR,Boomba Bamboo,new,,8720828225226,bamboo-fitted-sheet-sky-blue-400tc
8022025,"Bambus-Spannbetttuch, Himmelblau, 400TC","Ein seidenweiches Bambus-Spannbetttuch mit einer Fadenzahl von 400TC in zartem Himmelblau – atmungsaktiv, hypoallergen und angenehm kühl auf der Haut, mit einem passgenauen Gummizug für Matratzen mit einer Höhe von bis zu 30 cm.",https://www.maisondecocon.com/products/bamboo-fitted-sheet-sky-blue-400tc?variant_sku=8022025,https://cdn.shopify.com/s/files/1/0884/0278/8685/files/bamboo-fitted-sheet-sky-blue-corner-detail.jpg?v=1786181969,out_of_stock,126.00 EUR,Boomba Bamboo,new,,8022025,bamboo-fitted-sheet-sky-blue-400tc
8720828225288,"Bambus-Spannbetttuch, Himmelblau, 400TC","Ein seidenweiches Bambus-Spannbetttuch mit einer Fadenzahl von 400TC in zartem Himmelblau – atmungsaktiv, hypoallergen und angenehm kühl auf der Haut, mit einem passgenauen Gummizug für Matratzen mit einer Höhe von bis zu 30 cm.",https://www.maisondecocon.com/products/bamboo-fitted-sheet-sky-blue-400tc?variant_sku=8720828225288,https://cdn.shopify.com/s/files/1/0884/0278/8685/files/bamboo-fitted-sheet-sky-blue-corner-detail.jpg?v=1786181969,in_stock,159.00 EUR,Boomba Bamboo,new,,8720828225288,bamboo-fitted-sheet-sky-blue-400tc
8720828225868,"Bambus-Spannbetttuch, Himmelblau, 400TC","Ein seidenweiches Bambus-Spannbetttuch mit einer Fadenzahl von 400TC in zartem Himmelblau – atmungsaktiv, hypoallergen und angenehm kühl auf der Haut, mit einem passgenauen Gummizug für Matratzen mit einer Höhe von bis zu 30 cm.",https://www.maisondecocon.com/products/bamboo-fitted-sheet-sky-blue-400tc?variant_sku=8720828225868,https://cdn.shopify.com/s/files/1/0884/0278/8685/files/bamboo-fitted-sheet-sky-blue-corner-detail.jpg?v=1786181969,in_stock,153.00 EUR,Boomba Bamboo,new,,8720828225868,bamboo-fitted-sheet-sky-blue-400tc
8720828225264,"Bambus-Spannbetttuch, Himmelblau, 400TC","Ein seidenweiches Bambus-Spannbetttuch mit einer Fadenzahl von 400TC in zartem Himmelblau – atmungsaktiv, hypoallergen und angenehm kühl auf der Haut, mit einem passgenauen Gummizug für Matratzen mit einer Höhe von bis zu 30 cm.",https://www.maisondecocon.com/products/bamboo-fitted-sheet-sky-blue-400tc?variant_sku=8720828225264,https://cdn.shopify.com/s/files/1/0884/0278/8685/files/bamboo-fitted-sheet-sky-blue-corner-detail.jpg?v=1786181969,in_stock,147.00 EUR,Boomba Bamboo,new,,8720828225264,bamboo-fitted-sheet-sky-blue-400tc
8720828225233,"Bambus-Spannbetttuch, Himmelblau, 400TC","Ein seidenweiches Bambus-Spannbetttuch mit einer Fadenzahl von 400TC in zartem Himmelblau – atmungsaktiv, hypoallergen und angenehm kühl auf der Haut, mit einem passgenauen Gummizug für Matratzen mit einer Höhe von bis zu 30 cm.",https://www.maisondecocon.com/products/bamboo-fitted-sheet-sky-blue-400tc?variant_sku=8720828225233,https://cdn.shopify.com/s/files/1/0884/0278/8685/files/bamboo-fitted-sheet-sky-blue-corner-detail.jpg?v=1786181969,in_stock,132.00 EUR,Boomba Bamboo,new,,8720828225233,bamboo-fitted-sheet-sky-blue-400tc
8720828225301,"Bambus-Spannbetttuch, Himmelblau, 400TC","Ein seidenweiches Bambus-Spannbetttuch mit einer Fadenzahl von 400TC in zartem Himmelblau – atmungsaktiv, hypoallergen und angenehm kühl auf der Haut, mit einem passgenauen Gummizug für Matratzen mit einer Höhe von bis zu 30 cm.",https://www.maisondecocon.com/products/bamboo-fitted-sheet-sky-blue-400tc?variant_sku=8720828225301,https://cdn.shopify.com/s/files/1/0884/0278/8685/files/bamboo-fitted-sheet-sky-blue-corner-detail.jpg?v=1786181969,in_stock,168.00 EUR,Boomba Bamboo,new,,8720828225301,bamboo-fitted-sheet-sky-blue-400tc
8720828225271,"Bambus-Spannbetttuch, Himmelblau, 400TC","Ein seidenweiches Bambus-Spannbetttuch mit einer Fadenzahl von 400TC in zartem Himmelblau – atmungsaktiv, hypoallergen und angenehm kühl auf der Haut, mit einem passgenauen Gummizug für Matratzen mit einer Höhe von bis zu 30 cm.",https://www.maisondecocon.com/products/bamboo-fitted-sheet-sky-blue-400tc?variant_sku=8720828225271,https://cdn.shopify.com/s/files/1/0884/0278/8685/files/bamboo-fitted-sheet-sky-blue-corner-detail.jpg?v=1786181969,in_stock,156.00 EUR,Boomba Bamboo,new,,8720828225271,bamboo-fitted-sheet-sky-blue-400tc
7777776020060,"Bambus-Bettwäscheset für 2 Personen, Farbe „Moosgrün“, 400TC","Ein hochwertiges, natürliches Bettwäscheset aus Bambus mit einer Fadenzahl von 400TC für zwei Personen in der Farbe „Moosgrün“ – atmungsaktiv, hypoallergen und hautfreundlich für einen Schlaf wie im Hotel.",https://www.maisondecocon.com/products/2-person-bamboo-bedding-set-deep-moss-400tc?variant_sku=7777776020060,https://cdn.shopify.com/s/files/1/0884/0278/8685/files/bamboo-bedding-set-deep-moss-2-person-bedroom-lifestyle.jpg?v=1786137534,in_stock,564.00 EUR,Boomba Bamboo,new,,7777776020060,2-person-bamboo-bedding-set-deep-moss-400tc
77777720026060,"Bambus-Bettwäscheset für 2 Personen, Farbe „Moosgrün“, 400TC","Ein hochwertiges, natürliches Bettwäscheset aus Bambus mit einer Fadenzahl von 400TC für zwei Personen in der Farbe „Moosgrün“ – atmungsaktiv, hypoallergen und hautfreundlich für einen Schlaf wie im Hotel.",https://www.maisondecocon.com/products/2-person-bamboo-bedding-set-deep-moss-400tc?variant_sku=77777720026060,https://cdn.shopify.com/s/files/1/0884/0278/8685/files/bamboo-bedding-set-deep-moss-2-person-bedroom-lifestyle.jpg?v=1786137534,in_stock,669.00 EUR,Boomba Bamboo,new,,77777720026060,2-person-bamboo-bedding-set-deep-moss-400tc
7777774020060,"Bambus-Bettwäscheset für 2 Personen, Farbe „Moosgrün“, 400TC","Ein hochwertiges, natürliches Bettwäscheset aus Bambus mit einer Fadenzahl von 400TC für zwei Personen in der Farbe „Moosgrün“ – atmungsaktiv, hypoallergen und hautfreundlich für einen Schlaf wie im Hotel.",https://www.maisondecocon.com/products/2-person-bamboo-bedding-set-deep-moss-400tc?variant_sku=7777774020060,https://cdn.shopify.com/s/files/1/0884/0278/8685/files/bamboo-bedding-set-deep-moss-2-person-bedroom-lifestyle.jpg?v=1786137534,in_stock,561.00 EUR,Boomba Bamboo,new,,7777774020060,2-person-bamboo-bedding-set-deep-moss-400tc
7777778024060,"Bambus-Bettwäscheset für 2 Personen, Farbe „Moosgrün“, 400TC","Ein hochwertiges, natürliches Bettwäscheset aus Bambus mit einer Fadenzahl von 400TC für zwei Personen in der Farbe „Moosgrün“ – atmungsaktiv, hypoallergen und hautfreundlich für einen Schlaf wie im Hotel.",https://www.maisondecocon.com/products/2-person-bamboo-bedding-set-deep-moss-400tc?variant_sku=7777778024060,https://cdn.shopify.com/s/files/1/0884/0278/8685/files/bamboo-bedding-set-deep-moss-2-person-bedroom-lifestyle.jpg?v=1786137534,in_stock,642.00 EUR,Boomba Bamboo,new,,7777778024060,2-person-bamboo-bedding-set-deep-moss-400tc
9999994020060,"Bambus-Bettwäscheset für 2 Personen, Coffee Brown, 400TC","Ein warmes, hochwertiges Bettwäscheset aus Bambus mit einer Fadenzahl von 400TC für zwei Personen in der Farbe „Coffee Brown“ – atmungsaktiv, hypoallergen und hautfreundlich für einen Schlaf wie im Hotel.",https://www.maisondecocon.com/products/2-person-bamboo-bedding-set-coffee-brown-400tc?variant_sku=9999994020060,https://cdn.shopify.com/s/files/1/0884/0278/8685/files/bamboo-bedding-set-coffee-brown-2-person-bedroom-chair.jpg?v=1786137332,in_stock,561.00 EUR,Boomba Bamboo,new,,9999994020060,2-person-bamboo-bedding-set-coffee-brown-400tc
9999998024060,"Bambus-Bettwäscheset für 2 Personen, Coffee Brown, 400TC","Ein warmes, hochwertiges Bettwäscheset aus Bambus mit einer Fadenzahl von 400TC für zwei Personen in der Farbe „Coffee Brown“ – atmungsaktiv, hypoallergen und hautfreundlich für einen Schlaf wie im Hotel.",https://www.maisondecocon.com/products/2-person-bamboo-bedding-set-coffee-brown-400tc?variant_sku=9999998024060,https://cdn.shopify.com/s/files/1/0884/0278/8685/files/bamboo-bedding-set-coffee-brown-2-person-bedroom-chair.jpg?v=1786137332,in_stock,642.00 EUR,Boomba Bamboo,new,,9999998024060,2-person-bamboo-bedding-set-coffee-brown-400tc
99999920026060,"Bambus-Bettwäscheset für 2 Personen, Coffee Brown, 400TC","Ein warmes, hochwertiges Bettwäscheset aus Bambus mit einer Fadenzahl von 400TC für zwei Personen in der Farbe „Coffee Brown“ – atmungsaktiv, hypoallergen und hautfreundlich für einen Schlaf wie im Hotel.",https://www.maisondecocon.com/products/2-person-bamboo-bedding-set-coffee-brown-400tc?variant_sku=99999920026060,https://cdn.shopify.com/s/files/1/0884/0278/8685/files/bamboo-bedding-set-coffee-brown-2-person-bedroom-chair.jpg?v=1786137332,in_stock,669.00 EUR,Boomba Bamboo,new,,99999920026060,2-person-bamboo-bedding-set-coffee-brown-400tc
9999996020060,"Bambus-Bettwäscheset für 2 Personen, Coffee Brown, 400TC","Ein warmes, hochwertiges Bettwäscheset aus Bambus mit einer Fadenzahl von 400TC für zwei Personen in der Farbe „Coffee Brown“ – atmungsaktiv, hypoallergen und hautfreundlich für einen Schlaf wie im Hotel.",https://www.maisondecocon.com/products/2-person-bamboo-bedding-set-coffee-brown-400tc?variant_sku=9999996020060,https://cdn.shopify.com/s/files/1/0884/0278/8685/files/bamboo-bedding-set-coffee-brown-2-person-bedroom-chair.jpg?v=1786137332,in_stock,564.00 EUR,Boomba Bamboo,new,,9999996020060,2-person-bamboo-bedding-set-coffee-brown-400tc
8720648154454,"Kissenbezüge aus Bambus, Soft Taupe, 400TC – 2er-Set","Verleihen Sie Ihrem Schlafzimmer mit diesen Kissenbezügen aus Bambus mit einer Fadenzahl von 400TC in der neutralen Farbe „Soft Taupe“ eine warme, elegante Note – seidig-glatt, hypoallergen und sanft zu Haut und Haaren.",https://www.maisondecocon.com/products/bamboo-pillowcases-soft-taupe-400tc?variant_sku=8720648154454,https://cdn.shopify.com/s/files/1/0884/0278/8685/files/bamboo-pillowcases-soft-taupe-bench-lifestyle.jpg?v=1786130269,in_stock,96.00 EUR,Boomba Bamboo,new,,8720648154454,bamboo-pillowcases-soft-taupe-400tc
8720648154447,"Kissenbezüge aus Bambus, Soft Taupe, 400TC – 2er-Set","Verleihen Sie Ihrem Schlafzimmer mit diesen Kissenbezügen aus Bambus mit einer Fadenzahl von 400TC in der neutralen Farbe „Soft Taupe“ eine warme, elegante Note – seidig-glatt, hypoallergen und sanft zu Haut und Haaren.",https://www.maisondecocon.com/products/bamboo-pillowcases-soft-taupe-400tc?variant_sku=8720648154447,https://cdn.shopify.com/s/files/1/0884/0278/8685/files/bamboo-pillowcases-soft-taupe-bench-lifestyle.jpg?v=1786130269,in_stock,93.00 EUR,Boomba Bamboo,new,,8720648154447,bamboo-pillowcases-soft-taupe-400tc
8720648154461,"Kissenbezüge aus Bambus, Soft Taupe, 400TC – 2er-Set","Verleihen Sie Ihrem Schlafzimmer mit diesen Kissenbezügen aus Bambus mit einer Fadenzahl von 400TC in der neutralen Farbe „Soft Taupe“ eine warme, elegante Note – seidig-glatt, hypoallergen und sanft zu Haut und Haaren.",https://www.maisondecocon.com/products/bamboo-pillowcases-soft-taupe-400tc?variant_sku=8720648154461,https://cdn.shopify.com/s/files/1/0884/0278/8685/files/bamboo-pillowcases-soft-taupe-bench-lifestyle.jpg?v=1786130269,in_stock,99.00 EUR,Boomba Bamboo,new,,8720648154461,bamboo-pillowcases-soft-taupe-400tc
8888889014050,"Bambus-Bettwäscheset für 1 Person, „Lavender Mist“, 400TC","Ein weiches, ruhiges Bettwäscheset aus Bambus mit einer Fadenzahl von 400TC für eine Person in der Farbe „Lavender Mist“ – atmungsaktiv, hypoallergen und hautfreundlich für einen Schlaf wie im Hotel.",https://www.maisondecocon.com/products/1-person-bamboo-bedding-set-lavender-mist-400tc?variant_sku=8888889014050,https://cdn.shopify.com/s/files/1/0884/0278/8685/files/bamboo-bedding-set-lavender-mist-1-person-bedroom-lifestyle.jpg?v=1786136942,in_stock,492.00 EUR,Boomba Bamboo,new,,8888889014050,1-person-bamboo-bedding-set-lavender-mist-400tc
8888888014050,"Bambus-Bettwäscheset für 1 Person, „Lavender Mist“, 400TC","Ein weiches, ruhiges Bettwäscheset aus Bambus mit einer Fadenzahl von 400TC für eine Person in der Farbe „Lavender Mist“ – atmungsaktiv, hypoallergen und hautfreundlich für einen Schlaf wie im Hotel.",https://www.maisondecocon.com/products/1-person-bamboo-bedding-set-lavender-mist-400tc?variant_sku=8888888014050,https://cdn.shopify.com/s/files/1/0884/0278/8685/files/bamboo-bedding-set-lavender-mist-1-person-bedroom-lifestyle.jpg?v=1786136942,in_stock,483.00 EUR,Boomba Bamboo,new,,8888888014050,1-person-bamboo-bedding-set-lavender-mist-400tc
8720618860095,"Bambus-Spannbetttuch „Cuddle Pink“, 400TC","Ein seidenweiches Bambus-Spannbetttuch mit einer Fadenzahl von 400TC in zartem Cuddle Pink – atmungsaktiv, hypoallergen und angenehm kühl auf der Haut, mit einem passgenauen Gummizug für Matratzen mit einer Höhe von bis zu 30 cm.",https://www.maisondecocon.com/products/bamboo-fitted-sheet-cuddle-pink-400tc?variant_sku=8720618860095,https://cdn.shopify.com/s/files/1/0884/0278/8685/files/bamboo-fitted-sheet-cuddle-pink-corner-detail.jpg?v=1786182085,in_stock,147.00 EUR,Boomba Bamboo,new,,8720618860095,bamboo-fitted-sheet-cuddle-pink-400tc
8720618860101,"Bambus-Spannbetttuch „Cuddle Pink“, 400TC","Ein seidenweiches Bambus-Spannbetttuch mit einer Fadenzahl von 400TC in zartem Cuddle Pink – atmungsaktiv, hypoallergen und angenehm kühl auf der Haut, mit einem passgenauen Gummizug für Matratzen mit einer Höhe von bis zu 30 cm.",https://www.maisondecocon.com/products/bamboo-fitted-sheet-cuddle-pink-400tc?variant_sku=8720618860101,https://cdn.shopify.com/s/files/1/0884/0278/8685/files/bamboo-fitted-sheet-cuddle-pink-corner-detail.jpg?v=1786182085,in_stock,156.00 EUR,Boomba Bamboo,new,,8720618860101,bamboo-fitted-sheet-cuddle-pink-400tc
8720618860064,"Bambus-Spannbetttuch „Cuddle Pink“, 400TC","Ein seidenweiches Bambus-Spannbetttuch mit einer Fadenzahl von 400TC in zartem Cuddle Pink – atmungsaktiv, hypoallergen und angenehm kühl auf der Haut, mit einem passgenauen Gummizug für Matratzen mit einer Höhe von bis zu 30 cm.",https://www.maisondecocon.com/products/bamboo-fitted-sheet-cuddle-pink-400tc?variant_sku=8720618860064,https://cdn.shopify.com/s/files/1/0884/0278/8685/files/bamboo-fitted-sheet-cuddle-pink-corner-detail.jpg?v=1786182085,in_stock,120.00 EUR,Boomba Bamboo,new,,8720618860064,bamboo-fitted-sheet-cuddle-pink-400tc
8721161968016,"Bambus-Spannbetttuch „Cuddle Pink“, 400TC","Ein seidenweiches Bambus-Spannbetttuch mit einer Fadenzahl von 400TC in zartem Cuddle Pink – atmungsaktiv, hypoallergen und angenehm kühl auf der Haut, mit einem passgenauen Gummizug für Matratzen mit einer Höhe von bis zu 30 cm.",https://www.maisondecocon.com/products/bamboo-fitted-sheet-cuddle-pink-400tc?variant_sku=8721161968016,https://cdn.shopify.com/s/files/1/0884/0278/8685/files/bamboo-fitted-sheet-cuddle-pink-corner-detail.jpg?v=1786182085,in_stock,135.00 EUR,Boomba Bamboo,new,,8721161968016,bamboo-fitted-sheet-cuddle-pink-400tc
8721161968009,"Bambus-Spannbetttuch „Cuddle Pink“, 400TC","Ein seidenweiches Bambus-Spannbetttuch mit einer Fadenzahl von 400TC in zartem Cuddle Pink – atmungsaktiv, hypoallergen und angenehm kühl auf der Haut, mit einem passgenauen Gummizug für Matratzen mit einer Höhe von bis zu 30 cm.",https://www.maisondecocon.com/products/bamboo-fitted-sheet-cuddle-pink-400tc?variant_sku=8721161968009,https://cdn.shopify.com/s/files/1/0884/0278/8685/files/bamboo-fitted-sheet-cuddle-pink-corner-detail.jpg?v=1786182085,in_stock,126.00 EUR,Boomba Bamboo,new,,8721161968009,bamboo-fitted-sheet-cuddle-pink-400tc
8720618860125,"Bambus-Spannbetttuch „Cuddle Pink“, 400TC","Ein seidenweiches Bambus-Spannbetttuch mit einer Fadenzahl von 400TC in zartem Cuddle Pink – atmungsaktiv, hypoallergen und angenehm kühl auf der Haut, mit einem passgenauen Gummizug für Matratzen mit einer Höhe von bis zu 30 cm.",https://www.maisondecocon.com/products/bamboo-fitted-sheet-cuddle-pink-400tc?variant_sku=8720618860125,https://cdn.shopify.com/s/files/1/0884/0278/8685/files/bamboo-fitted-sheet-cuddle-pink-corner-detail.jpg?v=1786182085,in_stock,159.00 EUR,Boomba Bamboo,new,,8720618860125,bamboo-fitted-sheet-cuddle-pink-400tc
8720618860071,"Bambus-Spannbetttuch „Cuddle Pink“, 400TC","Ein seidenweiches Bambus-Spannbetttuch mit einer Fadenzahl von 400TC in zartem Cuddle Pink – atmungsaktiv, hypoallergen und angenehm kühl auf der Haut, mit einem passgenauen Gummizug für Matratzen mit einer Höhe von bis zu 30 cm.",https://www.maisondecocon.com/products/bamboo-fitted-sheet-cuddle-pink-400tc?variant_sku=8720618860071,https://cdn.shopify.com/s/files/1/0884/0278/8685/files/bamboo-fitted-sheet-cuddle-pink-corner-detail.jpg?v=1786182085,in_stock,129.00 EUR,Boomba Bamboo,new,,8720618860071,bamboo-fitted-sheet-cuddle-pink-400tc
8720618860132,"Bambus-Spannbetttuch „Cuddle Pink“, 400TC","Ein seidenweiches Bambus-Spannbetttuch mit einer Fadenzahl von 400TC in zartem Cuddle Pink – atmungsaktiv, hypoallergen und angenehm kühl auf der Haut, mit einem passgenauen Gummizug für Matratzen mit einer Höhe von bis zu 30 cm.",https://www.maisondecocon.com/products/bamboo-fitted-sheet-cuddle-pink-400tc?variant_sku=8720618860132,https://cdn.shopify.com/s/files/1/0884/0278/8685/files/bamboo-fitted-sheet-cuddle-pink-corner-detail.jpg?v=1786182085,in_stock,162.00 EUR,Boomba Bamboo,new,,8720618860132,bamboo-fitted-sheet-cuddle-pink-400tc
8720618860088,"Bambus-Spannbetttuch „Cuddle Pink“, 400TC","Ein seidenweiches Bambus-Spannbetttuch mit einer Fadenzahl von 400TC in zartem Cuddle Pink – atmungsaktiv, hypoallergen und angenehm kühl auf der Haut, mit einem passgenauen Gummizug für Matratzen mit einer Höhe von bis zu 30 cm.",https://www.maisondecocon.com/products/bamboo-fitted-sheet-cuddle-pink-400tc?variant_sku=8720618860088,https://cdn.shopify.com/s/files/1/0884/0278/8685/files/bamboo-fitted-sheet-cuddle-pink-corner-detail.jpg?v=1786182085,in_stock,144.00 EUR,Boomba Bamboo,new,,8720618860088,bamboo-fitted-sheet-cuddle-pink-400tc
8721161968047,"Bambus-Spannbetttuch „Cuddle Pink“, 400TC","Ein seidenweiches Bambus-Spannbetttuch mit einer Fadenzahl von 400TC in zartem Cuddle Pink – atmungsaktiv, hypoallergen und angenehm kühl auf der Haut, mit einem passgenauen Gummizug für Matratzen mit einer Höhe von bis zu 30 cm.",https://www.maisondecocon.com/products/bamboo-fitted-sheet-cuddle-pink-400tc?variant_sku=8721161968047,https://cdn.shopify.com/s/files/1/0884/0278/8685/files/bamboo-fitted-sheet-cuddle-pink-corner-detail.jpg?v=1786182085,in_stock,153.00 EUR,Boomba Bamboo,new,,8721161968047,bamboo-fitted-sheet-cuddle-pink-400tc
8720618860156,"Bambus-Spannbetttuch „Cuddle Pink“, 400TC","Ein seidenweiches Bambus-Spannbetttuch mit einer Fadenzahl von 400TC in zartem Cuddle Pink – atmungsaktiv, hypoallergen und angenehm kühl auf der Haut, mit einem passgenauen Gummizug für Matratzen mit einer Höhe von bis zu 30 cm.",https://www.maisondecocon.com/products/bamboo-fitted-sheet-cuddle-pink-400tc?variant_sku=8720618860156,https://cdn.shopify.com/s/files/1/0884/0278/8685/files/bamboo-fitted-sheet-cuddle-pink-corner-detail.jpg?v=1786182085,in_stock,180.00 EUR,Boomba Bamboo,new,,8720618860156,bamboo-fitted-sheet-cuddle-pink-400tc
8721161968030,"Bambus-Spannbetttuch „Cuddle Pink“, 400TC","Ein seidenweiches Bambus-Spannbetttuch mit einer Fadenzahl von 400TC in zartem Cuddle Pink – atmungsaktiv, hypoallergen und angenehm kühl auf der Haut, mit einem passgenauen Gummizug für Matratzen mit einer Höhe von bis zu 30 cm.",https://www.maisondecocon.com/products/bamboo-fitted-sheet-cuddle-pink-400tc?variant_sku=8721161968030,https://cdn.shopify.com/s/files/1/0884/0278/8685/files/bamboo-fitted-sheet-cuddle-pink-corner-detail.jpg?v=1786182085,in_stock,141.00 EUR,Boomba Bamboo,new,,8721161968030,bamboo-fitted-sheet-cuddle-pink-400tc
8720618860149,"Bambus-Spannbetttuch „Cuddle Pink“, 400TC","Ein seidenweiches Bambus-Spannbetttuch mit einer Fadenzahl von 400TC in zartem Cuddle Pink – atmungsaktiv, hypoallergen und angenehm kühl auf der Haut, mit einem passgenauen Gummizug für Matratzen mit einer Höhe von bis zu 30 cm.",https://www.maisondecocon.com/products/bamboo-fitted-sheet-cuddle-pink-400tc?variant_sku=8720618860149,https://cdn.shopify.com/s/files/1/0884/0278/8685/files/bamboo-fitted-sheet-cuddle-pink-corner-detail.jpg?v=1786182085,in_stock,174.00 EUR,Boomba Bamboo,new,,8720618860149,bamboo-fitted-sheet-cuddle-pink-400tc
8721161968023,"Bambus-Spannbetttuch „Cuddle Pink“, 400TC","Ein seidenweiches Bambus-Spannbetttuch mit einer Fadenzahl von 400TC in zartem Cuddle Pink – atmungsaktiv, hypoallergen und angenehm kühl auf der Haut, mit einem passgenauen Gummizug für Matratzen mit einer Höhe von bis zu 30 cm.",https://www.maisondecocon.com/products/bamboo-fitted-sheet-cuddle-pink-400tc?variant_sku=8721161968023,https://cdn.shopify.com/s/files/1/0884/0278/8685/files/bamboo-fitted-sheet-cuddle-pink-corner-detail.jpg?v=1786182085,in_stock,138.00 EUR,Boomba Bamboo,new,,8721161968023,bamboo-fitted-sheet-cuddle-pink-400tc
8720648154799,"Bambus-Spannbetttuch, Space Blue, 400TC","Ein seidenweiches Bambus-Spannbetttuch mit einer Fadenzahl von 400TC in tiefem Space Blue – atmungsaktiv, hypoallergen und angenehm kühl auf der Haut, mit einem passgenauen Gummizug für Matratzen mit einer Höhe von bis zu 30 cm.",https://www.maisondecocon.com/products/bamboo-fitted-sheet-space-blue-400tc?variant_sku=8720648154799,https://cdn.shopify.com/s/files/1/0884/0278/8685/files/bamboo-fitted-sheet-space-blue-corner-detail.jpg?v=1786182178,in_stock,129.00 EUR,Boomba Bamboo,new,,8720648154799,bamboo-fitted-sheet-space-blue-400tc
8720648154850,"Bambus-Spannbetttuch, Space Blue, 400TC","Ein seidenweiches Bambus-Spannbetttuch mit einer Fadenzahl von 400TC in tiefem Space Blue – atmungsaktiv, hypoallergen und angenehm kühl auf der Haut, mit einem passgenauen Gummizug für Matratzen mit einer Höhe von bis zu 30 cm.",https://www.maisondecocon.com/products/bamboo-fitted-sheet-space-blue-400tc?variant_sku=8720648154850,https://cdn.shopify.com/s/files/1/0884/0278/8685/files/bamboo-fitted-sheet-space-blue-corner-detail.jpg?v=1786182178,in_stock,168.00 EUR,Boomba Bamboo,new,,8720648154850,bamboo-fitted-sheet-space-blue-400tc
8720648154874,"Bambus-Spannbetttuch, Space Blue, 400TC","Ein seidenweiches Bambus-Spannbetttuch mit einer Fadenzahl von 400TC in tiefem Space Blue – atmungsaktiv, hypoallergen und angenehm kühl auf der Haut, mit einem passgenauen Gummizug für Matratzen mit einer Höhe von bis zu 30 cm.",https://www.maisondecocon.com/products/bamboo-fitted-sheet-space-blue-400tc?variant_sku=8720648154874,https://cdn.shopify.com/s/files/1/0884/0278/8685/files/bamboo-fitted-sheet-space-blue-corner-detail.jpg?v=1786182178,in_stock,180.00 EUR,Boomba Bamboo,new,,8720648154874,bamboo-fitted-sheet-space-blue-400tc
8720648154812,"Bambus-Spannbetttuch, Space Blue, 400TC","Ein seidenweiches Bambus-Spannbetttuch mit einer Fadenzahl von 400TC in tiefem Space Blue – atmungsaktiv, hypoallergen und angenehm kühl auf der Haut, mit einem passgenauen Gummizug für Matratzen mit einer Höhe von bis zu 30 cm.",https://www.maisondecocon.com/products/bamboo-fitted-sheet-space-blue-400tc?variant_sku=8720648154812,https://cdn.shopify.com/s/files/1/0884/0278/8685/files/bamboo-fitted-sheet-space-blue-corner-detail.jpg?v=1786182178,in_stock,147.00 EUR,Boomba Bamboo,new,,8720648154812,bamboo-fitted-sheet-space-blue-400tc
8720618860774,"Bambus-Spannbetttuch, Space Blue, 400TC","Ein seidenweiches Bambus-Spannbetttuch mit einer Fadenzahl von 400TC in tiefem Space Blue – atmungsaktiv, hypoallergen und angenehm kühl auf der Haut, mit einem passgenauen Gummizug für Matratzen mit einer Höhe von bis zu 30 cm.",https://www.maisondecocon.com/products/bamboo-fitted-sheet-space-blue-400tc?variant_sku=8720618860774,https://cdn.shopify.com/s/files/1/0884/0278/8685/files/bamboo-fitted-sheet-space-blue-corner-detail.jpg?v=1786182178,in_stock,135.00 EUR,Boomba Bamboo,new,,8720618860774,bamboo-fitted-sheet-space-blue-400tc
8720648154782,"Bambus-Spannbetttuch, Space Blue, 400TC","Ein seidenweiches Bambus-Spannbetttuch mit einer Fadenzahl von 400TC in tiefem Space Blue – atmungsaktiv, hypoallergen und angenehm kühl auf der Haut, mit einem passgenauen Gummizug für Matratzen mit einer Höhe von bis zu 30 cm.",https://www.maisondecocon.com/products/bamboo-fitted-sheet-space-blue-400tc?variant_sku=8720648154782,https://cdn.shopify.com/s/files/1/0884/0278/8685/files/bamboo-fitted-sheet-space-blue-corner-detail.jpg?v=1786182178,in_stock,120.00 EUR,Boomba Bamboo,new,,8720648154782,bamboo-fitted-sheet-space-blue-400tc
8720648154805,"Bambus-Spannbetttuch, Space Blue, 400TC","Ein seidenweiches Bambus-Spannbetttuch mit einer Fadenzahl von 400TC in tiefem Space Blue – atmungsaktiv, hypoallergen und angenehm kühl auf der Haut, mit einem passgenauen Gummizug für Matratzen mit einer Höhe von bis zu 30 cm.",https://www.maisondecocon.com/products/bamboo-fitted-sheet-space-blue-400tc?variant_sku=8720648154805,https://cdn.shopify.com/s/files/1/0884/0278/8685/files/bamboo-fitted-sheet-space-blue-corner-detail.jpg?v=1786182178,in_stock,144.00 EUR,Boomba Bamboo,new,,8720648154805,bamboo-fitted-sheet-space-blue-400tc
8720648154843,"Bambus-Spannbetttuch, Space Blue, 400TC","Ein seidenweiches Bambus-Spannbetttuch mit einer Fadenzahl von 400TC in tiefem Space Blue – atmungsaktiv, hypoallergen und angenehm kühl auf der Haut, mit einem passgenauen Gummizug für Matratzen mit einer Höhe von bis zu 30 cm.",https://www.maisondecocon.com/products/bamboo-fitted-sheet-space-blue-400tc?variant_sku=8720648154843,https://cdn.shopify.com/s/files/1/0884/0278/8685/files/bamboo-fitted-sheet-space-blue-corner-detail.jpg?v=1786182178,out_of_stock,162.00 EUR,Boomba Bamboo,new,,8720648154843,bamboo-fitted-sheet-space-blue-400tc
8720648154829,"Bambus-Spannbetttuch, Space Blue, 400TC","Ein seidenweiches Bambus-Spannbetttuch mit einer Fadenzahl von 400TC in tiefem Space Blue – atmungsaktiv, hypoallergen und angenehm kühl auf der Haut, mit einem passgenauen Gummizug für Matratzen mit einer Höhe von bis zu 30 cm.",https://www.maisondecocon.com/products/bamboo-fitted-sheet-space-blue-400tc?variant_sku=8720648154829,https://cdn.shopify.com/s/files/1/0884/0278/8685/files/bamboo-fitted-sheet-space-blue-corner-detail.jpg?v=1786182178,in_stock,156.00 EUR,Boomba Bamboo,new,,8720648154829,bamboo-fitted-sheet-space-blue-400tc
8720648154867,"Bambus-Spannbetttuch, Space Blue, 400TC","Ein seidenweiches Bambus-Spannbetttuch mit einer Fadenzahl von 400TC in tiefem Space Blue – atmungsaktiv, hypoallergen und angenehm kühl auf der Haut, mit einem passgenauen Gummizug für Matratzen mit einer Höhe von bis zu 30 cm.",https://www.maisondecocon.com/products/bamboo-fitted-sheet-space-blue-400tc?variant_sku=8720648154867,https://cdn.shopify.com/s/files/1/0884/0278/8685/files/bamboo-fitted-sheet-space-blue-corner-detail.jpg?v=1786182178,in_stock,174.00 EUR,Boomba Bamboo,new,,8720648154867,bamboo-fitted-sheet-space-blue-400tc
8720828225523,"Bambus-Spannbetttuch, Space Blue, 400TC","Ein seidenweiches Bambus-Spannbetttuch mit einer Fadenzahl von 400TC in tiefem Space Blue – atmungsaktiv, hypoallergen und angenehm kühl auf der Haut, mit einem passgenauen Gummizug für Matratzen mit einer Höhe von bis zu 30 cm.",https://www.maisondecocon.com/products/bamboo-fitted-sheet-space-blue-400tc?variant_sku=8720828225523,https://cdn.shopify.com/s/files/1/0884/0278/8685/files/bamboo-fitted-sheet-space-blue-corner-detail.jpg?v=1786182178,in_stock,123.00 EUR,Boomba Bamboo,new,,8720828225523,bamboo-fitted-sheet-space-blue-400tc
6154515711761,"Bambus-Spannbetttuch für Matratzenauflage „Lavender Mist“, 400TC","Ein hochwertiges Spannbetttuch aus 100 % Bambus für Matratzenauflagen mit einer Dicke von bis zu 10 cm in der Farbe „Lavender Mist“ – aus seidenweichem Tanboocel™-Gewebe mit einer Fadenzahl von 400TC, das atmungsaktiv ist und die Temperatur reguliert, sodass Sie das ganze Jahr über einen kühlen Schlaf genießen können.",https://www.maisondecocon.com/products/bamboo-fitted-sheet-for-mattress-topper-lavender-mist-400tc?variant_sku=6154515711761,https://cdn.shopify.com/s/files/1/0884/0278/8685/files/bamboo-fitted-sheet-mattress-topper-lavender-mist-seam-detail.jpg?v=1786182117,in_stock,162.00 EUR,Boomba Bamboo,new,,6154515711761,bamboo-fitted-sheet-for-mattress-topper-lavender-mist-400tc
6154515470408,"Bambus-Spannbetttuch für Matratzenauflage „Lavender Mist“, 400TC","Ein hochwertiges Spannbetttuch aus 100 % Bambus für Matratzenauflagen mit einer Dicke von bis zu 10 cm in der Farbe „Lavender Mist“ – aus seidenweichem Tanboocel™-Gewebe mit einer Fadenzahl von 400TC, das atmungsaktiv ist und die Temperatur reguliert, sodass Sie das ganze Jahr über einen kühlen Schlaf genießen können.",https://www.maisondecocon.com/products/bamboo-fitted-sheet-for-mattress-topper-lavender-mist-400tc?variant_sku=6154515470408,https://cdn.shopify.com/s/files/1/0884/0278/8685/files/bamboo-fitted-sheet-mattress-topper-lavender-mist-seam-detail.jpg?v=1786182117,in_stock,153.00 EUR,Boomba Bamboo,new,,6154515470408,bamboo-fitted-sheet-for-mattress-topper-lavender-mist-400tc
6154514951960,"Bambus-Spannbetttuch für Matratzenauflage „Lavender Mist“, 400TC","Ein hochwertiges Spannbetttuch aus 100 % Bambus für Matratzenauflagen mit einer Dicke von bis zu 10 cm in der Farbe „Lavender Mist“ – aus seidenweichem Tanboocel™-Gewebe mit einer Fadenzahl von 400TC, das atmungsaktiv ist und die Temperatur reguliert, sodass Sie das ganze Jahr über einen kühlen Schlaf genießen können.",https://www.maisondecocon.com/products/bamboo-fitted-sheet-for-mattress-topper-lavender-mist-400tc?variant_sku=6154514951960,https://cdn.shopify.com/s/files/1/0884/0278/8685/files/bamboo-fitted-sheet-mattress-topper-lavender-mist-seam-detail.jpg?v=1786182117,in_stock,144.00 EUR,Boomba Bamboo,new,,6154514951960,bamboo-fitted-sheet-for-mattress-topper-lavender-mist-400tc
6154515743779,"Bambus-Spannbetttuch für Matratzenauflage „Lavender Mist“, 400TC","Ein hochwertiges Spannbetttuch aus 100 % Bambus für Matratzenauflagen mit einer Dicke von bis zu 10 cm in der Farbe „Lavender Mist“ – aus seidenweichem Tanboocel™-Gewebe mit einer Fadenzahl von 400TC, das atmungsaktiv ist und die Temperatur reguliert, sodass Sie das ganze Jahr über einen kühlen Schlaf genießen können.",https://www.maisondecocon.com/products/bamboo-fitted-sheet-for-mattress-topper-lavender-mist-400tc?variant_sku=6154515743779,https://cdn.shopify.com/s/files/1/0884/0278/8685/files/bamboo-fitted-sheet-mattress-topper-lavender-mist-seam-detail.jpg?v=1786182117,in_stock,168.00 EUR,Boomba Bamboo,new,,6154515743779,bamboo-fitted-sheet-for-mattress-topper-lavender-mist-400tc
6154515066045,"Bambus-Spannbetttuch für Matratzenauflage „Lavender Mist“, 400TC","Ein hochwertiges Spannbetttuch aus 100 % Bambus für Matratzenauflagen mit einer Dicke von bis zu 10 cm in der Farbe „Lavender Mist“ – aus seidenweichem Tanboocel™-Gewebe mit einer Fadenzahl von 400TC, das atmungsaktiv ist und die Temperatur reguliert, sodass Sie das ganze Jahr über einen kühlen Schlaf genießen können.",https://www.maisondecocon.com/products/bamboo-fitted-sheet-for-mattress-topper-lavender-mist-400tc?variant_sku=6154515066045,https://cdn.shopify.com/s/files/1/0884/0278/8685/files/bamboo-fitted-sheet-mattress-topper-lavender-mist-seam-detail.jpg?v=1786182117,in_stock,147.00 EUR,Boomba Bamboo,new,,6154515066045,bamboo-fitted-sheet-for-mattress-topper-lavender-mist-400tc
6154515764743,"Bambus-Spannbetttuch für Matratzenauflage „Lavender Mist“, 400TC","Ein hochwertiges Spannbetttuch aus 100 % Bambus für Matratzenauflagen mit einer Dicke von bis zu 10 cm in der Farbe „Lavender Mist“ – aus seidenweichem Tanboocel™-Gewebe mit einer Fadenzahl von 400TC, das atmungsaktiv ist und die Temperatur reguliert, sodass Sie das ganze Jahr über einen kühlen Schlaf genießen können.",https://www.maisondecocon.com/products/bamboo-fitted-sheet-for-mattress-topper-lavender-mist-400tc?variant_sku=6154515764743,https://cdn.shopify.com/s/files/1/0884/0278/8685/files/bamboo-fitted-sheet-mattress-topper-lavender-mist-seam-detail.jpg?v=1786182117,in_stock,180.00 EUR,Boomba Bamboo,new,,6154515764743,bamboo-fitted-sheet-for-mattress-topper-lavender-mist-400tc
6154515584518,"Bambus-Spannbetttuch für Matratzenauflage „Lavender Mist“, 400TC","Ein hochwertiges Spannbetttuch aus 100 % Bambus für Matratzenauflagen mit einer Dicke von bis zu 10 cm in der Farbe „Lavender Mist“ – aus seidenweichem Tanboocel™-Gewebe mit einer Fadenzahl von 400TC, das atmungsaktiv ist und die Temperatur reguliert, sodass Sie das ganze Jahr über einen kühlen Schlaf genießen können.",https://www.maisondecocon.com/products/bamboo-fitted-sheet-for-mattress-topper-lavender-mist-400tc?variant_sku=6154515584518,https://cdn.shopify.com/s/files/1/0884/0278/8685/files/bamboo-fitted-sheet-mattress-topper-lavender-mist-seam-detail.jpg?v=1786182117,in_stock,156.00 EUR,Boomba Bamboo,new,,6154515584518,bamboo-fitted-sheet-for-mattress-topper-lavender-mist-400tc
8720828225158,"Bettbezug aus Bambus, himmelblau, 400TC","Ein seidenweicher Bettbezug aus Bambus mit einer Fadenzahl von 400TC in frischem Himmelblau – atmungsaktiv, hypoallergen und wahlweise mit Bambus-Knopfverschluss oder Einsteckstreifen erhältlich.",https://www.maisondecocon.com/products/bamboo-duvet-cover-sky-blue-400tc?variant_sku=8720828225158,https://cdn.shopify.com/s/files/1/0884/0278/8685/files/bamboo-duvet-cover-sky-blue-bedroom-lifestyle-1.jpg?v=1786136909,in_stock,282.00 EUR,Boomba Bamboo,new,,8720828225158,bamboo-duvet-cover-sky-blue-400tc
8720828225097,"Bettbezug aus Bambus, himmelblau, 400TC","Ein seidenweicher Bettbezug aus Bambus mit einer Fadenzahl von 400TC in frischem Himmelblau – atmungsaktiv, hypoallergen und wahlweise mit Bambus-Knopfverschluss oder Einsteckstreifen erhältlich.",https://www.maisondecocon.com/products/bamboo-duvet-cover-sky-blue-400tc?variant_sku=8720828225097,https://cdn.shopify.com/s/files/1/0884/0278/8685/files/bamboo-duvet-cover-sky-blue-bedroom-lifestyle-1.jpg?v=1786136909,in_stock,258.00 EUR,Boomba Bamboo,new,,8720828225097,bamboo-duvet-cover-sky-blue-400tc
8720828225165,"Bettbezug aus Bambus, himmelblau, 400TC","Ein seidenweicher Bettbezug aus Bambus mit einer Fadenzahl von 400TC in frischem Himmelblau – atmungsaktiv, hypoallergen und wahlweise mit Bambus-Knopfverschluss oder Einsteckstreifen erhältlich.",https://www.maisondecocon.com/products/bamboo-duvet-cover-sky-blue-400tc?variant_sku=8720828225165,https://cdn.shopify.com/s/files/1/0884/0278/8685/files/bamboo-duvet-cover-sky-blue-bedroom-lifestyle-1.jpg?v=1786136909,in_stock,297.00 EUR,Boomba Bamboo,new,,8720828225165,bamboo-duvet-cover-sky-blue-400tc
8720828225103,"Bettbezug aus Bambus, himmelblau, 400TC","Ein seidenweicher Bettbezug aus Bambus mit einer Fadenzahl von 400TC in frischem Himmelblau – atmungsaktiv, hypoallergen und wahlweise mit Bambus-Knopfverschluss oder Einsteckstreifen erhältlich.",https://www.maisondecocon.com/products/bamboo-duvet-cover-sky-blue-400tc?variant_sku=8720828225103,https://cdn.shopify.com/s/files/1/0884/0278/8685/files/bamboo-duvet-cover-sky-blue-bedroom-lifestyle-1.jpg?v=1786136909,in_stock,267.00 EUR,Boomba Bamboo,new,,8720828225103,bamboo-duvet-cover-sky-blue-400tc
8720828225172,"Bettbezug aus Bambus, himmelblau, 400TC","Ein seidenweicher Bettbezug aus Bambus mit einer Fadenzahl von 400TC in frischem Himmelblau – atmungsaktiv, hypoallergen und wahlweise mit Bambus-Knopfverschluss oder Einsteckstreifen erhältlich.",https://www.maisondecocon.com/products/bamboo-duvet-cover-sky-blue-400tc?variant_sku=8720828225172,https://cdn.shopify.com/s/files/1/0884/0278/8685/files/bamboo-duvet-cover-sky-blue-bedroom-lifestyle-1.jpg?v=1786136909,in_stock,318.00 EUR,Boomba Bamboo,new,,8720828225172,bamboo-duvet-cover-sky-blue-400tc
8720828225110,"Bettbezug aus Bambus, himmelblau, 400TC","Ein seidenweicher Bettbezug aus Bambus mit einer Fadenzahl von 400TC in frischem Himmelblau – atmungsaktiv, hypoallergen und wahlweise mit Bambus-Knopfverschluss oder Einsteckstreifen erhältlich.",https://www.maisondecocon.com/products/bamboo-duvet-cover-sky-blue-400tc?variant_sku=8720828225110,https://cdn.shopify.com/s/files/1/0884/0278/8685/files/bamboo-duvet-cover-sky-blue-bedroom-lifestyle-1.jpg?v=1786136909,in_stock,300.00 EUR,Boomba Bamboo,new,,8720828225110,bamboo-duvet-cover-sky-blue-400tc
8720828225189,"Bettbezug aus Bambus, himmelblau, 400TC","Ein seidenweicher Bettbezug aus Bambus mit einer Fadenzahl von 400TC in frischem Himmelblau – atmungsaktiv, hypoallergen und wahlweise mit Bambus-Knopfverschluss oder Einsteckstreifen erhältlich.",https://www.maisondecocon.com/products/bamboo-duvet-cover-sky-blue-400tc?variant_sku=8720828225189,https://cdn.shopify.com/s/files/1/0884/0278/8685/files/bamboo-duvet-cover-sky-blue-bedroom-lifestyle-1.jpg?v=1786136909,in_stock,336.00 EUR,Boomba Bamboo,new,,8720828225189,bamboo-duvet-cover-sky-blue-400tc
8720828225127,"Bettbezug aus Bambus, himmelblau, 400TC","Ein seidenweicher Bettbezug aus Bambus mit einer Fadenzahl von 400TC in frischem Himmelblau – atmungsaktiv, hypoallergen und wahlweise mit Bambus-Knopfverschluss oder Einsteckstreifen erhältlich.",https://www.maisondecocon.com/products/bamboo-duvet-cover-sky-blue-400tc?variant_sku=8720828225127,https://cdn.shopify.com/s/files/1/0884/0278/8685/files/bamboo-duvet-cover-sky-blue-bedroom-lifestyle-1.jpg?v=1786136909,in_stock,318.00 EUR,Boomba Bamboo,new,,8720828225127,bamboo-duvet-cover-sky-blue-400tc
8720828225196,"Bettbezug aus Bambus, himmelblau, 400TC","Ein seidenweicher Bettbezug aus Bambus mit einer Fadenzahl von 400TC in frischem Himmelblau – atmungsaktiv, hypoallergen und wahlweise mit Bambus-Knopfverschluss oder Einsteckstreifen erhältlich.",https://www.maisondecocon.com/products/bamboo-duvet-cover-sky-blue-400tc?variant_sku=8720828225196,https://cdn.shopify.com/s/files/1/0884/0278/8685/files/bamboo-duvet-cover-sky-blue-bedroom-lifestyle-1.jpg?v=1786136909,in_stock,387.00 EUR,Boomba Bamboo,new,,8720828225196,bamboo-duvet-cover-sky-blue-400tc
8720828225134,"Bettbezug aus Bambus, himmelblau, 400TC","Ein seidenweicher Bettbezug aus Bambus mit einer Fadenzahl von 400TC in frischem Himmelblau – atmungsaktiv, hypoallergen und wahlweise mit Bambus-Knopfverschluss oder Einsteckstreifen erhältlich.",https://www.maisondecocon.com/products/bamboo-duvet-cover-sky-blue-400tc?variant_sku=8720828225134,https://cdn.shopify.com/s/files/1/0884/0278/8685/files/bamboo-duvet-cover-sky-blue-bedroom-lifestyle-1.jpg?v=1786136909,in_stock,369.00 EUR,Boomba Bamboo,new,,8720828225134,bamboo-duvet-cover-sky-blue-400tc
8720828225202,"Bettbezug aus Bambus, himmelblau, 400TC","Ein seidenweicher Bettbezug aus Bambus mit einer Fadenzahl von 400TC in frischem Himmelblau – atmungsaktiv, hypoallergen und wahlweise mit Bambus-Knopfverschluss oder Einsteckstreifen erhältlich.",https://www.maisondecocon.com/products/bamboo-duvet-cover-sky-blue-400tc?variant_sku=8720828225202,https://cdn.shopify.com/s/files/1/0884/0278/8685/files/bamboo-duvet-cover-sky-blue-bedroom-lifestyle-1.jpg?v=1786136909,in_stock,420.00 EUR,Boomba Bamboo,new,,8720828225202,bamboo-duvet-cover-sky-blue-400tc
8720828225141,"Bettbezug aus Bambus, himmelblau, 400TC","Ein seidenweicher Bettbezug aus Bambus mit einer Fadenzahl von 400TC in frischem Himmelblau – atmungsaktiv, hypoallergen und wahlweise mit Bambus-Knopfverschluss oder Einsteckstreifen erhältlich.",https://www.maisondecocon.com/products/bamboo-duvet-cover-sky-blue-400tc?variant_sku=8720828225141,https://cdn.shopify.com/s/files/1/0884/0278/8685/files/bamboo-duvet-cover-sky-blue-bedroom-lifestyle-1.jpg?v=1786136909,in_stock,402.00 EUR,Boomba Bamboo,new,,8720828225141,bamboo-duvet-cover-sky-blue-400tc
8720618860040,"Bettbezug aus Bambus, „Cuddle Pink“, 400TC","Ein seidenweicher Bettbezug aus Bambus mit einer Fadenzahl von 400TC in zartem „Cuddle Pink“ – atmungsaktiv, hypoallergen und wahlweise mit Bambus-Knopfverschluss oder Einsteckstreifen erhältlich.",https://www.maisondecocon.com/products/bamboo-duvet-cover-cuddle-pink-400tc?variant_sku=8720618860040,https://cdn.shopify.com/s/files/1/0884/0278/8685/files/bamboo-duvet-cover-cuddle-pink-bedroom-lifestyle-3.jpg?v=1786137069,in_stock,369.00 EUR,Boomba Bamboo,new,,8720618860040,bamboo-duvet-cover-cuddle-pink-400tc
8720618860033,"Bettbezug aus Bambus, „Cuddle Pink“, 400TC","Ein seidenweicher Bettbezug aus Bambus mit einer Fadenzahl von 400TC in zartem „Cuddle Pink“ – atmungsaktiv, hypoallergen und wahlweise mit Bambus-Knopfverschluss oder Einsteckstreifen erhältlich.",https://www.maisondecocon.com/products/bamboo-duvet-cover-cuddle-pink-400tc?variant_sku=8720618860033,https://cdn.shopify.com/s/files/1/0884/0278/8685/files/bamboo-duvet-cover-cuddle-pink-bedroom-lifestyle-3.jpg?v=1786137069,out_of_stock,318.00 EUR,Boomba Bamboo,new,,8720618860033,bamboo-duvet-cover-cuddle-pink-400tc
8720828225950,"Bettbezug aus Bambus, „Cuddle Pink“, 400TC","Ein seidenweicher Bettbezug aus Bambus mit einer Fadenzahl von 400TC in zartem „Cuddle Pink“ – atmungsaktiv, hypoallergen und wahlweise mit Bambus-Knopfverschluss oder Einsteckstreifen erhältlich.",https://www.maisondecocon.com/products/bamboo-duvet-cover-cuddle-pink-400tc?variant_sku=8720828225950,https://cdn.shopify.com/s/files/1/0884/0278/8685/files/bamboo-duvet-cover-cuddle-pink-bedroom-lifestyle-3.jpg?v=1786137069,in_stock,297.00 EUR,Boomba Bamboo,new,,8720828225950,bamboo-duvet-cover-cuddle-pink-400tc
8720618860019,"Bettbezug aus Bambus, „Cuddle Pink“, 400TC","Ein seidenweicher Bettbezug aus Bambus mit einer Fadenzahl von 400TC in zartem „Cuddle Pink“ – atmungsaktiv, hypoallergen und wahlweise mit Bambus-Knopfverschluss oder Einsteckstreifen erhältlich.",https://www.maisondecocon.com/products/bamboo-duvet-cover-cuddle-pink-400tc?variant_sku=8720618860019,https://cdn.shopify.com/s/files/1/0884/0278/8685/files/bamboo-duvet-cover-cuddle-pink-bedroom-lifestyle-3.jpg?v=1786137069,in_stock,258.00 EUR,Boomba Bamboo,new,,8720618860019,bamboo-duvet-cover-cuddle-pink-400tc
8720828225981,"Bettbezug aus Bambus, „Cuddle Pink“, 400TC","Ein seidenweicher Bettbezug aus Bambus mit einer Fadenzahl von 400TC in zartem „Cuddle Pink“ – atmungsaktiv, hypoallergen und wahlweise mit Bambus-Knopfverschluss oder Einsteckstreifen erhältlich.",https://www.maisondecocon.com/products/bamboo-duvet-cover-cuddle-pink-400tc?variant_sku=8720828225981,https://cdn.shopify.com/s/files/1/0884/0278/8685/files/bamboo-duvet-cover-cuddle-pink-bedroom-lifestyle-3.jpg?v=1786137069,in_stock,387.00 EUR,Boomba Bamboo,new,,8720828225981,bamboo-duvet-cover-cuddle-pink-400tc
8720828225998,"Bettbezug aus Bambus, „Cuddle Pink“, 400TC","Ein seidenweicher Bettbezug aus Bambus mit einer Fadenzahl von 400TC in zartem „Cuddle Pink“ – atmungsaktiv, hypoallergen und wahlweise mit Bambus-Knopfverschluss oder Einsteckstreifen erhältlich.",https://www.maisondecocon.com/products/bamboo-duvet-cover-cuddle-pink-400tc?variant_sku=8720828225998,https://cdn.shopify.com/s/files/1/0884/0278/8685/files/bamboo-duvet-cover-cuddle-pink-bedroom-lifestyle-3.jpg?v=1786137069,in_stock,420.00 EUR,Boomba Bamboo,new,,8720828225998,bamboo-duvet-cover-cuddle-pink-400tc
8720828225714,"Bettbezug aus Bambus, „Cuddle Pink“, 400TC","Ein seidenweicher Bettbezug aus Bambus mit einer Fadenzahl von 400TC in zartem „Cuddle Pink“ – atmungsaktiv, hypoallergen und wahlweise mit Bambus-Knopfverschluss oder Einsteckstreifen erhältlich.",https://www.maisondecocon.com/products/bamboo-duvet-cover-cuddle-pink-400tc?variant_sku=8720828225714,https://cdn.shopify.com/s/files/1/0884/0278/8685/files/bamboo-duvet-cover-cuddle-pink-bedroom-lifestyle-3.jpg?v=1786137069,in_stock,267.00 EUR,Boomba Bamboo,new,,8720828225714,bamboo-duvet-cover-cuddle-pink-400tc
8720618860057,"Bettbezug aus Bambus, „Cuddle Pink“, 400TC","Ein seidenweicher Bettbezug aus Bambus mit einer Fadenzahl von 400TC in zartem „Cuddle Pink“ – atmungsaktiv, hypoallergen und wahlweise mit Bambus-Knopfverschluss oder Einsteckstreifen erhältlich.",https://www.maisondecocon.com/products/bamboo-duvet-cover-cuddle-pink-400tc?variant_sku=8720618860057,https://cdn.shopify.com/s/files/1/0884/0278/8685/files/bamboo-duvet-cover-cuddle-pink-bedroom-lifestyle-3.jpg?v=1786137069,in_stock,402.00 EUR,Boomba Bamboo,new,,8720618860057,bamboo-duvet-cover-cuddle-pink-400tc
8720618860026,"Bettbezug aus Bambus, „Cuddle Pink“, 400TC","Ein seidenweicher Bettbezug aus Bambus mit einer Fadenzahl von 400TC in zartem „Cuddle Pink“ – atmungsaktiv, hypoallergen und wahlweise mit Bambus-Knopfverschluss oder Einsteckstreifen erhältlich.",https://www.maisondecocon.com/products/bamboo-duvet-cover-cuddle-pink-400tc?variant_sku=8720618860026,https://cdn.shopify.com/s/files/1/0884/0278/8685/files/bamboo-duvet-cover-cuddle-pink-bedroom-lifestyle-3.jpg?v=1786137069,in_stock,300.00 EUR,Boomba Bamboo,new,,8720618860026,bamboo-duvet-cover-cuddle-pink-400tc
8720828225967,"Bettbezug aus Bambus, „Cuddle Pink“, 400TC","Ein seidenweicher Bettbezug aus Bambus mit einer Fadenzahl von 400TC in zartem „Cuddle Pink“ – atmungsaktiv, hypoallergen und wahlweise mit Bambus-Knopfverschluss oder Einsteckstreifen erhältlich.",https://www.maisondecocon.com/products/bamboo-duvet-cover-cuddle-pink-400tc?variant_sku=8720828225967,https://cdn.shopify.com/s/files/1/0884/0278/8685/files/bamboo-duvet-cover-cuddle-pink-bedroom-lifestyle-3.jpg?v=1786137069,in_stock,318.00 EUR,Boomba Bamboo,new,,8720828225967,bamboo-duvet-cover-cuddle-pink-400tc
8720828225974,"Bettbezug aus Bambus, „Cuddle Pink“, 400TC","Ein seidenweicher Bettbezug aus Bambus mit einer Fadenzahl von 400TC in zartem „Cuddle Pink“ – atmungsaktiv, hypoallergen und wahlweise mit Bambus-Knopfverschluss oder Einsteckstreifen erhältlich.",https://www.maisondecocon.com/products/bamboo-duvet-cover-cuddle-pink-400tc?variant_sku=8720828225974,https://cdn.shopify.com/s/files/1/0884/0278/8685/files/bamboo-duvet-cover-cuddle-pink-bedroom-lifestyle-3.jpg?v=1786137069,in_stock,336.00 EUR,Boomba Bamboo,new,,8720828225974,bamboo-duvet-cover-cuddle-pink-400tc
8720828225943,"Bettbezug aus Bambus, „Cuddle Pink“, 400TC","Ein seidenweicher Bettbezug aus Bambus mit einer Fadenzahl von 400TC in zartem „Cuddle Pink“ – atmungsaktiv, hypoallergen und wahlweise mit Bambus-Knopfverschluss oder Einsteckstreifen erhältlich.",https://www.maisondecocon.com/products/bamboo-duvet-cover-cuddle-pink-400tc?variant_sku=8720828225943,https://cdn.shopify.com/s/files/1/0884/0278/8685/files/bamboo-duvet-cover-cuddle-pink-bedroom-lifestyle-3.jpg?v=1786137069,in_stock,282.00 EUR,Boomba Bamboo,new,,8720828225943,bamboo-duvet-cover-cuddle-pink-400tc
6154524493443,"Bettbezug aus Bambus, Coffee Brown, 400TC","Ein seidenweicher Bettbezug aus Bambus mit einer Fadenzahl von 400TC in Coffee Brown – atmungsaktiv, hypoallergen und wahlweise mit Bambusknopfverschluss oder Einsteckstreifen erhältlich.",https://www.maisondecocon.com/products/bamboo-duvet-cover-coffee-brown-400tc?variant_sku=6154524493443,https://cdn.shopify.com/s/files/1/0884/0278/8685/files/bamboo-duvet-cover-coffee-brown-bedroom-lifestyle-1.jpg?v=1786173283,in_stock,369.00 EUR,Boomba Bamboo,new,,6154524493443,bamboo-duvet-cover-coffee-brown-400tc
6154528330300,"Bettbezug aus Bambus, Coffee Brown, 400TC","Ein seidenweicher Bettbezug aus Bambus mit einer Fadenzahl von 400TC in Coffee Brown – atmungsaktiv, hypoallergen und wahlweise mit Bambusknopfverschluss oder Einsteckstreifen erhältlich.",https://www.maisondecocon.com/products/bamboo-duvet-cover-coffee-brown-400tc?variant_sku=6154528330300,https://cdn.shopify.com/s/files/1/0884/0278/8685/files/bamboo-duvet-cover-coffee-brown-bedroom-lifestyle-1.jpg?v=1786173283,in_stock,387.00 EUR,Boomba Bamboo,new,,6154528330300,bamboo-duvet-cover-coffee-brown-400tc
6154523922968,"Bettbezug aus Bambus, Coffee Brown, 400TC","Ein seidenweicher Bettbezug aus Bambus mit einer Fadenzahl von 400TC in Coffee Brown – atmungsaktiv, hypoallergen und wahlweise mit Bambusknopfverschluss oder Einsteckstreifen erhältlich.",https://www.maisondecocon.com/products/bamboo-duvet-cover-coffee-brown-400tc?variant_sku=6154523922968,https://cdn.shopify.com/s/files/1/0884/0278/8685/files/bamboo-duvet-cover-coffee-brown-bedroom-lifestyle-1.jpg?v=1786173283,in_stock,258.00 EUR,Boomba Bamboo,new,,6154523922968,bamboo-duvet-cover-coffee-brown-400tc
6154527839897,"Bettbezug aus Bambus, Coffee Brown, 400TC","Ein seidenweicher Bettbezug aus Bambus mit einer Fadenzahl von 400TC in Coffee Brown – atmungsaktiv, hypoallergen und wahlweise mit Bambusknopfverschluss oder Einsteckstreifen erhältlich.",https://www.maisondecocon.com/products/bamboo-duvet-cover-coffee-brown-400tc?variant_sku=6154527839897,https://cdn.shopify.com/s/files/1/0884/0278/8685/files/bamboo-duvet-cover-coffee-brown-bedroom-lifestyle-1.jpg?v=1786173283,in_stock,336.00 EUR,Boomba Bamboo,new,,6154527839897,bamboo-duvet-cover-coffee-brown-400tc
6154524176131,"Bettbezug aus Bambus, Coffee Brown, 400TC","Ein seidenweicher Bettbezug aus Bambus mit einer Fadenzahl von 400TC in Coffee Brown – atmungsaktiv, hypoallergen und wahlweise mit Bambusknopfverschluss oder Einsteckstreifen erhältlich.",https://www.maisondecocon.com/products/bamboo-duvet-cover-coffee-brown-400tc?variant_sku=6154524176131,https://cdn.shopify.com/s/files/1/0884/0278/8685/files/bamboo-duvet-cover-coffee-brown-bedroom-lifestyle-1.jpg?v=1786173283,in_stock,300.00 EUR,Boomba Bamboo,new,,6154524176131,bamboo-duvet-cover-coffee-brown-400tc
6154525616674,"Bettbezug aus Bambus, Coffee Brown, 400TC","Ein seidenweicher Bettbezug aus Bambus mit einer Fadenzahl von 400TC in Coffee Brown – atmungsaktiv, hypoallergen und wahlweise mit Bambusknopfverschluss oder Einsteckstreifen erhältlich.",https://www.maisondecocon.com/products/bamboo-duvet-cover-coffee-brown-400tc?variant_sku=6154525616674,https://cdn.shopify.com/s/files/1/0884/0278/8685/files/bamboo-duvet-cover-coffee-brown-bedroom-lifestyle-1.jpg?v=1786173283,in_stock,282.00 EUR,Boomba Bamboo,new,,6154525616674,bamboo-duvet-cover-coffee-brown-400tc
6154524942958,"Bettbezug aus Bambus, Coffee Brown, 400TC","Ein seidenweicher Bettbezug aus Bambus mit einer Fadenzahl von 400TC in Coffee Brown – atmungsaktiv, hypoallergen und wahlweise mit Bambusknopfverschluss oder Einsteckstreifen erhältlich.",https://www.maisondecocon.com/products/bamboo-duvet-cover-coffee-brown-400tc?variant_sku=6154524942958,https://cdn.shopify.com/s/files/1/0884/0278/8685/files/bamboo-duvet-cover-coffee-brown-bedroom-lifestyle-1.jpg?v=1786173283,in_stock,402.00 EUR,Boomba Bamboo,new,,6154524942958,bamboo-duvet-cover-coffee-brown-400tc
6154526759790,"Bettbezug aus Bambus, Coffee Brown, 400TC","Ein seidenweicher Bettbezug aus Bambus mit einer Fadenzahl von 400TC in Coffee Brown – atmungsaktiv, hypoallergen und wahlweise mit Bambusknopfverschluss oder Einsteckstreifen erhältlich.",https://www.maisondecocon.com/products/bamboo-duvet-cover-coffee-brown-400tc?variant_sku=6154526759790,https://cdn.shopify.com/s/files/1/0884/0278/8685/files/bamboo-duvet-cover-coffee-brown-bedroom-lifestyle-1.jpg?v=1786173283,in_stock,318.00 EUR,Boomba Bamboo,new,,6154526759790,bamboo-duvet-cover-coffee-brown-400tc
6154524268232,"Bettbezug aus Bambus, Coffee Brown, 400TC","Ein seidenweicher Bettbezug aus Bambus mit einer Fadenzahl von 400TC in Coffee Brown – atmungsaktiv, hypoallergen und wahlweise mit Bambusknopfverschluss oder Einsteckstreifen erhältlich.",https://www.maisondecocon.com/products/bamboo-duvet-cover-coffee-brown-400tc?variant_sku=6154524268232,https://cdn.shopify.com/s/files/1/0884/0278/8685/files/bamboo-duvet-cover-coffee-brown-bedroom-lifestyle-1.jpg?v=1786173283,in_stock,318.00 EUR,Boomba Bamboo,new,,6154524268232,bamboo-duvet-cover-coffee-brown-400tc
6154524020052,"Bettbezug aus Bambus, Coffee Brown, 400TC","Ein seidenweicher Bettbezug aus Bambus mit einer Fadenzahl von 400TC in Coffee Brown – atmungsaktiv, hypoallergen und wahlweise mit Bambusknopfverschluss oder Einsteckstreifen erhältlich.",https://www.maisondecocon.com/products/bamboo-duvet-cover-coffee-brown-400tc?variant_sku=6154524020052,https://cdn.shopify.com/s/files/1/0884/0278/8685/files/bamboo-duvet-cover-coffee-brown-bedroom-lifestyle-1.jpg?v=1786173283,in_stock,267.00 EUR,Boomba Bamboo,new,,6154524020052,bamboo-duvet-cover-coffee-brown-400tc
6154528590551,"Bettbezug aus Bambus, Coffee Brown, 400TC","Ein seidenweicher Bettbezug aus Bambus mit einer Fadenzahl von 400TC in Coffee Brown – atmungsaktiv, hypoallergen und wahlweise mit Bambusknopfverschluss oder Einsteckstreifen erhältlich.",https://www.maisondecocon.com/products/bamboo-duvet-cover-coffee-brown-400tc?variant_sku=6154528590551,https://cdn.shopify.com/s/files/1/0884/0278/8685/files/bamboo-duvet-cover-coffee-brown-bedroom-lifestyle-1.jpg?v=1786173283,in_stock,420.00 EUR,Boomba Bamboo,new,,6154528590551,bamboo-duvet-cover-coffee-brown-400tc
6154526598511,"Bettbezug aus Bambus, Coffee Brown, 400TC","Ein seidenweicher Bettbezug aus Bambus mit einer Fadenzahl von 400TC in Coffee Brown – atmungsaktiv, hypoallergen und wahlweise mit Bambusknopfverschluss oder Einsteckstreifen erhältlich.",https://www.maisondecocon.com/products/bamboo-duvet-cover-coffee-brown-400tc?variant_sku=6154526598511,https://cdn.shopify.com/s/files/1/0884/0278/8685/files/bamboo-duvet-cover-coffee-brown-bedroom-lifestyle-1.jpg?v=1786173283,in_stock,297.00 EUR,Boomba Bamboo,new,,6154526598511,bamboo-duvet-cover-coffee-brown-400tc
6154523589574,"Kissenbezüge aus Bambus, Coffee Brown, 400TC – 2er-Set","Verleihen Sie Ihrem Schlafzimmer mit diesen Kissenbezügen aus Bambus mit einer Fadenzahl von 400TC in Coffee Brown eine warme, gemütliche Note – seidig weich, hypoallergen und sanft zu Haut und Haaren.",https://www.maisondecocon.com/products/bamboo-pillowcases-coffee-brown-400tc?variant_sku=6154523589574,https://cdn.shopify.com/s/files/1/0884/0278/8685/files/bamboo-pillowcases-coffee-brown-bedroom-lifestyle.jpg?v=1786130014,in_stock,90.00 EUR,Boomba Bamboo,new,,6154523589574,bamboo-pillowcases-coffee-brown-400tc
6154523886840,"Kissenbezüge aus Bambus, Coffee Brown, 400TC – 2er-Set","Verleihen Sie Ihrem Schlafzimmer mit diesen Kissenbezügen aus Bambus mit einer Fadenzahl von 400TC in Coffee Brown eine warme, gemütliche Note – seidig weich, hypoallergen und sanft zu Haut und Haaren.",https://www.maisondecocon.com/products/bamboo-pillowcases-coffee-brown-400tc?variant_sku=6154523886840,https://cdn.shopify.com/s/files/1/0884/0278/8685/files/bamboo-pillowcases-coffee-brown-bedroom-lifestyle.jpg?v=1786130014,in_stock,99.00 EUR,Boomba Bamboo,new,,6154523886840,bamboo-pillowcases-coffee-brown-400tc
6154523652667,"Kissenbezüge aus Bambus, Coffee Brown, 400TC – 2er-Set","Verleihen Sie Ihrem Schlafzimmer mit diesen Kissenbezügen aus Bambus mit einer Fadenzahl von 400TC in Coffee Brown eine warme, gemütliche Note – seidig weich, hypoallergen und sanft zu Haut und Haaren.",https://www.maisondecocon.com/products/bamboo-pillowcases-coffee-brown-400tc?variant_sku=6154523652667,https://cdn.shopify.com/s/files/1/0884/0278/8685/files/bamboo-pillowcases-coffee-brown-bedroom-lifestyle.jpg?v=1786130014,in_stock,93.00 EUR,Boomba Bamboo,new,,6154523652667,bamboo-pillowcases-coffee-brown-400tc
8720648154911,"Bambus-Spannbetttuch für Matratzenauflage, Space Blue, 400TC","Ein hochwertiges Spannbetttuch aus 100 % Bambus für Matratzenauflagen mit einer Dicke von bis zu 10 cm in der Farbe „Space Blue“ – aus seidenweichem Tanboocel™-Gewebe mit einer Fadenzahl von 400TC, das atmungsaktiv ist und die Temperatur reguliert, sodass Sie das ganze Jahr über einen kühlen Schlaf genießen können.",https://www.maisondecocon.com/products/bamboo-fitted-sheet-for-mattress-topper-space-blue-400tc?variant_sku=8720648154911,https://cdn.shopify.com/s/files/1/0884/0278/8685/files/bamboo-fitted-sheet-mattress-topper-space-blue-corner-fit.jpg?v=1786182719,in_stock,159.00 EUR,Boomba Bamboo,new,,8720648154911,bamboo-fitted-sheet-for-mattress-topper-space-blue-400tc
8720648154942,"Bambus-Spannbetttuch für Matratzenauflage, Space Blue, 400TC","Ein hochwertiges Spannbetttuch aus 100 % Bambus für Matratzenauflagen mit einer Dicke von bis zu 10 cm in der Farbe „Space Blue“ – aus seidenweichem Tanboocel™-Gewebe mit einer Fadenzahl von 400TC, das atmungsaktiv ist und die Temperatur reguliert, sodass Sie das ganze Jahr über einen kühlen Schlaf genießen können.",https://www.maisondecocon.com/products/bamboo-fitted-sheet-for-mattress-topper-space-blue-400tc?variant_sku=8720648154942,https://cdn.shopify.com/s/files/1/0884/0278/8685/files/bamboo-fitted-sheet-mattress-topper-space-blue-corner-fit.jpg?v=1786182719,in_stock,174.00 EUR,Boomba Bamboo,new,,8720648154942,bamboo-fitted-sheet-for-mattress-topper-space-blue-400tc
8720648154881,"Bambus-Spannbetttuch für Matratzenauflage, Space Blue, 400TC","Ein hochwertiges Spannbetttuch aus 100 % Bambus für Matratzenauflagen mit einer Dicke von bis zu 10 cm in der Farbe „Space Blue“ – aus seidenweichem Tanboocel™-Gewebe mit einer Fadenzahl von 400TC, das atmungsaktiv ist und die Temperatur reguliert, sodass Sie das ganze Jahr über einen kühlen Schlaf genießen können.",https://www.maisondecocon.com/products/bamboo-fitted-sheet-for-mattress-topper-space-blue-400tc?variant_sku=8720648154881,https://cdn.shopify.com/s/files/1/0884/0278/8685/files/bamboo-fitted-sheet-mattress-topper-space-blue-corner-fit.jpg?v=1786182719,in_stock,144.00 EUR,Boomba Bamboo,new,,8720648154881,bamboo-fitted-sheet-for-mattress-topper-space-blue-400tc
8720648154959,"Bambus-Spannbetttuch für Matratzenauflage, Space Blue, 400TC","Ein hochwertiges Spannbetttuch aus 100 % Bambus für Matratzenauflagen mit einer Dicke von bis zu 10 cm in der Farbe „Space Blue“ – aus seidenweichem Tanboocel™-Gewebe mit einer Fadenzahl von 400TC, das atmungsaktiv ist und die Temperatur reguliert, sodass Sie das ganze Jahr über einen kühlen Schlaf genießen können.",https://www.maisondecocon.com/products/bamboo-fitted-sheet-for-mattress-topper-space-blue-400tc?variant_sku=8720648154959,https://cdn.shopify.com/s/files/1/0884/0278/8685/files/bamboo-fitted-sheet-mattress-topper-space-blue-corner-fit.jpg?v=1786182719,in_stock,180.00 EUR,Boomba Bamboo,new,,8720648154959,bamboo-fitted-sheet-for-mattress-topper-space-blue-400tc
8720648154898,"Bambus-Spannbetttuch für Matratzenauflage, Space Blue, 400TC","Ein hochwertiges Spannbetttuch aus 100 % Bambus für Matratzenauflagen mit einer Dicke von bis zu 10 cm in der Farbe „Space Blue“ – aus seidenweichem Tanboocel™-Gewebe mit einer Fadenzahl von 400TC, das atmungsaktiv ist und die Temperatur reguliert, sodass Sie das ganze Jahr über einen kühlen Schlaf genießen können.",https://www.maisondecocon.com/products/bamboo-fitted-sheet-for-mattress-topper-space-blue-400tc?variant_sku=8720648154898,https://cdn.shopify.com/s/files/1/0884/0278/8685/files/bamboo-fitted-sheet-mattress-topper-space-blue-corner-fit.jpg?v=1786182719,in_stock,147.00 EUR,Boomba Bamboo,new,,8720648154898,bamboo-fitted-sheet-for-mattress-topper-space-blue-400tc
8720648154904,"Bambus-Spannbetttuch für Matratzenauflage, Space Blue, 400TC","Ein hochwertiges Spannbetttuch aus 100 % Bambus für Matratzenauflagen mit einer Dicke von bis zu 10 cm in der Farbe „Space Blue“ – aus seidenweichem Tanboocel™-Gewebe mit einer Fadenzahl von 400TC, das atmungsaktiv ist und die Temperatur reguliert, sodass Sie das ganze Jahr über einen kühlen Schlaf genießen können.",https://www.maisondecocon.com/products/bamboo-fitted-sheet-for-mattress-topper-space-blue-400tc?variant_sku=8720648154904,https://cdn.shopify.com/s/files/1/0884/0278/8685/files/bamboo-fitted-sheet-mattress-topper-space-blue-corner-fit.jpg?v=1786182719,in_stock,156.00 EUR,Boomba Bamboo,new,,8720648154904,bamboo-fitted-sheet-for-mattress-topper-space-blue-400tc
8720648154935,"Bambus-Spannbetttuch für Matratzenauflage, Space Blue, 400TC","Ein hochwertiges Spannbetttuch aus 100 % Bambus für Matratzenauflagen mit einer Dicke von bis zu 10 cm in der Farbe „Space Blue“ – aus seidenweichem Tanboocel™-Gewebe mit einer Fadenzahl von 400TC, das atmungsaktiv ist und die Temperatur reguliert, sodass Sie das ganze Jahr über einen kühlen Schlaf genießen können.",https://www.maisondecocon.com/products/bamboo-fitted-sheet-for-mattress-topper-space-blue-400tc?variant_sku=8720648154935,https://cdn.shopify.com/s/files/1/0884/0278/8685/files/bamboo-fitted-sheet-mattress-topper-space-blue-corner-fit.jpg?v=1786182719,in_stock,168.00 EUR,Boomba Bamboo,new,,8720648154935,bamboo-fitted-sheet-for-mattress-topper-space-blue-400tc
8720648154928,"Bambus-Spannbetttuch für Matratzenauflage, Space Blue, 400TC","Ein hochwertiges Spannbetttuch aus 100 % Bambus für Matratzenauflagen mit einer Dicke von bis zu 10 cm in der Farbe „Space Blue“ – aus seidenweichem Tanboocel™-Gewebe mit einer Fadenzahl von 400TC, das atmungsaktiv ist und die Temperatur reguliert, sodass Sie das ganze Jahr über einen kühlen Schlaf genießen können.",https://www.maisondecocon.com/products/bamboo-fitted-sheet-for-mattress-topper-space-blue-400tc?variant_sku=8720648154928,https://cdn.shopify.com/s/files/1/0884/0278/8685/files/bamboo-fitted-sheet-mattress-topper-space-blue-corner-fit.jpg?v=1786182719,in_stock,162.00 EUR,Boomba Bamboo,new,,8720648154928,bamboo-fitted-sheet-for-mattress-topper-space-blue-400tc
8720618860200,"Bambus-Spannbetttuch für Matratzenauflage, „Cuddle Pink“, 400TC","Ein hochwertiges Spannbetttuch aus 100 % Bambus für Matratzenauflagen mit einer Dicke von bis zu 10 cm in der Farbe „Cuddle Pink“ – aus seidenweichem Tanboocel™-Gewebe mit einer Fadenzahl von 400TC, das atmungsaktiv ist und die Temperatur reguliert, sodass Sie das ganze Jahr über einen kühlen Schlaf genießen können.",https://www.maisondecocon.com/products/bamboo-fitted-sheet-for-mattress-topper-cuddle-pink-400tc?variant_sku=8720618860200,https://cdn.shopify.com/s/files/1/0884/0278/8685/files/bamboo-fitted-sheet-mattress-topper-cuddle-pink-corner-detail.jpg?v=1786133940,in_stock,162.00 EUR,Boomba Bamboo,new,,8720618860200,bamboo-fitted-sheet-for-mattress-topper-cuddle-pink-400tc
8720618860217,"Bambus-Spannbetttuch für Matratzenauflage, „Cuddle Pink“, 400TC","Ein hochwertiges Spannbetttuch aus 100 % Bambus für Matratzenauflagen mit einer Dicke von bis zu 10 cm in der Farbe „Cuddle Pink“ – aus seidenweichem Tanboocel™-Gewebe mit einer Fadenzahl von 400TC, das atmungsaktiv ist und die Temperatur reguliert, sodass Sie das ganze Jahr über einen kühlen Schlaf genießen können.",https://www.maisondecocon.com/products/bamboo-fitted-sheet-for-mattress-topper-cuddle-pink-400tc?variant_sku=8720618860217,https://cdn.shopify.com/s/files/1/0884/0278/8685/files/bamboo-fitted-sheet-mattress-topper-cuddle-pink-corner-detail.jpg?v=1786133940,in_stock,168.00 EUR,Boomba Bamboo,new,,8720618860217,bamboo-fitted-sheet-for-mattress-topper-cuddle-pink-400tc
8720618860170,"Bambus-Spannbetttuch für Matratzenauflage, „Cuddle Pink“, 400TC","Ein hochwertiges Spannbetttuch aus 100 % Bambus für Matratzenauflagen mit einer Dicke von bis zu 10 cm in der Farbe „Cuddle Pink“ – aus seidenweichem Tanboocel™-Gewebe mit einer Fadenzahl von 400TC, das atmungsaktiv ist und die Temperatur reguliert, sodass Sie das ganze Jahr über einen kühlen Schlaf genießen können.",https://www.maisondecocon.com/products/bamboo-fitted-sheet-for-mattress-topper-cuddle-pink-400tc?variant_sku=8720618860170,https://cdn.shopify.com/s/files/1/0884/0278/8685/files/bamboo-fitted-sheet-mattress-topper-cuddle-pink-corner-detail.jpg?v=1786133940,in_stock,147.00 EUR,Boomba Bamboo,new,,8720618860170,bamboo-fitted-sheet-for-mattress-topper-cuddle-pink-400tc
8720618860163,"Bambus-Spannbetttuch für Matratzenauflage, „Cuddle Pink“, 400TC","Ein hochwertiges Spannbetttuch aus 100 % Bambus für Matratzenauflagen mit einer Dicke von bis zu 10 cm in der Farbe „Cuddle Pink“ – aus seidenweichem Tanboocel™-Gewebe mit einer Fadenzahl von 400TC, das atmungsaktiv ist und die Temperatur reguliert, sodass Sie das ganze Jahr über einen kühlen Schlaf genießen können.",https://www.maisondecocon.com/products/bamboo-fitted-sheet-for-mattress-topper-cuddle-pink-400tc?variant_sku=8720618860163,https://cdn.shopify.com/s/files/1/0884/0278/8685/files/bamboo-fitted-sheet-mattress-topper-cuddle-pink-corner-detail.jpg?v=1786133940,in_stock,144.00 EUR,Boomba Bamboo,new,,8720618860163,bamboo-fitted-sheet-for-mattress-topper-cuddle-pink-400tc
8720618860187,"Bambus-Spannbetttuch für Matratzenauflage, „Cuddle Pink“, 400TC","Ein hochwertiges Spannbetttuch aus 100 % Bambus für Matratzenauflagen mit einer Dicke von bis zu 10 cm in der Farbe „Cuddle Pink“ – aus seidenweichem Tanboocel™-Gewebe mit einer Fadenzahl von 400TC, das atmungsaktiv ist und die Temperatur reguliert, sodass Sie das ganze Jahr über einen kühlen Schlaf genießen können.",https://www.maisondecocon.com/products/bamboo-fitted-sheet-for-mattress-topper-cuddle-pink-400tc?variant_sku=8720618860187,https://cdn.shopify.com/s/files/1/0884/0278/8685/files/bamboo-fitted-sheet-mattress-topper-cuddle-pink-corner-detail.jpg?v=1786133940,in_stock,156.00 EUR,Boomba Bamboo,new,,8720618860187,bamboo-fitted-sheet-for-mattress-topper-cuddle-pink-400tc
8720618860224,"Bambus-Spannbetttuch für Matratzenauflage, „Cuddle Pink“, 400TC","Ein hochwertiges Spannbetttuch aus 100 % Bambus für Matratzenauflagen mit einer Dicke von bis zu 10 cm in der Farbe „Cuddle Pink“ – aus seidenweichem Tanboocel™-Gewebe mit einer Fadenzahl von 400TC, das atmungsaktiv ist und die Temperatur reguliert, sodass Sie das ganze Jahr über einen kühlen Schlaf genießen können.",https://www.maisondecocon.com/products/bamboo-fitted-sheet-for-mattress-topper-cuddle-pink-400tc?variant_sku=8720618860224,https://cdn.shopify.com/s/files/1/0884/0278/8685/files/bamboo-fitted-sheet-mattress-topper-cuddle-pink-corner-detail.jpg?v=1786133940,in_stock,174.00 EUR,Boomba Bamboo,new,,8720618860224,bamboo-fitted-sheet-for-mattress-topper-cuddle-pink-400tc
8720618860194,"Bambus-Spannbetttuch für Matratzenauflage, „Cuddle Pink“, 400TC","Ein hochwertiges Spannbetttuch aus 100 % Bambus für Matratzenauflagen mit einer Dicke von bis zu 10 cm in der Farbe „Cuddle Pink“ – aus seidenweichem Tanboocel™-Gewebe mit einer Fadenzahl von 400TC, das atmungsaktiv ist und die Temperatur reguliert, sodass Sie das ganze Jahr über einen kühlen Schlaf genießen können.",https://www.maisondecocon.com/products/bamboo-fitted-sheet-for-mattress-topper-cuddle-pink-400tc?variant_sku=8720618860194,https://cdn.shopify.com/s/files/1/0884/0278/8685/files/bamboo-fitted-sheet-mattress-topper-cuddle-pink-corner-detail.jpg?v=1786133940,in_stock,159.00 EUR,Boomba Bamboo,new,,8720618860194,bamboo-fitted-sheet-for-mattress-topper-cuddle-pink-400tc
8720618860231,"Bambus-Spannbetttuch für Matratzenauflage, „Cuddle Pink“, 400TC","Ein hochwertiges Spannbetttuch aus 100 % Bambus für Matratzenauflagen mit einer Dicke von bis zu 10 cm in der Farbe „Cuddle Pink“ – aus seidenweichem Tanboocel™-Gewebe mit einer Fadenzahl von 400TC, das atmungsaktiv ist und die Temperatur reguliert, sodass Sie das ganze Jahr über einen kühlen Schlaf genießen können.",https://www.maisondecocon.com/products/bamboo-fitted-sheet-for-mattress-topper-cuddle-pink-400tc?variant_sku=8720618860231,https://cdn.shopify.com/s/files/1/0884/0278/8685/files/bamboo-fitted-sheet-mattress-topper-cuddle-pink-corner-detail.jpg?v=1786133940,in_stock,180.00 EUR,Boomba Bamboo,new,,8720618860231,bamboo-fitted-sheet-for-mattress-topper-cuddle-pink-400tc
6666668014050,"Bambus-Bettwäscheset für 1 Person, himmelblau, 400TC","Ein frisches, leichtes Bettwäscheset aus Bambus mit einer Fadenzahl von 400TC für eine Person in der Farbe Himmelblau – atmungsaktiv, hypoallergen und hautfreundlich für einen Schlaf wie im Hotel.",https://www.maisondecocon.com/products/1-person-bamboo-bedding-set-sky-blue-400tc?variant_sku=6666668014050,https://cdn.shopify.com/s/files/1/0884/0278/8685/files/bamboo-bedding-set-sky-blue-1-person-bedroom-lifestyle.jpg?v=1786136328,in_stock,483.00 EUR,Boomba Bamboo,new,,6666668014050,1-person-bamboo-bedding-set-sky-blue-400tc
6666669014050,"Bambus-Bettwäscheset für 1 Person, himmelblau, 400TC","Ein frisches, leichtes Bettwäscheset aus Bambus mit einer Fadenzahl von 400TC für eine Person in der Farbe Himmelblau – atmungsaktiv, hypoallergen und hautfreundlich für einen Schlaf wie im Hotel.",https://www.maisondecocon.com/products/1-person-bamboo-bedding-set-sky-blue-400tc?variant_sku=6666669014050,https://cdn.shopify.com/s/files/1/0884/0278/8685/files/bamboo-bedding-set-sky-blue-1-person-bedroom-lifestyle.jpg?v=1786136328,in_stock,492.00 EUR,Boomba Bamboo,new,,6666669014050,1-person-bamboo-bedding-set-sky-blue-400tc
1111118014050,"Bambus-Bettwäscheset für 1 Person, Soft Taupe, 400TC","Ein warmes, elegantes Bettwäscheset aus Bambus mit einer Fadenzahl von 400TC für eine Person in der Farbe „Soft Taupe“ – atmungsaktiv, hypoallergen und hautfreundlich für einen Schlaf wie im Hotel.",https://www.maisondecocon.com/products/1-person-bamboo-bedding-set-soft-taupe-400tc?variant_sku=1111118014050,https://cdn.shopify.com/s/files/1/0884/0278/8685/files/bamboo-bedding-set-soft-taupe-1-person-bedroom-lifestyle.jpg?v=1786109315,in_stock,483.00 EUR,Boomba Bamboo,new,,1111118014050,1-person-bamboo-bedding-set-soft-taupe-400tc
1111119014050,"Bambus-Bettwäscheset für 1 Person, Soft Taupe, 400TC","Ein warmes, elegantes Bettwäscheset aus Bambus mit einer Fadenzahl von 400TC für eine Person in der Farbe „Soft Taupe“ – atmungsaktiv, hypoallergen und hautfreundlich für einen Schlaf wie im Hotel.",https://www.maisondecocon.com/products/1-person-bamboo-bedding-set-soft-taupe-400tc?variant_sku=1111119014050,https://cdn.shopify.com/s/files/1/0884/0278/8685/files/bamboo-bedding-set-soft-taupe-1-person-bedroom-lifestyle.jpg?v=1786109315,out_of_stock,492.00 EUR,Boomba Bamboo,new,,1111119014050,1-person-bamboo-bedding-set-soft-taupe-400tc
2222228014050,"Bambus-Bettwäscheset für 1 Person, Space Blue, 400TC","Ein hochwertiges, modernes Bettwäscheset aus Bambus mit einer Fadenzahl von 400TC für eine Person in der Farbe „Space Blue“ – atmungsaktiv, hypoallergen und hautfreundlich für einen Schlaf wie im Hotel.",https://www.maisondecocon.com/products/1-person-bamboo-bedding-set-space-blue-400tc?variant_sku=2222228014050,https://cdn.shopify.com/s/files/1/0884/0278/8685/files/bamboo-bedding-set-space-blue-1-person-bedroom-lifestyle.jpg?v=1786108831,in_stock,483.00 EUR,Boomba Bamboo,new,,2222228014050,1-person-bamboo-bedding-set-space-blue-400tc
2222229014050,"Bambus-Bettwäscheset für 1 Person, Space Blue, 400TC","Ein hochwertiges, modernes Bettwäscheset aus Bambus mit einer Fadenzahl von 400TC für eine Person in der Farbe „Space Blue“ – atmungsaktiv, hypoallergen und hautfreundlich für einen Schlaf wie im Hotel.",https://www.maisondecocon.com/products/1-person-bamboo-bedding-set-space-blue-400tc?variant_sku=2222229014050,https://cdn.shopify.com/s/files/1/0884/0278/8685/files/bamboo-bedding-set-space-blue-1-person-bedroom-lifestyle.jpg?v=1786108831,in_stock,492.00 EUR,Boomba Bamboo,new,,2222229014050,1-person-bamboo-bedding-set-space-blue-400tc
7777778014050,"Bambus-Bettwäscheset für 1 Person, „Moosgrün“, 400TC","Ein hochwertiges, luxuriös weiches Bambus-Bettwäscheset mit einer Fadenzahl von 400TC für eine Person in dem satten, natürlichen Farbton „Moosgrün“ – atmungsaktiv, hypoallergen und hautfreundlich für einen Schlaf wie im Hotel.",https://www.maisondecocon.com/products/1-person-bamboo-bedding-set-deep-moss-400tc?variant_sku=7777778014050,https://cdn.shopify.com/s/files/1/0884/0278/8685/files/bamboo-bedding-set-deep-moss-1-person-bedroom-lifestyle.jpg?v=1786108261,in_stock,483.00 EUR,Boomba Bamboo,new,,7777778014050,1-person-bamboo-bedding-set-deep-moss-400tc
77777719014050,"Bambus-Bettwäscheset für 1 Person, „Moosgrün“, 400TC","Ein hochwertiges, luxuriös weiches Bambus-Bettwäscheset mit einer Fadenzahl von 400TC für eine Person in dem satten, natürlichen Farbton „Moosgrün“ – atmungsaktiv, hypoallergen und hautfreundlich für einen Schlaf wie im Hotel.",https://www.maisondecocon.com/products/1-person-bamboo-bedding-set-deep-moss-400tc?variant_sku=77777719014050,https://cdn.shopify.com/s/files/1/0884/0278/8685/files/bamboo-bedding-set-deep-moss-1-person-bedroom-lifestyle.jpg?v=1786108261,in_stock,492.00 EUR,Boomba Bamboo,new,,77777719014050,1-person-bamboo-bedding-set-deep-moss-400tc
6666614020060,"Bambus-Bettwäscheset für 2 Personen, Himmelblau, 400TC","Ein frisches, leichtes Bettwäscheset aus Bambus mit einer Fadenzahl von 400TC für zwei Personen in der Farbe „Sky Blue“ – atmungsaktiv, hypoallergen und hautfreundlich für einen Schlaf wie im Hotel.",https://www.maisondecocon.com/products/2-person-bamboo-bedding-set-sky-blue-400tc?variant_sku=6666614020060,https://cdn.shopify.com/s/files/1/0884/0278/8685/files/bamboo-bedding-set-sky-blue-2-person-bedroom-lifestyle.jpg?v=1786106661,in_stock,561.00 EUR,Boomba Bamboo,new,,6666614020060,2-person-bamboo-bedding-set-sky-blue-400tc
6666620026060,"Bambus-Bettwäscheset für 2 Personen, Himmelblau, 400TC","Ein frisches, leichtes Bettwäscheset aus Bambus mit einer Fadenzahl von 400TC für zwei Personen in der Farbe „Sky Blue“ – atmungsaktiv, hypoallergen und hautfreundlich für einen Schlaf wie im Hotel.",https://www.maisondecocon.com/products/2-person-bamboo-bedding-set-sky-blue-400tc?variant_sku=6666620026060,https://cdn.shopify.com/s/files/1/0884/0278/8685/files/bamboo-bedding-set-sky-blue-2-person-bedroom-lifestyle.jpg?v=1786106661,in_stock,669.00 EUR,Boomba Bamboo,new,,6666620026060,2-person-bamboo-bedding-set-sky-blue-400tc
6666618024060,"Bambus-Bettwäscheset für 2 Personen, Himmelblau, 400TC","Ein frisches, leichtes Bettwäscheset aus Bambus mit einer Fadenzahl von 400TC für zwei Personen in der Farbe „Sky Blue“ – atmungsaktiv, hypoallergen und hautfreundlich für einen Schlaf wie im Hotel.",https://www.maisondecocon.com/products/2-person-bamboo-bedding-set-sky-blue-400tc?variant_sku=6666618024060,https://cdn.shopify.com/s/files/1/0884/0278/8685/files/bamboo-bedding-set-sky-blue-2-person-bedroom-lifestyle.jpg?v=1786106661,in_stock,642.00 EUR,Boomba Bamboo,new,,6666618024060,2-person-bamboo-bedding-set-sky-blue-400tc
6666616020060,"Bambus-Bettwäscheset für 2 Personen, Himmelblau, 400TC","Ein frisches, leichtes Bettwäscheset aus Bambus mit einer Fadenzahl von 400TC für zwei Personen in der Farbe „Sky Blue“ – atmungsaktiv, hypoallergen und hautfreundlich für einen Schlaf wie im Hotel.",https://www.maisondecocon.com/products/2-person-bamboo-bedding-set-sky-blue-400tc?variant_sku=6666616020060,https://cdn.shopify.com/s/files/1/0884/0278/8685/files/bamboo-bedding-set-sky-blue-2-person-bedroom-lifestyle.jpg?v=1786106661,in_stock,564.00 EUR,Boomba Bamboo,new,,6666616020060,2-person-bamboo-bedding-set-sky-blue-400tc
4444420026060,"Bambus-Bettwäscheset für 2 Personen, „Cuddle Pink“, 400TC","Ein warmes, gemütliches Bettwäscheset aus Bambus mit einer Fadenzahl von 400TC für zwei Personen in der Farbe „Cuddle Pink“ – atmungsaktiv, hypoallergen und hautfreundlich für einen Schlaf wie im Hotel.",https://www.maisondecocon.com/products/2-person-bamboo-bedding-set-cuddle-pink-400tc?variant_sku=4444420026060,https://cdn.shopify.com/s/files/1/0884/0278/8685/files/bamboo-bedding-set-cuddle-pink-2-person-bedroom-lifestyle.jpg?v=1786105518,in_stock,669.00 EUR,Boomba Bamboo,new,,4444420026060,2-person-bamboo-bedding-set-cuddle-pink-400tc
4444414020060,"Bambus-Bettwäscheset für 2 Personen, „Cuddle Pink“, 400TC","Ein warmes, gemütliches Bettwäscheset aus Bambus mit einer Fadenzahl von 400TC für zwei Personen in der Farbe „Cuddle Pink“ – atmungsaktiv, hypoallergen und hautfreundlich für einen Schlaf wie im Hotel.",https://www.maisondecocon.com/products/2-person-bamboo-bedding-set-cuddle-pink-400tc?variant_sku=4444414020060,https://cdn.shopify.com/s/files/1/0884/0278/8685/files/bamboo-bedding-set-cuddle-pink-2-person-bedroom-lifestyle.jpg?v=1786105518,out_of_stock,561.00 EUR,Boomba Bamboo,new,,4444414020060,2-person-bamboo-bedding-set-cuddle-pink-400tc
4444416020060,"Bambus-Bettwäscheset für 2 Personen, „Cuddle Pink“, 400TC","Ein warmes, gemütliches Bettwäscheset aus Bambus mit einer Fadenzahl von 400TC für zwei Personen in der Farbe „Cuddle Pink“ – atmungsaktiv, hypoallergen und hautfreundlich für einen Schlaf wie im Hotel.",https://www.maisondecocon.com/products/2-person-bamboo-bedding-set-cuddle-pink-400tc?variant_sku=4444416020060,https://cdn.shopify.com/s/files/1/0884/0278/8685/files/bamboo-bedding-set-cuddle-pink-2-person-bedroom-lifestyle.jpg?v=1786105518,out_of_stock,564.00 EUR,Boomba Bamboo,new,,4444416020060,2-person-bamboo-bedding-set-cuddle-pink-400tc
4444418024060,"Bambus-Bettwäscheset für 2 Personen, „Cuddle Pink“, 400TC","Ein warmes, gemütliches Bettwäscheset aus Bambus mit einer Fadenzahl von 400TC für zwei Personen in der Farbe „Cuddle Pink“ – atmungsaktiv, hypoallergen und hautfreundlich für einen Schlaf wie im Hotel.",https://www.maisondecocon.com/products/2-person-bamboo-bedding-set-cuddle-pink-400tc?variant_sku=4444418024060,https://cdn.shopify.com/s/files/1/0884/0278/8685/files/bamboo-bedding-set-cuddle-pink-2-person-bedroom-lifestyle.jpg?v=1786105518,in_stock,642.00 EUR,Boomba Bamboo,new,,4444418024060,2-person-bamboo-bedding-set-cuddle-pink-400tc
3333318024060,"Bambus-Bettwäscheset für 2 Personen, salbeigrün, 400TC","Ein natürliches, erholsames Bettwäscheset aus Bambus mit einer Fadenzahl von 400TC für zwei Personen in der Farbe „Sage Green“ – atmungsaktiv, hypoallergen und hautfreundlich für einen Schlaf wie im Hotel.",https://www.maisondecocon.com/products/2-person-bamboo-bedding-set-sage-green-400tc?variant_sku=3333318024060,https://cdn.shopify.com/s/files/1/0884/0278/8685/files/bamboo-bedding-set-sage-green-2-person-bedroom-lifestyle.jpg?v=1786105890,out_of_stock,642.00 EUR,Boomba Bamboo,new,,3333318024060,2-person-bamboo-bedding-set-sage-green-400tc
3333314020060,"Bambus-Bettwäscheset für 2 Personen, salbeigrün, 400TC","Ein natürliches, erholsames Bettwäscheset aus Bambus mit einer Fadenzahl von 400TC für zwei Personen in der Farbe „Sage Green“ – atmungsaktiv, hypoallergen und hautfreundlich für einen Schlaf wie im Hotel.",https://www.maisondecocon.com/products/2-person-bamboo-bedding-set-sage-green-400tc?variant_sku=3333314020060,https://cdn.shopify.com/s/files/1/0884/0278/8685/files/bamboo-bedding-set-sage-green-2-person-bedroom-lifestyle.jpg?v=1786105890,in_stock,561.00 EUR,Boomba Bamboo,new,,3333314020060,2-person-bamboo-bedding-set-sage-green-400tc
3333316020060,"Bambus-Bettwäscheset für 2 Personen, salbeigrün, 400TC","Ein natürliches, erholsames Bettwäscheset aus Bambus mit einer Fadenzahl von 400TC für zwei Personen in der Farbe „Sage Green“ – atmungsaktiv, hypoallergen und hautfreundlich für einen Schlaf wie im Hotel.",https://www.maisondecocon.com/products/2-person-bamboo-bedding-set-sage-green-400tc?variant_sku=3333316020060,https://cdn.shopify.com/s/files/1/0884/0278/8685/files/bamboo-bedding-set-sage-green-2-person-bedroom-lifestyle.jpg?v=1786105890,in_stock,564.00 EUR,Boomba Bamboo,new,,3333316020060,2-person-bamboo-bedding-set-sage-green-400tc
3333200026060,"Bambus-Bettwäscheset für 2 Personen, salbeigrün, 400TC","Ein natürliches, erholsames Bettwäscheset aus Bambus mit einer Fadenzahl von 400TC für zwei Personen in der Farbe „Sage Green“ – atmungsaktiv, hypoallergen und hautfreundlich für einen Schlaf wie im Hotel.",https://www.maisondecocon.com/products/2-person-bamboo-bedding-set-sage-green-400tc?variant_sku=3333200026060,https://cdn.shopify.com/s/files/1/0884/0278/8685/files/bamboo-bedding-set-sage-green-2-person-bedroom-lifestyle.jpg?v=1786105890,in_stock,669.00 EUR,Boomba Bamboo,new,,3333200026060,2-person-bamboo-bedding-set-sage-green-400tc
8888886020060,"Bambus-Bettwäscheset für 2 Personen, „Lavender Mist“, 400TC","Ein weiches, ruhiges Bettwäscheset aus Bambus mit einer Fadenzahl von 400TC für zwei Personen in der Farbe „Lavender Mist“ – atmungsaktiv, hypoallergen und hautfreundlich für einen Schlaf wie im Hotel.",https://www.maisondecocon.com/products/2-person-bamboo-bedding-set-lavender-mist-400tc?variant_sku=8888886020060,https://cdn.shopify.com/s/files/1/0884/0278/8685/files/bamboo-bedding-set-lavender-mist-2-person-bedroom-lifestyle.jpg?v=1786104978,in_stock,564.00 EUR,Boomba Bamboo,new,,8888886020060,2-person-bamboo-bedding-set-lavender-mist-400tc
8888888024060,"Bambus-Bettwäscheset für 2 Personen, „Lavender Mist“, 400TC","Ein weiches, ruhiges Bettwäscheset aus Bambus mit einer Fadenzahl von 400TC für zwei Personen in der Farbe „Lavender Mist“ – atmungsaktiv, hypoallergen und hautfreundlich für einen Schlaf wie im Hotel.",https://www.maisondecocon.com/products/2-person-bamboo-bedding-set-lavender-mist-400tc?variant_sku=8888888024060,https://cdn.shopify.com/s/files/1/0884/0278/8685/files/bamboo-bedding-set-lavender-mist-2-person-bedroom-lifestyle.jpg?v=1786104978,in_stock,642.00 EUR,Boomba Bamboo,new,,8888888024060,2-person-bamboo-bedding-set-lavender-mist-400tc
8888884020060,"Bambus-Bettwäscheset für 2 Personen, „Lavender Mist“, 400TC","Ein weiches, ruhiges Bettwäscheset aus Bambus mit einer Fadenzahl von 400TC für zwei Personen in der Farbe „Lavender Mist“ – atmungsaktiv, hypoallergen und hautfreundlich für einen Schlaf wie im Hotel.",https://www.maisondecocon.com/products/2-person-bamboo-bedding-set-lavender-mist-400tc?variant_sku=8888884020060,https://cdn.shopify.com/s/files/1/0884/0278/8685/files/bamboo-bedding-set-lavender-mist-2-person-bedroom-lifestyle.jpg?v=1786104978,in_stock,561.00 EUR,Boomba Bamboo,new,,8888884020060,2-person-bamboo-bedding-set-lavender-mist-400tc
88888820026060,"Bambus-Bettwäscheset für 2 Personen, „Lavender Mist“, 400TC","Ein weiches, ruhiges Bettwäscheset aus Bambus mit einer Fadenzahl von 400TC für zwei Personen in der Farbe „Lavender Mist“ – atmungsaktiv, hypoallergen und hautfreundlich für einen Schlaf wie im Hotel.",https://www.maisondecocon.com/products/2-person-bamboo-bedding-set-lavender-mist-400tc?variant_sku=88888820026060,https://cdn.shopify.com/s/files/1/0884/0278/8685/files/bamboo-bedding-set-lavender-mist-2-person-bedroom-lifestyle.jpg?v=1786104978,in_stock,669.00 EUR,Boomba Bamboo,new,,88888820026060,2-person-bamboo-bedding-set-lavender-mist-400tc
2222218024060,"Bambus-Bettwäscheset für 2 Personen, Space Blue, 400TC","Ein hochwertiges, modernes Bettwäscheset aus Bambus mit einer Fadenzahl von 400TC für zwei Personen in der Farbe „Space Blue“ – atmungsaktiv, hypoallergen und hautfreundlich für einen Schlaf wie im Hotel.",https://www.maisondecocon.com/products/2-person-bamboo-bedding-set-space-blue-400tc?variant_sku=2222218024060,https://cdn.shopify.com/s/files/1/0884/0278/8685/files/bamboo-bedding-set-space-blue-2-person-bedroom-lifestyle.jpg?v=1786104405,in_stock,642.00 EUR,Boomba Bamboo,new,,2222218024060,2-person-bamboo-bedding-set-space-blue-400tc
2222216020060,"Bambus-Bettwäscheset für 2 Personen, Space Blue, 400TC","Ein hochwertiges, modernes Bettwäscheset aus Bambus mit einer Fadenzahl von 400TC für zwei Personen in der Farbe „Space Blue“ – atmungsaktiv, hypoallergen und hautfreundlich für einen Schlaf wie im Hotel.",https://www.maisondecocon.com/products/2-person-bamboo-bedding-set-space-blue-400tc?variant_sku=2222216020060,https://cdn.shopify.com/s/files/1/0884/0278/8685/files/bamboo-bedding-set-space-blue-2-person-bedroom-lifestyle.jpg?v=1786104405,in_stock,564.00 EUR,Boomba Bamboo,new,,2222216020060,2-person-bamboo-bedding-set-space-blue-400tc
2222220026060,"Bambus-Bettwäscheset für 2 Personen, Space Blue, 400TC","Ein hochwertiges, modernes Bettwäscheset aus Bambus mit einer Fadenzahl von 400TC für zwei Personen in der Farbe „Space Blue“ – atmungsaktiv, hypoallergen und hautfreundlich für einen Schlaf wie im Hotel.",https://www.maisondecocon.com/products/2-person-bamboo-bedding-set-space-blue-400tc?variant_sku=2222220026060,https://cdn.shopify.com/s/files/1/0884/0278/8685/files/bamboo-bedding-set-space-blue-2-person-bedroom-lifestyle.jpg?v=1786104405,in_stock,669.00 EUR,Boomba Bamboo,new,,2222220026060,2-person-bamboo-bedding-set-space-blue-400tc
2222214020060,"Bambus-Bettwäscheset für 2 Personen, Space Blue, 400TC","Ein hochwertiges, modernes Bettwäscheset aus Bambus mit einer Fadenzahl von 400TC für zwei Personen in der Farbe „Space Blue“ – atmungsaktiv, hypoallergen und hautfreundlich für einen Schlaf wie im Hotel.",https://www.maisondecocon.com/products/2-person-bamboo-bedding-set-space-blue-400tc?variant_sku=2222214020060,https://cdn.shopify.com/s/files/1/0884/0278/8685/files/bamboo-bedding-set-space-blue-2-person-bedroom-lifestyle.jpg?v=1786104405,in_stock,561.00 EUR,Boomba Bamboo,new,,2222214020060,2-person-bamboo-bedding-set-space-blue-400tc
1111118024060,"Bambus-Bettwäscheset für 2 Personen, Soft Taupe, 400TC","Ein warmes, elegantes Bettwäscheset aus Bambus mit einer Fadenzahl von 400TC für zwei Personen in der Farbe „Soft Taupe“ – atmungsaktiv, hypoallergen und hautfreundlich für einen Schlaf wie im Hotel.",https://www.maisondecocon.com/products/2-person-bamboo-bedding-set-soft-taupe-400tc?variant_sku=1111118024060,https://cdn.shopify.com/s/files/1/0884/0278/8685/files/bamboo-bedding-set-soft-taupe-2-person-bedroom-lifestyle.jpg?v=1786103879,out_of_stock,642.00 EUR,Boomba Bamboo,new,,1111118024060,2-person-bamboo-bedding-set-soft-taupe-400tc
1111116020060,"Bambus-Bettwäscheset für 2 Personen, Soft Taupe, 400TC","Ein warmes, elegantes Bettwäscheset aus Bambus mit einer Fadenzahl von 400TC für zwei Personen in der Farbe „Soft Taupe“ – atmungsaktiv, hypoallergen und hautfreundlich für einen Schlaf wie im Hotel.",https://www.maisondecocon.com/products/2-person-bamboo-bedding-set-soft-taupe-400tc?variant_sku=1111116020060,https://cdn.shopify.com/s/files/1/0884/0278/8685/files/bamboo-bedding-set-soft-taupe-2-person-bedroom-lifestyle.jpg?v=1786103879,out_of_stock,564.00 EUR,Boomba Bamboo,new,,1111116020060,2-person-bamboo-bedding-set-soft-taupe-400tc
1111120026060,"Bambus-Bettwäscheset für 2 Personen, Soft Taupe, 400TC","Ein warmes, elegantes Bettwäscheset aus Bambus mit einer Fadenzahl von 400TC für zwei Personen in der Farbe „Soft Taupe“ – atmungsaktiv, hypoallergen und hautfreundlich für einen Schlaf wie im Hotel.",https://www.maisondecocon.com/products/2-person-bamboo-bedding-set-soft-taupe-400tc?variant_sku=1111120026060,https://cdn.shopify.com/s/files/1/0884/0278/8685/files/bamboo-bedding-set-soft-taupe-2-person-bedroom-lifestyle.jpg?v=1786103879,in_stock,669.00 EUR,Boomba Bamboo,new,,1111120026060,2-person-bamboo-bedding-set-soft-taupe-400tc
1111114020060,"Bambus-Bettwäscheset für 2 Personen, Soft Taupe, 400TC","Ein warmes, elegantes Bettwäscheset aus Bambus mit einer Fadenzahl von 400TC für zwei Personen in der Farbe „Soft Taupe“ – atmungsaktiv, hypoallergen und hautfreundlich für einen Schlaf wie im Hotel.",https://www.maisondecocon.com/products/2-person-bamboo-bedding-set-soft-taupe-400tc?variant_sku=1111114020060,https://cdn.shopify.com/s/files/1/0884/0278/8685/files/bamboo-bedding-set-soft-taupe-2-person-bedroom-lifestyle.jpg?v=1786103879,out_of_stock,561.00 EUR,Boomba Bamboo,new,,1111114020060,2-person-bamboo-bedding-set-soft-taupe-400tc
5555518024060,"Bambus-Bettwäscheset für 2 Personen, „Coco White“, 400TC","Ein luxuriös weiches Bettwäscheset aus Bambus mit einer Fadenzahl von 400TC für zwei Personen im frischen, zeitlosen Farbton „Coco White“ – atmungsaktiv, hypoallergen und hautfreundlich für einen Schlaf wie im Hotel.",https://www.maisondecocon.com/products/white-bamboo-bedding-set-2-person-400tc-tanboocel-coco-white?variant_sku=5555518024060,https://cdn.shopify.com/s/files/1/0884/0278/8685/files/bamboo-bedding-set-coco-white-2-person-window-lifestyle.jpg?v=1786099507,out_of_stock,642.00 EUR,Boomba Bamboo,new,,5555518024060,white-bamboo-bedding-set-2-person-400tc-tanboocel-coco-white
5555516020060,"Bambus-Bettwäscheset für 2 Personen, „Coco White“, 400TC","Ein luxuriös weiches Bettwäscheset aus Bambus mit einer Fadenzahl von 400TC für zwei Personen im frischen, zeitlosen Farbton „Coco White“ – atmungsaktiv, hypoallergen und hautfreundlich für einen Schlaf wie im Hotel.",https://www.maisondecocon.com/products/white-bamboo-bedding-set-2-person-400tc-tanboocel-coco-white?variant_sku=5555516020060,https://cdn.shopify.com/s/files/1/0884/0278/8685/files/bamboo-bedding-set-coco-white-2-person-window-lifestyle.jpg?v=1786099507,in_stock,564.00 EUR,Boomba Bamboo,new,,5555516020060,white-bamboo-bedding-set-2-person-400tc-tanboocel-coco-white
5555520026060,"Bambus-Bettwäscheset für 2 Personen, „Coco White“, 400TC","Ein luxuriös weiches Bettwäscheset aus Bambus mit einer Fadenzahl von 400TC für zwei Personen im frischen, zeitlosen Farbton „Coco White“ – atmungsaktiv, hypoallergen und hautfreundlich für einen Schlaf wie im Hotel.",https://www.maisondecocon.com/products/white-bamboo-bedding-set-2-person-400tc-tanboocel-coco-white?variant_sku=5555520026060,https://cdn.shopify.com/s/files/1/0884/0278/8685/files/bamboo-bedding-set-coco-white-2-person-window-lifestyle.jpg?v=1786099507,in_stock,669.00 EUR,Boomba Bamboo,new,,5555520026060,white-bamboo-bedding-set-2-person-400tc-tanboocel-coco-white
5555514020060,"Bambus-Bettwäscheset für 2 Personen, „Coco White“, 400TC","Ein luxuriös weiches Bettwäscheset aus Bambus mit einer Fadenzahl von 400TC für zwei Personen im frischen, zeitlosen Farbton „Coco White“ – atmungsaktiv, hypoallergen und hautfreundlich für einen Schlaf wie im Hotel.",https://www.maisondecocon.com/products/white-bamboo-bedding-set-2-person-400tc-tanboocel-coco-white?variant_sku=5555514020060,https://cdn.shopify.com/s/files/1/0884/0278/8685/files/bamboo-bedding-set-coco-white-2-person-window-lifestyle.jpg?v=1786099507,in_stock,561.00 EUR,Boomba Bamboo,new,,5555514020060,white-bamboo-bedding-set-2-person-400tc-tanboocel-coco-white
3333338014050,"Bambus-Bettwäscheset für 1 Person, salbeigrün, 400TC","Ein luxuriös weiches Bettwäscheset aus Bambus mit einer Fadenzahl von 400TC für eine Person in beruhigendem Salbeigrün – atmungsaktiv, hypoallergen und hautfreundlich für einen Schlaf wie im Hotel.",https://www.maisondecocon.com/products/light-green-bamboo-bedding-set-1-person-400tc-tanboocel-sage-green?variant_sku=3333338014050,https://cdn.shopify.com/s/files/1/0884/0278/8685/files/bamboo-bedding-set-sage-green-1-person-bedroom-lifestyle.jpg?v=1786098283,in_stock,483.00 EUR,Boomba Bamboo,new,,3333338014050,light-green-bamboo-bedding-set-1-person-400tc-tanboocel-sage-green
3333339014050,"Bambus-Bettwäscheset für 1 Person, salbeigrün, 400TC","Ein luxuriös weiches Bettwäscheset aus Bambus mit einer Fadenzahl von 400TC für eine Person in beruhigendem Salbeigrün – atmungsaktiv, hypoallergen und hautfreundlich für einen Schlaf wie im Hotel.",https://www.maisondecocon.com/products/light-green-bamboo-bedding-set-1-person-400tc-tanboocel-sage-green?variant_sku=3333339014050,https://cdn.shopify.com/s/files/1/0884/0278/8685/files/bamboo-bedding-set-sage-green-1-person-bedroom-lifestyle.jpg?v=1786098283,in_stock,492.00 EUR,Boomba Bamboo,new,,3333339014050,light-green-bamboo-bedding-set-1-person-400tc-tanboocel-sage-green
8720828225356,"Bambus-Spannbetttuch für Matratzenauflage, himmelblau, 400TC","Ein hochwertiges Spannbetttuch aus 100 % Bambus für Matratzenauflagen mit einer Dicke von bis zu 10 cm in der Farbe „Sky Blue“ – aus seidenweichem Tanboocel™-Gewebe mit einer Fadenzahl von 400TC, das atmungsaktiv und temperaturregulierend ist und Ihnen das ganze Jahr über einen kühlen Schlaf beschert.",https://www.maisondecocon.com/products/bamboo-fitted-sheet-for-mattress-topper-sky-blue-400tc?variant_sku=8720828225356,https://cdn.shopify.com/s/files/1/0884/0278/8685/files/bamboo-fitted-sheet-mattress-topper-sky-blue-seam-detail.jpg?v=1786097156,in_stock,156.00 EUR,Boomba Bamboo,new,,8720828225356,bamboo-fitted-sheet-for-mattress-topper-sky-blue-400tc
8720828225363,"Bambus-Spannbetttuch für Matratzenauflage, himmelblau, 400TC","Ein hochwertiges Spannbetttuch aus 100 % Bambus für Matratzenauflagen mit einer Dicke von bis zu 10 cm in der Farbe „Sky Blue“ – aus seidenweichem Tanboocel™-Gewebe mit einer Fadenzahl von 400TC, das atmungsaktiv und temperaturregulierend ist und Ihnen das ganze Jahr über einen kühlen Schlaf beschert.",https://www.maisondecocon.com/products/bamboo-fitted-sheet-for-mattress-topper-sky-blue-400tc?variant_sku=8720828225363,https://cdn.shopify.com/s/files/1/0884/0278/8685/files/bamboo-fitted-sheet-mattress-topper-sky-blue-seam-detail.jpg?v=1786097156,in_stock,159.00 EUR,Boomba Bamboo,new,,8720828225363,bamboo-fitted-sheet-for-mattress-topper-sky-blue-400tc
8720828225400,"Bambus-Spannbetttuch für Matratzenauflage, himmelblau, 400TC","Ein hochwertiges Spannbetttuch aus 100 % Bambus für Matratzenauflagen mit einer Dicke von bis zu 10 cm in der Farbe „Sky Blue“ – aus seidenweichem Tanboocel™-Gewebe mit einer Fadenzahl von 400TC, das atmungsaktiv und temperaturregulierend ist und Ihnen das ganze Jahr über einen kühlen Schlaf beschert.",https://www.maisondecocon.com/products/bamboo-fitted-sheet-for-mattress-topper-sky-blue-400tc?variant_sku=8720828225400,https://cdn.shopify.com/s/files/1/0884/0278/8685/files/bamboo-fitted-sheet-mattress-topper-sky-blue-seam-detail.jpg?v=1786097156,in_stock,180.00 EUR,Boomba Bamboo,new,,8720828225400,bamboo-fitted-sheet-for-mattress-topper-sky-blue-400tc
8720828225387,"Bambus-Spannbetttuch für Matratzenauflage, himmelblau, 400TC","Ein hochwertiges Spannbetttuch aus 100 % Bambus für Matratzenauflagen mit einer Dicke von bis zu 10 cm in der Farbe „Sky Blue“ – aus seidenweichem Tanboocel™-Gewebe mit einer Fadenzahl von 400TC, das atmungsaktiv und temperaturregulierend ist und Ihnen das ganze Jahr über einen kühlen Schlaf beschert.",https://www.maisondecocon.com/products/bamboo-fitted-sheet-for-mattress-topper-sky-blue-400tc?variant_sku=8720828225387,https://cdn.shopify.com/s/files/1/0884/0278/8685/files/bamboo-fitted-sheet-mattress-topper-sky-blue-seam-detail.jpg?v=1786097156,in_stock,168.00 EUR,Boomba Bamboo,new,,8720828225387,bamboo-fitted-sheet-for-mattress-topper-sky-blue-400tc
8720828225394,"Bambus-Spannbetttuch für Matratzenauflage, himmelblau, 400TC","Ein hochwertiges Spannbetttuch aus 100 % Bambus für Matratzenauflagen mit einer Dicke von bis zu 10 cm in der Farbe „Sky Blue“ – aus seidenweichem Tanboocel™-Gewebe mit einer Fadenzahl von 400TC, das atmungsaktiv und temperaturregulierend ist und Ihnen das ganze Jahr über einen kühlen Schlaf beschert.",https://www.maisondecocon.com/products/bamboo-fitted-sheet-for-mattress-topper-sky-blue-400tc?variant_sku=8720828225394,https://cdn.shopify.com/s/files/1/0884/0278/8685/files/bamboo-fitted-sheet-mattress-topper-sky-blue-seam-detail.jpg?v=1786097156,in_stock,174.00 EUR,Boomba Bamboo,new,,8720828225394,bamboo-fitted-sheet-for-mattress-topper-sky-blue-400tc
8720828225332,"Bambus-Spannbetttuch für Matratzenauflage, himmelblau, 400TC","Ein hochwertiges Spannbetttuch aus 100 % Bambus für Matratzenauflagen mit einer Dicke von bis zu 10 cm in der Farbe „Sky Blue“ – aus seidenweichem Tanboocel™-Gewebe mit einer Fadenzahl von 400TC, das atmungsaktiv und temperaturregulierend ist und Ihnen das ganze Jahr über einen kühlen Schlaf beschert.",https://www.maisondecocon.com/products/bamboo-fitted-sheet-for-mattress-topper-sky-blue-400tc?variant_sku=8720828225332,https://cdn.shopify.com/s/files/1/0884/0278/8685/files/bamboo-fitted-sheet-mattress-topper-sky-blue-seam-detail.jpg?v=1786097156,in_stock,144.00 EUR,Boomba Bamboo,new,,8720828225332,bamboo-fitted-sheet-for-mattress-topper-sky-blue-400tc
8720828225370,"Bambus-Spannbetttuch für Matratzenauflage, himmelblau, 400TC","Ein hochwertiges Spannbetttuch aus 100 % Bambus für Matratzenauflagen mit einer Dicke von bis zu 10 cm in der Farbe „Sky Blue“ – aus seidenweichem Tanboocel™-Gewebe mit einer Fadenzahl von 400TC, das atmungsaktiv und temperaturregulierend ist und Ihnen das ganze Jahr über einen kühlen Schlaf beschert.",https://www.maisondecocon.com/products/bamboo-fitted-sheet-for-mattress-topper-sky-blue-400tc?variant_sku=8720828225370,https://cdn.shopify.com/s/files/1/0884/0278/8685/files/bamboo-fitted-sheet-mattress-topper-sky-blue-seam-detail.jpg?v=1786097156,in_stock,162.00 EUR,Boomba Bamboo,new,,8720828225370,bamboo-fitted-sheet-for-mattress-topper-sky-blue-400tc
8720828225349,"Bambus-Spannbetttuch für Matratzenauflage, himmelblau, 400TC","Ein hochwertiges Spannbetttuch aus 100 % Bambus für Matratzenauflagen mit einer Dicke von bis zu 10 cm in der Farbe „Sky Blue“ – aus seidenweichem Tanboocel™-Gewebe mit einer Fadenzahl von 400TC, das atmungsaktiv und temperaturregulierend ist und Ihnen das ganze Jahr über einen kühlen Schlaf beschert.",https://www.maisondecocon.com/products/bamboo-fitted-sheet-for-mattress-topper-sky-blue-400tc?variant_sku=8720828225349,https://cdn.shopify.com/s/files/1/0884/0278/8685/files/bamboo-fitted-sheet-mattress-topper-sky-blue-seam-detail.jpg?v=1786097156,in_stock,147.00 EUR,Boomba Bamboo,new,,8720828225349,bamboo-fitted-sheet-for-mattress-topper-sky-blue-400tc
