sku,brand,title,url,eans,description,price,categoryPath,size,colour,deliveryCosts_dpd,paymentCosts_paypal,paymentCosts_credit_card,delivery,imageUrls
M11402207VS,Coco & Cici,Bettbezug aus Tencel™-Twill – Weiß,https://www.maisondecocon.com/products/tencel-twill-duvet-cover-white?variant=54447952232781,8721184403914,"Tauchen Sie ein in Bettwäsche, die mit Ihnen atmet. Unser Bettbezug aus Tencel™-Twill in Weiß verleiht Ihrem Schlafzimmer eine sanfte, matte Eleganz – dezenter Luxus ohne Glanz.",139.95,Heimtextilien > Bettwäsche > Bettbezüge,Pre-order: 140x220 + 1 pillowcase 60x70 (available October 5),White,10.00,0.00,0.00,4-7 Werktage,https://cdn.shopify.com/s/files/1/0884/0278/8685/files/Tencel_Twill_Duvet_Cover_in_White_styled_on_a_bed_with_a_neutral_headboard_and_sheer_curtains.png?v=1785835255;https://cdn.shopify.com/s/files/1/0884/0278/8685/files/tencel-twill-duvet-cover-white-lifestyle-02.png?v=1785835240
M12602207VS,Coco & Cici,Bettbezug aus Tencel™-Twill – Weiß,https://www.maisondecocon.com/products/tencel-twill-duvet-cover-white?variant=54447952363853,8721184401835,"Tauchen Sie ein in Bettwäsche, die mit Ihnen atmet. Unser Bettbezug aus Tencel™-Twill in Weiß verleiht Ihrem Schlafzimmer eine sanfte, matte Eleganz – dezenter Luxus ohne Glanz.",239.95,Heimtextilien > Bettwäsche > Bettbezüge,Pre-order: 260x220 + 2 pillowcases 60x70 (available October 5),White,10.00,0.00,0.00,4-7 Werktage,https://cdn.shopify.com/s/files/1/0884/0278/8685/files/Tencel_Twill_Duvet_Cover_in_White_styled_on_a_bed_with_a_neutral_headboard_and_sheer_curtains.png?v=1785835255;https://cdn.shopify.com/s/files/1/0884/0278/8685/files/tencel-twill-duvet-cover-white-lifestyle-02.png?v=1785835240
M11402007VS,Coco & Cici,Bettbezug aus Tencel™-Twill – Weiß,https://www.maisondecocon.com/products/tencel-twill-duvet-cover-white?variant=54447952200013,8721184401781,"Tauchen Sie ein in Bettwäsche, die mit Ihnen atmet. Unser Bettbezug aus Tencel™-Twill in Weiß verleiht Ihrem Schlafzimmer eine sanfte, matte Eleganz – dezenter Luxus ohne Glanz.",129.95,Heimtextilien > Bettwäsche > Bettbezüge,Pre-order: 140x200 + 1 pillowcase 60x70 (available October 5),White,10.00,0.00,0.00,4-7 Werktage,https://cdn.shopify.com/s/files/1/0884/0278/8685/files/Tencel_Twill_Duvet_Cover_in_White_styled_on_a_bed_with_a_neutral_headboard_and_sheer_curtains.png?v=1785835255;https://cdn.shopify.com/s/files/1/0884/0278/8685/files/tencel-twill-duvet-cover-white-lifestyle-02.png?v=1785835240
M12402207VS,Coco & Cici,Bettbezug aus Tencel™-Twill – Weiß,https://www.maisondecocon.com/products/tencel-twill-duvet-cover-white?variant=54447952331085,8721184401828,"Tauchen Sie ein in Bettwäsche, die mit Ihnen atmet. Unser Bettbezug aus Tencel™-Twill in Weiß verleiht Ihrem Schlafzimmer eine sanfte, matte Eleganz – dezenter Luxus ohne Glanz.",219.95,Heimtextilien > Bettwäsche > Bettbezüge,Pre-order: 240x220 + 2 pillowcases 60x70 (available October 5),White,10.00,0.00,0.00,4-7 Werktage,https://cdn.shopify.com/s/files/1/0884/0278/8685/files/Tencel_Twill_Duvet_Cover_in_White_styled_on_a_bed_with_a_neutral_headboard_and_sheer_curtains.png?v=1785835255;https://cdn.shopify.com/s/files/1/0884/0278/8685/files/tencel-twill-duvet-cover-white-lifestyle-02.png?v=1785835240
M12002207VS,Coco & Cici,Bettbezug aus Tencel™-Twill – Weiß,https://www.maisondecocon.com/products/tencel-twill-duvet-cover-white?variant=54447952298317,8721184401811,"Tauchen Sie ein in Bettwäsche, die mit Ihnen atmet. Unser Bettbezug aus Tencel™-Twill in Weiß verleiht Ihrem Schlafzimmer eine sanfte, matte Eleganz – dezenter Luxus ohne Glanz.",189.95,Heimtextilien > Bettwäsche > Bettbezüge,Pre-order: 200x220 + 2 pillowcases 60x70 (available October 5),White,10.00,0.00,0.00,4-7 Werktage,https://cdn.shopify.com/s/files/1/0884/0278/8685/files/Tencel_Twill_Duvet_Cover_in_White_styled_on_a_bed_with_a_neutral_headboard_and_sheer_curtains.png?v=1785835255;https://cdn.shopify.com/s/files/1/0884/0278/8685/files/tencel-twill-duvet-cover-white-lifestyle-02.png?v=1785835240
M12002007VS,Coco & Cici,Bettbezug aus Tencel™-Twill – Weiß,https://www.maisondecocon.com/products/tencel-twill-duvet-cover-white?variant=54447952265549,8721184401804,"Tauchen Sie ein in Bettwäsche, die mit Ihnen atmet. Unser Bettbezug aus Tencel™-Twill in Weiß verleiht Ihrem Schlafzimmer eine sanfte, matte Eleganz – dezenter Luxus ohne Glanz.",179.95,Heimtextilien > Bettwäsche > Bettbezüge,200x200 + 2 pillowcases 60x70,White,10.00,0.00,0.00,4-7 Werktage,https://cdn.shopify.com/s/files/1/0884/0278/8685/files/Tencel_Twill_Duvet_Cover_in_White_styled_on_a_bed_with_a_neutral_headboard_and_sheer_curtains.png?v=1785835255;https://cdn.shopify.com/s/files/1/0884/0278/8685/files/tencel-twill-duvet-cover-white-lifestyle-02.png?v=1785835240
M280802,Coco & Cici,"Kissenbezug aus Tencel™-Twill, beige",https://www.maisondecocon.com/products/tencel-twill-pillowcase-beige?variant=54447953412429,8721184401743,"Vervollständigen Sie Ihr Set mit passender Weichheit. Unser Kissenbezug aus Tencel™-Twill in Beige bietet denselben matten Komfort wie unsere Bettbezüge – diskreter Luxus, Kissen für Kissen.",37.95,Heimtextilien > Bettwäsche > Kissenbezüge,80x80,Beige,10.00,0.00,0.00,4-7 Werktage,https://cdn.shopify.com/s/files/1/0884/0278/8685/files/tencel-twill-pillowcase-beige-styled-01.jpg?v=1785849569;https://cdn.shopify.com/s/files/1/0884/0278/8685/files/tencel-twill-pillowcase-beige-lifestyle-01.jpg?v=1785849588;https://cdn.shopify.com/s/files/1/0884/0278/8685/files/tencel-twill-pillowcase-beige-lifestyle-02.jpg?v=1785849597;https://cdn.shopify.com/s/files/1/0884/0278/8685/files/tencel-twill-pillowcase-beige-texture-01.jpg?v=1785849607;https://cdn.shopify.com/s/files/1/0884/0278/8685/files/tencel-twill-pillowcase-beige-detail-01.jpg?v=1785849615
M240802,Coco & Cici,"Kissenbezug aus Tencel™-Twill, beige",https://www.maisondecocon.com/products/tencel-twill-pillowcase-beige?variant=54447953314125,8721184401675,"Vervollständigen Sie Ihr Set mit passender Weichheit. Unser Kissenbezug aus Tencel™-Twill in Beige bietet denselben matten Komfort wie unsere Bettbezüge – diskreter Luxus, Kissen für Kissen.",32.95,Heimtextilien > Bettwäsche > Kissenbezüge,40x80,Beige,10.00,0.00,0.00,4-7 Werktage,https://cdn.shopify.com/s/files/1/0884/0278/8685/files/tencel-twill-pillowcase-beige-styled-01.jpg?v=1785849569;https://cdn.shopify.com/s/files/1/0884/0278/8685/files/tencel-twill-pillowcase-beige-lifestyle-01.jpg?v=1785849588;https://cdn.shopify.com/s/files/1/0884/0278/8685/files/tencel-twill-pillowcase-beige-lifestyle-02.jpg?v=1785849597;https://cdn.shopify.com/s/files/1/0884/0278/8685/files/tencel-twill-pillowcase-beige-texture-01.jpg?v=1785849607;https://cdn.shopify.com/s/files/1/0884/0278/8685/files/tencel-twill-pillowcase-beige-detail-01.jpg?v=1785849615
M265652,Coco & Cici,"Kissenbezug aus Tencel™-Twill, beige",https://www.maisondecocon.com/products/tencel-twill-pillowcase-beige?variant=54447953346893,8721184401736,"Vervollständigen Sie Ihr Set mit passender Weichheit. Unser Kissenbezug aus Tencel™-Twill in Beige bietet denselben matten Komfort wie unsere Bettbezüge – diskreter Luxus, Kissen für Kissen.",32.95,Heimtextilien > Bettwäsche > Kissenbezüge,65x65,Beige,10.00,0.00,0.00,4-7 Werktage,https://cdn.shopify.com/s/files/1/0884/0278/8685/files/tencel-twill-pillowcase-beige-styled-01.jpg?v=1785849569;https://cdn.shopify.com/s/files/1/0884/0278/8685/files/tencel-twill-pillowcase-beige-lifestyle-01.jpg?v=1785849588;https://cdn.shopify.com/s/files/1/0884/0278/8685/files/tencel-twill-pillowcase-beige-lifestyle-02.jpg?v=1785849597;https://cdn.shopify.com/s/files/1/0884/0278/8685/files/tencel-twill-pillowcase-beige-texture-01.jpg?v=1785849607;https://cdn.shopify.com/s/files/1/0884/0278/8685/files/tencel-twill-pillowcase-beige-detail-01.jpg?v=1785849615
M2607022,Coco & Cici,"Kissenbezug aus Tencel™-Twill, beige",https://www.maisondecocon.com/products/tencel-twill-pillowcase-beige?variant=54447953281357,6097748637616,"Vervollständigen Sie Ihr Set mit passender Weichheit. Unser Kissenbezug aus Tencel™-Twill in Beige bietet denselben matten Komfort wie unsere Bettbezüge – diskreter Luxus, Kissen für Kissen.",29.95,Heimtextilien > Bettwäsche > Kissenbezüge,60x70 without valance,Beige,10.00,0.00,0.00,4-7 Werktage,https://cdn.shopify.com/s/files/1/0884/0278/8685/files/tencel-twill-pillowcase-beige-styled-01.jpg?v=1785849569;https://cdn.shopify.com/s/files/1/0884/0278/8685/files/tencel-twill-pillowcase-beige-lifestyle-01.jpg?v=1785849588;https://cdn.shopify.com/s/files/1/0884/0278/8685/files/tencel-twill-pillowcase-beige-lifestyle-02.jpg?v=1785849597;https://cdn.shopify.com/s/files/1/0884/0278/8685/files/tencel-twill-pillowcase-beige-texture-01.jpg?v=1785849607;https://cdn.shopify.com/s/files/1/0884/0278/8685/files/tencel-twill-pillowcase-beige-detail-01.jpg?v=1785849615
M250602,Coco & Cici,"Kissenbezug aus Tencel™-Twill, beige",https://www.maisondecocon.com/products/tencel-twill-pillowcase-beige?variant=54447953183053,6097749117179,"Vervollständigen Sie Ihr Set mit passender Weichheit. Unser Kissenbezug aus Tencel™-Twill in Beige bietet denselben matten Komfort wie unsere Bettbezüge – diskreter Luxus, Kissen für Kissen.",29.95,Heimtextilien > Bettwäsche > Kissenbezüge,50x60,Beige,10.00,0.00,0.00,4-7 Werktage,https://cdn.shopify.com/s/files/1/0884/0278/8685/files/tencel-twill-pillowcase-beige-styled-01.jpg?v=1785849569;https://cdn.shopify.com/s/files/1/0884/0278/8685/files/tencel-twill-pillowcase-beige-lifestyle-01.jpg?v=1785849588;https://cdn.shopify.com/s/files/1/0884/0278/8685/files/tencel-twill-pillowcase-beige-lifestyle-02.jpg?v=1785849597;https://cdn.shopify.com/s/files/1/0884/0278/8685/files/tencel-twill-pillowcase-beige-texture-01.jpg?v=1785849607;https://cdn.shopify.com/s/files/1/0884/0278/8685/files/tencel-twill-pillowcase-beige-detail-01.jpg?v=1785849615
M2507522,Coco & Cici,"Kissenbezug aus Tencel™-Twill, beige",https://www.maisondecocon.com/products/tencel-twill-pillowcase-beige?variant=54447953379661,8721184401767,"Vervollständigen Sie Ihr Set mit passender Weichheit. Unser Kissenbezug aus Tencel™-Twill in Beige bietet denselben matten Komfort wie unsere Bettbezüge – diskreter Luxus, Kissen für Kissen.",36.95,Heimtextilien > Bettwäsche > Kissenbezüge,50x75 without Volant,Beige,10.00,0.00,0.00,4-7 Werktage,https://cdn.shopify.com/s/files/1/0884/0278/8685/files/tencel-twill-pillowcase-beige-styled-01.jpg?v=1785849569;https://cdn.shopify.com/s/files/1/0884/0278/8685/files/tencel-twill-pillowcase-beige-lifestyle-01.jpg?v=1785849588;https://cdn.shopify.com/s/files/1/0884/0278/8685/files/tencel-twill-pillowcase-beige-lifestyle-02.jpg?v=1785849597;https://cdn.shopify.com/s/files/1/0884/0278/8685/files/tencel-twill-pillowcase-beige-texture-01.jpg?v=1785849607;https://cdn.shopify.com/s/files/1/0884/0278/8685/files/tencel-twill-pillowcase-beige-detail-01.jpg?v=1785849615
M2507022,Coco & Cici,"Kissenbezug aus Tencel™-Twill, beige",https://www.maisondecocon.com/products/tencel-twill-pillowcase-beige?variant=54447953215821,6097748493472,"Vervollständigen Sie Ihr Set mit passender Weichheit. Unser Kissenbezug aus Tencel™-Twill in Beige bietet denselben matten Komfort wie unsere Bettbezüge – diskreter Luxus, Kissen für Kissen.",29.95,Heimtextilien > Bettwäsche > Kissenbezüge,50x70 without valance,Beige,10.00,0.00,0.00,4-7 Werktage,https://cdn.shopify.com/s/files/1/0884/0278/8685/files/tencel-twill-pillowcase-beige-styled-01.jpg?v=1785849569;https://cdn.shopify.com/s/files/1/0884/0278/8685/files/tencel-twill-pillowcase-beige-lifestyle-01.jpg?v=1785849588;https://cdn.shopify.com/s/files/1/0884/0278/8685/files/tencel-twill-pillowcase-beige-lifestyle-02.jpg?v=1785849597;https://cdn.shopify.com/s/files/1/0884/0278/8685/files/tencel-twill-pillowcase-beige-texture-01.jpg?v=1785849607;https://cdn.shopify.com/s/files/1/0884/0278/8685/files/tencel-twill-pillowcase-beige-detail-01.jpg?v=1785849615
M260702,Coco & Cici,"Kissenbezug aus Tencel™-Twill, beige",https://www.maisondecocon.com/products/tencel-twill-pillowcase-beige?variant=54447953248589,6097749265214,"Vervollständigen Sie Ihr Set mit passender Weichheit. Unser Kissenbezug aus Tencel™-Twill in Beige bietet denselben matten Komfort wie unsere Bettbezüge – diskreter Luxus, Kissen für Kissen.",32.95,Heimtextilien > Bettwäsche > Kissenbezüge,60x70,Beige,10.00,0.00,0.00,4-7 Werktage,https://cdn.shopify.com/s/files/1/0884/0278/8685/files/tencel-twill-pillowcase-beige-styled-01.jpg?v=1785849569;https://cdn.shopify.com/s/files/1/0884/0278/8685/files/tencel-twill-pillowcase-beige-lifestyle-01.jpg?v=1785849588;https://cdn.shopify.com/s/files/1/0884/0278/8685/files/tencel-twill-pillowcase-beige-lifestyle-02.jpg?v=1785849597;https://cdn.shopify.com/s/files/1/0884/0278/8685/files/tencel-twill-pillowcase-beige-texture-01.jpg?v=1785849607;https://cdn.shopify.com/s/files/1/0884/0278/8685/files/tencel-twill-pillowcase-beige-detail-01.jpg?v=1785849615
4200220AS,Coco & Cici,Tencel™ Vier-Jahreszeiten-Bettdecke,https://www.maisondecocon.com/products/tencel-four-seasons-duvet?variant=54447953707341,7423606679655,"Für jede Jahreszeit konzipiert. Unsere Tencel™ Four Seasons-Bettdecke kombiniert eine leichtere Sommerdecke mit einer Frühjahrs-/Herbstdecke, die sich für den Winter miteinander verbinden lassen – ein Bettdeckensystem, das das ganze Jahr über Komfort bietet.",599.00,Heimtextilien > Bettdecken,200x220,White,10.00,0.00,0.00,4-7 Werktage,https://cdn.shopify.com/s/files/1/0884/0278/8685/files/tencel-four-seasons-duvet-folded-elephant-01.png?v=1785850675;https://cdn.shopify.com/s/files/1/0884/0278/8685/files/tencel-four-seasons-duvet-lifestyle-shake-01.jpg?v=1785850722;https://cdn.shopify.com/s/files/1/0884/0278/8685/files/tencel-four-seasons-duvet-lifestyle-wrapped-01.png?v=1785850732;https://cdn.shopify.com/s/files/1/0884/0278/8685/files/tencel-four-seasons-duvet-flat-ties-01.jpg?v=1785850743;https://cdn.shopify.com/s/files/1/0884/0278/8685/files/tencel-four-seasons-duvet-detail-ties-01.jpg?v=1785850753;https://cdn.shopify.com/s/files/1/0884/0278/8685/files/tencel-four-seasons-duvet-lifestyle-cuddled-01.png?v=1785850774;https://cdn.shopify.com/s/files/1/0884/0278/8685/files/tencel-four-seasons-duvet-texture-01.jpg?v=1785850784;https://cdn.shopify.com/s/files/1/0884/0278/8685/files/tencel-four-seasons-duvet-canvas-bag-01.jpg?v=1785850794
4140200AS,Coco & Cici,Tencel™ Vier-Jahreszeiten-Bettdecke,https://www.maisondecocon.com/products/tencel-four-seasons-duvet?variant=54447953641805,7423626999917,"Für jede Jahreszeit konzipiert. Unsere Tencel™ Four Seasons-Bettdecke kombiniert eine leichtere Sommerdecke mit einer Frühjahrs-/Herbstdecke, die sich für den Winter miteinander verbinden lassen – ein Bettdeckensystem, das das ganze Jahr über Komfort bietet.",419.00,Heimtextilien > Bettdecken,140x200,White,10.00,0.00,0.00,4-7 Werktage,https://cdn.shopify.com/s/files/1/0884/0278/8685/files/tencel-four-seasons-duvet-folded-elephant-01.png?v=1785850675;https://cdn.shopify.com/s/files/1/0884/0278/8685/files/tencel-four-seasons-duvet-lifestyle-shake-01.jpg?v=1785850722;https://cdn.shopify.com/s/files/1/0884/0278/8685/files/tencel-four-seasons-duvet-lifestyle-wrapped-01.png?v=1785850732;https://cdn.shopify.com/s/files/1/0884/0278/8685/files/tencel-four-seasons-duvet-flat-ties-01.jpg?v=1785850743;https://cdn.shopify.com/s/files/1/0884/0278/8685/files/tencel-four-seasons-duvet-detail-ties-01.jpg?v=1785850753;https://cdn.shopify.com/s/files/1/0884/0278/8685/files/tencel-four-seasons-duvet-lifestyle-cuddled-01.png?v=1785850774;https://cdn.shopify.com/s/files/1/0884/0278/8685/files/tencel-four-seasons-duvet-texture-01.jpg?v=1785850784;https://cdn.shopify.com/s/files/1/0884/0278/8685/files/tencel-four-seasons-duvet-canvas-bag-01.jpg?v=1785850794
4260220AS,Coco & Cici,Tencel™ Vier-Jahreszeiten-Bettdecke,https://www.maisondecocon.com/products/tencel-four-seasons-duvet?variant=54447953772877,7423607355329,"Für jede Jahreszeit konzipiert. Unsere Tencel™ Four Seasons-Bettdecke kombiniert eine leichtere Sommerdecke mit einer Frühjahrs-/Herbstdecke, die sich für den Winter miteinander verbinden lassen – ein Bettdeckensystem, das das ganze Jahr über Komfort bietet.",749.00,Heimtextilien > Bettdecken,260x220,White,10.00,0.00,0.00,4-7 Werktage,https://cdn.shopify.com/s/files/1/0884/0278/8685/files/tencel-four-seasons-duvet-folded-elephant-01.png?v=1785850675;https://cdn.shopify.com/s/files/1/0884/0278/8685/files/tencel-four-seasons-duvet-lifestyle-shake-01.jpg?v=1785850722;https://cdn.shopify.com/s/files/1/0884/0278/8685/files/tencel-four-seasons-duvet-lifestyle-wrapped-01.png?v=1785850732;https://cdn.shopify.com/s/files/1/0884/0278/8685/files/tencel-four-seasons-duvet-flat-ties-01.jpg?v=1785850743;https://cdn.shopify.com/s/files/1/0884/0278/8685/files/tencel-four-seasons-duvet-detail-ties-01.jpg?v=1785850753;https://cdn.shopify.com/s/files/1/0884/0278/8685/files/tencel-four-seasons-duvet-lifestyle-cuddled-01.png?v=1785850774;https://cdn.shopify.com/s/files/1/0884/0278/8685/files/tencel-four-seasons-duvet-texture-01.jpg?v=1785850784;https://cdn.shopify.com/s/files/1/0884/0278/8685/files/tencel-four-seasons-duvet-canvas-bag-01.jpg?v=1785850794
4200200AS,Coco & Cici,Tencel™ Vier-Jahreszeiten-Bettdecke,https://www.maisondecocon.com/products/tencel-four-seasons-duvet?variant=54447953838413,8721184406342,"Für jede Jahreszeit konzipiert. Unsere Tencel™ Four Seasons-Bettdecke kombiniert eine leichtere Sommerdecke mit einer Frühjahrs-/Herbstdecke, die sich für den Winter miteinander verbinden lassen – ein Bettdeckensystem, das das ganze Jahr über Komfort bietet.",599.00,Heimtextilien > Bettdecken,200x200,White,10.00,0.00,0.00,4-7 Werktage,https://cdn.shopify.com/s/files/1/0884/0278/8685/files/tencel-four-seasons-duvet-folded-elephant-01.png?v=1785850675;https://cdn.shopify.com/s/files/1/0884/0278/8685/files/tencel-four-seasons-duvet-lifestyle-shake-01.jpg?v=1785850722;https://cdn.shopify.com/s/files/1/0884/0278/8685/files/tencel-four-seasons-duvet-lifestyle-wrapped-01.png?v=1785850732;https://cdn.shopify.com/s/files/1/0884/0278/8685/files/tencel-four-seasons-duvet-flat-ties-01.jpg?v=1785850743;https://cdn.shopify.com/s/files/1/0884/0278/8685/files/tencel-four-seasons-duvet-detail-ties-01.jpg?v=1785850753;https://cdn.shopify.com/s/files/1/0884/0278/8685/files/tencel-four-seasons-duvet-lifestyle-cuddled-01.png?v=1785850774;https://cdn.shopify.com/s/files/1/0884/0278/8685/files/tencel-four-seasons-duvet-texture-01.jpg?v=1785850784;https://cdn.shopify.com/s/files/1/0884/0278/8685/files/tencel-four-seasons-duvet-canvas-bag-01.jpg?v=1785850794
4140220AS,Coco & Cici,Tencel™ Vier-Jahreszeiten-Bettdecke,https://www.maisondecocon.com/products/tencel-four-seasons-duvet?variant=54447953674573,7423607361337,"Für jede Jahreszeit konzipiert. Unsere Tencel™ Four Seasons-Bettdecke kombiniert eine leichtere Sommerdecke mit einer Frühjahrs-/Herbstdecke, die sich für den Winter miteinander verbinden lassen – ein Bettdeckensystem, das das ganze Jahr über Komfort bietet.",419.00,Heimtextilien > Bettdecken,140x220,White,10.00,0.00,0.00,4-7 Werktage,https://cdn.shopify.com/s/files/1/0884/0278/8685/files/tencel-four-seasons-duvet-folded-elephant-01.png?v=1785850675;https://cdn.shopify.com/s/files/1/0884/0278/8685/files/tencel-four-seasons-duvet-lifestyle-shake-01.jpg?v=1785850722;https://cdn.shopify.com/s/files/1/0884/0278/8685/files/tencel-four-seasons-duvet-lifestyle-wrapped-01.png?v=1785850732;https://cdn.shopify.com/s/files/1/0884/0278/8685/files/tencel-four-seasons-duvet-flat-ties-01.jpg?v=1785850743;https://cdn.shopify.com/s/files/1/0884/0278/8685/files/tencel-four-seasons-duvet-detail-ties-01.jpg?v=1785850753;https://cdn.shopify.com/s/files/1/0884/0278/8685/files/tencel-four-seasons-duvet-lifestyle-cuddled-01.png?v=1785850774;https://cdn.shopify.com/s/files/1/0884/0278/8685/files/tencel-four-seasons-duvet-texture-01.jpg?v=1785850784;https://cdn.shopify.com/s/files/1/0884/0278/8685/files/tencel-four-seasons-duvet-canvas-bag-01.jpg?v=1785850794
4240220AS,Coco & Cici,Tencel™ Vier-Jahreszeiten-Bettdecke,https://www.maisondecocon.com/products/tencel-four-seasons-duvet?variant=54447953740109,7423607345337,"Für jede Jahreszeit konzipiert. Unsere Tencel™ Four Seasons-Bettdecke kombiniert eine leichtere Sommerdecke mit einer Frühjahrs-/Herbstdecke, die sich für den Winter miteinander verbinden lassen – ein Bettdeckensystem, das das ganze Jahr über Komfort bietet.",679.00,Heimtextilien > Bettdecken,240x220,White,10.00,0.00,0.00,4-7 Werktage,https://cdn.shopify.com/s/files/1/0884/0278/8685/files/tencel-four-seasons-duvet-folded-elephant-01.png?v=1785850675;https://cdn.shopify.com/s/files/1/0884/0278/8685/files/tencel-four-seasons-duvet-lifestyle-shake-01.jpg?v=1785850722;https://cdn.shopify.com/s/files/1/0884/0278/8685/files/tencel-four-seasons-duvet-lifestyle-wrapped-01.png?v=1785850732;https://cdn.shopify.com/s/files/1/0884/0278/8685/files/tencel-four-seasons-duvet-flat-ties-01.jpg?v=1785850743;https://cdn.shopify.com/s/files/1/0884/0278/8685/files/tencel-four-seasons-duvet-detail-ties-01.jpg?v=1785850753;https://cdn.shopify.com/s/files/1/0884/0278/8685/files/tencel-four-seasons-duvet-lifestyle-cuddled-01.png?v=1785850774;https://cdn.shopify.com/s/files/1/0884/0278/8685/files/tencel-four-seasons-duvet-texture-01.jpg?v=1785850784;https://cdn.shopify.com/s/files/1/0884/0278/8685/files/tencel-four-seasons-duvet-canvas-bag-01.jpg?v=1785850794
M11402202VS,Coco & Cici,Bettbezug aus Tencel™-Twill – Beige,https://www.maisondecocon.com/products/tencel-twill-duvet-cover-beige?variant=54447954035021,8721184406250,"Lassen Sie sich in Bettwäsche sinken, die mit Ihnen atmet. Unser Bettbezug aus Tencel™-Twill in Beige verleiht Ihrem Schlafzimmer eine sanfte, matte Eleganz – unaufdringlicher Luxus ohne Glanz.",139.95,Heimtextilien > Bettwäsche > Bettbezüge,Pre-order: 140x220 + 1 pillowcase 60x70 (available October 5),Beige,10.00,0.00,0.00,4-7 Werktage,https://cdn.shopify.com/s/files/1/0884/0278/8685/files/tencel-twill-duvet-cover-beige-styled-01.jpg?v=1785853222;https://cdn.shopify.com/s/files/1/0884/0278/8685/files/tencel-twill-duvet-cover-beige-lifestyle-01.png?v=1785853147;https://cdn.shopify.com/s/files/1/0884/0278/8685/files/tencel-twill-duvet-cover-beige-lifestyle-02.jpg?v=1785853161;https://cdn.shopify.com/s/files/1/0884/0278/8685/files/tencel-twill-duvet-cover-beige-lifestyle-03.jpg?v=1785853192;https://cdn.shopify.com/s/files/1/0884/0278/8685/files/tencel-twill-duvet-cover-beige-lifestyle-04.jpg?v=1785853203;https://cdn.shopify.com/s/files/1/0884/0278/8685/files/tencel-twill-duvet-cover-beige-lifestyle-05.png?v=1785853214;https://cdn.shopify.com/s/files/1/0884/0278/8685/files/tencel-twill-duvet-cover-beige-styled-02.jpg?v=1785853232;https://cdn.shopify.com/s/files/1/0884/0278/8685/files/tencel-twill-duvet-cover-beige-texture-01.jpg?v=1785853262;https://cdn.shopify.com/s/files/1/0884/0278/8685/files/tencel-twill-duvet-cover-beige-texture-02.jpg?v=1785853294
M12602202VS,Coco & Cici,Bettbezug aus Tencel™-Twill – Beige,https://www.maisondecocon.com/products/tencel-twill-duvet-cover-beige?variant=54447954002253,8721184405031,"Lassen Sie sich in Bettwäsche sinken, die mit Ihnen atmet. Unser Bettbezug aus Tencel™-Twill in Beige verleiht Ihrem Schlafzimmer eine sanfte, matte Eleganz – unaufdringlicher Luxus ohne Glanz.",239.95,Heimtextilien > Bettwäsche > Bettbezüge,Pre-order: 260x220 + 2 pillowcases 60x70 (available October 5),Beige,10.00,0.00,0.00,4-7 Werktage,https://cdn.shopify.com/s/files/1/0884/0278/8685/files/tencel-twill-duvet-cover-beige-styled-01.jpg?v=1785853222;https://cdn.shopify.com/s/files/1/0884/0278/8685/files/tencel-twill-duvet-cover-beige-lifestyle-01.png?v=1785853147;https://cdn.shopify.com/s/files/1/0884/0278/8685/files/tencel-twill-duvet-cover-beige-lifestyle-02.jpg?v=1785853161;https://cdn.shopify.com/s/files/1/0884/0278/8685/files/tencel-twill-duvet-cover-beige-lifestyle-03.jpg?v=1785853192;https://cdn.shopify.com/s/files/1/0884/0278/8685/files/tencel-twill-duvet-cover-beige-lifestyle-04.jpg?v=1785853203;https://cdn.shopify.com/s/files/1/0884/0278/8685/files/tencel-twill-duvet-cover-beige-lifestyle-05.png?v=1785853214;https://cdn.shopify.com/s/files/1/0884/0278/8685/files/tencel-twill-duvet-cover-beige-styled-02.jpg?v=1785853232;https://cdn.shopify.com/s/files/1/0884/0278/8685/files/tencel-twill-duvet-cover-beige-texture-01.jpg?v=1785853262;https://cdn.shopify.com/s/files/1/0884/0278/8685/files/tencel-twill-duvet-cover-beige-texture-02.jpg?v=1785853294
M12002002VS,Coco & Cici,Bettbezug aus Tencel™-Twill – Beige,https://www.maisondecocon.com/products/tencel-twill-duvet-cover-beige?variant=54447953903949,8721184403815,"Lassen Sie sich in Bettwäsche sinken, die mit Ihnen atmet. Unser Bettbezug aus Tencel™-Twill in Beige verleiht Ihrem Schlafzimmer eine sanfte, matte Eleganz – unaufdringlicher Luxus ohne Glanz.",179.95,Heimtextilien > Bettwäsche > Bettbezüge,200x200 + 2 pillowcases 60x70,Beige,10.00,0.00,0.00,4-7 Werktage,https://cdn.shopify.com/s/files/1/0884/0278/8685/files/tencel-twill-duvet-cover-beige-styled-01.jpg?v=1785853222;https://cdn.shopify.com/s/files/1/0884/0278/8685/files/tencel-twill-duvet-cover-beige-lifestyle-01.png?v=1785853147;https://cdn.shopify.com/s/files/1/0884/0278/8685/files/tencel-twill-duvet-cover-beige-lifestyle-02.jpg?v=1785853161;https://cdn.shopify.com/s/files/1/0884/0278/8685/files/tencel-twill-duvet-cover-beige-lifestyle-03.jpg?v=1785853192;https://cdn.shopify.com/s/files/1/0884/0278/8685/files/tencel-twill-duvet-cover-beige-lifestyle-04.jpg?v=1785853203;https://cdn.shopify.com/s/files/1/0884/0278/8685/files/tencel-twill-duvet-cover-beige-lifestyle-05.png?v=1785853214;https://cdn.shopify.com/s/files/1/0884/0278/8685/files/tencel-twill-duvet-cover-beige-styled-02.jpg?v=1785853232;https://cdn.shopify.com/s/files/1/0884/0278/8685/files/tencel-twill-duvet-cover-beige-texture-01.jpg?v=1785853262;https://cdn.shopify.com/s/files/1/0884/0278/8685/files/tencel-twill-duvet-cover-beige-texture-02.jpg?v=1785853294
M12402202VS,Coco & Cici,Bettbezug aus Tencel™-Twill – Beige,https://www.maisondecocon.com/products/tencel-twill-duvet-cover-beige?variant=54447953969485,8721184403839,"Lassen Sie sich in Bettwäsche sinken, die mit Ihnen atmet. Unser Bettbezug aus Tencel™-Twill in Beige verleiht Ihrem Schlafzimmer eine sanfte, matte Eleganz – unaufdringlicher Luxus ohne Glanz.",219.95,Heimtextilien > Bettwäsche > Bettbezüge,Pre-order: 240x220 + 2 pillowcases 60x70 (available October 5),Beige,10.00,0.00,0.00,4-7 Werktage,https://cdn.shopify.com/s/files/1/0884/0278/8685/files/tencel-twill-duvet-cover-beige-styled-01.jpg?v=1785853222;https://cdn.shopify.com/s/files/1/0884/0278/8685/files/tencel-twill-duvet-cover-beige-lifestyle-01.png?v=1785853147;https://cdn.shopify.com/s/files/1/0884/0278/8685/files/tencel-twill-duvet-cover-beige-lifestyle-02.jpg?v=1785853161;https://cdn.shopify.com/s/files/1/0884/0278/8685/files/tencel-twill-duvet-cover-beige-lifestyle-03.jpg?v=1785853192;https://cdn.shopify.com/s/files/1/0884/0278/8685/files/tencel-twill-duvet-cover-beige-lifestyle-04.jpg?v=1785853203;https://cdn.shopify.com/s/files/1/0884/0278/8685/files/tencel-twill-duvet-cover-beige-lifestyle-05.png?v=1785853214;https://cdn.shopify.com/s/files/1/0884/0278/8685/files/tencel-twill-duvet-cover-beige-styled-02.jpg?v=1785853232;https://cdn.shopify.com/s/files/1/0884/0278/8685/files/tencel-twill-duvet-cover-beige-texture-01.jpg?v=1785853262;https://cdn.shopify.com/s/files/1/0884/0278/8685/files/tencel-twill-duvet-cover-beige-texture-02.jpg?v=1785853294
M11402002VS,Coco & Cici,Bettbezug aus Tencel™-Twill – Beige,https://www.maisondecocon.com/products/tencel-twill-duvet-cover-beige?variant=54447953871181,8721184403808,"Lassen Sie sich in Bettwäsche sinken, die mit Ihnen atmet. Unser Bettbezug aus Tencel™-Twill in Beige verleiht Ihrem Schlafzimmer eine sanfte, matte Eleganz – unaufdringlicher Luxus ohne Glanz.",129.95,Heimtextilien > Bettwäsche > Bettbezüge,Pre-order: 140x200 + 1 pillowcase 60x70 (available October 5),Beige,10.00,0.00,0.00,4-7 Werktage,https://cdn.shopify.com/s/files/1/0884/0278/8685/files/tencel-twill-duvet-cover-beige-styled-01.jpg?v=1785853222;https://cdn.shopify.com/s/files/1/0884/0278/8685/files/tencel-twill-duvet-cover-beige-lifestyle-01.png?v=1785853147;https://cdn.shopify.com/s/files/1/0884/0278/8685/files/tencel-twill-duvet-cover-beige-lifestyle-02.jpg?v=1785853161;https://cdn.shopify.com/s/files/1/0884/0278/8685/files/tencel-twill-duvet-cover-beige-lifestyle-03.jpg?v=1785853192;https://cdn.shopify.com/s/files/1/0884/0278/8685/files/tencel-twill-duvet-cover-beige-lifestyle-04.jpg?v=1785853203;https://cdn.shopify.com/s/files/1/0884/0278/8685/files/tencel-twill-duvet-cover-beige-lifestyle-05.png?v=1785853214;https://cdn.shopify.com/s/files/1/0884/0278/8685/files/tencel-twill-duvet-cover-beige-styled-02.jpg?v=1785853232;https://cdn.shopify.com/s/files/1/0884/0278/8685/files/tencel-twill-duvet-cover-beige-texture-01.jpg?v=1785853262;https://cdn.shopify.com/s/files/1/0884/0278/8685/files/tencel-twill-duvet-cover-beige-texture-02.jpg?v=1785853294
M12002202VS,Coco & Cici,Bettbezug aus Tencel™-Twill – Beige,https://www.maisondecocon.com/products/tencel-twill-duvet-cover-beige?variant=54447953936717,8721184401644,"Lassen Sie sich in Bettwäsche sinken, die mit Ihnen atmet. Unser Bettbezug aus Tencel™-Twill in Beige verleiht Ihrem Schlafzimmer eine sanfte, matte Eleganz – unaufdringlicher Luxus ohne Glanz.",189.95,Heimtextilien > Bettwäsche > Bettbezüge,Pre-order: 200x220 + 2 pillowcases 60x70 (available October 5),Beige,10.00,0.00,0.00,4-7 Werktage,https://cdn.shopify.com/s/files/1/0884/0278/8685/files/tencel-twill-duvet-cover-beige-styled-01.jpg?v=1785853222;https://cdn.shopify.com/s/files/1/0884/0278/8685/files/tencel-twill-duvet-cover-beige-lifestyle-01.png?v=1785853147;https://cdn.shopify.com/s/files/1/0884/0278/8685/files/tencel-twill-duvet-cover-beige-lifestyle-02.jpg?v=1785853161;https://cdn.shopify.com/s/files/1/0884/0278/8685/files/tencel-twill-duvet-cover-beige-lifestyle-03.jpg?v=1785853192;https://cdn.shopify.com/s/files/1/0884/0278/8685/files/tencel-twill-duvet-cover-beige-lifestyle-04.jpg?v=1785853203;https://cdn.shopify.com/s/files/1/0884/0278/8685/files/tencel-twill-duvet-cover-beige-lifestyle-05.png?v=1785853214;https://cdn.shopify.com/s/files/1/0884/0278/8685/files/tencel-twill-duvet-cover-beige-styled-02.jpg?v=1785853232;https://cdn.shopify.com/s/files/1/0884/0278/8685/files/tencel-twill-duvet-cover-beige-texture-01.jpg?v=1785853262;https://cdn.shopify.com/s/files/1/0884/0278/8685/files/tencel-twill-duvet-cover-beige-texture-02.jpg?v=1785853294
12002004,Coco & Cici,"Bettbezug aus Tencel™-Satin, Farbe: Taupe",https://www.maisondecocon.com/products/tencel-sateen-duvet-cover-taupe?variant=54447954592077,6011404047083,"Wachen Sie auf, als wären Sie noch im Urlaub. Unser Bettbezug aus Tencel™-Satin in Taupe verleiht Ihrem Schlafzimmer eine geschmeidige, strahlende Weichheit – mit einem natürlichen Glanz, der mit der Zeit immer schöner wird.",229.95,Heimtextilien > Bettwäsche > Bettbezüge,200x200 + 2 pillowcases 60x70,Taupe,10.00,0.00,0.00,4-7 Werktage,https://cdn.shopify.com/s/files/1/0884/0278/8685/files/tencel-sateen-duvet-cover-taupe-styled-01.jpg?v=1785853807;https://cdn.shopify.com/s/files/1/0884/0278/8685/files/tencel-sateen-duvet-cover-taupe-lifestyle-01.jpg?v=1785853815;https://cdn.shopify.com/s/files/1/0884/0278/8685/files/tencel-sateen-duvet-cover-taupe-lifestyle-02.jpg?v=1785853823;https://cdn.shopify.com/s/files/1/0884/0278/8685/files/tencel-sateen-duvet-cover-taupe-detail-01.jpg?v=1785853833;https://cdn.shopify.com/s/files/1/0884/0278/8685/files/tencel-sateen-duvet-cover-taupe-texture-01.jpg?v=1785853845;https://cdn.shopify.com/s/files/1/0884/0278/8685/files/tencel-sateen-duvet-cover-taupe-texture-02.jpg?v=1785853855
12002204VS,Coco & Cici,"Bettbezug aus Tencel™-Satin, Farbe: Taupe",https://www.maisondecocon.com/products/tencel-sateen-duvet-cover-taupe?variant=54447954624845,8721184401989,"Wachen Sie auf, als wären Sie noch im Urlaub. Unser Bettbezug aus Tencel™-Satin in Taupe verleiht Ihrem Schlafzimmer eine geschmeidige, strahlende Weichheit – mit einem natürlichen Glanz, der mit der Zeit immer schöner wird.",229.95,Heimtextilien > Bettwäsche > Bettbezüge,Pre-order: 200x220 + 2 pillowcases 60x70 (available October 5),Taupe,10.00,0.00,0.00,4-7 Werktage,https://cdn.shopify.com/s/files/1/0884/0278/8685/files/tencel-sateen-duvet-cover-taupe-styled-01.jpg?v=1785853807;https://cdn.shopify.com/s/files/1/0884/0278/8685/files/tencel-sateen-duvet-cover-taupe-lifestyle-01.jpg?v=1785853815;https://cdn.shopify.com/s/files/1/0884/0278/8685/files/tencel-sateen-duvet-cover-taupe-lifestyle-02.jpg?v=1785853823;https://cdn.shopify.com/s/files/1/0884/0278/8685/files/tencel-sateen-duvet-cover-taupe-detail-01.jpg?v=1785853833;https://cdn.shopify.com/s/files/1/0884/0278/8685/files/tencel-sateen-duvet-cover-taupe-texture-01.jpg?v=1785853845;https://cdn.shopify.com/s/files/1/0884/0278/8685/files/tencel-sateen-duvet-cover-taupe-texture-02.jpg?v=1785853855
12402204VS,Coco & Cici,"Bettbezug aus Tencel™-Satin, Farbe: Taupe",https://www.maisondecocon.com/products/tencel-sateen-duvet-cover-taupe?variant=54447954657613,8721184403730,"Wachen Sie auf, als wären Sie noch im Urlaub. Unser Bettbezug aus Tencel™-Satin in Taupe verleiht Ihrem Schlafzimmer eine geschmeidige, strahlende Weichheit – mit einem natürlichen Glanz, der mit der Zeit immer schöner wird.",249.95,Heimtextilien > Bettwäsche > Bettbezüge,Pre-order: 240x220 + 2 pillowcases 60x70 (available October 5),Taupe,10.00,0.00,0.00,4-7 Werktage,https://cdn.shopify.com/s/files/1/0884/0278/8685/files/tencel-sateen-duvet-cover-taupe-styled-01.jpg?v=1785853807;https://cdn.shopify.com/s/files/1/0884/0278/8685/files/tencel-sateen-duvet-cover-taupe-lifestyle-01.jpg?v=1785853815;https://cdn.shopify.com/s/files/1/0884/0278/8685/files/tencel-sateen-duvet-cover-taupe-lifestyle-02.jpg?v=1785853823;https://cdn.shopify.com/s/files/1/0884/0278/8685/files/tencel-sateen-duvet-cover-taupe-detail-01.jpg?v=1785853833;https://cdn.shopify.com/s/files/1/0884/0278/8685/files/tencel-sateen-duvet-cover-taupe-texture-01.jpg?v=1785853845;https://cdn.shopify.com/s/files/1/0884/0278/8685/files/tencel-sateen-duvet-cover-taupe-texture-02.jpg?v=1785853855
12602204VS,Coco & Cici,"Bettbezug aus Tencel™-Satin, Farbe: Taupe",https://www.maisondecocon.com/products/tencel-sateen-duvet-cover-taupe?variant=54447954690381,8721184402009,"Wachen Sie auf, als wären Sie noch im Urlaub. Unser Bettbezug aus Tencel™-Satin in Taupe verleiht Ihrem Schlafzimmer eine geschmeidige, strahlende Weichheit – mit einem natürlichen Glanz, der mit der Zeit immer schöner wird.",269.95,Heimtextilien > Bettwäsche > Bettbezüge,Pre-order: 260x220 + 2 pillowcases 60x70 (available October 5),Taupe,10.00,0.00,0.00,4-7 Werktage,https://cdn.shopify.com/s/files/1/0884/0278/8685/files/tencel-sateen-duvet-cover-taupe-styled-01.jpg?v=1785853807;https://cdn.shopify.com/s/files/1/0884/0278/8685/files/tencel-sateen-duvet-cover-taupe-lifestyle-01.jpg?v=1785853815;https://cdn.shopify.com/s/files/1/0884/0278/8685/files/tencel-sateen-duvet-cover-taupe-lifestyle-02.jpg?v=1785853823;https://cdn.shopify.com/s/files/1/0884/0278/8685/files/tencel-sateen-duvet-cover-taupe-detail-01.jpg?v=1785853833;https://cdn.shopify.com/s/files/1/0884/0278/8685/files/tencel-sateen-duvet-cover-taupe-texture-01.jpg?v=1785853845;https://cdn.shopify.com/s/files/1/0884/0278/8685/files/tencel-sateen-duvet-cover-taupe-texture-02.jpg?v=1785853855
11402204VS,Coco & Cici,"Bettbezug aus Tencel™-Satin, Farbe: Taupe",https://www.maisondecocon.com/products/tencel-sateen-duvet-cover-taupe?variant=54447954559309,8721184403617,"Wachen Sie auf, als wären Sie noch im Urlaub. Unser Bettbezug aus Tencel™-Satin in Taupe verleiht Ihrem Schlafzimmer eine geschmeidige, strahlende Weichheit – mit einem natürlichen Glanz, der mit der Zeit immer schöner wird.",159.95,Heimtextilien > Bettwäsche > Bettbezüge,Pre-order: 140x220 + 1 pillowcase 60x70 (available October 5),Taupe,10.00,0.00,0.00,4-7 Werktage,https://cdn.shopify.com/s/files/1/0884/0278/8685/files/tencel-sateen-duvet-cover-taupe-styled-01.jpg?v=1785853807;https://cdn.shopify.com/s/files/1/0884/0278/8685/files/tencel-sateen-duvet-cover-taupe-lifestyle-01.jpg?v=1785853815;https://cdn.shopify.com/s/files/1/0884/0278/8685/files/tencel-sateen-duvet-cover-taupe-lifestyle-02.jpg?v=1785853823;https://cdn.shopify.com/s/files/1/0884/0278/8685/files/tencel-sateen-duvet-cover-taupe-detail-01.jpg?v=1785853833;https://cdn.shopify.com/s/files/1/0884/0278/8685/files/tencel-sateen-duvet-cover-taupe-texture-01.jpg?v=1785853845;https://cdn.shopify.com/s/files/1/0884/0278/8685/files/tencel-sateen-duvet-cover-taupe-texture-02.jpg?v=1785853855
11402004VS,Coco & Cici,"Bettbezug aus Tencel™-Satin, Farbe: Taupe",https://www.maisondecocon.com/products/tencel-sateen-duvet-cover-taupe?variant=54447954526541,6011403911927,"Wachen Sie auf, als wären Sie noch im Urlaub. Unser Bettbezug aus Tencel™-Satin in Taupe verleiht Ihrem Schlafzimmer eine geschmeidige, strahlende Weichheit – mit einem natürlichen Glanz, der mit der Zeit immer schöner wird.",159.95,Heimtextilien > Bettwäsche > Bettbezüge,Pre-order: 140x200 + 1 pillowcase 60x70 (available October 5),Taupe,10.00,0.00,0.00,4-7 Werktage,https://cdn.shopify.com/s/files/1/0884/0278/8685/files/tencel-sateen-duvet-cover-taupe-styled-01.jpg?v=1785853807;https://cdn.shopify.com/s/files/1/0884/0278/8685/files/tencel-sateen-duvet-cover-taupe-lifestyle-01.jpg?v=1785853815;https://cdn.shopify.com/s/files/1/0884/0278/8685/files/tencel-sateen-duvet-cover-taupe-lifestyle-02.jpg?v=1785853823;https://cdn.shopify.com/s/files/1/0884/0278/8685/files/tencel-sateen-duvet-cover-taupe-detail-01.jpg?v=1785853833;https://cdn.shopify.com/s/files/1/0884/0278/8685/files/tencel-sateen-duvet-cover-taupe-texture-01.jpg?v=1785853845;https://cdn.shopify.com/s/files/1/0884/0278/8685/files/tencel-sateen-duvet-cover-taupe-texture-02.jpg?v=1785853855
M12602201,Coco & Cici,Bettbezug aus Tencel™-Twill – Pfirsich,https://www.maisondecocon.com/products/tencel-twill-duvet-cover-peach?variant=54447954886989,6097755548530,"Lassen Sie sich in Bettwäsche sinken, die mit Ihnen atmet. Unser Bettbezug aus Tencel™-Twill in der Farbe „Peach“ verleiht Ihrem Schlafzimmer eine sanfte, matte Eleganz – dezenter Luxus ohne Glanz.",239.95,Heimtextilien > Bettwäsche > Bettbezüge,260x220 + 2 pillowcases 60x70,Peach,10.00,0.00,0.00,4-7 Werktage,https://cdn.shopify.com/s/files/1/0884/0278/8685/files/tencel-twill-duvet-cover-peach-styled-01.jpg?v=1785854821;https://cdn.shopify.com/s/files/1/0884/0278/8685/files/tencel-twill-duvet-cover-peach-lifestyle-01.jpg?v=1785854831;https://cdn.shopify.com/s/files/1/0884/0278/8685/files/tencel-twill-duvet-cover-peach-lifestyle-02.jpg?v=1785854842;https://cdn.shopify.com/s/files/1/0884/0278/8685/files/tencel-twill-duvet-cover-peach-lifestyle-03.jpg?v=1785854855;https://cdn.shopify.com/s/files/1/0884/0278/8685/files/tencel-twill-duvet-cover-peach-detail-01.jpg?v=1785854866;https://cdn.shopify.com/s/files/1/0884/0278/8685/files/tencel-twill-duvet-cover-peach-detail-02.jpg?v=1785854875;https://cdn.shopify.com/s/files/1/0884/0278/8685/files/tencel-twill-duvet-cover-peach-texture-01.jpg?v=1785854886;https://cdn.shopify.com/s/files/1/0884/0278/8685/files/tencel-twill-duvet-cover-peach-texture-02.jpg?v=1785854902
M12002001,Coco & Cici,Bettbezug aus Tencel™-Twill – Pfirsich,https://www.maisondecocon.com/products/tencel-twill-duvet-cover-peach?variant=54447954788685,6097756993940,"Lassen Sie sich in Bettwäsche sinken, die mit Ihnen atmet. Unser Bettbezug aus Tencel™-Twill in der Farbe „Peach“ verleiht Ihrem Schlafzimmer eine sanfte, matte Eleganz – dezenter Luxus ohne Glanz.",179.95,Heimtextilien > Bettwäsche > Bettbezüge,200x200 + 2 pillowcases 60x70,Peach,10.00,0.00,0.00,4-7 Werktage,https://cdn.shopify.com/s/files/1/0884/0278/8685/files/tencel-twill-duvet-cover-peach-styled-01.jpg?v=1785854821;https://cdn.shopify.com/s/files/1/0884/0278/8685/files/tencel-twill-duvet-cover-peach-lifestyle-01.jpg?v=1785854831;https://cdn.shopify.com/s/files/1/0884/0278/8685/files/tencel-twill-duvet-cover-peach-lifestyle-02.jpg?v=1785854842;https://cdn.shopify.com/s/files/1/0884/0278/8685/files/tencel-twill-duvet-cover-peach-lifestyle-03.jpg?v=1785854855;https://cdn.shopify.com/s/files/1/0884/0278/8685/files/tencel-twill-duvet-cover-peach-detail-01.jpg?v=1785854866;https://cdn.shopify.com/s/files/1/0884/0278/8685/files/tencel-twill-duvet-cover-peach-detail-02.jpg?v=1785854875;https://cdn.shopify.com/s/files/1/0884/0278/8685/files/tencel-twill-duvet-cover-peach-texture-01.jpg?v=1785854886;https://cdn.shopify.com/s/files/1/0884/0278/8685/files/tencel-twill-duvet-cover-peach-texture-02.jpg?v=1785854902
12002006VS,Coco & Cici,"Bettbezug aus Tencel™-Satin, grau-grün",https://www.maisondecocon.com/products/tencel-sateen-duvet-cover-gray-green?variant=54447954952525,6011402072087,"Wachen Sie auf, als wären Sie noch im Urlaub. Unser Bettbezug aus Tencel™-Satin in Graugrün verleiht Ihrem Schlafzimmer eine geschmeidige, strahlende Weichheit – mit einem natürlichen Glanz, der mit der Zeit immer schöner wird.",229.95,Heimtextilien > Bettwäsche > Bettbezüge,200x200 + 2 pillowcases 60x70,Gray Green,10.00,0.00,0.00,4-7 Werktage,https://cdn.shopify.com/s/files/1/0884/0278/8685/files/tencel-sateen-duvet-cover-gray-green-styled-01.jpg?v=1785855665;https://cdn.shopify.com/s/files/1/0884/0278/8685/files/tencel-sateen-duvet-cover-gray-green-lifestyle-01.png?v=1785855686;https://cdn.shopify.com/s/files/1/0884/0278/8685/files/tencel-sateen-duvet-cover-gray-green-lifestyle-02.png?v=1785855698;https://cdn.shopify.com/s/files/1/0884/0278/8685/files/tencel-sateen-duvet-cover-gray-green-lifestyle-03.png?v=1785855710;https://cdn.shopify.com/s/files/1/0884/0278/8685/files/tencel-sateen-duvet-cover-gray-green-texture-01.jpg?v=1785855721;https://cdn.shopify.com/s/files/1/0884/0278/8685/files/tencel-sateen-duvet-cover-gray-green-texture-02.jpg?v=1785855730
12002206VS,Coco & Cici,"Bettbezug aus Tencel™-Satin, grau-grün",https://www.maisondecocon.com/products/tencel-sateen-duvet-cover-gray-green?variant=54447954985293,8721184403716,"Wachen Sie auf, als wären Sie noch im Urlaub. Unser Bettbezug aus Tencel™-Satin in Graugrün verleiht Ihrem Schlafzimmer eine geschmeidige, strahlende Weichheit – mit einem natürlichen Glanz, der mit der Zeit immer schöner wird.",229.95,Heimtextilien > Bettwäsche > Bettbezüge,Pre-order: 200x220 + 2 pillowcases 60x70 (available October 5),Gray Green,10.00,0.00,0.00,4-7 Werktage,https://cdn.shopify.com/s/files/1/0884/0278/8685/files/tencel-sateen-duvet-cover-gray-green-styled-01.jpg?v=1785855665;https://cdn.shopify.com/s/files/1/0884/0278/8685/files/tencel-sateen-duvet-cover-gray-green-lifestyle-01.png?v=1785855686;https://cdn.shopify.com/s/files/1/0884/0278/8685/files/tencel-sateen-duvet-cover-gray-green-lifestyle-02.png?v=1785855698;https://cdn.shopify.com/s/files/1/0884/0278/8685/files/tencel-sateen-duvet-cover-gray-green-lifestyle-03.png?v=1785855710;https://cdn.shopify.com/s/files/1/0884/0278/8685/files/tencel-sateen-duvet-cover-gray-green-texture-01.jpg?v=1785855721;https://cdn.shopify.com/s/files/1/0884/0278/8685/files/tencel-sateen-duvet-cover-gray-green-texture-02.jpg?v=1785855730
12602206VS,Coco & Cici,"Bettbezug aus Tencel™-Satin, grau-grün",https://www.maisondecocon.com/products/tencel-sateen-duvet-cover-gray-green?variant=54447955083597,6011402237233,"Wachen Sie auf, als wären Sie noch im Urlaub. Unser Bettbezug aus Tencel™-Satin in Graugrün verleiht Ihrem Schlafzimmer eine geschmeidige, strahlende Weichheit – mit einem natürlichen Glanz, der mit der Zeit immer schöner wird.",269.95,Heimtextilien > Bettwäsche > Bettbezüge,Pre-order: 260x220 + 2 pillowcases 60x70 (available October 5),Gray Green,10.00,0.00,0.00,4-7 Werktage,https://cdn.shopify.com/s/files/1/0884/0278/8685/files/tencel-sateen-duvet-cover-gray-green-styled-01.jpg?v=1785855665;https://cdn.shopify.com/s/files/1/0884/0278/8685/files/tencel-sateen-duvet-cover-gray-green-lifestyle-01.png?v=1785855686;https://cdn.shopify.com/s/files/1/0884/0278/8685/files/tencel-sateen-duvet-cover-gray-green-lifestyle-02.png?v=1785855698;https://cdn.shopify.com/s/files/1/0884/0278/8685/files/tencel-sateen-duvet-cover-gray-green-lifestyle-03.png?v=1785855710;https://cdn.shopify.com/s/files/1/0884/0278/8685/files/tencel-sateen-duvet-cover-gray-green-texture-01.jpg?v=1785855721;https://cdn.shopify.com/s/files/1/0884/0278/8685/files/tencel-sateen-duvet-cover-gray-green-texture-02.jpg?v=1785855730
11402206VS,Coco & Cici,"Bettbezug aus Tencel™-Satin, grau-grün",https://www.maisondecocon.com/products/tencel-sateen-duvet-cover-gray-green?variant=54447955050829,8721184403631,"Wachen Sie auf, als wären Sie noch im Urlaub. Unser Bettbezug aus Tencel™-Satin in Graugrün verleiht Ihrem Schlafzimmer eine geschmeidige, strahlende Weichheit – mit einem natürlichen Glanz, der mit der Zeit immer schöner wird.",159.95,Heimtextilien > Bettwäsche > Bettbezüge,Pre-order: 140x220 + 1 pillowcase 60x70 (available October 5),Gray Green,10.00,0.00,0.00,4-7 Werktage,https://cdn.shopify.com/s/files/1/0884/0278/8685/files/tencel-sateen-duvet-cover-gray-green-styled-01.jpg?v=1785855665;https://cdn.shopify.com/s/files/1/0884/0278/8685/files/tencel-sateen-duvet-cover-gray-green-lifestyle-01.png?v=1785855686;https://cdn.shopify.com/s/files/1/0884/0278/8685/files/tencel-sateen-duvet-cover-gray-green-lifestyle-02.png?v=1785855698;https://cdn.shopify.com/s/files/1/0884/0278/8685/files/tencel-sateen-duvet-cover-gray-green-lifestyle-03.png?v=1785855710;https://cdn.shopify.com/s/files/1/0884/0278/8685/files/tencel-sateen-duvet-cover-gray-green-texture-01.jpg?v=1785855721;https://cdn.shopify.com/s/files/1/0884/0278/8685/files/tencel-sateen-duvet-cover-gray-green-texture-02.jpg?v=1785855730
11402006VS,Coco & Cici,"Bettbezug aus Tencel™-Satin, grau-grün",https://www.maisondecocon.com/products/tencel-sateen-duvet-cover-gray-green?variant=54447954919757,8721184403594,"Wachen Sie auf, als wären Sie noch im Urlaub. Unser Bettbezug aus Tencel™-Satin in Graugrün verleiht Ihrem Schlafzimmer eine geschmeidige, strahlende Weichheit – mit einem natürlichen Glanz, der mit der Zeit immer schöner wird.",159.95,Heimtextilien > Bettwäsche > Bettbezüge,Pre-order: 140x200 + 1 pillowcase 60x70 (available October 5),Gray Green,10.00,0.00,0.00,4-7 Werktage,https://cdn.shopify.com/s/files/1/0884/0278/8685/files/tencel-sateen-duvet-cover-gray-green-styled-01.jpg?v=1785855665;https://cdn.shopify.com/s/files/1/0884/0278/8685/files/tencel-sateen-duvet-cover-gray-green-lifestyle-01.png?v=1785855686;https://cdn.shopify.com/s/files/1/0884/0278/8685/files/tencel-sateen-duvet-cover-gray-green-lifestyle-02.png?v=1785855698;https://cdn.shopify.com/s/files/1/0884/0278/8685/files/tencel-sateen-duvet-cover-gray-green-lifestyle-03.png?v=1785855710;https://cdn.shopify.com/s/files/1/0884/0278/8685/files/tencel-sateen-duvet-cover-gray-green-texture-01.jpg?v=1785855721;https://cdn.shopify.com/s/files/1/0884/0278/8685/files/tencel-sateen-duvet-cover-gray-green-texture-02.jpg?v=1785855730
12402206VS,Coco & Cici,"Bettbezug aus Tencel™-Satin, grau-grün",https://www.maisondecocon.com/products/tencel-sateen-duvet-cover-gray-green?variant=54447955018061,8721184403754,"Wachen Sie auf, als wären Sie noch im Urlaub. Unser Bettbezug aus Tencel™-Satin in Graugrün verleiht Ihrem Schlafzimmer eine geschmeidige, strahlende Weichheit – mit einem natürlichen Glanz, der mit der Zeit immer schöner wird.",249.95,Heimtextilien > Bettwäsche > Bettbezüge,Pre-order: 240x220 + 2 pillowcases 60x70 (available October 5),Gray Green,10.00,0.00,0.00,4-7 Werktage,https://cdn.shopify.com/s/files/1/0884/0278/8685/files/tencel-sateen-duvet-cover-gray-green-styled-01.jpg?v=1785855665;https://cdn.shopify.com/s/files/1/0884/0278/8685/files/tencel-sateen-duvet-cover-gray-green-lifestyle-01.png?v=1785855686;https://cdn.shopify.com/s/files/1/0884/0278/8685/files/tencel-sateen-duvet-cover-gray-green-lifestyle-02.png?v=1785855698;https://cdn.shopify.com/s/files/1/0884/0278/8685/files/tencel-sateen-duvet-cover-gray-green-lifestyle-03.png?v=1785855710;https://cdn.shopify.com/s/files/1/0884/0278/8685/files/tencel-sateen-duvet-cover-gray-green-texture-01.jpg?v=1785855721;https://cdn.shopify.com/s/files/1/0884/0278/8685/files/tencel-sateen-duvet-cover-gray-green-texture-02.jpg?v=1785855730
12602201VS,Coco & Cici,"Bettbezug aus Tencel™-Satin, weiß",https://www.maisondecocon.com/products/tencel-sateen-duvet-cover-white?variant=54447955214669,8721184403761,"Wachen Sie auf, als wären Sie noch im Urlaub. Unser Bettbezug aus Tencel™-Satin in Weiß verleiht Ihrem Schlafzimmer eine geschmeidige, strahlende Weichheit – mit einem natürlichen Glanz, der mit der Zeit immer schöner wird.",269.95,Heimtextilien > Bettwäsche > Bettbezüge,Pre-order: 260x220 + 2 pillowcases 60x70 (available October 5),White,10.00,0.00,0.00,4-7 Werktage,https://cdn.shopify.com/s/files/1/0884/0278/8685/files/File_name_Alt_text_1_tencel-sateen-duvet-cover-white-styled-01.jpg?v=1785856155;https://cdn.shopify.com/s/files/1/0884/0278/8685/files/tencel-sateen-duvet-cover-white-lifestyle-01.jpg?v=1785856164;https://cdn.shopify.com/s/files/1/0884/0278/8685/files/tencel-sateen-duvet-cover-white-lifestyle-02.jpg?v=1785856173;https://cdn.shopify.com/s/files/1/0884/0278/8685/files/tencel-sateen-duvet-cover-white-detail-01.jpg?v=1785856182;https://cdn.shopify.com/s/files/1/0884/0278/8685/files/tencel-sateen-duvet-cover-white-texture-01.jpg?v=1785856191;https://cdn.shopify.com/s/files/1/0884/0278/8685/files/tencel-sateen-duvet-cover-white-texture-02.jpg?v=1785856199
12402201VS,Coco & Cici,"Bettbezug aus Tencel™-Satin, weiß",https://www.maisondecocon.com/products/tencel-sateen-duvet-cover-white?variant=54447955181901,8721184403723,"Wachen Sie auf, als wären Sie noch im Urlaub. Unser Bettbezug aus Tencel™-Satin in Weiß verleiht Ihrem Schlafzimmer eine geschmeidige, strahlende Weichheit – mit einem natürlichen Glanz, der mit der Zeit immer schöner wird.",249.95,Heimtextilien > Bettwäsche > Bettbezüge,Pre-order: 240x220 + 2 pillowcases 60x70 (available October 5),White,10.00,0.00,0.00,4-7 Werktage,https://cdn.shopify.com/s/files/1/0884/0278/8685/files/File_name_Alt_text_1_tencel-sateen-duvet-cover-white-styled-01.jpg?v=1785856155;https://cdn.shopify.com/s/files/1/0884/0278/8685/files/tencel-sateen-duvet-cover-white-lifestyle-01.jpg?v=1785856164;https://cdn.shopify.com/s/files/1/0884/0278/8685/files/tencel-sateen-duvet-cover-white-lifestyle-02.jpg?v=1785856173;https://cdn.shopify.com/s/files/1/0884/0278/8685/files/tencel-sateen-duvet-cover-white-detail-01.jpg?v=1785856182;https://cdn.shopify.com/s/files/1/0884/0278/8685/files/tencel-sateen-duvet-cover-white-texture-01.jpg?v=1785856191;https://cdn.shopify.com/s/files/1/0884/0278/8685/files/tencel-sateen-duvet-cover-white-texture-02.jpg?v=1785856199
11402001VS,Coco & Cici,"Bettbezug aus Tencel™-Satin, weiß",https://www.maisondecocon.com/products/tencel-sateen-duvet-cover-white?variant=54447955116365,8721184402344,"Wachen Sie auf, als wären Sie noch im Urlaub. Unser Bettbezug aus Tencel™-Satin in Weiß verleiht Ihrem Schlafzimmer eine geschmeidige, strahlende Weichheit – mit einem natürlichen Glanz, der mit der Zeit immer schöner wird.",159.95,Heimtextilien > Bettwäsche > Bettbezüge,Pre-order: 140x200 + 1 pillowcase 60x70 (available October 5),White,10.00,0.00,0.00,4-7 Werktage,https://cdn.shopify.com/s/files/1/0884/0278/8685/files/File_name_Alt_text_1_tencel-sateen-duvet-cover-white-styled-01.jpg?v=1785856155;https://cdn.shopify.com/s/files/1/0884/0278/8685/files/tencel-sateen-duvet-cover-white-lifestyle-01.jpg?v=1785856164;https://cdn.shopify.com/s/files/1/0884/0278/8685/files/tencel-sateen-duvet-cover-white-lifestyle-02.jpg?v=1785856173;https://cdn.shopify.com/s/files/1/0884/0278/8685/files/tencel-sateen-duvet-cover-white-detail-01.jpg?v=1785856182;https://cdn.shopify.com/s/files/1/0884/0278/8685/files/tencel-sateen-duvet-cover-white-texture-01.jpg?v=1785856191;https://cdn.shopify.com/s/files/1/0884/0278/8685/files/tencel-sateen-duvet-cover-white-texture-02.jpg?v=1785856199
11402201VS,Coco & Cici,"Bettbezug aus Tencel™-Satin, weiß",https://www.maisondecocon.com/products/tencel-sateen-duvet-cover-white?variant=54447955149133,8721184403600,"Wachen Sie auf, als wären Sie noch im Urlaub. Unser Bettbezug aus Tencel™-Satin in Weiß verleiht Ihrem Schlafzimmer eine geschmeidige, strahlende Weichheit – mit einem natürlichen Glanz, der mit der Zeit immer schöner wird.",159.95,Heimtextilien > Bettwäsche > Bettbezüge,Pre-order: 140x220 + 1 pillowcase 60x70 (available October 5),White,10.00,0.00,0.00,4-7 Werktage,https://cdn.shopify.com/s/files/1/0884/0278/8685/files/File_name_Alt_text_1_tencel-sateen-duvet-cover-white-styled-01.jpg?v=1785856155;https://cdn.shopify.com/s/files/1/0884/0278/8685/files/tencel-sateen-duvet-cover-white-lifestyle-01.jpg?v=1785856164;https://cdn.shopify.com/s/files/1/0884/0278/8685/files/tencel-sateen-duvet-cover-white-lifestyle-02.jpg?v=1785856173;https://cdn.shopify.com/s/files/1/0884/0278/8685/files/tencel-sateen-duvet-cover-white-detail-01.jpg?v=1785856182;https://cdn.shopify.com/s/files/1/0884/0278/8685/files/tencel-sateen-duvet-cover-white-texture-01.jpg?v=1785856191;https://cdn.shopify.com/s/files/1/0884/0278/8685/files/tencel-sateen-duvet-cover-white-texture-02.jpg?v=1785856199
12002201VS,Coco & Cici,"Bettbezug aus Tencel™-Satin, weiß",https://www.maisondecocon.com/products/tencel-sateen-duvet-cover-white?variant=54447955280205,8721184403686,"Wachen Sie auf, als wären Sie noch im Urlaub. Unser Bettbezug aus Tencel™-Satin in Weiß verleiht Ihrem Schlafzimmer eine geschmeidige, strahlende Weichheit – mit einem natürlichen Glanz, der mit der Zeit immer schöner wird.",229.95,Heimtextilien > Bettwäsche > Bettbezüge,Pre-order: 200x220 + 2 pillowcases 60x70 (available October 5),White,10.00,0.00,0.00,4-7 Werktage,https://cdn.shopify.com/s/files/1/0884/0278/8685/files/File_name_Alt_text_1_tencel-sateen-duvet-cover-white-styled-01.jpg?v=1785856155;https://cdn.shopify.com/s/files/1/0884/0278/8685/files/tencel-sateen-duvet-cover-white-lifestyle-01.jpg?v=1785856164;https://cdn.shopify.com/s/files/1/0884/0278/8685/files/tencel-sateen-duvet-cover-white-lifestyle-02.jpg?v=1785856173;https://cdn.shopify.com/s/files/1/0884/0278/8685/files/tencel-sateen-duvet-cover-white-detail-01.jpg?v=1785856182;https://cdn.shopify.com/s/files/1/0884/0278/8685/files/tencel-sateen-duvet-cover-white-texture-01.jpg?v=1785856191;https://cdn.shopify.com/s/files/1/0884/0278/8685/files/tencel-sateen-duvet-cover-white-texture-02.jpg?v=1785856199
4260220HS,Coco & Cici,Tencel™ Sommerbettdecke für die heißesten Tage,https://www.maisondecocon.com/products/tencel-high-summer-cover?variant=54447955444045,7423631199104,"Die leichteste Variante in unserem Sortiment. Unsere Tencel™ High Summer-Bettdecke wurde speziell für Personen entwickelt, denen im Schlaf schnell warm wird – sie ist dünner und atmungsaktiver als unsere Standard-Sommerbettdecke und wiegt lediglich 140 g/m².",209.00,Heimtextilien > Bettdecken,260x220,White,10.00,0.00,0.00,4-7 Werktage,https://cdn.shopify.com/s/files/1/0884/0278/8685/files/tencel-high-summer-duvet-folded-01.jpg?v=1785856800;https://cdn.shopify.com/s/files/1/0884/0278/8685/files/tencel-high-summer-duvet-flat-01.png?v=1785856811;https://cdn.shopify.com/s/files/1/0884/0278/8685/files/tencel-high-summer-duvet-lifestyle-01.png?v=1785856822;https://cdn.shopify.com/s/files/1/0884/0278/8685/files/tencel-high-summer-duvet-lifestyle-02.png?v=1785856834;https://cdn.shopify.com/s/files/1/0884/0278/8685/files/tencel-high-summer-duvet-canvas-bag-01.png?v=1785856847
4200220HS,Coco & Cici,Tencel™ Sommerbettdecke für die heißesten Tage,https://www.maisondecocon.com/products/tencel-high-summer-cover?variant=54447955378509,7423631079017,"Die leichteste Variante in unserem Sortiment. Unsere Tencel™ High Summer-Bettdecke wurde speziell für Personen entwickelt, denen im Schlaf schnell warm wird – sie ist dünner und atmungsaktiver als unsere Standard-Sommerbettdecke und wiegt lediglich 140 g/m².",179.00,Heimtextilien > Bettdecken,200x220,White,10.00,0.00,0.00,4-7 Werktage,https://cdn.shopify.com/s/files/1/0884/0278/8685/files/tencel-high-summer-duvet-folded-01.jpg?v=1785856800;https://cdn.shopify.com/s/files/1/0884/0278/8685/files/tencel-high-summer-duvet-flat-01.png?v=1785856811;https://cdn.shopify.com/s/files/1/0884/0278/8685/files/tencel-high-summer-duvet-lifestyle-01.png?v=1785856822;https://cdn.shopify.com/s/files/1/0884/0278/8685/files/tencel-high-summer-duvet-lifestyle-02.png?v=1785856834;https://cdn.shopify.com/s/files/1/0884/0278/8685/files/tencel-high-summer-duvet-canvas-bag-01.png?v=1785856847
B12602206VS,Coco & Cici,Eco Bamboo Bettbezug in der Farbe „Powder Peach“,https://www.maisondecocon.com/products/eco-bamboo-duvet-cover-powder-peach?variant=54447956590925,8721184401330,"Besserer Schlaf beginnt ganz einfach. Unser Bettbezug „Eco Bamboo“ in der Farbe „Powder Peach“ ist weich, atmungsaktiv und besonders pflegeleicht – ein sanfter Einstieg in einen besseren Schlaf.",209.95,Heimtextilien > Bettwäsche > Bettbezüge,260x220 + 2 pillowcases 60x70,Powder Peach,10.00,0.00,0.00,4-7 Werktage,https://cdn.shopify.com/s/files/1/0884/0278/8685/files/eco-bamboo-duvet-cover-powder-peach-styled-01.jpg?v=1785857601;https://cdn.shopify.com/s/files/1/0884/0278/8685/files/eco-bamboo-duvet-cover-powder-peach-lifestyle-01.jpg?v=1785857494;https://cdn.shopify.com/s/files/1/0884/0278/8685/files/eco-bamboo-duvet-cover-powder-peach-folded-01.jpg?v=1785857611;https://cdn.shopify.com/s/files/1/0884/0278/8685/files/eco-bamboo-duvet-cover-powder-peach-lifestyle-02.jpg?v=1785857507;https://cdn.shopify.com/s/files/1/0884/0278/8685/files/eco-bamboo-duvet-cover-powder-peach-lifestyle-03.jpg?v=1785857580;https://cdn.shopify.com/s/files/1/0884/0278/8685/files/eco-bamboo-duvet-cover-powder-peach-detail-closure.jpg?v=1785857640;https://cdn.shopify.com/s/files/1/0884/0278/8685/files/eco-bamboo-duvet-cover-powder-peach-texture-01.jpg?v=1785857653
B11402006VS,Coco & Cici,Eco Bamboo Bettbezug in der Farbe „Powder Peach“,https://www.maisondecocon.com/products/eco-bamboo-duvet-cover-powder-peach?variant=54447956427085,8721184401286,"Besserer Schlaf beginnt ganz einfach. Unser Bettbezug „Eco Bamboo“ in der Farbe „Powder Peach“ ist weich, atmungsaktiv und besonders pflegeleicht – ein sanfter Einstieg in einen besseren Schlaf.",109.95,Heimtextilien > Bettwäsche > Bettbezüge,140x200 + 1 pillowcase 60x70,Powder Peach,10.00,0.00,0.00,4-7 Werktage,https://cdn.shopify.com/s/files/1/0884/0278/8685/files/eco-bamboo-duvet-cover-powder-peach-styled-01.jpg?v=1785857601;https://cdn.shopify.com/s/files/1/0884/0278/8685/files/eco-bamboo-duvet-cover-powder-peach-lifestyle-01.jpg?v=1785857494;https://cdn.shopify.com/s/files/1/0884/0278/8685/files/eco-bamboo-duvet-cover-powder-peach-folded-01.jpg?v=1785857611;https://cdn.shopify.com/s/files/1/0884/0278/8685/files/eco-bamboo-duvet-cover-powder-peach-lifestyle-02.jpg?v=1785857507;https://cdn.shopify.com/s/files/1/0884/0278/8685/files/eco-bamboo-duvet-cover-powder-peach-lifestyle-03.jpg?v=1785857580;https://cdn.shopify.com/s/files/1/0884/0278/8685/files/eco-bamboo-duvet-cover-powder-peach-detail-closure.jpg?v=1785857640;https://cdn.shopify.com/s/files/1/0884/0278/8685/files/eco-bamboo-duvet-cover-powder-peach-texture-01.jpg?v=1785857653
B12002206VS,Coco & Cici,Eco Bamboo Bettbezug in der Farbe „Powder Peach“,https://www.maisondecocon.com/products/eco-bamboo-duvet-cover-powder-peach?variant=54447956525389,8721184401316,"Besserer Schlaf beginnt ganz einfach. Unser Bettbezug „Eco Bamboo“ in der Farbe „Powder Peach“ ist weich, atmungsaktiv und besonders pflegeleicht – ein sanfter Einstieg in einen besseren Schlaf.",169.95,Heimtextilien > Bettwäsche > Bettbezüge,200x220 + 2 pillowcases 60x70,Powder Peach,10.00,0.00,0.00,4-7 Werktage,https://cdn.shopify.com/s/files/1/0884/0278/8685/files/eco-bamboo-duvet-cover-powder-peach-styled-01.jpg?v=1785857601;https://cdn.shopify.com/s/files/1/0884/0278/8685/files/eco-bamboo-duvet-cover-powder-peach-lifestyle-01.jpg?v=1785857494;https://cdn.shopify.com/s/files/1/0884/0278/8685/files/eco-bamboo-duvet-cover-powder-peach-folded-01.jpg?v=1785857611;https://cdn.shopify.com/s/files/1/0884/0278/8685/files/eco-bamboo-duvet-cover-powder-peach-lifestyle-02.jpg?v=1785857507;https://cdn.shopify.com/s/files/1/0884/0278/8685/files/eco-bamboo-duvet-cover-powder-peach-lifestyle-03.jpg?v=1785857580;https://cdn.shopify.com/s/files/1/0884/0278/8685/files/eco-bamboo-duvet-cover-powder-peach-detail-closure.jpg?v=1785857640;https://cdn.shopify.com/s/files/1/0884/0278/8685/files/eco-bamboo-duvet-cover-powder-peach-texture-01.jpg?v=1785857653
B12002006VS,Coco & Cici,Eco Bamboo Bettbezug in der Farbe „Powder Peach“,https://www.maisondecocon.com/products/eco-bamboo-duvet-cover-powder-peach?variant=54447956492621,8721184401309,"Besserer Schlaf beginnt ganz einfach. Unser Bettbezug „Eco Bamboo“ in der Farbe „Powder Peach“ ist weich, atmungsaktiv und besonders pflegeleicht – ein sanfter Einstieg in einen besseren Schlaf.",169.95,Heimtextilien > Bettwäsche > Bettbezüge,200x200 + 2 pillowcases 60x70,Powder Peach,10.00,0.00,0.00,4-7 Werktage,https://cdn.shopify.com/s/files/1/0884/0278/8685/files/eco-bamboo-duvet-cover-powder-peach-styled-01.jpg?v=1785857601;https://cdn.shopify.com/s/files/1/0884/0278/8685/files/eco-bamboo-duvet-cover-powder-peach-lifestyle-01.jpg?v=1785857494;https://cdn.shopify.com/s/files/1/0884/0278/8685/files/eco-bamboo-duvet-cover-powder-peach-folded-01.jpg?v=1785857611;https://cdn.shopify.com/s/files/1/0884/0278/8685/files/eco-bamboo-duvet-cover-powder-peach-lifestyle-02.jpg?v=1785857507;https://cdn.shopify.com/s/files/1/0884/0278/8685/files/eco-bamboo-duvet-cover-powder-peach-lifestyle-03.jpg?v=1785857580;https://cdn.shopify.com/s/files/1/0884/0278/8685/files/eco-bamboo-duvet-cover-powder-peach-detail-closure.jpg?v=1785857640;https://cdn.shopify.com/s/files/1/0884/0278/8685/files/eco-bamboo-duvet-cover-powder-peach-texture-01.jpg?v=1785857653
B11402206VS,Coco & Cici,Eco Bamboo Bettbezug in der Farbe „Powder Peach“,https://www.maisondecocon.com/products/eco-bamboo-duvet-cover-powder-peach?variant=54447956459853,8721184401293,"Besserer Schlaf beginnt ganz einfach. Unser Bettbezug „Eco Bamboo“ in der Farbe „Powder Peach“ ist weich, atmungsaktiv und besonders pflegeleicht – ein sanfter Einstieg in einen besseren Schlaf.",109.95,Heimtextilien > Bettwäsche > Bettbezüge,140x220 + 1 pillowcase 60x70,Powder Peach,10.00,0.00,0.00,4-7 Werktage,https://cdn.shopify.com/s/files/1/0884/0278/8685/files/eco-bamboo-duvet-cover-powder-peach-styled-01.jpg?v=1785857601;https://cdn.shopify.com/s/files/1/0884/0278/8685/files/eco-bamboo-duvet-cover-powder-peach-lifestyle-01.jpg?v=1785857494;https://cdn.shopify.com/s/files/1/0884/0278/8685/files/eco-bamboo-duvet-cover-powder-peach-folded-01.jpg?v=1785857611;https://cdn.shopify.com/s/files/1/0884/0278/8685/files/eco-bamboo-duvet-cover-powder-peach-lifestyle-02.jpg?v=1785857507;https://cdn.shopify.com/s/files/1/0884/0278/8685/files/eco-bamboo-duvet-cover-powder-peach-lifestyle-03.jpg?v=1785857580;https://cdn.shopify.com/s/files/1/0884/0278/8685/files/eco-bamboo-duvet-cover-powder-peach-detail-closure.jpg?v=1785857640;https://cdn.shopify.com/s/files/1/0884/0278/8685/files/eco-bamboo-duvet-cover-powder-peach-texture-01.jpg?v=1785857653
TLB2422VS,Coco & Cici,Bettbezug aus Tencel™-Twill in Lavendelblau,https://www.maisondecocon.com/products/tencel-twill-duvet-cover-lavender-blue?variant=54447956754765,8721184407042,"Tauchen Sie ein in Bettwäsche, die mit Ihnen atmet. Unser Bettbezug aus Tencel™-Twill in Lavendelblau verleiht Ihrem Schlafzimmer eine sanfte, matte Eleganz – dezenter Luxus ohne Glanz.",219.95,Heimtextilien > Bettwäsche > Bettbezüge,Pre-order: 240x220 + 2 pillowcases 60x70 (available October 5),Lavender Blue,10.00,0.00,0.00,4-7 Werktage,https://cdn.shopify.com/s/files/1/0884/0278/8685/files/tencel-twill-duvet-cover-lavender-blue-styled-01.jpg?v=1785858928;https://cdn.shopify.com/s/files/1/0884/0278/8685/files/tencel-twill-duvet-cover-lavender-blue-lifestyle-01.jpg?v=1785858936;https://cdn.shopify.com/s/files/1/0884/0278/8685/files/tencel-twill-duvet-cover-lavender-blue-lifestyle-02.jpg?v=1785858945;https://cdn.shopify.com/s/files/1/0884/0278/8685/files/tencel-twill-duvet-cover-lavender-blue-detail-01.jpg?v=1785858953;https://cdn.shopify.com/s/files/1/0884/0278/8685/files/tencel-twill-duvet-cover-lavender-blue-detail-tie.jpg?v=1785858962;https://cdn.shopify.com/s/files/1/0884/0278/8685/files/tencel-twill-duvet-cover-lavender-blue-texture-01.jpg?v=1785858972
TLB2622VS,Coco & Cici,Bettbezug aus Tencel™-Twill in Lavendelblau,https://www.maisondecocon.com/products/tencel-twill-duvet-cover-lavender-blue?variant=54447956787533,8721184407059,"Tauchen Sie ein in Bettwäsche, die mit Ihnen atmet. Unser Bettbezug aus Tencel™-Twill in Lavendelblau verleiht Ihrem Schlafzimmer eine sanfte, matte Eleganz – dezenter Luxus ohne Glanz.",239.95,Heimtextilien > Bettwäsche > Bettbezüge,260x220 + 2 pillowcases 60x70,Lavender Blue,10.00,0.00,0.00,4-7 Werktage,https://cdn.shopify.com/s/files/1/0884/0278/8685/files/tencel-twill-duvet-cover-lavender-blue-styled-01.jpg?v=1785858928;https://cdn.shopify.com/s/files/1/0884/0278/8685/files/tencel-twill-duvet-cover-lavender-blue-lifestyle-01.jpg?v=1785858936;https://cdn.shopify.com/s/files/1/0884/0278/8685/files/tencel-twill-duvet-cover-lavender-blue-lifestyle-02.jpg?v=1785858945;https://cdn.shopify.com/s/files/1/0884/0278/8685/files/tencel-twill-duvet-cover-lavender-blue-detail-01.jpg?v=1785858953;https://cdn.shopify.com/s/files/1/0884/0278/8685/files/tencel-twill-duvet-cover-lavender-blue-detail-tie.jpg?v=1785858962;https://cdn.shopify.com/s/files/1/0884/0278/8685/files/tencel-twill-duvet-cover-lavender-blue-texture-01.jpg?v=1785858972
TLB2022VS,Coco & Cici,Bettbezug aus Tencel™-Twill in Lavendelblau,https://www.maisondecocon.com/products/tencel-twill-duvet-cover-lavender-blue?variant=54447956721997,8721184407035,"Tauchen Sie ein in Bettwäsche, die mit Ihnen atmet. Unser Bettbezug aus Tencel™-Twill in Lavendelblau verleiht Ihrem Schlafzimmer eine sanfte, matte Eleganz – dezenter Luxus ohne Glanz.",189.95,Heimtextilien > Bettwäsche > Bettbezüge,Pre-order: 200x220 + 2 pillowcases 60x70 (available October 5),Lavender Blue,10.00,0.00,0.00,4-7 Werktage,https://cdn.shopify.com/s/files/1/0884/0278/8685/files/tencel-twill-duvet-cover-lavender-blue-styled-01.jpg?v=1785858928;https://cdn.shopify.com/s/files/1/0884/0278/8685/files/tencel-twill-duvet-cover-lavender-blue-lifestyle-01.jpg?v=1785858936;https://cdn.shopify.com/s/files/1/0884/0278/8685/files/tencel-twill-duvet-cover-lavender-blue-lifestyle-02.jpg?v=1785858945;https://cdn.shopify.com/s/files/1/0884/0278/8685/files/tencel-twill-duvet-cover-lavender-blue-detail-01.jpg?v=1785858953;https://cdn.shopify.com/s/files/1/0884/0278/8685/files/tencel-twill-duvet-cover-lavender-blue-detail-tie.jpg?v=1785858962;https://cdn.shopify.com/s/files/1/0884/0278/8685/files/tencel-twill-duvet-cover-lavender-blue-texture-01.jpg?v=1785858972
TLB1420VS,Coco & Cici,Bettbezug aus Tencel™-Twill in Lavendelblau,https://www.maisondecocon.com/products/tencel-twill-duvet-cover-lavender-blue?variant=54447956623693,8721184407004,"Tauchen Sie ein in Bettwäsche, die mit Ihnen atmet. Unser Bettbezug aus Tencel™-Twill in Lavendelblau verleiht Ihrem Schlafzimmer eine sanfte, matte Eleganz – dezenter Luxus ohne Glanz.",129.95,Heimtextilien > Bettwäsche > Bettbezüge,140x200 + 1 pillowcase 60x70,Lavender Blue,10.00,0.00,0.00,4-7 Werktage,https://cdn.shopify.com/s/files/1/0884/0278/8685/files/tencel-twill-duvet-cover-lavender-blue-styled-01.jpg?v=1785858928;https://cdn.shopify.com/s/files/1/0884/0278/8685/files/tencel-twill-duvet-cover-lavender-blue-lifestyle-01.jpg?v=1785858936;https://cdn.shopify.com/s/files/1/0884/0278/8685/files/tencel-twill-duvet-cover-lavender-blue-lifestyle-02.jpg?v=1785858945;https://cdn.shopify.com/s/files/1/0884/0278/8685/files/tencel-twill-duvet-cover-lavender-blue-detail-01.jpg?v=1785858953;https://cdn.shopify.com/s/files/1/0884/0278/8685/files/tencel-twill-duvet-cover-lavender-blue-detail-tie.jpg?v=1785858962;https://cdn.shopify.com/s/files/1/0884/0278/8685/files/tencel-twill-duvet-cover-lavender-blue-texture-01.jpg?v=1785858972
B12002004,Coco & Cici,"Bettbezug aus Bambus, Ozeanblau",https://www.maisondecocon.com/products/bamboo-duvet-cover-ocean-blue?variant=54447956918605,8721184400067,"Besserer Schlaf beginnt ganz einfach. Unser Bettbezug „Eco Bamboo“ in der Farbe „Ocean Blue“ ist weich, atmungsaktiv und besonders pflegeleicht – ein sanfter Einstieg in einen besseren Schlaf.",135.96,Heimtextilien > Bettwäsche > Bettbezüge,200x200 + 2 pillowcases 60x70,Ocean Blue,10.00,0.00,0.00,4-7 Werktage,https://cdn.shopify.com/s/files/1/0884/0278/8685/files/bamboo-duvet-cover-ocean-blue-styled-01.png?v=1785859588;https://cdn.shopify.com/s/files/1/0884/0278/8685/files/bamboo-duvet-cover-ocean-blue-detail-01.png?v=1785859616;https://cdn.shopify.com/s/files/1/0884/0278/8685/files/bamboo-duvet-cover-ocean-blue-detail-zipper.jpg?v=1785859605;https://cdn.shopify.com/s/files/1/0884/0278/8685/files/bamboo-duvet-cover-ocean-blue-texture-01.jpg?v=1785859629
B12602204,Coco & Cici,"Bettbezug aus Bambus, Ozeanblau",https://www.maisondecocon.com/products/bamboo-duvet-cover-ocean-blue?variant=54447956984141,8721184400098,"Besserer Schlaf beginnt ganz einfach. Unser Bettbezug „Eco Bamboo“ in der Farbe „Ocean Blue“ ist weich, atmungsaktiv und besonders pflegeleicht – ein sanfter Einstieg in einen besseren Schlaf.",167.96,Heimtextilien > Bettwäsche > Bettbezüge,260x220 + 2 pillowcases 60x70,Ocean Blue,10.00,0.00,0.00,4-7 Werktage,https://cdn.shopify.com/s/files/1/0884/0278/8685/files/bamboo-duvet-cover-ocean-blue-styled-01.png?v=1785859588;https://cdn.shopify.com/s/files/1/0884/0278/8685/files/bamboo-duvet-cover-ocean-blue-detail-01.png?v=1785859616;https://cdn.shopify.com/s/files/1/0884/0278/8685/files/bamboo-duvet-cover-ocean-blue-detail-zipper.jpg?v=1785859605;https://cdn.shopify.com/s/files/1/0884/0278/8685/files/bamboo-duvet-cover-ocean-blue-texture-01.jpg?v=1785859629
B12402204,Coco & Cici,"Bettbezug aus Bambus, Ozeanblau",https://www.maisondecocon.com/products/bamboo-duvet-cover-ocean-blue?variant=54447956951373,8721184400081,"Besserer Schlaf beginnt ganz einfach. Unser Bettbezug „Eco Bamboo“ in der Farbe „Ocean Blue“ ist weich, atmungsaktiv und besonders pflegeleicht – ein sanfter Einstieg in einen besseren Schlaf.",159.96,Heimtextilien > Bettwäsche > Bettbezüge,240x220 + 2 pillowcases 60x70,Ocean Blue,10.00,0.00,0.00,4-7 Werktage,https://cdn.shopify.com/s/files/1/0884/0278/8685/files/bamboo-duvet-cover-ocean-blue-styled-01.png?v=1785859588;https://cdn.shopify.com/s/files/1/0884/0278/8685/files/bamboo-duvet-cover-ocean-blue-detail-01.png?v=1785859616;https://cdn.shopify.com/s/files/1/0884/0278/8685/files/bamboo-duvet-cover-ocean-blue-detail-zipper.jpg?v=1785859605;https://cdn.shopify.com/s/files/1/0884/0278/8685/files/bamboo-duvet-cover-ocean-blue-texture-01.jpg?v=1785859629
TDR2020VS,Coco & Cici,Bettbezug aus Tencel™-Twill in der Farbe „Dusty Rose“,https://www.maisondecocon.com/products/tencel-twill-duvet-cover-dusty-rose?variant=54447957115213,8721184406908,"Tauchen Sie ein in Bettwäsche, die mit Ihnen atmet. Unser Bettbezug aus Tencel™-Twill in der Farbe „Dusty Rose“ verleiht Ihrem Schlafzimmer eine sanfte, matte Eleganz – dezenter Luxus ohne Glanz.",179.95,Heimtextilien > Bettwäsche > Bettbezüge,200x200 + 2 pillowcases 60x70,Dusty Rose,10.00,0.00,0.00,4-7 Werktage,https://cdn.shopify.com/s/files/1/0884/0278/8685/files/tencel-twill-duvet-cover-dusty-rose-styled-01.jpg?v=1785860163;https://cdn.shopify.com/s/files/1/0884/0278/8685/files/tencel-twill-duvet-cover-dusty-rose-detail-01.png?v=1785860175;https://cdn.shopify.com/s/files/1/0884/0278/8685/files/tencel-twill-duvet-cover-dusty-rose-texture-01.png?v=1785860196
TDR2622VS,Coco & Cici,Bettbezug aus Tencel™-Twill in der Farbe „Dusty Rose“,https://www.maisondecocon.com/products/tencel-twill-duvet-cover-dusty-rose?variant=54447957213517,8721184406939,"Tauchen Sie ein in Bettwäsche, die mit Ihnen atmet. Unser Bettbezug aus Tencel™-Twill in der Farbe „Dusty Rose“ verleiht Ihrem Schlafzimmer eine sanfte, matte Eleganz – dezenter Luxus ohne Glanz.",239.95,Heimtextilien > Bettwäsche > Bettbezüge,260x220 + 2 pillowcases 60x70,Dusty Rose,10.00,0.00,0.00,4-7 Werktage,https://cdn.shopify.com/s/files/1/0884/0278/8685/files/tencel-twill-duvet-cover-dusty-rose-styled-01.jpg?v=1785860163;https://cdn.shopify.com/s/files/1/0884/0278/8685/files/tencel-twill-duvet-cover-dusty-rose-detail-01.png?v=1785860175;https://cdn.shopify.com/s/files/1/0884/0278/8685/files/tencel-twill-duvet-cover-dusty-rose-texture-01.png?v=1785860196
SWS2422VS,Coco & Cici,"Bettbezug aus Tencel™-Satin, Farbe „White Sand“",https://www.maisondecocon.com/products/tencel-sateen-duvet-cover-white-sand?variant=54447957377357,8721184406748,"Wachen Sie auf, als wären Sie noch im Urlaub. Unser Bettbezug aus Tencel™-Satin in der Farbe „White Sand“ verleiht Ihrem Schlafzimmer eine geschmeidige, strahlende Weichheit – mit einem natürlichen Glanz, der mit der Zeit immer schöner wird.",249.95,Heimtextilien > Bettwäsche > Bettbezüge,240x220 + 2 pillowcases 60x70,White Sand,10.00,0.00,0.00,4-7 Werktage,https://cdn.shopify.com/s/files/1/0884/0278/8685/files/tencel-sateen-duvet-cover-white-sand-styled-01.jpg?v=1785860967;https://cdn.shopify.com/s/files/1/0884/0278/8685/files/tencel-sateen-duvet-cover-white-sand-lifestyle-01.jpg?v=1785860943;https://cdn.shopify.com/s/files/1/0884/0278/8685/files/tencel-sateen-duvet-cover-white-sand-lifestyle-02.jpg?v=1785860951;https://cdn.shopify.com/s/files/1/0884/0278/8685/files/tencel-sateen-duvet-cover-white-sand-detail-01.jpg?v=1785860959;https://cdn.shopify.com/s/files/1/0884/0278/8685/files/tencel-sateen-duvet-cover-white-sand-texture-01.jpg?v=1785860976;https://cdn.shopify.com/s/files/1/0884/0278/8685/files/tencel-sateen-duvet-cover-white-sand-texture-02.jpg?v=1785860985
SWS2022VS,Coco & Cici,"Bettbezug aus Tencel™-Satin, Farbe „White Sand“",https://www.maisondecocon.com/products/tencel-sateen-duvet-cover-white-sand?variant=54447957344589,8721184406731,"Wachen Sie auf, als wären Sie noch im Urlaub. Unser Bettbezug aus Tencel™-Satin in der Farbe „White Sand“ verleiht Ihrem Schlafzimmer eine geschmeidige, strahlende Weichheit – mit einem natürlichen Glanz, der mit der Zeit immer schöner wird.",229.95,Heimtextilien > Bettwäsche > Bettbezüge,Pre-order: 200x220 + 2 pillowcases 60x70 (available October 5),White Sand,10.00,0.00,0.00,4-7 Werktage,https://cdn.shopify.com/s/files/1/0884/0278/8685/files/tencel-sateen-duvet-cover-white-sand-styled-01.jpg?v=1785860967;https://cdn.shopify.com/s/files/1/0884/0278/8685/files/tencel-sateen-duvet-cover-white-sand-lifestyle-01.jpg?v=1785860943;https://cdn.shopify.com/s/files/1/0884/0278/8685/files/tencel-sateen-duvet-cover-white-sand-lifestyle-02.jpg?v=1785860951;https://cdn.shopify.com/s/files/1/0884/0278/8685/files/tencel-sateen-duvet-cover-white-sand-detail-01.jpg?v=1785860959;https://cdn.shopify.com/s/files/1/0884/0278/8685/files/tencel-sateen-duvet-cover-white-sand-texture-01.jpg?v=1785860976;https://cdn.shopify.com/s/files/1/0884/0278/8685/files/tencel-sateen-duvet-cover-white-sand-texture-02.jpg?v=1785860985
SWS2622VS,Coco & Cici,"Bettbezug aus Tencel™-Satin, Farbe „White Sand“",https://www.maisondecocon.com/products/tencel-sateen-duvet-cover-white-sand?variant=54447957410125,8721184406755,"Wachen Sie auf, als wären Sie noch im Urlaub. Unser Bettbezug aus Tencel™-Satin in der Farbe „White Sand“ verleiht Ihrem Schlafzimmer eine geschmeidige, strahlende Weichheit – mit einem natürlichen Glanz, der mit der Zeit immer schöner wird.",269.95,Heimtextilien > Bettwäsche > Bettbezüge,260x220 + 2 pillowcases 60x70,White Sand,10.00,0.00,0.00,4-7 Werktage,https://cdn.shopify.com/s/files/1/0884/0278/8685/files/tencel-sateen-duvet-cover-white-sand-styled-01.jpg?v=1785860967;https://cdn.shopify.com/s/files/1/0884/0278/8685/files/tencel-sateen-duvet-cover-white-sand-lifestyle-01.jpg?v=1785860943;https://cdn.shopify.com/s/files/1/0884/0278/8685/files/tencel-sateen-duvet-cover-white-sand-lifestyle-02.jpg?v=1785860951;https://cdn.shopify.com/s/files/1/0884/0278/8685/files/tencel-sateen-duvet-cover-white-sand-detail-01.jpg?v=1785860959;https://cdn.shopify.com/s/files/1/0884/0278/8685/files/tencel-sateen-duvet-cover-white-sand-texture-01.jpg?v=1785860976;https://cdn.shopify.com/s/files/1/0884/0278/8685/files/tencel-sateen-duvet-cover-white-sand-texture-02.jpg?v=1785860985
SWS2020VS,Coco & Cici,"Bettbezug aus Tencel™-Satin, Farbe „White Sand“",https://www.maisondecocon.com/products/tencel-sateen-duvet-cover-white-sand?variant=54447957311821,8721184406724,"Wachen Sie auf, als wären Sie noch im Urlaub. Unser Bettbezug aus Tencel™-Satin in der Farbe „White Sand“ verleiht Ihrem Schlafzimmer eine geschmeidige, strahlende Weichheit – mit einem natürlichen Glanz, der mit der Zeit immer schöner wird.",229.95,Heimtextilien > Bettwäsche > Bettbezüge,200x200 + 2 pillowcases 60x70,White Sand,10.00,0.00,0.00,4-7 Werktage,https://cdn.shopify.com/s/files/1/0884/0278/8685/files/tencel-sateen-duvet-cover-white-sand-styled-01.jpg?v=1785860967;https://cdn.shopify.com/s/files/1/0884/0278/8685/files/tencel-sateen-duvet-cover-white-sand-lifestyle-01.jpg?v=1785860943;https://cdn.shopify.com/s/files/1/0884/0278/8685/files/tencel-sateen-duvet-cover-white-sand-lifestyle-02.jpg?v=1785860951;https://cdn.shopify.com/s/files/1/0884/0278/8685/files/tencel-sateen-duvet-cover-white-sand-detail-01.jpg?v=1785860959;https://cdn.shopify.com/s/files/1/0884/0278/8685/files/tencel-sateen-duvet-cover-white-sand-texture-01.jpg?v=1785860976;https://cdn.shopify.com/s/files/1/0884/0278/8685/files/tencel-sateen-duvet-cover-white-sand-texture-02.jpg?v=1785860985
M11402208VS,Coco & Cici,"Bettbezug aus Tencel™-Twill, olivgrün",https://www.maisondecocon.com/products/tencel-twill-duvet-cover-olive-green?variant=54447957475661,8721184401460,"Tauchen Sie ein in Bettwäsche, die mit Ihnen atmet. Unser Bettbezug aus Tencel™-Twill in Olivgrün verleiht Ihrem Schlafzimmer eine sanfte, matte Eleganz – dezenter Luxus ohne Glanz.",139.95,Heimtextilien > Bettwäsche > Bettbezüge,140x220 + 1 pillowcase 60x70,Olive Green,10.00,0.00,0.00,4-7 Werktage,https://cdn.shopify.com/s/files/1/0884/0278/8685/files/tencel-twill-duvet-cover-olive-green-styled-01.jpg?v=1785861286;https://cdn.shopify.com/s/files/1/0884/0278/8685/files/tencel-twill-duvet-cover-olive-green-lifestyle-03.jpg?v=1785861317;https://cdn.shopify.com/s/files/1/0884/0278/8685/files/tencel-twill-duvet-cover-olive-green-lifestyle-02.jpg?v=1785861307;https://cdn.shopify.com/s/files/1/0884/0278/8685/files/tencel-twill-duvet-cover-olive-green-lifestyle-01.jpg?v=1785861294;https://cdn.shopify.com/s/files/1/0884/0278/8685/files/tencel-twill-duvet-cover-olive-green-detail-01.jpg?v=1785861327;https://cdn.shopify.com/s/files/1/0884/0278/8685/files/tencel-twill-duvet-cover-olive-green-detail-02.jpg?v=1785861335;https://cdn.shopify.com/s/files/1/0884/0278/8685/files/tencel-twill-duvet-cover-olive-green-texture-01.jpg?v=1785861345
M12002008VS,Coco & Cici,"Bettbezug aus Tencel™-Twill, olivgrün",https://www.maisondecocon.com/products/tencel-twill-duvet-cover-olive-green?variant=54447957508429,8721184401477,"Tauchen Sie ein in Bettwäsche, die mit Ihnen atmet. Unser Bettbezug aus Tencel™-Twill in Olivgrün verleiht Ihrem Schlafzimmer eine sanfte, matte Eleganz – dezenter Luxus ohne Glanz.",179.95,Heimtextilien > Bettwäsche > Bettbezüge,200x200 + 2 pillowcases 60x70,Olive Green,10.00,0.00,0.00,4-7 Werktage,https://cdn.shopify.com/s/files/1/0884/0278/8685/files/tencel-twill-duvet-cover-olive-green-styled-01.jpg?v=1785861286;https://cdn.shopify.com/s/files/1/0884/0278/8685/files/tencel-twill-duvet-cover-olive-green-lifestyle-03.jpg?v=1785861317;https://cdn.shopify.com/s/files/1/0884/0278/8685/files/tencel-twill-duvet-cover-olive-green-lifestyle-02.jpg?v=1785861307;https://cdn.shopify.com/s/files/1/0884/0278/8685/files/tencel-twill-duvet-cover-olive-green-lifestyle-01.jpg?v=1785861294;https://cdn.shopify.com/s/files/1/0884/0278/8685/files/tencel-twill-duvet-cover-olive-green-detail-01.jpg?v=1785861327;https://cdn.shopify.com/s/files/1/0884/0278/8685/files/tencel-twill-duvet-cover-olive-green-detail-02.jpg?v=1785861335;https://cdn.shopify.com/s/files/1/0884/0278/8685/files/tencel-twill-duvet-cover-olive-green-texture-01.jpg?v=1785861345
M12602208VS,Coco & Cici,"Bettbezug aus Tencel™-Twill, olivgrün",https://www.maisondecocon.com/products/tencel-twill-duvet-cover-olive-green?variant=54447957606733,8721184401507,"Tauchen Sie ein in Bettwäsche, die mit Ihnen atmet. Unser Bettbezug aus Tencel™-Twill in Olivgrün verleiht Ihrem Schlafzimmer eine sanfte, matte Eleganz – dezenter Luxus ohne Glanz.",239.95,Heimtextilien > Bettwäsche > Bettbezüge,260x220 + 2 pillowcases 60x70,Olive Green,10.00,0.00,0.00,4-7 Werktage,https://cdn.shopify.com/s/files/1/0884/0278/8685/files/tencel-twill-duvet-cover-olive-green-styled-01.jpg?v=1785861286;https://cdn.shopify.com/s/files/1/0884/0278/8685/files/tencel-twill-duvet-cover-olive-green-lifestyle-03.jpg?v=1785861317;https://cdn.shopify.com/s/files/1/0884/0278/8685/files/tencel-twill-duvet-cover-olive-green-lifestyle-02.jpg?v=1785861307;https://cdn.shopify.com/s/files/1/0884/0278/8685/files/tencel-twill-duvet-cover-olive-green-lifestyle-01.jpg?v=1785861294;https://cdn.shopify.com/s/files/1/0884/0278/8685/files/tencel-twill-duvet-cover-olive-green-detail-01.jpg?v=1785861327;https://cdn.shopify.com/s/files/1/0884/0278/8685/files/tencel-twill-duvet-cover-olive-green-detail-02.jpg?v=1785861335;https://cdn.shopify.com/s/files/1/0884/0278/8685/files/tencel-twill-duvet-cover-olive-green-texture-01.jpg?v=1785861345
M11402008VS,Coco & Cici,"Bettbezug aus Tencel™-Twill, olivgrün",https://www.maisondecocon.com/products/tencel-twill-duvet-cover-olive-green?variant=54447957442893,8721184401453,"Tauchen Sie ein in Bettwäsche, die mit Ihnen atmet. Unser Bettbezug aus Tencel™-Twill in Olivgrün verleiht Ihrem Schlafzimmer eine sanfte, matte Eleganz – dezenter Luxus ohne Glanz.",129.95,Heimtextilien > Bettwäsche > Bettbezüge,140x200 + 1 pillowcase 60x70,Olive Green,10.00,0.00,0.00,4-7 Werktage,https://cdn.shopify.com/s/files/1/0884/0278/8685/files/tencel-twill-duvet-cover-olive-green-styled-01.jpg?v=1785861286;https://cdn.shopify.com/s/files/1/0884/0278/8685/files/tencel-twill-duvet-cover-olive-green-lifestyle-03.jpg?v=1785861317;https://cdn.shopify.com/s/files/1/0884/0278/8685/files/tencel-twill-duvet-cover-olive-green-lifestyle-02.jpg?v=1785861307;https://cdn.shopify.com/s/files/1/0884/0278/8685/files/tencel-twill-duvet-cover-olive-green-lifestyle-01.jpg?v=1785861294;https://cdn.shopify.com/s/files/1/0884/0278/8685/files/tencel-twill-duvet-cover-olive-green-detail-01.jpg?v=1785861327;https://cdn.shopify.com/s/files/1/0884/0278/8685/files/tencel-twill-duvet-cover-olive-green-detail-02.jpg?v=1785861335;https://cdn.shopify.com/s/files/1/0884/0278/8685/files/tencel-twill-duvet-cover-olive-green-texture-01.jpg?v=1785861345
M12002208VS,Coco & Cici,"Bettbezug aus Tencel™-Twill, olivgrün",https://www.maisondecocon.com/products/tencel-twill-duvet-cover-olive-green?variant=54447957541197,8721184401484,"Tauchen Sie ein in Bettwäsche, die mit Ihnen atmet. Unser Bettbezug aus Tencel™-Twill in Olivgrün verleiht Ihrem Schlafzimmer eine sanfte, matte Eleganz – dezenter Luxus ohne Glanz.",189.95,Heimtextilien > Bettwäsche > Bettbezüge,200x220 + 2 pillowcases 60x70,Olive Green,10.00,0.00,0.00,4-7 Werktage,https://cdn.shopify.com/s/files/1/0884/0278/8685/files/tencel-twill-duvet-cover-olive-green-styled-01.jpg?v=1785861286;https://cdn.shopify.com/s/files/1/0884/0278/8685/files/tencel-twill-duvet-cover-olive-green-lifestyle-03.jpg?v=1785861317;https://cdn.shopify.com/s/files/1/0884/0278/8685/files/tencel-twill-duvet-cover-olive-green-lifestyle-02.jpg?v=1785861307;https://cdn.shopify.com/s/files/1/0884/0278/8685/files/tencel-twill-duvet-cover-olive-green-lifestyle-01.jpg?v=1785861294;https://cdn.shopify.com/s/files/1/0884/0278/8685/files/tencel-twill-duvet-cover-olive-green-detail-01.jpg?v=1785861327;https://cdn.shopify.com/s/files/1/0884/0278/8685/files/tencel-twill-duvet-cover-olive-green-detail-02.jpg?v=1785861335;https://cdn.shopify.com/s/files/1/0884/0278/8685/files/tencel-twill-duvet-cover-olive-green-texture-01.jpg?v=1785861345
M12402208VS,Coco & Cici,"Bettbezug aus Tencel™-Twill, olivgrün",https://www.maisondecocon.com/products/tencel-twill-duvet-cover-olive-green?variant=54447957573965,8721184401491,"Tauchen Sie ein in Bettwäsche, die mit Ihnen atmet. Unser Bettbezug aus Tencel™-Twill in Olivgrün verleiht Ihrem Schlafzimmer eine sanfte, matte Eleganz – dezenter Luxus ohne Glanz.",219.95,Heimtextilien > Bettwäsche > Bettbezüge,240x220 + 2 pillowcases 60x70,Olive Green,10.00,0.00,0.00,4-7 Werktage,https://cdn.shopify.com/s/files/1/0884/0278/8685/files/tencel-twill-duvet-cover-olive-green-styled-01.jpg?v=1785861286;https://cdn.shopify.com/s/files/1/0884/0278/8685/files/tencel-twill-duvet-cover-olive-green-lifestyle-03.jpg?v=1785861317;https://cdn.shopify.com/s/files/1/0884/0278/8685/files/tencel-twill-duvet-cover-olive-green-lifestyle-02.jpg?v=1785861307;https://cdn.shopify.com/s/files/1/0884/0278/8685/files/tencel-twill-duvet-cover-olive-green-lifestyle-01.jpg?v=1785861294;https://cdn.shopify.com/s/files/1/0884/0278/8685/files/tencel-twill-duvet-cover-olive-green-detail-01.jpg?v=1785861327;https://cdn.shopify.com/s/files/1/0884/0278/8685/files/tencel-twill-duvet-cover-olive-green-detail-02.jpg?v=1785861335;https://cdn.shopify.com/s/files/1/0884/0278/8685/files/tencel-twill-duvet-cover-olive-green-texture-01.jpg?v=1785861345
TOY1420VS,Coco & Cici,Bettbezug aus Tencel™-Twill in Ockergelb,https://www.maisondecocon.com/products/tencel-twill-duvet-cover-ocher-yellow?variant=54447957705037,8721184406823,"Tauchen Sie ein in Bettwäsche, die mit Ihnen atmet. Unser Bettbezug aus Tencel™-Twill in Ockergelb verleiht Ihrem Schlafzimmer eine sanfte, matte Eleganz – dezenter Luxus ohne Glanz.",129.95,Heimtextilien > Bettwäsche > Bettbezüge,140x200 + 1 pillowcase 60x70,Ocher Yellow,10.00,0.00,0.00,4-7 Werktage,https://cdn.shopify.com/s/files/1/0884/0278/8685/files/tencel-twill-duvet-cover-ocher-yellow-lifestyle-01.png?v=1785862076
TOY2020VS,Coco & Cici,Bettbezug aus Tencel™-Twill in Ockergelb,https://www.maisondecocon.com/products/tencel-twill-duvet-cover-ocher-yellow?variant=54447957770573,8721184406847,"Tauchen Sie ein in Bettwäsche, die mit Ihnen atmet. Unser Bettbezug aus Tencel™-Twill in Ockergelb verleiht Ihrem Schlafzimmer eine sanfte, matte Eleganz – dezenter Luxus ohne Glanz.",179.95,Heimtextilien > Bettwäsche > Bettbezüge,200x200 + 2 pillowcases 60x70,Ocher Yellow,10.00,0.00,0.00,4-7 Werktage,https://cdn.shopify.com/s/files/1/0884/0278/8685/files/tencel-twill-duvet-cover-ocher-yellow-lifestyle-01.png?v=1785862076
TOY2022VS,Coco & Cici,Bettbezug aus Tencel™-Twill in Ockergelb,https://www.maisondecocon.com/products/tencel-twill-duvet-cover-ocher-yellow?variant=54447957803341,8721184406854,"Tauchen Sie ein in Bettwäsche, die mit Ihnen atmet. Unser Bettbezug aus Tencel™-Twill in Ockergelb verleiht Ihrem Schlafzimmer eine sanfte, matte Eleganz – dezenter Luxus ohne Glanz.",189.95,Heimtextilien > Bettwäsche > Bettbezüge,200x220 + 2 pillowcases 60x70,Ocher Yellow,10.00,0.00,0.00,4-7 Werktage,https://cdn.shopify.com/s/files/1/0884/0278/8685/files/tencel-twill-duvet-cover-ocher-yellow-lifestyle-01.png?v=1785862076
TOY2622VS,Coco & Cici,Bettbezug aus Tencel™-Twill in Ockergelb,https://www.maisondecocon.com/products/tencel-twill-duvet-cover-ocher-yellow?variant=54447957868877,8721184406878,"Tauchen Sie ein in Bettwäsche, die mit Ihnen atmet. Unser Bettbezug aus Tencel™-Twill in Ockergelb verleiht Ihrem Schlafzimmer eine sanfte, matte Eleganz – dezenter Luxus ohne Glanz.",239.95,Heimtextilien > Bettwäsche > Bettbezüge,260x220 + 2 pillowcases 60x70,Ocher Yellow,10.00,0.00,0.00,4-7 Werktage,https://cdn.shopify.com/s/files/1/0884/0278/8685/files/tencel-twill-duvet-cover-ocher-yellow-lifestyle-01.png?v=1785862076
TOY1422VS,Coco & Cici,Bettbezug aus Tencel™-Twill in Ockergelb,https://www.maisondecocon.com/products/tencel-twill-duvet-cover-ocher-yellow?variant=54447957737805,8721184406830,"Tauchen Sie ein in Bettwäsche, die mit Ihnen atmet. Unser Bettbezug aus Tencel™-Twill in Ockergelb verleiht Ihrem Schlafzimmer eine sanfte, matte Eleganz – dezenter Luxus ohne Glanz.",139.95,Heimtextilien > Bettwäsche > Bettbezüge,140x220 + 1 pillowcase 60x70,Ocher Yellow,10.00,0.00,0.00,4-7 Werktage,https://cdn.shopify.com/s/files/1/0884/0278/8685/files/tencel-twill-duvet-cover-ocher-yellow-lifestyle-01.png?v=1785862076
TDB2622VS,Coco & Cici,"Bettbezug aus Tencel™-Twill, dunkelblau",https://www.maisondecocon.com/products/tencel-twill-duvet-cover-dark-blue?variant=54447958065485,8721184406991,"Lassen Sie sich in Bettwäsche sinken, die mit Ihnen atmet. Unser Bettbezug aus Tencel™-Twill in Dunkelblau verleiht Ihrem Schlafzimmer eine sanfte, matte Eleganz – unaufdringlicher Luxus ohne Glanz.",239.95,Heimtextilien > Bettwäsche > Bettbezüge,260x220 + 2 pillowcases 60x70,Dark Blue,10.00,0.00,0.00,4-7 Werktage,https://cdn.shopify.com/s/files/1/0884/0278/8685/files/tencel-twill-duvet-cover-dark-blue-styled-01.jpg?v=1785862359;https://cdn.shopify.com/s/files/1/0884/0278/8685/files/tencel-twill-duvet-cover-dark-blue-lifestyle-01.png?v=1785862370;https://cdn.shopify.com/s/files/1/0884/0278/8685/files/tencel-twill-duvet-cover-dark-blue-lifestyle-02.png?v=1785862380;https://cdn.shopify.com/s/files/1/0884/0278/8685/files/tencel-twill-duvet-cover-dark-blue-lifestyle-03.png?v=1785862395;https://cdn.shopify.com/s/files/1/0884/0278/8685/files/tencel-twill-duvet-cover-dark-blue-detail-tie.jpg?v=1785862404;https://cdn.shopify.com/s/files/1/0884/0278/8685/files/tencel-twill-duvet-cover-dark-blue-texture-01.jpg?v=1785862416
TDB2022VS,Coco & Cici,"Bettbezug aus Tencel™-Twill, dunkelblau",https://www.maisondecocon.com/products/tencel-twill-duvet-cover-dark-blue?variant=54447957999949,8721184406977,"Lassen Sie sich in Bettwäsche sinken, die mit Ihnen atmet. Unser Bettbezug aus Tencel™-Twill in Dunkelblau verleiht Ihrem Schlafzimmer eine sanfte, matte Eleganz – unaufdringlicher Luxus ohne Glanz.",189.95,Heimtextilien > Bettwäsche > Bettbezüge,200x220 + 2 pillowcases 60x70,Dark Blue,10.00,0.00,0.00,4-7 Werktage,https://cdn.shopify.com/s/files/1/0884/0278/8685/files/tencel-twill-duvet-cover-dark-blue-styled-01.jpg?v=1785862359;https://cdn.shopify.com/s/files/1/0884/0278/8685/files/tencel-twill-duvet-cover-dark-blue-lifestyle-01.png?v=1785862370;https://cdn.shopify.com/s/files/1/0884/0278/8685/files/tencel-twill-duvet-cover-dark-blue-lifestyle-02.png?v=1785862380;https://cdn.shopify.com/s/files/1/0884/0278/8685/files/tencel-twill-duvet-cover-dark-blue-lifestyle-03.png?v=1785862395;https://cdn.shopify.com/s/files/1/0884/0278/8685/files/tencel-twill-duvet-cover-dark-blue-detail-tie.jpg?v=1785862404;https://cdn.shopify.com/s/files/1/0884/0278/8685/files/tencel-twill-duvet-cover-dark-blue-texture-01.jpg?v=1785862416
TDB1420VS,Coco & Cici,"Bettbezug aus Tencel™-Twill, dunkelblau",https://www.maisondecocon.com/products/tencel-twill-duvet-cover-dark-blue?variant=54447957901645,8721184406946,"Lassen Sie sich in Bettwäsche sinken, die mit Ihnen atmet. Unser Bettbezug aus Tencel™-Twill in Dunkelblau verleiht Ihrem Schlafzimmer eine sanfte, matte Eleganz – unaufdringlicher Luxus ohne Glanz.",129.95,Heimtextilien > Bettwäsche > Bettbezüge,140x200 + 1 pillowcase 60x70,Dark Blue,10.00,0.00,0.00,4-7 Werktage,https://cdn.shopify.com/s/files/1/0884/0278/8685/files/tencel-twill-duvet-cover-dark-blue-styled-01.jpg?v=1785862359;https://cdn.shopify.com/s/files/1/0884/0278/8685/files/tencel-twill-duvet-cover-dark-blue-lifestyle-01.png?v=1785862370;https://cdn.shopify.com/s/files/1/0884/0278/8685/files/tencel-twill-duvet-cover-dark-blue-lifestyle-02.png?v=1785862380;https://cdn.shopify.com/s/files/1/0884/0278/8685/files/tencel-twill-duvet-cover-dark-blue-lifestyle-03.png?v=1785862395;https://cdn.shopify.com/s/files/1/0884/0278/8685/files/tencel-twill-duvet-cover-dark-blue-detail-tie.jpg?v=1785862404;https://cdn.shopify.com/s/files/1/0884/0278/8685/files/tencel-twill-duvet-cover-dark-blue-texture-01.jpg?v=1785862416
TDB2020VS,Coco & Cici,"Bettbezug aus Tencel™-Twill, dunkelblau",https://www.maisondecocon.com/products/tencel-twill-duvet-cover-dark-blue?variant=54447957967181,8721184406960,"Lassen Sie sich in Bettwäsche sinken, die mit Ihnen atmet. Unser Bettbezug aus Tencel™-Twill in Dunkelblau verleiht Ihrem Schlafzimmer eine sanfte, matte Eleganz – unaufdringlicher Luxus ohne Glanz.",179.95,Heimtextilien > Bettwäsche > Bettbezüge,200x200 + 2 pillowcases 60x70,Dark Blue,10.00,0.00,0.00,4-7 Werktage,https://cdn.shopify.com/s/files/1/0884/0278/8685/files/tencel-twill-duvet-cover-dark-blue-styled-01.jpg?v=1785862359;https://cdn.shopify.com/s/files/1/0884/0278/8685/files/tencel-twill-duvet-cover-dark-blue-lifestyle-01.png?v=1785862370;https://cdn.shopify.com/s/files/1/0884/0278/8685/files/tencel-twill-duvet-cover-dark-blue-lifestyle-02.png?v=1785862380;https://cdn.shopify.com/s/files/1/0884/0278/8685/files/tencel-twill-duvet-cover-dark-blue-lifestyle-03.png?v=1785862395;https://cdn.shopify.com/s/files/1/0884/0278/8685/files/tencel-twill-duvet-cover-dark-blue-detail-tie.jpg?v=1785862404;https://cdn.shopify.com/s/files/1/0884/0278/8685/files/tencel-twill-duvet-cover-dark-blue-texture-01.jpg?v=1785862416
TDB1422VS,Coco & Cici,"Bettbezug aus Tencel™-Twill, dunkelblau",https://www.maisondecocon.com/products/tencel-twill-duvet-cover-dark-blue?variant=54447957934413,8721184406953,"Lassen Sie sich in Bettwäsche sinken, die mit Ihnen atmet. Unser Bettbezug aus Tencel™-Twill in Dunkelblau verleiht Ihrem Schlafzimmer eine sanfte, matte Eleganz – unaufdringlicher Luxus ohne Glanz.",139.95,Heimtextilien > Bettwäsche > Bettbezüge,140x220 + 1 pillowcase 60x70,Dark Blue,10.00,0.00,0.00,4-7 Werktage,https://cdn.shopify.com/s/files/1/0884/0278/8685/files/tencel-twill-duvet-cover-dark-blue-styled-01.jpg?v=1785862359;https://cdn.shopify.com/s/files/1/0884/0278/8685/files/tencel-twill-duvet-cover-dark-blue-lifestyle-01.png?v=1785862370;https://cdn.shopify.com/s/files/1/0884/0278/8685/files/tencel-twill-duvet-cover-dark-blue-lifestyle-02.png?v=1785862380;https://cdn.shopify.com/s/files/1/0884/0278/8685/files/tencel-twill-duvet-cover-dark-blue-lifestyle-03.png?v=1785862395;https://cdn.shopify.com/s/files/1/0884/0278/8685/files/tencel-twill-duvet-cover-dark-blue-detail-tie.jpg?v=1785862404;https://cdn.shopify.com/s/files/1/0884/0278/8685/files/tencel-twill-duvet-cover-dark-blue-texture-01.jpg?v=1785862416
TDB2422VS,Coco & Cici,"Bettbezug aus Tencel™-Twill, dunkelblau",https://www.maisondecocon.com/products/tencel-twill-duvet-cover-dark-blue?variant=54447958032717,8721184406984,"Lassen Sie sich in Bettwäsche sinken, die mit Ihnen atmet. Unser Bettbezug aus Tencel™-Twill in Dunkelblau verleiht Ihrem Schlafzimmer eine sanfte, matte Eleganz – unaufdringlicher Luxus ohne Glanz.",219.95,Heimtextilien > Bettwäsche > Bettbezüge,240x220 + 2 pillowcases 60x70,Dark Blue,10.00,0.00,0.00,4-7 Werktage,https://cdn.shopify.com/s/files/1/0884/0278/8685/files/tencel-twill-duvet-cover-dark-blue-styled-01.jpg?v=1785862359;https://cdn.shopify.com/s/files/1/0884/0278/8685/files/tencel-twill-duvet-cover-dark-blue-lifestyle-01.png?v=1785862370;https://cdn.shopify.com/s/files/1/0884/0278/8685/files/tencel-twill-duvet-cover-dark-blue-lifestyle-02.png?v=1785862380;https://cdn.shopify.com/s/files/1/0884/0278/8685/files/tencel-twill-duvet-cover-dark-blue-lifestyle-03.png?v=1785862395;https://cdn.shopify.com/s/files/1/0884/0278/8685/files/tencel-twill-duvet-cover-dark-blue-detail-tie.jpg?v=1785862404;https://cdn.shopify.com/s/files/1/0884/0278/8685/files/tencel-twill-duvet-cover-dark-blue-texture-01.jpg?v=1785862416
SPW2022VS,Coco & Cici,"Bettbezug aus Tencel™-Satin, pfirsichfarben-weiß",https://www.maisondecocon.com/products/tencel-sateen-duvet-cover-peach-white?variant=54447958196557,8721184406793,"Wachen Sie auf, als wären Sie noch im Urlaub. Unser Bettbezug aus Tencel™-Satin in der Farbe „Peach White“ verleiht Ihrem Schlafzimmer eine geschmeidige, strahlende Weichheit – mit einem natürlichen Glanz, der mit der Zeit immer schöner wird.",229.95,Heimtextilien > Bettwäsche > Bettbezüge,Pre-order: 200x220 + 2 pillowcases 60x70 (available October 5),Peach White,10.00,0.00,0.00,4-7 Werktage,https://cdn.shopify.com/s/files/1/0884/0278/8685/files/tencel-sateen-duvet-cover-peach-white-styled-01.jpg?v=1785863304;https://cdn.shopify.com/s/files/1/0884/0278/8685/files/tencel-sateen-duvet-cover-peach-white-lifestyle-01.jpg?v=1785863313;https://cdn.shopify.com/s/files/1/0884/0278/8685/files/tencel-sateen-duvet-cover-peach-white-lifestyle-02.jpg?v=1785863320;https://cdn.shopify.com/s/files/1/0884/0278/8685/files/tencel-sateen-duvet-cover-peach-white-detail-01.jpg?v=1785863328;https://cdn.shopify.com/s/files/1/0884/0278/8685/files/tencel-sateen-duvet-cover-peach-white-texture-01.jpg?v=1785863336;https://cdn.shopify.com/s/files/1/0884/0278/8685/files/487156c0-0ab6-4dbd-a045-552f06a129e1_1200x1200_fill.jpg?v=1785762271
SPW2422VS,Coco & Cici,"Bettbezug aus Tencel™-Satin, pfirsichfarben-weiß",https://www.maisondecocon.com/products/tencel-sateen-duvet-cover-peach-white?variant=54447958229325,8721184406809,"Wachen Sie auf, als wären Sie noch im Urlaub. Unser Bettbezug aus Tencel™-Satin in der Farbe „Peach White“ verleiht Ihrem Schlafzimmer eine geschmeidige, strahlende Weichheit – mit einem natürlichen Glanz, der mit der Zeit immer schöner wird.",249.95,Heimtextilien > Bettwäsche > Bettbezüge,240x220 + 2 pillowcases 60x70,Peach White,10.00,0.00,0.00,4-7 Werktage,https://cdn.shopify.com/s/files/1/0884/0278/8685/files/tencel-sateen-duvet-cover-peach-white-styled-01.jpg?v=1785863304;https://cdn.shopify.com/s/files/1/0884/0278/8685/files/tencel-sateen-duvet-cover-peach-white-lifestyle-01.jpg?v=1785863313;https://cdn.shopify.com/s/files/1/0884/0278/8685/files/tencel-sateen-duvet-cover-peach-white-lifestyle-02.jpg?v=1785863320;https://cdn.shopify.com/s/files/1/0884/0278/8685/files/tencel-sateen-duvet-cover-peach-white-detail-01.jpg?v=1785863328;https://cdn.shopify.com/s/files/1/0884/0278/8685/files/tencel-sateen-duvet-cover-peach-white-texture-01.jpg?v=1785863336;https://cdn.shopify.com/s/files/1/0884/0278/8685/files/487156c0-0ab6-4dbd-a045-552f06a129e1_1200x1200_fill.jpg?v=1785762271
SPW1422VS,Coco & Cici,"Bettbezug aus Tencel™-Satin, pfirsichfarben-weiß",https://www.maisondecocon.com/products/tencel-sateen-duvet-cover-peach-white?variant=54447958131021,8721184406779,"Wachen Sie auf, als wären Sie noch im Urlaub. Unser Bettbezug aus Tencel™-Satin in der Farbe „Peach White“ verleiht Ihrem Schlafzimmer eine geschmeidige, strahlende Weichheit – mit einem natürlichen Glanz, der mit der Zeit immer schöner wird.",159.95,Heimtextilien > Bettwäsche > Bettbezüge,140x220 + 1 pillowcase 60x70,Peach White,10.00,0.00,0.00,4-7 Werktage,https://cdn.shopify.com/s/files/1/0884/0278/8685/files/tencel-sateen-duvet-cover-peach-white-styled-01.jpg?v=1785863304;https://cdn.shopify.com/s/files/1/0884/0278/8685/files/tencel-sateen-duvet-cover-peach-white-lifestyle-01.jpg?v=1785863313;https://cdn.shopify.com/s/files/1/0884/0278/8685/files/tencel-sateen-duvet-cover-peach-white-lifestyle-02.jpg?v=1785863320;https://cdn.shopify.com/s/files/1/0884/0278/8685/files/tencel-sateen-duvet-cover-peach-white-detail-01.jpg?v=1785863328;https://cdn.shopify.com/s/files/1/0884/0278/8685/files/tencel-sateen-duvet-cover-peach-white-texture-01.jpg?v=1785863336;https://cdn.shopify.com/s/files/1/0884/0278/8685/files/487156c0-0ab6-4dbd-a045-552f06a129e1_1200x1200_fill.jpg?v=1785762271
SPW2020VS,Coco & Cici,"Bettbezug aus Tencel™-Satin, pfirsichfarben-weiß",https://www.maisondecocon.com/products/tencel-sateen-duvet-cover-peach-white?variant=54447958163789,8721184406786,"Wachen Sie auf, als wären Sie noch im Urlaub. Unser Bettbezug aus Tencel™-Satin in der Farbe „Peach White“ verleiht Ihrem Schlafzimmer eine geschmeidige, strahlende Weichheit – mit einem natürlichen Glanz, der mit der Zeit immer schöner wird.",229.95,Heimtextilien > Bettwäsche > Bettbezüge,200x200 + 2 pillowcases 60x70,Peach White,10.00,0.00,0.00,4-7 Werktage,https://cdn.shopify.com/s/files/1/0884/0278/8685/files/tencel-sateen-duvet-cover-peach-white-styled-01.jpg?v=1785863304;https://cdn.shopify.com/s/files/1/0884/0278/8685/files/tencel-sateen-duvet-cover-peach-white-lifestyle-01.jpg?v=1785863313;https://cdn.shopify.com/s/files/1/0884/0278/8685/files/tencel-sateen-duvet-cover-peach-white-lifestyle-02.jpg?v=1785863320;https://cdn.shopify.com/s/files/1/0884/0278/8685/files/tencel-sateen-duvet-cover-peach-white-detail-01.jpg?v=1785863328;https://cdn.shopify.com/s/files/1/0884/0278/8685/files/tencel-sateen-duvet-cover-peach-white-texture-01.jpg?v=1785863336;https://cdn.shopify.com/s/files/1/0884/0278/8685/files/487156c0-0ab6-4dbd-a045-552f06a129e1_1200x1200_fill.jpg?v=1785762271
SPW1420VS,Coco & Cici,"Bettbezug aus Tencel™-Satin, pfirsichfarben-weiß",https://www.maisondecocon.com/products/tencel-sateen-duvet-cover-peach-white?variant=54447958098253,8721184406762,"Wachen Sie auf, als wären Sie noch im Urlaub. Unser Bettbezug aus Tencel™-Satin in der Farbe „Peach White“ verleiht Ihrem Schlafzimmer eine geschmeidige, strahlende Weichheit – mit einem natürlichen Glanz, der mit der Zeit immer schöner wird.",159.95,Heimtextilien > Bettwäsche > Bettbezüge,140x200 + 1 pillowcase 60x70,Peach White,10.00,0.00,0.00,4-7 Werktage,https://cdn.shopify.com/s/files/1/0884/0278/8685/files/tencel-sateen-duvet-cover-peach-white-styled-01.jpg?v=1785863304;https://cdn.shopify.com/s/files/1/0884/0278/8685/files/tencel-sateen-duvet-cover-peach-white-lifestyle-01.jpg?v=1785863313;https://cdn.shopify.com/s/files/1/0884/0278/8685/files/tencel-sateen-duvet-cover-peach-white-lifestyle-02.jpg?v=1785863320;https://cdn.shopify.com/s/files/1/0884/0278/8685/files/tencel-sateen-duvet-cover-peach-white-detail-01.jpg?v=1785863328;https://cdn.shopify.com/s/files/1/0884/0278/8685/files/tencel-sateen-duvet-cover-peach-white-texture-01.jpg?v=1785863336;https://cdn.shopify.com/s/files/1/0884/0278/8685/files/487156c0-0ab6-4dbd-a045-552f06a129e1_1200x1200_fill.jpg?v=1785762271
SPW2622VS,Coco & Cici,"Bettbezug aus Tencel™-Satin, pfirsichfarben-weiß",https://www.maisondecocon.com/products/tencel-sateen-duvet-cover-peach-white?variant=54447958262093,8721184406816,"Wachen Sie auf, als wären Sie noch im Urlaub. Unser Bettbezug aus Tencel™-Satin in der Farbe „Peach White“ verleiht Ihrem Schlafzimmer eine geschmeidige, strahlende Weichheit – mit einem natürlichen Glanz, der mit der Zeit immer schöner wird.",269.95,Heimtextilien > Bettwäsche > Bettbezüge,Pre-order: 260x220 + 2 pillowcases 60x70 (available October 5),Peach White,10.00,0.00,0.00,4-7 Werktage,https://cdn.shopify.com/s/files/1/0884/0278/8685/files/tencel-sateen-duvet-cover-peach-white-styled-01.jpg?v=1785863304;https://cdn.shopify.com/s/files/1/0884/0278/8685/files/tencel-sateen-duvet-cover-peach-white-lifestyle-01.jpg?v=1785863313;https://cdn.shopify.com/s/files/1/0884/0278/8685/files/tencel-sateen-duvet-cover-peach-white-lifestyle-02.jpg?v=1785863320;https://cdn.shopify.com/s/files/1/0884/0278/8685/files/tencel-sateen-duvet-cover-peach-white-detail-01.jpg?v=1785863328;https://cdn.shopify.com/s/files/1/0884/0278/8685/files/tencel-sateen-duvet-cover-peach-white-texture-01.jpg?v=1785863336;https://cdn.shopify.com/s/files/1/0884/0278/8685/files/487156c0-0ab6-4dbd-a045-552f06a129e1_1200x1200_fill.jpg?v=1785762271
265654,Coco & Cici,"Kissenbezug aus Tencel™-Satin, Taupe",https://www.maisondecocon.com/products/tencel-sateen-pillowcase-taupe?variant=54447959572813,8721184401149,"Verzichten Sie auf die teure Nachtcreme. Unser Tencel™-Satin-Kissenbezug in Taupe verfügt über ein glattes, satinweiches Gewebe.",71.91,Heimtextilien > Bettwäsche > Kissenbezüge,65x65,Taupe,10.00,0.00,0.00,4-7 Werktage,https://cdn.shopify.com/s/files/1/0884/0278/8685/files/tencel-sateen-pillowcase-taupe-styled-01.jpg?v=1785863745
250904,Coco & Cici,"Kissenbezug aus Tencel™-Satin, Taupe",https://www.maisondecocon.com/products/tencel-sateen-pillowcase-taupe?variant=54447959540045,8721184401170,"Verzichten Sie auf die teure Nachtcreme. Unser Tencel™-Satin-Kissenbezug in Taupe verfügt über ein glattes, satinweiches Gewebe.",75.51,Heimtextilien > Bettwäsche > Kissenbezüge,50x90,Taupe,10.00,0.00,0.00,4-7 Werktage,https://cdn.shopify.com/s/files/1/0884/0278/8685/files/tencel-sateen-pillowcase-taupe-styled-01.jpg?v=1785863745
2507024,Coco & Cici,"Kissenbezug aus Tencel™-Satin, Taupe",https://www.maisondecocon.com/products/tencel-sateen-pillowcase-taupe?variant=54447959408973,8721184402061,"Verzichten Sie auf die teure Nachtcreme. Unser Tencel™-Satin-Kissenbezug in Taupe verfügt über ein glattes, satinweiches Gewebe.",57.51,Heimtextilien > Bettwäsche > Kissenbezüge,Pre-order: 1 pillowcase 50x70 without valance (available October 5),Taupe,10.00,0.00,0.00,4-7 Werktage,https://cdn.shopify.com/s/files/1/0884/0278/8685/files/tencel-sateen-pillowcase-taupe-styled-01.jpg?v=1785863745
250754,Coco & Cici,"Kissenbezug aus Tencel™-Satin, Taupe",https://www.maisondecocon.com/products/tencel-sateen-pillowcase-taupe?variant=54447959507277,8721184401064,"Verzichten Sie auf die teure Nachtcreme. Unser Tencel™-Satin-Kissenbezug in Taupe verfügt über ein glattes, satinweiches Gewebe.",71.91,Heimtextilien > Bettwäsche > Kissenbezüge,50x75,Taupe,10.00,0.00,0.00,4-7 Werktage,https://cdn.shopify.com/s/files/1/0884/0278/8685/files/tencel-sateen-pillowcase-taupe-styled-01.jpg?v=1785863745
260704,Coco & Cici,"Kissenbezug aus Tencel™-Satin, Taupe",https://www.maisondecocon.com/products/tencel-sateen-pillowcase-taupe?variant=54447959310669,8721184402030,"Verzichten Sie auf die teure Nachtcreme. Unser Tencel™-Satin-Kissenbezug in Taupe verfügt über ein glattes, satinweiches Gewebe.",71.91,Heimtextilien > Bettwäsche > Kissenbezüge,Pre-order: 1 pillowcase 60x70 (available October 5),Taupe,10.00,0.00,0.00,4-7 Werktage,https://cdn.shopify.com/s/files/1/0884/0278/8685/files/tencel-sateen-pillowcase-taupe-styled-01.jpg?v=1785863745
240804,Coco & Cici,"Kissenbezug aus Tencel™-Satin, Taupe",https://www.maisondecocon.com/products/tencel-sateen-pillowcase-taupe?variant=54447959474509,7423609363315,"Verzichten Sie auf die teure Nachtcreme. Unser Tencel™-Satin-Kissenbezug in Taupe verfügt über ein glattes, satinweiches Gewebe.",62.91,Heimtextilien > Bettwäsche > Kissenbezüge,40x80,Taupe,10.00,0.00,0.00,4-7 Werktage,https://cdn.shopify.com/s/files/1/0884/0278/8685/files/tencel-sateen-pillowcase-taupe-styled-01.jpg?v=1785863745
280804,Coco & Cici,"Kissenbezug aus Tencel™-Satin, Taupe",https://www.maisondecocon.com/products/tencel-sateen-pillowcase-taupe?variant=54447959441741,7423609493487,"Verzichten Sie auf die teure Nachtcreme. Unser Tencel™-Satin-Kissenbezug in Taupe verfügt über ein glattes, satinweiches Gewebe.",77.31,Heimtextilien > Bettwäsche > Kissenbezüge,80x80,Taupe,10.00,0.00,0.00,4-7 Werktage,https://cdn.shopify.com/s/files/1/0884/0278/8685/files/tencel-sateen-pillowcase-taupe-styled-01.jpg?v=1785863745
2507524,Coco & Cici,"Kissenbezug aus Tencel™-Satin, Taupe",https://www.maisondecocon.com/products/tencel-sateen-pillowcase-taupe?variant=54447959605581,8721184401101,"Verzichten Sie auf die teure Nachtcreme. Unser Tencel™-Satin-Kissenbezug in Taupe verfügt über ein glattes, satinweiches Gewebe.",62.91,Heimtextilien > Bettwäsche > Kissenbezüge,50x75 without Volant,Taupe,10.00,0.00,0.00,4-7 Werktage,https://cdn.shopify.com/s/files/1/0884/0278/8685/files/tencel-sateen-pillowcase-taupe-styled-01.jpg?v=1785863745
2607024,Coco & Cici,"Kissenbezug aus Tencel™-Satin, Taupe",https://www.maisondecocon.com/products/tencel-sateen-pillowcase-taupe?variant=54447959376205,6011404051097,"Verzichten Sie auf die teure Nachtcreme. Unser Tencel™-Satin-Kissenbezug in Taupe verfügt über ein glattes, satinweiches Gewebe.",62.91,Heimtextilien > Bettwäsche > Kissenbezüge,60x70 without valance,Taupe,10.00,0.00,0.00,4-7 Werktage,https://cdn.shopify.com/s/files/1/0884/0278/8685/files/tencel-sateen-pillowcase-taupe-styled-01.jpg?v=1785863745
250604,Coco & Cici,"Kissenbezug aus Tencel™-Satin, Taupe",https://www.maisondecocon.com/products/tencel-sateen-pillowcase-taupe?variant=54447959343437,7439634191106,"Verzichten Sie auf die teure Nachtcreme. Unser Tencel™-Satin-Kissenbezug in Taupe verfügt über ein glattes, satinweiches Gewebe.",62.91,Heimtextilien > Bettwäsche > Kissenbezüge,50x60,Taupe,10.00,0.00,0.00,4-7 Werktage,https://cdn.shopify.com/s/files/1/0884/0278/8685/files/tencel-sateen-pillowcase-taupe-styled-01.jpg?v=1785863745
240807,Coco & Cici,Kissenbezug aus Tencel™-Satin in Terra Pink,https://www.maisondecocon.com/products/tencel-sateen-pillowcase-terra-pink?variant=54447959736653,7423611711760,"Verzichten Sie auf die teure Nachtcreme. Unser Tencel™-Satin-Kissenbezug in Terra Pink verfügt über ein glattes, satinweiches Gewebe.",62.91,Heimtextilien > Bettwäsche > Kissenbezüge,40x80,Pink,10.00,0.00,0.00,4-7 Werktage,https://cdn.shopify.com/s/files/1/0884/0278/8685/files/tencel-sateen-pillowcase-terra-pink-styled-01.jpg?v=1785863976
280807,Coco & Cici,Kissenbezug aus Tencel™-Satin in Terra Pink,https://www.maisondecocon.com/products/tencel-sateen-pillowcase-terra-pink?variant=54447959703885,7423612218282,"Verzichten Sie auf die teure Nachtcreme. Unser Tencel™-Satin-Kissenbezug in Terra Pink verfügt über ein glattes, satinweiches Gewebe.",77.31,Heimtextilien > Bettwäsche > Kissenbezüge,80x80,Pink,10.00,0.00,0.00,4-7 Werktage,https://cdn.shopify.com/s/files/1/0884/0278/8685/files/tencel-sateen-pillowcase-terra-pink-styled-01.jpg?v=1785863976
M2607021,Coco & Cici,"Kissenbezug aus Tencel™-Twill, Farbe: Pfirsich",https://www.maisondecocon.com/products/tencel-twill-pillowcase-peach?variant=54447959867725,6097755225226,"Vervollständigen Sie Ihr Set mit passender Weichheit. Unser Kissenbezug aus Tencel™-Twill in der Farbe „Peach“ bietet denselben matten Komfort wie unsere Bettbezüge – diskreter Luxus, Kissen für Kissen.",53.91,Heimtextilien > Bettwäsche > Kissenbezüge,60x70 without valance,Peach,10.00,0.00,0.00,4-7 Werktage,https://cdn.shopify.com/s/files/1/0884/0278/8685/files/tencel-sateen-pillowcase-peach-styled-01.jpg?v=1785867010
M260701,Coco & Cici,"Kissenbezug aus Tencel™-Twill, Farbe: Pfirsich",https://www.maisondecocon.com/products/tencel-twill-pillowcase-peach?variant=54447959834957,6097755423462,"Vervollständigen Sie Ihr Set mit passender Weichheit. Unser Kissenbezug aus Tencel™-Twill in der Farbe „Peach“ bietet denselben matten Komfort wie unsere Bettbezüge – diskreter Luxus, Kissen für Kissen.",59.31,Heimtextilien > Bettwäsche > Kissenbezüge,Pre-order: 1 pillowcase 60x70 (available October 5),Peach,10.00,0.00,0.00,4-7 Werktage,https://cdn.shopify.com/s/files/1/0884/0278/8685/files/tencel-sateen-pillowcase-peach-styled-01.jpg?v=1785867010
M250601,Coco & Cici,"Kissenbezug aus Tencel™-Twill, Farbe: Pfirsich",https://www.maisondecocon.com/products/tencel-twill-pillowcase-peach?variant=54447959769421,6097755357330,"Vervollständigen Sie Ihr Set mit passender Weichheit. Unser Kissenbezug aus Tencel™-Twill in der Farbe „Peach“ bietet denselben matten Komfort wie unsere Bettbezüge – diskreter Luxus, Kissen für Kissen.",53.91,Heimtextilien > Bettwäsche > Kissenbezüge,Pre-order: 1 pillowcase 50x60 (available October 5),Peach,10.00,0.00,0.00,4-7 Werktage,https://cdn.shopify.com/s/files/1/0884/0278/8685/files/tencel-sateen-pillowcase-peach-styled-01.jpg?v=1785867010
M2507021,Coco & Cici,"Kissenbezug aus Tencel™-Twill, Farbe: Pfirsich",https://www.maisondecocon.com/products/tencel-twill-pillowcase-peach?variant=54447959802189,6097754945965,"Vervollständigen Sie Ihr Set mit passender Weichheit. Unser Kissenbezug aus Tencel™-Twill in der Farbe „Peach“ bietet denselben matten Komfort wie unsere Bettbezüge – diskreter Luxus, Kissen für Kissen.",53.91,Heimtextilien > Bettwäsche > Kissenbezüge,Pre-order: 1 pillowcase 50x70 without valance (available October 5),Peach,10.00,0.00,0.00,4-7 Werktage,https://cdn.shopify.com/s/files/1/0884/0278/8685/files/tencel-sateen-pillowcase-peach-styled-01.jpg?v=1785867010
260705,Coco & Cici,"Kissenbezug aus Tencel™-Satin, cremefarben",https://www.maisondecocon.com/products/tencel-sateen-pillowcase-off-white?variant=54447959900493,8721184402290,"Glatt, atmungsaktiv und mit einem sanften Satin-Glanz versehen – unser Tencel™-Satin-Kissenbezug in Off White passt perfekt zu jedem unserer Satin-Bettbezüge – oder macht sich auch ganz für sich allein wunderbar.",71.91,Heimtextilien > Bettwäsche > Kissenbezüge,Pre-order: 1 pillowcase 60x70 (available October 5),Off White,10.00,0.00,0.00,4-7 Werktage,https://cdn.shopify.com/s/files/1/0884/0278/8685/files/tencel-sateen-pillowcase-off-white-lifestyle.jpg?v=1785867423;https://cdn.shopify.com/s/files/1/0884/0278/8685/files/tencel-sateen-pillowcase-off-white-folded..jpg?v=1785867434;https://cdn.shopify.com/s/files/1/0884/0278/8685/files/tencel-sateen-pillowcase-off-white-pair.jpg?v=1785867449;https://cdn.shopify.com/s/files/1/0884/0278/8685/files/tencel-sateen-pillowcase-off-white-fabric-detail.jpg?v=1785867469;https://cdn.shopify.com/s/files/1/0884/0278/8685/files/tencel-sateen-pillowcase-off-white-label-detail.jpg?v=1785867483
250755,Coco & Cici,"Kissenbezug aus Tencel™-Satin, cremefarben",https://www.maisondecocon.com/products/tencel-sateen-pillowcase-off-white?variant=54447960097101,8721184401040,"Glatt, atmungsaktiv und mit einem sanften Satin-Glanz versehen – unser Tencel™-Satin-Kissenbezug in Off White passt perfekt zu jedem unserer Satin-Bettbezüge – oder macht sich auch ganz für sich allein wunderbar.",71.91,Heimtextilien > Bettwäsche > Kissenbezüge,50x75,Off White,10.00,0.00,0.00,4-7 Werktage,https://cdn.shopify.com/s/files/1/0884/0278/8685/files/tencel-sateen-pillowcase-off-white-lifestyle.jpg?v=1785867423;https://cdn.shopify.com/s/files/1/0884/0278/8685/files/tencel-sateen-pillowcase-off-white-folded..jpg?v=1785867434;https://cdn.shopify.com/s/files/1/0884/0278/8685/files/tencel-sateen-pillowcase-off-white-pair.jpg?v=1785867449;https://cdn.shopify.com/s/files/1/0884/0278/8685/files/tencel-sateen-pillowcase-off-white-fabric-detail.jpg?v=1785867469;https://cdn.shopify.com/s/files/1/0884/0278/8685/files/tencel-sateen-pillowcase-off-white-label-detail.jpg?v=1785867483
265655,Coco & Cici,"Kissenbezug aus Tencel™-Satin, cremefarben",https://www.maisondecocon.com/products/tencel-sateen-pillowcase-off-white?variant=54447960129869,8721184401125,"Glatt, atmungsaktiv und mit einem sanften Satin-Glanz versehen – unser Tencel™-Satin-Kissenbezug in Off White passt perfekt zu jedem unserer Satin-Bettbezüge – oder macht sich auch ganz für sich allein wunderbar.",71.91,Heimtextilien > Bettwäsche > Kissenbezüge,65x65,Off White,10.00,0.00,0.00,4-7 Werktage,https://cdn.shopify.com/s/files/1/0884/0278/8685/files/tencel-sateen-pillowcase-off-white-lifestyle.jpg?v=1785867423;https://cdn.shopify.com/s/files/1/0884/0278/8685/files/tencel-sateen-pillowcase-off-white-folded..jpg?v=1785867434;https://cdn.shopify.com/s/files/1/0884/0278/8685/files/tencel-sateen-pillowcase-off-white-pair.jpg?v=1785867449;https://cdn.shopify.com/s/files/1/0884/0278/8685/files/tencel-sateen-pillowcase-off-white-fabric-detail.jpg?v=1785867469;https://cdn.shopify.com/s/files/1/0884/0278/8685/files/tencel-sateen-pillowcase-off-white-label-detail.jpg?v=1785867483
2507525,Coco & Cici,"Kissenbezug aus Tencel™-Satin, cremefarben",https://www.maisondecocon.com/products/tencel-sateen-pillowcase-off-white?variant=54447960195405,8721184401088,"Glatt, atmungsaktiv und mit einem sanften Satin-Glanz versehen – unser Tencel™-Satin-Kissenbezug in Off White passt perfekt zu jedem unserer Satin-Bettbezüge – oder macht sich auch ganz für sich allein wunderbar.",62.91,Heimtextilien > Bettwäsche > Kissenbezüge,50x75 without Volant,Off White,10.00,0.00,0.00,4-7 Werktage,https://cdn.shopify.com/s/files/1/0884/0278/8685/files/tencel-sateen-pillowcase-off-white-lifestyle.jpg?v=1785867423;https://cdn.shopify.com/s/files/1/0884/0278/8685/files/tencel-sateen-pillowcase-off-white-folded..jpg?v=1785867434;https://cdn.shopify.com/s/files/1/0884/0278/8685/files/tencel-sateen-pillowcase-off-white-pair.jpg?v=1785867449;https://cdn.shopify.com/s/files/1/0884/0278/8685/files/tencel-sateen-pillowcase-off-white-fabric-detail.jpg?v=1785867469;https://cdn.shopify.com/s/files/1/0884/0278/8685/files/tencel-sateen-pillowcase-off-white-label-detail.jpg?v=1785867483
250905,Coco & Cici,"Kissenbezug aus Tencel™-Satin, cremefarben",https://www.maisondecocon.com/products/tencel-sateen-pillowcase-off-white?variant=54447960162637,8721184401156,"Glatt, atmungsaktiv und mit einem sanften Satin-Glanz versehen – unser Tencel™-Satin-Kissenbezug in Off White passt perfekt zu jedem unserer Satin-Bettbezüge – oder macht sich auch ganz für sich allein wunderbar.",75.51,Heimtextilien > Bettwäsche > Kissenbezüge,50x90,Off White,10.00,0.00,0.00,4-7 Werktage,https://cdn.shopify.com/s/files/1/0884/0278/8685/files/tencel-sateen-pillowcase-off-white-lifestyle.jpg?v=1785867423;https://cdn.shopify.com/s/files/1/0884/0278/8685/files/tencel-sateen-pillowcase-off-white-folded..jpg?v=1785867434;https://cdn.shopify.com/s/files/1/0884/0278/8685/files/tencel-sateen-pillowcase-off-white-pair.jpg?v=1785867449;https://cdn.shopify.com/s/files/1/0884/0278/8685/files/tencel-sateen-pillowcase-off-white-fabric-detail.jpg?v=1785867469;https://cdn.shopify.com/s/files/1/0884/0278/8685/files/tencel-sateen-pillowcase-off-white-label-detail.jpg?v=1785867483
280805,Coco & Cici,"Kissenbezug aus Tencel™-Satin, cremefarben",https://www.maisondecocon.com/products/tencel-sateen-pillowcase-off-white?variant=54447960031565,7423611089050,"Glatt, atmungsaktiv und mit einem sanften Satin-Glanz versehen – unser Tencel™-Satin-Kissenbezug in Off White passt perfekt zu jedem unserer Satin-Bettbezüge – oder macht sich auch ganz für sich allein wunderbar.",77.31,Heimtextilien > Bettwäsche > Kissenbezüge,80x80,Off White,10.00,0.00,0.00,4-7 Werktage,https://cdn.shopify.com/s/files/1/0884/0278/8685/files/tencel-sateen-pillowcase-off-white-lifestyle.jpg?v=1785867423;https://cdn.shopify.com/s/files/1/0884/0278/8685/files/tencel-sateen-pillowcase-off-white-folded..jpg?v=1785867434;https://cdn.shopify.com/s/files/1/0884/0278/8685/files/tencel-sateen-pillowcase-off-white-pair.jpg?v=1785867449;https://cdn.shopify.com/s/files/1/0884/0278/8685/files/tencel-sateen-pillowcase-off-white-fabric-detail.jpg?v=1785867469;https://cdn.shopify.com/s/files/1/0884/0278/8685/files/tencel-sateen-pillowcase-off-white-label-detail.jpg?v=1785867483
2507025,Coco & Cici,"Kissenbezug aus Tencel™-Satin, cremefarben",https://www.maisondecocon.com/products/tencel-sateen-pillowcase-off-white?variant=54447959998797,8721184402320,"Glatt, atmungsaktiv und mit einem sanften Satin-Glanz versehen – unser Tencel™-Satin-Kissenbezug in Off White passt perfekt zu jedem unserer Satin-Bettbezüge – oder macht sich auch ganz für sich allein wunderbar.",57.51,Heimtextilien > Bettwäsche > Kissenbezüge,Pre-order: 1 pillowcase 50x70 without valance (available October 5),Off White,10.00,0.00,0.00,4-7 Werktage,https://cdn.shopify.com/s/files/1/0884/0278/8685/files/tencel-sateen-pillowcase-off-white-lifestyle.jpg?v=1785867423;https://cdn.shopify.com/s/files/1/0884/0278/8685/files/tencel-sateen-pillowcase-off-white-folded..jpg?v=1785867434;https://cdn.shopify.com/s/files/1/0884/0278/8685/files/tencel-sateen-pillowcase-off-white-pair.jpg?v=1785867449;https://cdn.shopify.com/s/files/1/0884/0278/8685/files/tencel-sateen-pillowcase-off-white-fabric-detail.jpg?v=1785867469;https://cdn.shopify.com/s/files/1/0884/0278/8685/files/tencel-sateen-pillowcase-off-white-label-detail.jpg?v=1785867483
2607025,Coco & Cici,"Kissenbezug aus Tencel™-Satin, cremefarben",https://www.maisondecocon.com/products/tencel-sateen-pillowcase-off-white?variant=54447959966029,7448135514529,"Glatt, atmungsaktiv und mit einem sanften Satin-Glanz versehen – unser Tencel™-Satin-Kissenbezug in Off White passt perfekt zu jedem unserer Satin-Bettbezüge – oder macht sich auch ganz für sich allein wunderbar.",62.91,Heimtextilien > Bettwäsche > Kissenbezüge,60x70 without valance,Off White,10.00,0.00,0.00,4-7 Werktage,https://cdn.shopify.com/s/files/1/0884/0278/8685/files/tencel-sateen-pillowcase-off-white-lifestyle.jpg?v=1785867423;https://cdn.shopify.com/s/files/1/0884/0278/8685/files/tencel-sateen-pillowcase-off-white-folded..jpg?v=1785867434;https://cdn.shopify.com/s/files/1/0884/0278/8685/files/tencel-sateen-pillowcase-off-white-pair.jpg?v=1785867449;https://cdn.shopify.com/s/files/1/0884/0278/8685/files/tencel-sateen-pillowcase-off-white-fabric-detail.jpg?v=1785867469;https://cdn.shopify.com/s/files/1/0884/0278/8685/files/tencel-sateen-pillowcase-off-white-label-detail.jpg?v=1785867483
250605,Coco & Cici,"Kissenbezug aus Tencel™-Satin, cremefarben",https://www.maisondecocon.com/products/tencel-sateen-pillowcase-off-white?variant=54447959933261,7448128676678,"Glatt, atmungsaktiv und mit einem sanften Satin-Glanz versehen – unser Tencel™-Satin-Kissenbezug in Off White passt perfekt zu jedem unserer Satin-Bettbezüge – oder macht sich auch ganz für sich allein wunderbar.",62.91,Heimtextilien > Bettwäsche > Kissenbezüge,Pre-order: 1 pillowcase 50x60 (available October 5),Off White,10.00,0.00,0.00,4-7 Werktage,https://cdn.shopify.com/s/files/1/0884/0278/8685/files/tencel-sateen-pillowcase-off-white-lifestyle.jpg?v=1785867423;https://cdn.shopify.com/s/files/1/0884/0278/8685/files/tencel-sateen-pillowcase-off-white-folded..jpg?v=1785867434;https://cdn.shopify.com/s/files/1/0884/0278/8685/files/tencel-sateen-pillowcase-off-white-pair.jpg?v=1785867449;https://cdn.shopify.com/s/files/1/0884/0278/8685/files/tencel-sateen-pillowcase-off-white-fabric-detail.jpg?v=1785867469;https://cdn.shopify.com/s/files/1/0884/0278/8685/files/tencel-sateen-pillowcase-off-white-label-detail.jpg?v=1785867483
240805,Coco & Cici,"Kissenbezug aus Tencel™-Satin, cremefarben",https://www.maisondecocon.com/products/tencel-sateen-pillowcase-off-white?variant=54447960064333,7423610655607,"Glatt, atmungsaktiv und mit einem sanften Satin-Glanz versehen – unser Tencel™-Satin-Kissenbezug in Off White passt perfekt zu jedem unserer Satin-Bettbezüge – oder macht sich auch ganz für sich allein wunderbar.",62.91,Heimtextilien > Bettwäsche > Kissenbezüge,40x80,Off White,10.00,0.00,0.00,4-7 Werktage,https://cdn.shopify.com/s/files/1/0884/0278/8685/files/tencel-sateen-pillowcase-off-white-lifestyle.jpg?v=1785867423;https://cdn.shopify.com/s/files/1/0884/0278/8685/files/tencel-sateen-pillowcase-off-white-folded..jpg?v=1785867434;https://cdn.shopify.com/s/files/1/0884/0278/8685/files/tencel-sateen-pillowcase-off-white-pair.jpg?v=1785867449;https://cdn.shopify.com/s/files/1/0884/0278/8685/files/tencel-sateen-pillowcase-off-white-fabric-detail.jpg?v=1785867469;https://cdn.shopify.com/s/files/1/0884/0278/8685/files/tencel-sateen-pillowcase-off-white-label-detail.jpg?v=1785867483
B280803,Coco & Cici,"Kissenbezug aus Bambus, ockergelb",https://www.maisondecocon.com/products/bamboo-pillowcase-ocher-yellow?variant=54447960621389,6091017441461,"Weiches, atmungsaktives Eco Bamboo – unser Kissenbezug in Ockergelb ist der sanfte und unkomplizierte Einstieg in unser Bettwäsche-Sortiment und lässt sich ideal mit jedem unserer Bettbezüge aus Tencel™ oder Bambus kombinieren.",59.31,Heimtextilien > Bettwäsche > Kissenbezüge,80x80,Ocher Yellow,10.00,0.00,0.00,4-7 Werktage,https://cdn.shopify.com/s/files/1/0884/0278/8685/files/bamboo-pillowcase-ochre-yellow-styled-01.jpg?v=1785867848
250606,Coco & Cici,"Kissenbezug aus Tencel™-Satin, grau-grün",https://www.maisondecocon.com/products/tencel-sateen-pillowcase-gray-green?variant=54447960293709,8721184402153,"Glatt, atmungsaktiv und mit einem sanften Satin-Glanz versehen – unser Tencel™-Satin-Kissenbezug in Graugrün passt perfekt zu jedem unserer Satin-Bettbezüge – oder macht sich auch ganz für sich allein wunderbar.",62.91,Heimtextilien > Bettwäsche > Kissenbezüge,Pre-order: 1 pillowcase 50x60 (available October 5),Gray Green,10.00,0.00,0.00,4-7 Werktage,https://cdn.shopify.com/s/files/1/0884/0278/8685/files/tencel-sateen-pillowcase-gray-green-styled-01.jpg?v=1785867915
2507026,Coco & Cici,"Kissenbezug aus Tencel™-Satin, grau-grün",https://www.maisondecocon.com/products/tencel-sateen-pillowcase-gray-green?variant=54447960359245,8721184402191,"Glatt, atmungsaktiv und mit einem sanften Satin-Glanz versehen – unser Tencel™-Satin-Kissenbezug in Graugrün passt perfekt zu jedem unserer Satin-Bettbezüge – oder macht sich auch ganz für sich allein wunderbar.",57.51,Heimtextilien > Bettwäsche > Kissenbezüge,Pre-order: 1 pillowcase 50x70 without valance (available October 5),Gray Green,10.00,0.00,0.00,4-7 Werktage,https://cdn.shopify.com/s/files/1/0884/0278/8685/files/tencel-sateen-pillowcase-gray-green-styled-01.jpg?v=1785867915
2607026,Coco & Cici,"Kissenbezug aus Tencel™-Satin, grau-grün",https://www.maisondecocon.com/products/tencel-sateen-pillowcase-gray-green?variant=54447960326477,8721184402207,"Glatt, atmungsaktiv und mit einem sanften Satin-Glanz versehen – unser Tencel™-Satin-Kissenbezug in Graugrün passt perfekt zu jedem unserer Satin-Bettbezüge – oder macht sich auch ganz für sich allein wunderbar.",62.91,Heimtextilien > Bettwäsche > Kissenbezüge,60x70 without valance,Gray Green,10.00,0.00,0.00,4-7 Werktage,https://cdn.shopify.com/s/files/1/0884/0278/8685/files/tencel-sateen-pillowcase-gray-green-styled-01.jpg?v=1785867915
260706,Coco & Cici,"Kissenbezug aus Tencel™-Satin, grau-grün",https://www.maisondecocon.com/products/tencel-sateen-pillowcase-gray-green?variant=54447960260941,8721184402160,"Glatt, atmungsaktiv und mit einem sanften Satin-Glanz versehen – unser Tencel™-Satin-Kissenbezug in Graugrün passt perfekt zu jedem unserer Satin-Bettbezüge – oder macht sich auch ganz für sich allein wunderbar.",71.91,Heimtextilien > Bettwäsche > Kissenbezüge,Pre-order: 1 pillowcase 60x70 (available October 5),Gray Green,10.00,0.00,0.00,4-7 Werktage,https://cdn.shopify.com/s/files/1/0884/0278/8685/files/tencel-sateen-pillowcase-gray-green-styled-01.jpg?v=1785867915
280806,Coco & Cici,"Kissenbezug aus Tencel™-Satin, grau-grün",https://www.maisondecocon.com/products/tencel-sateen-pillowcase-gray-green?variant=54447960392013,7423611433433,"Glatt, atmungsaktiv und mit einem sanften Satin-Glanz versehen – unser Tencel™-Satin-Kissenbezug in Graugrün passt perfekt zu jedem unserer Satin-Bettbezüge – oder macht sich auch ganz für sich allein wunderbar.",77.31,Heimtextilien > Bettwäsche > Kissenbezüge,80x80,Gray Green,10.00,0.00,0.00,4-7 Werktage,https://cdn.shopify.com/s/files/1/0884/0278/8685/files/tencel-sateen-pillowcase-gray-green-styled-01.jpg?v=1785867915
240806,Coco & Cici,"Kissenbezug aus Tencel™-Satin, grau-grün",https://www.maisondecocon.com/products/tencel-sateen-pillowcase-gray-green?variant=54447960424781,7423611268219,"Glatt, atmungsaktiv und mit einem sanften Satin-Glanz versehen – unser Tencel™-Satin-Kissenbezug in Graugrün passt perfekt zu jedem unserer Satin-Bettbezüge – oder macht sich auch ganz für sich allein wunderbar.",62.91,Heimtextilien > Bettwäsche > Kissenbezüge,40x80,Gray Green,10.00,0.00,0.00,4-7 Werktage,https://cdn.shopify.com/s/files/1/0884/0278/8685/files/tencel-sateen-pillowcase-gray-green-styled-01.jpg?v=1785867915
B250756,Coco & Cici,Eco Bamboo Kissenbezug Powder Peach,https://www.maisondecocon.com/products/eco-bamboe-kussensloop-powder-peach?variant=54447960719693,8721184401361,"Weicher, atmungsaktiver Eco Bamboo – unser Kissenbezug „Powder Peach“ ist der sanfte und leicht zugängliche Einstieg in unser Bettwäsche-Sortiment und lässt sich ideal mit jedem unserer Bettbezüge aus Tencel™ oder Bambus kombinieren.",50.31,Heimtextilien > Bettwäsche > Kissenbezüge,50x75,Powder Peach,10.00,0.00,0.00,4-7 Werktage,https://cdn.shopify.com/s/files/1/0884/0278/8685/files/tencel-sateen-pillowcase-peach-white-lifestyle.jpg?v=1785868206;https://cdn.shopify.com/s/files/1/0884/0278/8685/files/tencel-sateen-pillowcase-peach-white-folded.jpg?v=1785868219;https://cdn.shopify.com/s/files/1/0884/0278/8685/files/tencel-sateen-pillowcase-peach-white-label-detail.jpg?v=1785868233
B2507526,Coco & Cici,Eco Bamboo Kissenbezug Powder Peach,https://www.maisondecocon.com/products/eco-bamboe-kussensloop-powder-peach?variant=54447960883533,8721184401439,"Weicher, atmungsaktiver Eco Bamboo – unser Kissenbezug „Powder Peach“ ist der sanfte und leicht zugängliche Einstieg in unser Bettwäsche-Sortiment und lässt sich ideal mit jedem unserer Bettbezüge aus Tencel™ oder Bambus kombinieren.",50.31,Heimtextilien > Bettwäsche > Kissenbezüge,50x75 zonder volant,Powder Peach,10.00,0.00,0.00,4-7 Werktage,https://cdn.shopify.com/s/files/1/0884/0278/8685/files/tencel-sateen-pillowcase-peach-white-lifestyle.jpg?v=1785868206;https://cdn.shopify.com/s/files/1/0884/0278/8685/files/tencel-sateen-pillowcase-peach-white-folded.jpg?v=1785868219;https://cdn.shopify.com/s/files/1/0884/0278/8685/files/tencel-sateen-pillowcase-peach-white-label-detail.jpg?v=1785868233
B250906,Coco & Cici,Eco Bamboo Kissenbezug Powder Peach,https://www.maisondecocon.com/products/eco-bamboe-kussensloop-powder-peach?variant=54447960752461,8721184401378,"Weicher, atmungsaktiver Eco Bamboo – unser Kissenbezug „Powder Peach“ ist der sanfte und leicht zugängliche Einstieg in unser Bettwäsche-Sortiment und lässt sich ideal mit jedem unserer Bettbezüge aus Tencel™ oder Bambus kombinieren.",55.71,Heimtextilien > Bettwäsche > Kissenbezüge,50x90,Powder Peach,10.00,0.00,0.00,4-7 Werktage,https://cdn.shopify.com/s/files/1/0884/0278/8685/files/tencel-sateen-pillowcase-peach-white-lifestyle.jpg?v=1785868206;https://cdn.shopify.com/s/files/1/0884/0278/8685/files/tencel-sateen-pillowcase-peach-white-folded.jpg?v=1785868219;https://cdn.shopify.com/s/files/1/0884/0278/8685/files/tencel-sateen-pillowcase-peach-white-label-detail.jpg?v=1785868233
B260706,Coco & Cici,Eco Bamboo Kissenbezug Powder Peach,https://www.maisondecocon.com/products/eco-bamboe-kussensloop-powder-peach?variant=54447960785229,8721184401385,"Weicher, atmungsaktiver Eco Bamboo – unser Kissenbezug „Powder Peach“ ist der sanfte und leicht zugängliche Einstieg in unser Bettwäsche-Sortiment und lässt sich ideal mit jedem unserer Bettbezüge aus Tencel™ oder Bambus kombinieren.",50.31,Heimtextilien > Bettwäsche > Kissenbezüge,60x70,Powder Peach,10.00,0.00,0.00,4-7 Werktage,https://cdn.shopify.com/s/files/1/0884/0278/8685/files/tencel-sateen-pillowcase-peach-white-lifestyle.jpg?v=1785868206;https://cdn.shopify.com/s/files/1/0884/0278/8685/files/tencel-sateen-pillowcase-peach-white-folded.jpg?v=1785868219;https://cdn.shopify.com/s/files/1/0884/0278/8685/files/tencel-sateen-pillowcase-peach-white-label-detail.jpg?v=1785868233
B250606,Coco & Cici,Eco Bamboo Kissenbezug Powder Peach,https://www.maisondecocon.com/products/eco-bamboe-kussensloop-powder-peach?variant=54447960686925,8721184401354,"Weicher, atmungsaktiver Eco Bamboo – unser Kissenbezug „Powder Peach“ ist der sanfte und leicht zugängliche Einstieg in unser Bettwäsche-Sortiment und lässt sich ideal mit jedem unserer Bettbezüge aus Tencel™ oder Bambus kombinieren.",44.91,Heimtextilien > Bettwäsche > Kissenbezüge,50x60,Powder Peach,10.00,0.00,0.00,4-7 Werktage,https://cdn.shopify.com/s/files/1/0884/0278/8685/files/tencel-sateen-pillowcase-peach-white-lifestyle.jpg?v=1785868206;https://cdn.shopify.com/s/files/1/0884/0278/8685/files/tencel-sateen-pillowcase-peach-white-folded.jpg?v=1785868219;https://cdn.shopify.com/s/files/1/0884/0278/8685/files/tencel-sateen-pillowcase-peach-white-label-detail.jpg?v=1785868233
B280806,Coco & Cici,Eco Bamboo Kissenbezug Powder Peach,https://www.maisondecocon.com/products/eco-bamboe-kussensloop-powder-peach?variant=54447960850765,8721184401415,"Weicher, atmungsaktiver Eco Bamboo – unser Kissenbezug „Powder Peach“ ist der sanfte und leicht zugängliche Einstieg in unser Bettwäsche-Sortiment und lässt sich ideal mit jedem unserer Bettbezüge aus Tencel™ oder Bambus kombinieren.",59.31,Heimtextilien > Bettwäsche > Kissenbezüge,80x80,Powder Peach,10.00,0.00,0.00,4-7 Werktage,https://cdn.shopify.com/s/files/1/0884/0278/8685/files/tencel-sateen-pillowcase-peach-white-lifestyle.jpg?v=1785868206;https://cdn.shopify.com/s/files/1/0884/0278/8685/files/tencel-sateen-pillowcase-peach-white-folded.jpg?v=1785868219;https://cdn.shopify.com/s/files/1/0884/0278/8685/files/tencel-sateen-pillowcase-peach-white-label-detail.jpg?v=1785868233
B2607026,Coco & Cici,Eco Bamboo Kissenbezug Powder Peach,https://www.maisondecocon.com/products/eco-bamboe-kussensloop-powder-peach?variant=54447960916301,8721184401446,"Weicher, atmungsaktiver Eco Bamboo – unser Kissenbezug „Powder Peach“ ist der sanfte und leicht zugängliche Einstieg in unser Bettwäsche-Sortiment und lässt sich ideal mit jedem unserer Bettbezüge aus Tencel™ oder Bambus kombinieren.",50.31,Heimtextilien > Bettwäsche > Kissenbezüge,60x70 zonder volant,Powder Peach,10.00,0.00,0.00,4-7 Werktage,https://cdn.shopify.com/s/files/1/0884/0278/8685/files/tencel-sateen-pillowcase-peach-white-lifestyle.jpg?v=1785868206;https://cdn.shopify.com/s/files/1/0884/0278/8685/files/tencel-sateen-pillowcase-peach-white-folded.jpg?v=1785868219;https://cdn.shopify.com/s/files/1/0884/0278/8685/files/tencel-sateen-pillowcase-peach-white-label-detail.jpg?v=1785868233
B240806,Coco & Cici,Eco Bamboo Kissenbezug Powder Peach,https://www.maisondecocon.com/products/eco-bamboe-kussensloop-powder-peach?variant=54447960654157,8721184401347,"Weicher, atmungsaktiver Eco Bamboo – unser Kissenbezug „Powder Peach“ ist der sanfte und leicht zugängliche Einstieg in unser Bettwäsche-Sortiment und lässt sich ideal mit jedem unserer Bettbezüge aus Tencel™ oder Bambus kombinieren.",46.71,Heimtextilien > Bettwäsche > Kissenbezüge,40x80,Powder Peach,10.00,0.00,0.00,4-7 Werktage,https://cdn.shopify.com/s/files/1/0884/0278/8685/files/tencel-sateen-pillowcase-peach-white-lifestyle.jpg?v=1785868206;https://cdn.shopify.com/s/files/1/0884/0278/8685/files/tencel-sateen-pillowcase-peach-white-folded.jpg?v=1785868219;https://cdn.shopify.com/s/files/1/0884/0278/8685/files/tencel-sateen-pillowcase-peach-white-label-detail.jpg?v=1785868233
B265656,Coco & Cici,Eco Bamboo Kissenbezug Powder Peach,https://www.maisondecocon.com/products/eco-bamboe-kussensloop-powder-peach?variant=54447960817997,8721184401408,"Weicher, atmungsaktiver Eco Bamboo – unser Kissenbezug „Powder Peach“ ist der sanfte und leicht zugängliche Einstieg in unser Bettwäsche-Sortiment und lässt sich ideal mit jedem unserer Bettbezüge aus Tencel™ oder Bambus kombinieren.",50.31,Heimtextilien > Bettwäsche > Kissenbezüge,65x65,Powder Peach,10.00,0.00,0.00,4-7 Werktage,https://cdn.shopify.com/s/files/1/0884/0278/8685/files/tencel-sateen-pillowcase-peach-white-lifestyle.jpg?v=1785868206;https://cdn.shopify.com/s/files/1/0884/0278/8685/files/tencel-sateen-pillowcase-peach-white-folded.jpg?v=1785868219;https://cdn.shopify.com/s/files/1/0884/0278/8685/files/tencel-sateen-pillowcase-peach-white-label-detail.jpg?v=1785868233
M260708,Coco & Cici,"Kissenbezug aus Tencel™-Twill, olivgrün",https://www.maisondecocon.com/products/tencel-twill-pillowcase-olive-green?variant=54447961080141,8721184401552,"Vervollständigen Sie Ihr Set mit passender Weichheit. Unser Kissenbezug aus Tencel™-Twill in Olivgrün bietet denselben matten Komfort wie unsere Bettbezüge – unaufdringlicher Luxus, Kissen für Kissen.",59.31,Heimtextilien > Bettwäsche > Kissenbezüge,60x70,Olive Green,10.00,0.00,0.00,4-7 Werktage,https://cdn.shopify.com/s/files/1/0884/0278/8685/files/tencel-sateen-pillowcase-olive-green-styled-01.jpg?v=1785868402
M240808,Coco & Cici,"Kissenbezug aus Tencel™-Twill, olivgrün",https://www.maisondecocon.com/products/tencel-twill-pillowcase-olive-green?variant=54447960949069,8721184401514,"Vervollständigen Sie Ihr Set mit passender Weichheit. Unser Kissenbezug aus Tencel™-Twill in Olivgrün bietet denselben matten Komfort wie unsere Bettbezüge – unaufdringlicher Luxus, Kissen für Kissen.",59.31,Heimtextilien > Bettwäsche > Kissenbezüge,40x80,Olive Green,10.00,0.00,0.00,4-7 Werktage,https://cdn.shopify.com/s/files/1/0884/0278/8685/files/tencel-sateen-pillowcase-olive-green-styled-01.jpg?v=1785868402
M2607028,Coco & Cici,"Kissenbezug aus Tencel™-Twill, olivgrün",https://www.maisondecocon.com/products/tencel-twill-pillowcase-olive-green?variant=54447961243981,8721184401613,"Vervollständigen Sie Ihr Set mit passender Weichheit. Unser Kissenbezug aus Tencel™-Twill in Olivgrün bietet denselben matten Komfort wie unsere Bettbezüge – unaufdringlicher Luxus, Kissen für Kissen.",53.91,Heimtextilien > Bettwäsche > Kissenbezüge,60x70 zonder volant,Olive Green,10.00,0.00,0.00,4-7 Werktage,https://cdn.shopify.com/s/files/1/0884/0278/8685/files/tencel-sateen-pillowcase-olive-green-styled-01.jpg?v=1785868402
M2507528,Coco & Cici,"Kissenbezug aus Tencel™-Twill, olivgrün",https://www.maisondecocon.com/products/tencel-twill-pillowcase-olive-green?variant=54447961211213,8721184401606,"Vervollständigen Sie Ihr Set mit passender Weichheit. Unser Kissenbezug aus Tencel™-Twill in Olivgrün bietet denselben matten Komfort wie unsere Bettbezüge – unaufdringlicher Luxus, Kissen für Kissen.",55.71,Heimtextilien > Bettwäsche > Kissenbezüge,50x75 zonder volant,Olive Green,10.00,0.00,0.00,4-7 Werktage,https://cdn.shopify.com/s/files/1/0884/0278/8685/files/tencel-sateen-pillowcase-olive-green-styled-01.jpg?v=1785868402
M250908,Coco & Cici,"Kissenbezug aus Tencel™-Twill, olivgrün",https://www.maisondecocon.com/products/tencel-twill-pillowcase-olive-green?variant=54447961047373,8721184401545,"Vervollständigen Sie Ihr Set mit passender Weichheit. Unser Kissenbezug aus Tencel™-Twill in Olivgrün bietet denselben matten Komfort wie unsere Bettbezüge – unaufdringlicher Luxus, Kissen für Kissen.",66.51,Heimtextilien > Bettwäsche > Kissenbezüge,50x90,Olive Green,10.00,0.00,0.00,4-7 Werktage,https://cdn.shopify.com/s/files/1/0884/0278/8685/files/tencel-sateen-pillowcase-olive-green-styled-01.jpg?v=1785868402
M280808,Coco & Cici,"Kissenbezug aus Tencel™-Twill, olivgrün",https://www.maisondecocon.com/products/tencel-twill-pillowcase-olive-green?variant=54447961145677,8721184401583,"Vervollständigen Sie Ihr Set mit passender Weichheit. Unser Kissenbezug aus Tencel™-Twill in Olivgrün bietet denselben matten Komfort wie unsere Bettbezüge – unaufdringlicher Luxus, Kissen für Kissen.",68.31,Heimtextilien > Bettwäsche > Kissenbezüge,80x80,Olive Green,10.00,0.00,0.00,4-7 Werktage,https://cdn.shopify.com/s/files/1/0884/0278/8685/files/tencel-sateen-pillowcase-olive-green-styled-01.jpg?v=1785868402
M250758,Coco & Cici,"Kissenbezug aus Tencel™-Twill, olivgrün",https://www.maisondecocon.com/products/tencel-twill-pillowcase-olive-green?variant=54447961014605,8721184401538,"Vervollständigen Sie Ihr Set mit passender Weichheit. Unser Kissenbezug aus Tencel™-Twill in Olivgrün bietet denselben matten Komfort wie unsere Bettbezüge – unaufdringlicher Luxus, Kissen für Kissen.",59.31,Heimtextilien > Bettwäsche > Kissenbezüge,50x75,Olive Green,10.00,0.00,0.00,4-7 Werktage,https://cdn.shopify.com/s/files/1/0884/0278/8685/files/tencel-sateen-pillowcase-olive-green-styled-01.jpg?v=1785868402
M250608,Coco & Cici,"Kissenbezug aus Tencel™-Twill, olivgrün",https://www.maisondecocon.com/products/tencel-twill-pillowcase-olive-green?variant=54447960981837,8721184401521,"Vervollständigen Sie Ihr Set mit passender Weichheit. Unser Kissenbezug aus Tencel™-Twill in Olivgrün bietet denselben matten Komfort wie unsere Bettbezüge – unaufdringlicher Luxus, Kissen für Kissen.",53.91,Heimtextilien > Bettwäsche > Kissenbezüge,50x60,Olive Green,10.00,0.00,0.00,4-7 Werktage,https://cdn.shopify.com/s/files/1/0884/0278/8685/files/tencel-sateen-pillowcase-olive-green-styled-01.jpg?v=1785868402
M265658,Coco & Cici,"Kissenbezug aus Tencel™-Twill, olivgrün",https://www.maisondecocon.com/products/tencel-twill-pillowcase-olive-green?variant=54447961112909,8721184401576,"Vervollständigen Sie Ihr Set mit passender Weichheit. Unser Kissenbezug aus Tencel™-Twill in Olivgrün bietet denselben matten Komfort wie unsere Bettbezüge – unaufdringlicher Luxus, Kissen für Kissen.",59.31,Heimtextilien > Bettwäsche > Kissenbezüge,65x65,Olive Green,10.00,0.00,0.00,4-7 Werktage,https://cdn.shopify.com/s/files/1/0884/0278/8685/files/tencel-sateen-pillowcase-olive-green-styled-01.jpg?v=1785868402
TDR57NB,Coco & Cici,Kissenbezug aus Tencel™-Twill in der Farbe „Dusty Rose“,https://www.maisondecocon.com/products/tencel-twill-pillowcase-dusty-rose?variant=54447961342285,8721184405550,"Vervollständigen Sie Ihr Set mit passender Weichheit. Unser Kissenbezug aus Tencel™-Twill in der Farbe „Dusty Rose“ bietet denselben matten Komfort wie unsere Bettbezüge – unaufdringlicher Luxus, Kissen für Kissen.",53.91,Heimtextilien > Bettwäsche > Kissenbezüge,50x70 without valance,Dusty Rose,10.00,0.00,0.00,4-7 Werktage,https://cdn.shopify.com/s/files/1/0884/0278/8685/files/tencel-twill-pillowcase-dusty-rose-styled-01.jpg?v=1785869540
TDR56,Coco & Cici,Kissenbezug aus Tencel™-Twill in der Farbe „Dusty Rose“,https://www.maisondecocon.com/products/tencel-twill-pillowcase-dusty-rose?variant=54447961309517,8721184405543,"Vervollständigen Sie Ihr Set mit passender Weichheit. Unser Kissenbezug aus Tencel™-Twill in der Farbe „Dusty Rose“ bietet denselben matten Komfort wie unsere Bettbezüge – unaufdringlicher Luxus, Kissen für Kissen.",53.91,Heimtextilien > Bettwäsche > Kissenbezüge,50x60,Dusty Rose,10.00,0.00,0.00,4-7 Werktage,https://cdn.shopify.com/s/files/1/0884/0278/8685/files/tencel-twill-pillowcase-dusty-rose-styled-01.jpg?v=1785869540
TDR67,Coco & Cici,Kissenbezug aus Tencel™-Twill in der Farbe „Dusty Rose“,https://www.maisondecocon.com/products/tencel-twill-pillowcase-dusty-rose?variant=54447961276749,8721184405536,"Vervollständigen Sie Ihr Set mit passender Weichheit. Unser Kissenbezug aus Tencel™-Twill in der Farbe „Dusty Rose“ bietet denselben matten Komfort wie unsere Bettbezüge – unaufdringlicher Luxus, Kissen für Kissen.",59.31,Heimtextilien > Bettwäsche > Kissenbezüge,60x70,Dusty Rose,10.00,0.00,0.00,4-7 Werktage,https://cdn.shopify.com/s/files/1/0884/0278/8685/files/tencel-twill-pillowcase-dusty-rose-styled-01.jpg?v=1785869540
M2507527,Coco & Cici,"Kissenbezug aus Tencel™-Twill, weiß",https://www.maisondecocon.com/products/tencel-twill-pillowcase-white?variant=54447961637197,8721184401934,"Vervollständigen Sie Ihr Set mit passender Weichheit. Unser Kissenbezug aus Tencel™-Twill in Weiß bietet denselben matten Komfort wie unsere Bettbezüge – unaufdringlicher Luxus, Kissen für Kissen.",55.71,Heimtextilien > Bettwäsche > Kissenbezüge,50x75 without Volant,White,10.00,0.00,0.00,4-7 Werktage,https://cdn.shopify.com/s/files/1/0884/0278/8685/files/tencel-twill-pillowcase-white-styled-01.jpg?v=1785869540
M265657,Coco & Cici,"Kissenbezug aus Tencel™-Twill, weiß",https://www.maisondecocon.com/products/tencel-twill-pillowcase-white?variant=54447961538893,8721184401903,"Vervollständigen Sie Ihr Set mit passender Weichheit. Unser Kissenbezug aus Tencel™-Twill in Weiß bietet denselben matten Komfort wie unsere Bettbezüge – unaufdringlicher Luxus, Kissen für Kissen.",59.31,Heimtextilien > Bettwäsche > Kissenbezüge,65x65,White,10.00,0.00,0.00,4-7 Werktage,https://cdn.shopify.com/s/files/1/0884/0278/8685/files/tencel-twill-pillowcase-white-styled-01.jpg?v=1785869540
M260707,Coco & Cici,"Kissenbezug aus Tencel™-Twill, weiß",https://www.maisondecocon.com/products/tencel-twill-pillowcase-white?variant=54447961506125,8721184401880,"Vervollständigen Sie Ihr Set mit passender Weichheit. Unser Kissenbezug aus Tencel™-Twill in Weiß bietet denselben matten Komfort wie unsere Bettbezüge – unaufdringlicher Luxus, Kissen für Kissen.",59.31,Heimtextilien > Bettwäsche > Kissenbezüge,Pre-order: 1 pillowcase 60x70 (available October 5),White,10.00,0.00,0.00,4-7 Werktage,https://cdn.shopify.com/s/files/1/0884/0278/8685/files/tencel-twill-pillowcase-white-styled-01.jpg?v=1785869540
M2607027,Coco & Cici,"Kissenbezug aus Tencel™-Twill, weiß",https://www.maisondecocon.com/products/tencel-twill-pillowcase-white?variant=54447961669965,8721184401941,"Vervollständigen Sie Ihr Set mit passender Weichheit. Unser Kissenbezug aus Tencel™-Twill in Weiß bietet denselben matten Komfort wie unsere Bettbezüge – unaufdringlicher Luxus, Kissen für Kissen.",53.91,Heimtextilien > Bettwäsche > Kissenbezüge,60x70 without valance,White,10.00,0.00,0.00,4-7 Werktage,https://cdn.shopify.com/s/files/1/0884/0278/8685/files/tencel-twill-pillowcase-white-styled-01.jpg?v=1785869540
M250607,Coco & Cici,"Kissenbezug aus Tencel™-Twill, weiß",https://www.maisondecocon.com/products/tencel-twill-pillowcase-white?variant=54447961407821,8721184401859,"Vervollständigen Sie Ihr Set mit passender Weichheit. Unser Kissenbezug aus Tencel™-Twill in Weiß bietet denselben matten Komfort wie unsere Bettbezüge – unaufdringlicher Luxus, Kissen für Kissen.",53.91,Heimtextilien > Bettwäsche > Kissenbezüge,50x60,White,10.00,0.00,0.00,4-7 Werktage,https://cdn.shopify.com/s/files/1/0884/0278/8685/files/tencel-twill-pillowcase-white-styled-01.jpg?v=1785869540
M240807,Coco & Cici,"Kissenbezug aus Tencel™-Twill, weiß",https://www.maisondecocon.com/products/tencel-twill-pillowcase-white?variant=54447961375053,8721184401842,"Vervollständigen Sie Ihr Set mit passender Weichheit. Unser Kissenbezug aus Tencel™-Twill in Weiß bietet denselben matten Komfort wie unsere Bettbezüge – unaufdringlicher Luxus, Kissen für Kissen.",59.31,Heimtextilien > Bettwäsche > Kissenbezüge,40x80,White,10.00,0.00,0.00,4-7 Werktage,https://cdn.shopify.com/s/files/1/0884/0278/8685/files/tencel-twill-pillowcase-white-styled-01.jpg?v=1785869540
M250907,Coco & Cici,"Kissenbezug aus Tencel™-Twill, weiß",https://www.maisondecocon.com/products/tencel-twill-pillowcase-white?variant=54447961473357,8721184401873,"Vervollständigen Sie Ihr Set mit passender Weichheit. Unser Kissenbezug aus Tencel™-Twill in Weiß bietet denselben matten Komfort wie unsere Bettbezüge – unaufdringlicher Luxus, Kissen für Kissen.",66.51,Heimtextilien > Bettwäsche > Kissenbezüge,50x90,White,10.00,0.00,0.00,4-7 Werktage,https://cdn.shopify.com/s/files/1/0884/0278/8685/files/tencel-twill-pillowcase-white-styled-01.jpg?v=1785869540
M250757,Coco & Cici,"Kissenbezug aus Tencel™-Twill, weiß",https://www.maisondecocon.com/products/tencel-twill-pillowcase-white?variant=54447961440589,8721184401866,"Vervollständigen Sie Ihr Set mit passender Weichheit. Unser Kissenbezug aus Tencel™-Twill in Weiß bietet denselben matten Komfort wie unsere Bettbezüge – unaufdringlicher Luxus, Kissen für Kissen.",59.31,Heimtextilien > Bettwäsche > Kissenbezüge,50x75,White,10.00,0.00,0.00,4-7 Werktage,https://cdn.shopify.com/s/files/1/0884/0278/8685/files/tencel-twill-pillowcase-white-styled-01.jpg?v=1785869540
M280807,Coco & Cici,"Kissenbezug aus Tencel™-Twill, weiß",https://www.maisondecocon.com/products/tencel-twill-pillowcase-white?variant=54447961571661,8721184401910,"Vervollständigen Sie Ihr Set mit passender Weichheit. Unser Kissenbezug aus Tencel™-Twill in Weiß bietet denselben matten Komfort wie unsere Bettbezüge – unaufdringlicher Luxus, Kissen für Kissen.",68.31,Heimtextilien > Bettwäsche > Kissenbezüge,80x80,White,10.00,0.00,0.00,4-7 Werktage,https://cdn.shopify.com/s/files/1/0884/0278/8685/files/tencel-twill-pillowcase-white-styled-01.jpg?v=1785869540
2607021,Coco & Cici,"Kissenbezug aus Tencel™-Satin, weiß",https://www.maisondecocon.com/products/tencel-sateen-pillowcase-white?variant=54447961768269,8721184402467,"Unser Kissenbezug aus Tencel™-Satin in Weiß ist geschmeidig, atmungsaktiv und mit einem sanften Satinschimmer versehen. Er passt perfekt zu jedem unserer Satin-Bettbezüge – oder macht auch für sich allein eine hervorragende Figur.",62.91,Heimtextilien > Bettwäsche > Kissenbezüge,60x70 without valance,White,10.00,0.00,0.00,4-7 Werktage,https://cdn.shopify.com/s/files/1/0884/0278/8685/files/tencel-sateen-pillowcase-white-styled-01.jpg?v=1785869540
250751,Coco & Cici,"Kissenbezug aus Tencel™-Satin, weiß",https://www.maisondecocon.com/products/tencel-sateen-pillowcase-white?variant=54447961899341,6097741312350,"Unser Kissenbezug aus Tencel™-Satin in Weiß ist geschmeidig, atmungsaktiv und mit einem sanften Satinschimmer versehen. Er passt perfekt zu jedem unserer Satin-Bettbezüge – oder macht auch für sich allein eine hervorragende Figur.",71.91,Heimtextilien > Bettwäsche > Kissenbezüge,50x75,White,10.00,0.00,0.00,4-7 Werktage,https://cdn.shopify.com/s/files/1/0884/0278/8685/files/tencel-sateen-pillowcase-white-styled-01.jpg?v=1785869540
265651,Coco & Cici,"Kissenbezug aus Tencel™-Satin, weiß",https://www.maisondecocon.com/products/tencel-sateen-pillowcase-white?variant=54447961932109,6097741097011,"Unser Kissenbezug aus Tencel™-Satin in Weiß ist geschmeidig, atmungsaktiv und mit einem sanften Satinschimmer versehen. Er passt perfekt zu jedem unserer Satin-Bettbezüge – oder macht auch für sich allein eine hervorragende Figur.",71.91,Heimtextilien > Bettwäsche > Kissenbezüge,65x65,White,10.00,0.00,0.00,4-7 Werktage,https://cdn.shopify.com/s/files/1/0884/0278/8685/files/tencel-sateen-pillowcase-white-styled-01.jpg?v=1785869540
260701,Coco & Cici,"Kissenbezug aus Tencel™-Satin, weiß",https://www.maisondecocon.com/products/tencel-sateen-pillowcase-white?variant=54447961702733,8721184402429,"Unser Kissenbezug aus Tencel™-Satin in Weiß ist geschmeidig, atmungsaktiv und mit einem sanften Satinschimmer versehen. Er passt perfekt zu jedem unserer Satin-Bettbezüge – oder macht auch für sich allein eine hervorragende Figur.",71.91,Heimtextilien > Bettwäsche > Kissenbezüge,60x70,White,10.00,0.00,0.00,4-7 Werktage,https://cdn.shopify.com/s/files/1/0884/0278/8685/files/tencel-sateen-pillowcase-white-styled-01.jpg?v=1785869540
2507021,Coco & Cici,"Kissenbezug aus Tencel™-Satin, weiß",https://www.maisondecocon.com/products/tencel-sateen-pillowcase-white?variant=54447961801037,8721184402450,"Unser Kissenbezug aus Tencel™-Satin in Weiß ist geschmeidig, atmungsaktiv und mit einem sanften Satinschimmer versehen. Er passt perfekt zu jedem unserer Satin-Bettbezüge – oder macht auch für sich allein eine hervorragende Figur.",57.51,Heimtextilien > Bettwäsche > Kissenbezüge,Pre-order: 1 pillowcase 50x70 without valance (available October 5),White,10.00,0.00,0.00,4-7 Werktage,https://cdn.shopify.com/s/files/1/0884/0278/8685/files/tencel-sateen-pillowcase-white-styled-01.jpg?v=1785869540
250901,Coco & Cici,"Kissenbezug aus Tencel™-Satin, weiß",https://www.maisondecocon.com/products/tencel-sateen-pillowcase-white?variant=54447961866573,6097741424473,"Unser Kissenbezug aus Tencel™-Satin in Weiß ist geschmeidig, atmungsaktiv und mit einem sanften Satinschimmer versehen. Er passt perfekt zu jedem unserer Satin-Bettbezüge – oder macht auch für sich allein eine hervorragende Figur.",75.51,Heimtextilien > Bettwäsche > Kissenbezüge,50x90,White,10.00,0.00,0.00,4-7 Werktage,https://cdn.shopify.com/s/files/1/0884/0278/8685/files/tencel-sateen-pillowcase-white-styled-01.jpg?v=1785869540
240801,Coco & Cici,"Kissenbezug aus Tencel™-Satin, weiß",https://www.maisondecocon.com/products/tencel-sateen-pillowcase-white?variant=54447961964877,7423608926948,"Unser Kissenbezug aus Tencel™-Satin in Weiß ist geschmeidig, atmungsaktiv und mit einem sanften Satinschimmer versehen. Er passt perfekt zu jedem unserer Satin-Bettbezüge – oder macht auch für sich allein eine hervorragende Figur.",62.91,Heimtextilien > Bettwäsche > Kissenbezüge,40x80,White,10.00,0.00,0.00,4-7 Werktage,https://cdn.shopify.com/s/files/1/0884/0278/8685/files/tencel-sateen-pillowcase-white-styled-01.jpg?v=1785869540
2507521,Coco & Cici,"Kissenbezug aus Tencel™-Satin, weiß",https://www.maisondecocon.com/products/tencel-sateen-pillowcase-white?variant=54447961997645,8721184401071,"Unser Kissenbezug aus Tencel™-Satin in Weiß ist geschmeidig, atmungsaktiv und mit einem sanften Satinschimmer versehen. Er passt perfekt zu jedem unserer Satin-Bettbezüge – oder macht auch für sich allein eine hervorragende Figur.",62.91,Heimtextilien > Bettwäsche > Kissenbezüge,50x75 without Volant,White,10.00,0.00,0.00,4-7 Werktage,https://cdn.shopify.com/s/files/1/0884/0278/8685/files/tencel-sateen-pillowcase-white-styled-01.jpg?v=1785869540
250601,Coco & Cici,"Kissenbezug aus Tencel™-Satin, weiß",https://www.maisondecocon.com/products/tencel-sateen-pillowcase-white?variant=54447961735501,7439634187161,"Unser Kissenbezug aus Tencel™-Satin in Weiß ist geschmeidig, atmungsaktiv und mit einem sanften Satinschimmer versehen. Er passt perfekt zu jedem unserer Satin-Bettbezüge – oder macht auch für sich allein eine hervorragende Figur.",62.91,Heimtextilien > Bettwäsche > Kissenbezüge,Pre-order: 1 pillowcase 50x60 (available October 5),White,10.00,0.00,0.00,4-7 Werktage,https://cdn.shopify.com/s/files/1/0884/0278/8685/files/tencel-sateen-pillowcase-white-styled-01.jpg?v=1785869540
280801,Coco & Cici,"Kissenbezug aus Tencel™-Satin, weiß",https://www.maisondecocon.com/products/tencel-sateen-pillowcase-white?variant=54447961833805,7423609016051,"Unser Kissenbezug aus Tencel™-Satin in Weiß ist geschmeidig, atmungsaktiv und mit einem sanften Satinschimmer versehen. Er passt perfekt zu jedem unserer Satin-Bettbezüge – oder macht auch für sich allein eine hervorragende Figur.",77.31,Heimtextilien > Bettwäsche > Kissenbezüge,80x80,White,10.00,0.00,0.00,4-7 Werktage,https://cdn.shopify.com/s/files/1/0884/0278/8685/files/tencel-sateen-pillowcase-white-styled-01.jpg?v=1785869540
SPW56,Coco & Cici,"Kissenbezug aus Tencel™-Satin, pfirsichfarben-weiß",https://www.maisondecocon.com/products/tencel-sateen-pillowcase-peach-white?variant=54447962063181,8721184406151,"Glatt, atmungsaktiv und mit einem sanften Satin-Glanz versehen – unser Tencel™-Satin-Kissenbezug in der Farbe „Peach White“ passt perfekt zu jedem unserer Satin-Bettbezüge – oder macht sich auch ganz für sich allein wunderbar.",62.91,Heimtextilien > Bettwäsche > Kissenbezüge,Pre-order: 1 pillowcase 50x60 (available October 5),Peach White,10.00,0.00,0.00,4-7 Werktage,https://cdn.shopify.com/s/files/1/0884/0278/8685/files/tencel-sateen-pillowcase-peach-white-styled-01.jpg?v=1785869525;https://cdn.shopify.com/s/files/1/0884/0278/8685/files/tencel-sateen-pillowcase-peach-white-lifestyle-01.jpg?v=1785869525;https://cdn.shopify.com/s/files/1/0884/0278/8685/files/tencel-sateen-pillowcase-peach-white-styled-02.jpg?v=1785869525;https://cdn.shopify.com/s/files/1/0884/0278/8685/files/tencel-sateen-pillowcase-peach-white-detail-01.jpg?v=1785869525;https://cdn.shopify.com/s/files/1/0884/0278/8685/files/tencel-sateen-pillowcase-peach-white-texture-01.jpg?v=1785869525
SPW57NB,Coco & Cici,"Kissenbezug aus Tencel™-Satin, pfirsichfarben-weiß",https://www.maisondecocon.com/products/tencel-sateen-pillowcase-peach-white?variant=54447962095949,8721184406168,"Glatt, atmungsaktiv und mit einem sanften Satin-Glanz versehen – unser Tencel™-Satin-Kissenbezug in der Farbe „Peach White“ passt perfekt zu jedem unserer Satin-Bettbezüge – oder macht sich auch ganz für sich allein wunderbar.",57.51,Heimtextilien > Bettwäsche > Kissenbezüge,50x70 without valance,Peach White,10.00,0.00,0.00,4-7 Werktage,https://cdn.shopify.com/s/files/1/0884/0278/8685/files/tencel-sateen-pillowcase-peach-white-styled-01.jpg?v=1785869525;https://cdn.shopify.com/s/files/1/0884/0278/8685/files/tencel-sateen-pillowcase-peach-white-lifestyle-01.jpg?v=1785869525;https://cdn.shopify.com/s/files/1/0884/0278/8685/files/tencel-sateen-pillowcase-peach-white-styled-02.jpg?v=1785869525;https://cdn.shopify.com/s/files/1/0884/0278/8685/files/tencel-sateen-pillowcase-peach-white-detail-01.jpg?v=1785869525;https://cdn.shopify.com/s/files/1/0884/0278/8685/files/tencel-sateen-pillowcase-peach-white-texture-01.jpg?v=1785869525
SPW67NB,Coco & Cici,"Kissenbezug aus Tencel™-Satin, pfirsichfarben-weiß",https://www.maisondecocon.com/products/tencel-sateen-pillowcase-peach-white?variant=54447962128717,8721184406175,"Glatt, atmungsaktiv und mit einem sanften Satin-Glanz versehen – unser Tencel™-Satin-Kissenbezug in der Farbe „Peach White“ passt perfekt zu jedem unserer Satin-Bettbezüge – oder macht sich auch ganz für sich allein wunderbar.",62.91,Heimtextilien > Bettwäsche > Kissenbezüge,60x70 without valance,Peach White,10.00,0.00,0.00,4-7 Werktage,https://cdn.shopify.com/s/files/1/0884/0278/8685/files/tencel-sateen-pillowcase-peach-white-styled-01.jpg?v=1785869525;https://cdn.shopify.com/s/files/1/0884/0278/8685/files/tencel-sateen-pillowcase-peach-white-lifestyle-01.jpg?v=1785869525;https://cdn.shopify.com/s/files/1/0884/0278/8685/files/tencel-sateen-pillowcase-peach-white-styled-02.jpg?v=1785869525;https://cdn.shopify.com/s/files/1/0884/0278/8685/files/tencel-sateen-pillowcase-peach-white-detail-01.jpg?v=1785869525;https://cdn.shopify.com/s/files/1/0884/0278/8685/files/tencel-sateen-pillowcase-peach-white-texture-01.jpg?v=1785869525
SPW67,Coco & Cici,"Kissenbezug aus Tencel™-Satin, pfirsichfarben-weiß",https://www.maisondecocon.com/products/tencel-sateen-pillowcase-peach-white?variant=54447962030413,8721184406144,"Glatt, atmungsaktiv und mit einem sanften Satin-Glanz versehen – unser Tencel™-Satin-Kissenbezug in der Farbe „Peach White“ passt perfekt zu jedem unserer Satin-Bettbezüge – oder macht sich auch ganz für sich allein wunderbar.",71.91,Heimtextilien > Bettwäsche > Kissenbezüge,Pre-order: 1 pillowcase 60x70 (available October 5),Peach White,10.00,0.00,0.00,4-7 Werktage,https://cdn.shopify.com/s/files/1/0884/0278/8685/files/tencel-sateen-pillowcase-peach-white-styled-01.jpg?v=1785869525;https://cdn.shopify.com/s/files/1/0884/0278/8685/files/tencel-sateen-pillowcase-peach-white-lifestyle-01.jpg?v=1785869525;https://cdn.shopify.com/s/files/1/0884/0278/8685/files/tencel-sateen-pillowcase-peach-white-styled-02.jpg?v=1785869525;https://cdn.shopify.com/s/files/1/0884/0278/8685/files/tencel-sateen-pillowcase-peach-white-detail-01.jpg?v=1785869525;https://cdn.shopify.com/s/files/1/0884/0278/8685/files/tencel-sateen-pillowcase-peach-white-texture-01.jpg?v=1785869525
TDB56,Coco & Cici,"Kissenbezug aus Tencel™-Twill, dunkelblau",https://www.maisondecocon.com/products/tencel-twill-pillowcase-dark-blue?variant=54447962194253,8721184405697,"Vervollständigen Sie Ihr Set mit passender Weichheit. Unser Kissenbezug aus Tencel™-Twill in Dunkelblau bietet denselben matten Komfort wie unsere Bettbezüge – diskreter Luxus, Kissen für Kissen.",53.91,Heimtextilien > Bettwäsche > Kissenbezüge,50x60,Dark Blue,10.00,0.00,0.00,4-7 Werktage,https://cdn.shopify.com/s/files/1/0884/0278/8685/files/tencel-twill-pillowcase-dark-blue-styled-01.jpg?v=1785869525
TDB67,Coco & Cici,"Kissenbezug aus Tencel™-Twill, dunkelblau",https://www.maisondecocon.com/products/tencel-twill-pillowcase-dark-blue?variant=54447962161485,8721184405680,"Vervollständigen Sie Ihr Set mit passender Weichheit. Unser Kissenbezug aus Tencel™-Twill in Dunkelblau bietet denselben matten Komfort wie unsere Bettbezüge – diskreter Luxus, Kissen für Kissen.",59.31,Heimtextilien > Bettwäsche > Kissenbezüge,60x70,Dark Blue,10.00,0.00,0.00,4-7 Werktage,https://cdn.shopify.com/s/files/1/0884/0278/8685/files/tencel-twill-pillowcase-dark-blue-styled-01.jpg?v=1785869525
TLB56,Coco & Cici,Kissenbezug aus Tencel™-Twill in Lavendelblau,https://www.maisondecocon.com/products/tencel-twill-pillowcase-lavender-blue?variant=54447962325325,8721184405840,"Vervollständigen Sie Ihr Set mit passender Weichheit. Unser Kissenbezug aus Tencel™-Twill in Lavendelblau bietet denselben matten Komfort wie unsere Bettbezüge – unaufdringlicher Luxus, Kissen für Kissen.",53.91,Heimtextilien > Bettwäsche > Kissenbezüge,50x60,Lavender Blue,10.00,0.00,0.00,4-7 Werktage,https://cdn.shopify.com/s/files/1/0884/0278/8685/files/tencel-twill-pillowcase-lavender-blue-styled-01.jpg?v=1785869506;https://cdn.shopify.com/s/files/1/0884/0278/8685/files/tencel-twill-pillowcase-lavender-blue-styled-02.jpg?v=1785869506;https://cdn.shopify.com/s/files/1/0884/0278/8685/files/tencel-twill-pillowcase-lavender-blue-lifestyle-01.jpg?v=1785869506;https://cdn.shopify.com/s/files/1/0884/0278/8685/files/tencel-twill-pillowcase-lavender-blue-detail-01.jpg?v=1785869506;https://cdn.shopify.com/s/files/1/0884/0278/8685/files/tencel-twill-pillowcase-lavender-blue-texture-01.jpg?v=1785869506
TLB67,Coco & Cici,Kissenbezug aus Tencel™-Twill in Lavendelblau,https://www.maisondecocon.com/products/tencel-twill-pillowcase-lavender-blue?variant=54447962292557,8721184405833,"Vervollständigen Sie Ihr Set mit passender Weichheit. Unser Kissenbezug aus Tencel™-Twill in Lavendelblau bietet denselben matten Komfort wie unsere Bettbezüge – unaufdringlicher Luxus, Kissen für Kissen.",59.31,Heimtextilien > Bettwäsche > Kissenbezüge,60x70,Lavender Blue,10.00,0.00,0.00,4-7 Werktage,https://cdn.shopify.com/s/files/1/0884/0278/8685/files/tencel-twill-pillowcase-lavender-blue-styled-01.jpg?v=1785869506;https://cdn.shopify.com/s/files/1/0884/0278/8685/files/tencel-twill-pillowcase-lavender-blue-styled-02.jpg?v=1785869506;https://cdn.shopify.com/s/files/1/0884/0278/8685/files/tencel-twill-pillowcase-lavender-blue-lifestyle-01.jpg?v=1785869506;https://cdn.shopify.com/s/files/1/0884/0278/8685/files/tencel-twill-pillowcase-lavender-blue-detail-01.jpg?v=1785869506;https://cdn.shopify.com/s/files/1/0884/0278/8685/files/tencel-twill-pillowcase-lavender-blue-texture-01.jpg?v=1785869506
TLB57NB,Coco & Cici,Kissenbezug aus Tencel™-Twill in Lavendelblau,https://www.maisondecocon.com/products/tencel-twill-pillowcase-lavender-blue?variant=54447962358093,8721184405857,"Vervollständigen Sie Ihr Set mit passender Weichheit. Unser Kissenbezug aus Tencel™-Twill in Lavendelblau bietet denselben matten Komfort wie unsere Bettbezüge – unaufdringlicher Luxus, Kissen für Kissen.",53.91,Heimtextilien > Bettwäsche > Kissenbezüge,50x70 without valance,Lavender Blue,10.00,0.00,0.00,4-7 Werktage,https://cdn.shopify.com/s/files/1/0884/0278/8685/files/tencel-twill-pillowcase-lavender-blue-styled-01.jpg?v=1785869506;https://cdn.shopify.com/s/files/1/0884/0278/8685/files/tencel-twill-pillowcase-lavender-blue-styled-02.jpg?v=1785869506;https://cdn.shopify.com/s/files/1/0884/0278/8685/files/tencel-twill-pillowcase-lavender-blue-lifestyle-01.jpg?v=1785869506;https://cdn.shopify.com/s/files/1/0884/0278/8685/files/tencel-twill-pillowcase-lavender-blue-detail-01.jpg?v=1785869506;https://cdn.shopify.com/s/files/1/0884/0278/8685/files/tencel-twill-pillowcase-lavender-blue-texture-01.jpg?v=1785869506
TOY57NB,Coco & Cici,Kissenbezug aus Tencel™-Twill in Ockergelb,https://www.maisondecocon.com/products/tencel-twill-pillowcase-ocher-yellow?variant=54447962456397,8721184405406,"Vervollständigen Sie Ihr Set mit passender Weichheit. Unser Kissenbezug aus Tencel™-Twill in Ockergelb bietet denselben matten Komfort wie unsere Bettbezüge – diskreter Luxus, Kissen für Kissen.",53.91,Heimtextilien > Bettwäsche > Kissenbezüge,50x70 without valance,Ocher Yellow,10.00,0.00,0.00,4-7 Werktage,https://cdn.shopify.com/s/files/1/0884/0278/8685/files/tencel-twill-pillowcase-ocher-yellow-styled-01.jpg?v=1785869487
TOY56,Coco & Cici,Kissenbezug aus Tencel™-Twill in Ockergelb,https://www.maisondecocon.com/products/tencel-twill-pillowcase-ocher-yellow?variant=54447962423629,8721184405390,"Vervollständigen Sie Ihr Set mit passender Weichheit. Unser Kissenbezug aus Tencel™-Twill in Ockergelb bietet denselben matten Komfort wie unsere Bettbezüge – diskreter Luxus, Kissen für Kissen.",53.91,Heimtextilien > Bettwäsche > Kissenbezüge,50x60,Ocher Yellow,10.00,0.00,0.00,4-7 Werktage,https://cdn.shopify.com/s/files/1/0884/0278/8685/files/tencel-twill-pillowcase-ocher-yellow-styled-01.jpg?v=1785869487
TOY67,Coco & Cici,Kissenbezug aus Tencel™-Twill in Ockergelb,https://www.maisondecocon.com/products/tencel-twill-pillowcase-ocher-yellow?variant=54447962390861,8721184405383,"Vervollständigen Sie Ihr Set mit passender Weichheit. Unser Kissenbezug aus Tencel™-Twill in Ockergelb bietet denselben matten Komfort wie unsere Bettbezüge – diskreter Luxus, Kissen für Kissen.",59.31,Heimtextilien > Bettwäsche > Kissenbezüge,60x70,Ocher Yellow,10.00,0.00,0.00,4-7 Werktage,https://cdn.shopify.com/s/files/1/0884/0278/8685/files/tencel-twill-pillowcase-ocher-yellow-styled-01.jpg?v=1785869487
SWS56,Coco & Cici,"Kissenbezug aus Tencel™-Satin, „White Sand“",https://www.maisondecocon.com/products/tencel-sateen-pillowcase-white-sand?variant=54447962521933,8721184405994,"Glatt, atmungsaktiv und mit einem sanften Satin-Glanz versehen – unser Tencel™-Satin-Kissenbezug in der Farbe „White Sand“ passt perfekt zu jedem unserer Satin-Bettbezüge – oder macht sich auch ganz allein hervorragend.",62.91,Heimtextilien > Bettwäsche > Kissenbezüge,50x60,White Sand,10.00,0.00,0.00,4-7 Werktage,https://cdn.shopify.com/s/files/1/0884/0278/8685/files/tencel-sateen-pillowcase-white-sand-styled-01.jpg?v=1785869487;https://cdn.shopify.com/s/files/1/0884/0278/8685/files/tencel-sateen-pillowcase-white-sand-styled-02.jpg?v=1785869487;https://cdn.shopify.com/s/files/1/0884/0278/8685/files/tencel-sateen-pillowcase-white-sand-lifestyle-01.jpg?v=1785869487;https://cdn.shopify.com/s/files/1/0884/0278/8685/files/tencel-sateen-pillowcase-white-sand-detail-01.jpg?v=1785869487;https://cdn.shopify.com/s/files/1/0884/0278/8685/files/tencel-sateen-pillowcase-white-sand-texture-01.jpg?v=1785869487
SWS67NB,Coco & Cici,"Kissenbezug aus Tencel™-Satin, „White Sand“",https://www.maisondecocon.com/products/tencel-sateen-pillowcase-white-sand?variant=54447962587469,8721184406014,"Glatt, atmungsaktiv und mit einem sanften Satin-Glanz versehen – unser Tencel™-Satin-Kissenbezug in der Farbe „White Sand“ passt perfekt zu jedem unserer Satin-Bettbezüge – oder macht sich auch ganz allein hervorragend.",62.91,Heimtextilien > Bettwäsche > Kissenbezüge,Pre-order: 1 pillowcase 60x70 without valance (available September 25),White Sand,10.00,0.00,0.00,4-7 Werktage,https://cdn.shopify.com/s/files/1/0884/0278/8685/files/tencel-sateen-pillowcase-white-sand-styled-01.jpg?v=1785869487;https://cdn.shopify.com/s/files/1/0884/0278/8685/files/tencel-sateen-pillowcase-white-sand-styled-02.jpg?v=1785869487;https://cdn.shopify.com/s/files/1/0884/0278/8685/files/tencel-sateen-pillowcase-white-sand-lifestyle-01.jpg?v=1785869487;https://cdn.shopify.com/s/files/1/0884/0278/8685/files/tencel-sateen-pillowcase-white-sand-detail-01.jpg?v=1785869487;https://cdn.shopify.com/s/files/1/0884/0278/8685/files/tencel-sateen-pillowcase-white-sand-texture-01.jpg?v=1785869487
SWS57NB,Coco & Cici,"Kissenbezug aus Tencel™-Satin, „White Sand“",https://www.maisondecocon.com/products/tencel-sateen-pillowcase-white-sand?variant=54447962554701,8721184406007,"Glatt, atmungsaktiv und mit einem sanften Satin-Glanz versehen – unser Tencel™-Satin-Kissenbezug in der Farbe „White Sand“ passt perfekt zu jedem unserer Satin-Bettbezüge – oder macht sich auch ganz allein hervorragend.",57.51,Heimtextilien > Bettwäsche > Kissenbezüge,Pre-order: 1 pillowcase 50x70 without valance (available October 5),White Sand,10.00,0.00,0.00,4-7 Werktage,https://cdn.shopify.com/s/files/1/0884/0278/8685/files/tencel-sateen-pillowcase-white-sand-styled-01.jpg?v=1785869487;https://cdn.shopify.com/s/files/1/0884/0278/8685/files/tencel-sateen-pillowcase-white-sand-styled-02.jpg?v=1785869487;https://cdn.shopify.com/s/files/1/0884/0278/8685/files/tencel-sateen-pillowcase-white-sand-lifestyle-01.jpg?v=1785869487;https://cdn.shopify.com/s/files/1/0884/0278/8685/files/tencel-sateen-pillowcase-white-sand-detail-01.jpg?v=1785869487;https://cdn.shopify.com/s/files/1/0884/0278/8685/files/tencel-sateen-pillowcase-white-sand-texture-01.jpg?v=1785869487
12602205VS,Coco & Cici,"Bettbezug aus Tencel™-Satin, cremefarben",https://www.maisondecocon.com/products/tencel-sateen-duvet-cover-off-white?variant=54447963373901,8721184402269,"Wachen Sie auf, als wären Sie noch im Urlaub. Unser Bettbezug aus Tencel™-Satin in Off-White verleiht Ihrem Schlafzimmer eine geschmeidige, strahlende Weichheit – mit einem natürlichen Glanz, der mit der Zeit immer schöner wird.",269.95,Heimtextilien > Bettwäsche > Bettbezüge,Pre-order: 260x220 + 2 pillowcases 60x70 (available October 5),Off White,10.00,0.00,0.00,4-7 Werktage,https://cdn.shopify.com/s/files/1/0884/0278/8685/files/tencel-sateen-duvet-cover-off-white-styled-01.jpg?v=1785869466;https://cdn.shopify.com/s/files/1/0884/0278/8685/files/tencel-sateen-duvet-cover-off-white-lifestyle-01.jpg?v=1785869466;https://cdn.shopify.com/s/files/1/0884/0278/8685/files/tencel-sateen-duvet-cover-off-white-lifestyle-02.jpg?v=1785869466;https://cdn.shopify.com/s/files/1/0884/0278/8685/files/tencel-sateen-duvet-cover-off-white-detail-01.jpg?v=1785869466;https://cdn.shopify.com/s/files/1/0884/0278/8685/files/tencel-sateen-duvet-cover-off-white-texture-01.jpg?v=1785869466
11402005VS,Coco & Cici,"Bettbezug aus Tencel™-Satin, cremefarben",https://www.maisondecocon.com/products/tencel-sateen-duvet-cover-off-white?variant=54447963242829,8721184402214,"Wachen Sie auf, als wären Sie noch im Urlaub. Unser Bettbezug aus Tencel™-Satin in Off-White verleiht Ihrem Schlafzimmer eine geschmeidige, strahlende Weichheit – mit einem natürlichen Glanz, der mit der Zeit immer schöner wird.",159.95,Heimtextilien > Bettwäsche > Bettbezüge,Pre-order: 140x200 + 1 pillowcase 60x70 (available October 5),Off White,10.00,0.00,0.00,4-7 Werktage,https://cdn.shopify.com/s/files/1/0884/0278/8685/files/tencel-sateen-duvet-cover-off-white-styled-01.jpg?v=1785869466;https://cdn.shopify.com/s/files/1/0884/0278/8685/files/tencel-sateen-duvet-cover-off-white-lifestyle-01.jpg?v=1785869466;https://cdn.shopify.com/s/files/1/0884/0278/8685/files/tencel-sateen-duvet-cover-off-white-lifestyle-02.jpg?v=1785869466;https://cdn.shopify.com/s/files/1/0884/0278/8685/files/tencel-sateen-duvet-cover-off-white-detail-01.jpg?v=1785869466;https://cdn.shopify.com/s/files/1/0884/0278/8685/files/tencel-sateen-duvet-cover-off-white-texture-01.jpg?v=1785869466
12402205VS,Coco & Cici,"Bettbezug aus Tencel™-Satin, cremefarben",https://www.maisondecocon.com/products/tencel-sateen-duvet-cover-off-white?variant=54447963341133,8721184403747,"Wachen Sie auf, als wären Sie noch im Urlaub. Unser Bettbezug aus Tencel™-Satin in Off-White verleiht Ihrem Schlafzimmer eine geschmeidige, strahlende Weichheit – mit einem natürlichen Glanz, der mit der Zeit immer schöner wird.",249.95,Heimtextilien > Bettwäsche > Bettbezüge,Pre-order: 240x220 + 2 pillowcases 60x70 (available October 5),Off White,10.00,0.00,0.00,4-7 Werktage,https://cdn.shopify.com/s/files/1/0884/0278/8685/files/tencel-sateen-duvet-cover-off-white-styled-01.jpg?v=1785869466;https://cdn.shopify.com/s/files/1/0884/0278/8685/files/tencel-sateen-duvet-cover-off-white-lifestyle-01.jpg?v=1785869466;https://cdn.shopify.com/s/files/1/0884/0278/8685/files/tencel-sateen-duvet-cover-off-white-lifestyle-02.jpg?v=1785869466;https://cdn.shopify.com/s/files/1/0884/0278/8685/files/tencel-sateen-duvet-cover-off-white-detail-01.jpg?v=1785869466;https://cdn.shopify.com/s/files/1/0884/0278/8685/files/tencel-sateen-duvet-cover-off-white-texture-01.jpg?v=1785869466
12002205VS,Coco & Cici,"Bettbezug aus Tencel™-Satin, cremefarben",https://www.maisondecocon.com/products/tencel-sateen-duvet-cover-off-white?variant=54447963308365,8721184403709,"Wachen Sie auf, als wären Sie noch im Urlaub. Unser Bettbezug aus Tencel™-Satin in Off-White verleiht Ihrem Schlafzimmer eine geschmeidige, strahlende Weichheit – mit einem natürlichen Glanz, der mit der Zeit immer schöner wird.",229.95,Heimtextilien > Bettwäsche > Bettbezüge,Pre-order: 200x220 + 2 pillowcases 60x70 (available October 5),Off White,10.00,0.00,0.00,4-7 Werktage,https://cdn.shopify.com/s/files/1/0884/0278/8685/files/tencel-sateen-duvet-cover-off-white-styled-01.jpg?v=1785869466;https://cdn.shopify.com/s/files/1/0884/0278/8685/files/tencel-sateen-duvet-cover-off-white-lifestyle-01.jpg?v=1785869466;https://cdn.shopify.com/s/files/1/0884/0278/8685/files/tencel-sateen-duvet-cover-off-white-lifestyle-02.jpg?v=1785869466;https://cdn.shopify.com/s/files/1/0884/0278/8685/files/tencel-sateen-duvet-cover-off-white-detail-01.jpg?v=1785869466;https://cdn.shopify.com/s/files/1/0884/0278/8685/files/tencel-sateen-duvet-cover-off-white-texture-01.jpg?v=1785869466
11402205VS,Coco & Cici,"Bettbezug aus Tencel™-Satin, cremefarben",https://www.maisondecocon.com/products/tencel-sateen-duvet-cover-off-white?variant=54447963275597,8721184402221,"Wachen Sie auf, als wären Sie noch im Urlaub. Unser Bettbezug aus Tencel™-Satin in Off-White verleiht Ihrem Schlafzimmer eine geschmeidige, strahlende Weichheit – mit einem natürlichen Glanz, der mit der Zeit immer schöner wird.",159.95,Heimtextilien > Bettwäsche > Bettbezüge,Pre-order: 140x220 + 1 pillowcase 60x70 (available October 5),Off White,10.00,0.00,0.00,4-7 Werktage,https://cdn.shopify.com/s/files/1/0884/0278/8685/files/tencel-sateen-duvet-cover-off-white-styled-01.jpg?v=1785869466;https://cdn.shopify.com/s/files/1/0884/0278/8685/files/tencel-sateen-duvet-cover-off-white-lifestyle-01.jpg?v=1785869466;https://cdn.shopify.com/s/files/1/0884/0278/8685/files/tencel-sateen-duvet-cover-off-white-lifestyle-02.jpg?v=1785869466;https://cdn.shopify.com/s/files/1/0884/0278/8685/files/tencel-sateen-duvet-cover-off-white-detail-01.jpg?v=1785869466;https://cdn.shopify.com/s/files/1/0884/0278/8685/files/tencel-sateen-duvet-cover-off-white-texture-01.jpg?v=1785869466
12002005VS,Coco & Cici,"Bettbezug aus Tencel™-Satin, cremefarben",https://www.maisondecocon.com/products/tencel-sateen-duvet-cover-off-white?variant=54447963406669,8721184403662,"Wachen Sie auf, als wären Sie noch im Urlaub. Unser Bettbezug aus Tencel™-Satin in Off-White verleiht Ihrem Schlafzimmer eine geschmeidige, strahlende Weichheit – mit einem natürlichen Glanz, der mit der Zeit immer schöner wird.",229.95,Heimtextilien > Bettwäsche > Bettbezüge,200x200 + 2 pillowcases 60x70,Off White,10.00,0.00,0.00,4-7 Werktage,https://cdn.shopify.com/s/files/1/0884/0278/8685/files/tencel-sateen-duvet-cover-off-white-styled-01.jpg?v=1785869466;https://cdn.shopify.com/s/files/1/0884/0278/8685/files/tencel-sateen-duvet-cover-off-white-lifestyle-01.jpg?v=1785869466;https://cdn.shopify.com/s/files/1/0884/0278/8685/files/tencel-sateen-duvet-cover-off-white-lifestyle-02.jpg?v=1785869466;https://cdn.shopify.com/s/files/1/0884/0278/8685/files/tencel-sateen-duvet-cover-off-white-detail-01.jpg?v=1785869466;https://cdn.shopify.com/s/files/1/0884/0278/8685/files/tencel-sateen-duvet-cover-off-white-texture-01.jpg?v=1785869466
721301802,Coco & Cici,Alpaka-Merinowolle-Decke,https://www.maisondecocon.com/products/alpaca-plaids?variant=54447980642637,7423614658659,Wunderbar warm und wunderschön schlicht. Unsere Alpaka-Merinowolle-Decke in Warm Ecru mit einem dezenten Hauch von Rosa ist in höchster Qualität gewebt – ein echter Blickfang für Ihr Schlafzimmer.,199.95,Heimtextilien > Wohndecken,,Warm Ecru,10.00,0.00,0.00,4-7 Werktage,https://cdn.shopify.com/s/files/1/0884/0278/8685/files/alpaca-plaids-styled-01.jpg?v=1785869424;https://cdn.shopify.com/s/files/1/0884/0278/8685/files/alpaca-plaids-lifestyle-01.jpg?v=1785869466;https://cdn.shopify.com/s/files/1/0884/0278/8685/files/alpaca-plaids-styled-02.jpg?v=1785869466;https://cdn.shopify.com/s/files/1/0884/0278/8685/files/alpaca-plaids-detail-01.png?v=1785869466
8720849141291,MoST Blankets,Woll-Decke „Venezia“ in Grau,https://www.maisondecocon.com/products/wool-throw-blanket-venezia-grey?variant=54447994339661,8720849141291,"Die aus 100 % neuseeländischer Wolle gewebte Decke „Venezia“ verleiht jedem Raum in Ihrem Zuhause sanfte, natürliche Wärme und zurückhaltende Eleganz.",71.00,Heimtextilien > Wohndecken,,Grey,9.90,0.00,0.00,4-7 Werktage,https://cdn.shopify.com/s/files/1/0884/0278/8685/files/wool-throw-blanket-venezia-grey-folded.jpg?v=1785919559;https://cdn.shopify.com/s/files/1/0884/0278/8685/files/wool-throw-blanket-venezia-grey-swatch.jpg?v=1785919590;https://cdn.shopify.com/s/files/1/0884/0278/8685/files/wool-throw-blanket-venezia-grey-lifestyle.jpg?v=1785919541;https://cdn.shopify.com/s/files/1/0884/0278/8685/files/wool-throw-blanket-venezia-grey-fringe-detail.jpg?v=1785919611;https://cdn.shopify.com/s/files/1/0884/0278/8685/files/wool-throw-blanket-venezia-grey-texture-detail.jpg?v=1785919635
0793002340662-copy,MoST Blankets,Woll-Decke „Cool Mint“ 140 × 200,https://www.maisondecocon.com/products/wool-throw-blanket-cool-mint-140-200?variant=54449151082829,0793002340662,Diese Decke wurde aus 100 % neuseeländischer Wolle mit einem beachtlichen Gewicht von 450 g/m² gewebt und verleiht jedem Bett und jedem Wohnraum natürliche Wärme und zurückhaltende Eleganz.,88.90,Heimtextilien > Wohndecken,140 x 200 cm,Mint,9.90,0.00,0.00,4-7 Werktage,https://cdn.shopify.com/s/files/1/0884/0278/8685/files/wool-bed-blanket-cool-mint-folded.jpg?v=1785920918;https://cdn.shopify.com/s/files/1/0884/0278/8685/files/wool-bed-blanket-cool-mint-texture-detail.jpg?v=1785920930;https://cdn.shopify.com/s/files/1/0884/0278/8685/files/wool-bed-blanket-cool-mint-weave-detail.jpg?v=1785920941
0793002340679-copy,MoST Blankets,Woll-Decke „Cool Mint“ 140 × 200,https://www.maisondecocon.com/products/wool-throw-blanket-cool-mint-140-200?variant=54497379221837,0793002340679,Diese Decke wurde aus 100 % neuseeländischer Wolle mit einem beachtlichen Gewicht von 450 g/m² gewebt und verleiht jedem Bett und jedem Wohnraum natürliche Wärme und zurückhaltende Eleganz.,108.90,Heimtextilien > Wohndecken,200 x 220 cm,Mint,9.90,0.00,0.00,4-7 Werktage,https://cdn.shopify.com/s/files/1/0884/0278/8685/files/wool-bed-blanket-cool-mint-folded.jpg?v=1785920918;https://cdn.shopify.com/s/files/1/0884/0278/8685/files/wool-bed-blanket-cool-mint-texture-detail.jpg?v=1785920930;https://cdn.shopify.com/s/files/1/0884/0278/8685/files/wool-bed-blanket-cool-mint-weave-detail.jpg?v=1785920941
8720849141093,MoST Blankets,"Bettüberwurf aus Merinowolle „Sun Dust“, 200 x 220",https://www.maisondecocon.com/products/merino-wool-bedspread-sun-dust-200-220?variant=54449151148365,8720849141093,"Diese Tagesdecke besteht aus einer Mischung aus 80 % Merinowolle und 20 % Nylon und bietet außergewöhnliche Wärme, Weichheit und langlebige Strapazierfähigkeit für kühle Nächte.",109.00,Heimtextilien > Tagesdecken,,Sun Dust/Gray,9.90,0.00,0.00,4-7 Werktage,https://cdn.shopify.com/s/files/1/0884/0278/8685/files/merino-wool-bedspread-sun-dust-folded.jpg?v=1785931931;https://cdn.shopify.com/s/files/1/0884/0278/8685/files/merino-wool-bedspread-sun-dust-folded-2.jpg?v=1785931958
8720849141918,MoST Blankets,"Woll-Überwurfdecke „Manoria Savana“ – mehrfarbig, braun",https://www.maisondecocon.com/products/wool-throw-blanket-manoria-savana-multi-colored-brown?variant=54449151279437,8720849141918,"Die aus 100 % neuseeländischer Wolle gefertigte Manoria-Decke besticht durch ein markantes Zickzackmuster, das jedem Raum lebendige Farben und verspielte Eleganz verleiht.",69.90,Heimtextilien > Wohndecken,,Brown,9.90,0.00,0.00,4-7 Werktage,https://cdn.shopify.com/s/files/1/0884/0278/8685/files/wool-throw-blanket-manoria-savana-folded.jpg?v=1785999804;https://cdn.shopify.com/s/files/1/0884/0278/8685/files/wool-throw-blanket-manoria-savana-texture.jpg?v=1785999814;https://cdn.shopify.com/s/files/1/0884/0278/8685/files/wool-throw-blanket-manoria-savana-chair-outdoor.jpg?v=1785999824;https://cdn.shopify.com/s/files/1/0884/0278/8685/files/wool-throw-blanket-manoria-savana-outdoor-lifestyle.jpg?v=1785999833;https://cdn.shopify.com/s/files/1/0884/0278/8685/files/wool-throw-blanket-manoria-savana-outdoor-table-setting.jpg?v=1785999844
8720849140355,MoST Blankets,"Woll-Decke „Florence“ in Grau, 140 x 200",https://www.maisondecocon.com/products/wool-throw-blanket-florence-grey-140-200?variant=54449152131405,8720849140355,"Die aus 100 % neuseeländischer Wolle gefertigte Decke „Florence“ verleiht jedem Raum einen eleganten, italienisch inspirierten Stil und eine edle Struktur.",69.00,Heimtextilien > Wohndecken,,Gray,9.90,0.00,0.00,4-7 Werktage,https://cdn.shopify.com/s/files/1/0884/0278/8685/files/wool-throw-blanket-florence-grey-folded.jpg?v=1785932573;https://cdn.shopify.com/s/files/1/0884/0278/8685/files/wool-throw-blanket-florence-grey-lifestyle.jpg?v=1785932587;https://cdn.shopify.com/s/files/1/0884/0278/8685/files/wool-throw-blanket-florence-grey-lifestyle-02.jpg?v=1785932633
8720849140584,MoST Blankets,"Woll-Decke „Chocolate Chip“, 140 x 200",https://www.maisondecocon.com/products/wool-throw-blanket-chocolate-chip-140-200?variant=54638674608461,,Diese Decke aus 100 % neuseeländischer Wolle mit einem beachtlichen Gewicht von 450 g/m² sorgt in jedem Schlafzimmer für echte Wärme und dauerhaften Komfort.,108.90,Heimtextilien > Wohndecken,200 x 220 cm,Chocolate Brown,9.90,0.00,0.00,4-7 Werktage,https://cdn.shopify.com/s/files/1/0884/0278/8685/files/wool-throw-chocolate-chip-folded.jpg?v=1786003624;https://cdn.shopify.com/s/files/1/0884/0278/8685/files/wool-throw-chocolate-chip-lifestyle.jpg?v=1786003639
8720849142038-1,MoST Blankets,"Woll-Bouclé-Decke „Paris“, dunkelbraun, 140 x 200",https://www.maisondecocon.com/products/wool-boucle-throw-blanket-paris-dark-brown-140-200?variant=54449152164173,8720849142038,"Die Decke „Paris“ besteht aus einer luxuriösen Bouclé-Mischung aus 80 % Wolle und 20 % Polyester und bietet weiche, behagliche Wärme sowohl im Innen- als auch im Außenbereich.",71.00,Heimtextilien > Wohndecken,,Dark Brown,9.90,0.00,0.00,4-7 Werktage,https://cdn.shopify.com/s/files/1/0884/0278/8685/files/wool-boucle-throw-blanket-paris-dark-brown-folded.jpg?v=1785934206;https://cdn.shopify.com/s/files/1/0884/0278/8685/files/wool-boucle-throw-blanket-paris-dark-brown-lifestyle.jpg?v=1785934217
8720849140553,MoST Blankets,Woll-Decke „Hunter“ 140 x 200,https://www.maisondecocon.com/products/wool-bed-blanket-hunter-140-200?variant=54449153114445,8720849140553,Die aus 100 % neuseeländischer Wolle gewebte Decke „Hunter“ mit einem beachtlichen Gewicht von 450 g/m² verleiht jedem Wohnraum natürliche Wärme und zurückhaltende Eleganz.,88.90,Heimtextilien > Wohndecken,140 x 200 cm,Dark Green,9.90,0.00,0.00,4-7 Werktage,https://cdn.shopify.com/s/files/1/0884/0278/8685/files/wool-throw-hunter-folded.jpg?v=1786006889;https://cdn.shopify.com/s/files/1/0884/0278/8685/files/wool-throw-hunter-lifestyle.jpg?v=1786006897
8720849141888,MoST Blankets,"Woll-Decke „Manoria Foresta“ – mehrfarbig, grün",https://www.maisondecocon.com/products/wool-throw-blanket-manoria-foresta-green-140-200?variant=54449153212749,8720849141888,"Die aus 100 % neuseeländischer Wolle gefertigte Manoria-Decke besticht durch ein markantes Zickzackmuster, das jedem Raum lebendige Farben und verspielte Eleganz verleiht.",69.90,Heimtextilien > Wohndecken,,Green,9.90,0.00,0.00,4-7 Werktage,https://cdn.shopify.com/s/files/1/0884/0278/8685/files/wool-throw-blanket-manoria-foresta-folded.jpg?v=1785934570;https://cdn.shopify.com/s/files/1/0884/0278/8685/files/wool-throw-blanket-manoria-foresta-texture-detail.jpg?v=1785934589;https://cdn.shopify.com/s/files/1/0884/0278/8685/files/wool-throw-blanket-manoria-foresta-outdoor-styled.jpg?v=1785934608;https://cdn.shopify.com/s/files/1/0884/0278/8685/files/wool-throw-blanket-manoria-foresta.jpg?v=1785934688;https://cdn.shopify.com/s/files/1/0884/0278/8685/files/wool-throw-blanket-manoria-foresta-outdoor-styled-02.jpg?v=1785934718
EB5B9B5CCF943AEA,MoST Blankets,"Bettläufer aus Wolle „Blue Fog“, 130 x 250",https://www.maisondecocon.com/products/wool-bed-runner-blue-fog-130-250?variant=54449153245517,8720849142151,"Dieser aus einer hochwertigen Wollmischung gefertigte Bettläufer verleiht jedem Bett Wärme, Struktur und einen edlen Look im Hotelstil.",95.00,Heimtextilien > Bettläufer,,Blue Fog,9.90,0.00,0.00,4-7 Werktage,https://cdn.shopify.com/s/files/1/0884/0278/8685/files/wool-bed-runner-blue-fog-folded.jpg?v=1785935879;https://cdn.shopify.com/s/files/1/0884/0278/8685/files/wool-bed-runner-blue-fog-lifestyle.png?v=1785935891;https://cdn.shopify.com/s/files/1/0884/0278/8685/files/wool-bed-runner-blue-fog-detail.jpg?v=1785935922
8720849142120-1,MoST Blankets,"Decke aus Merinowolle und Kaschmir „Luma“, Soft Blue, 140 x 200",https://www.maisondecocon.com/products/merino-wool-cashmere-throw-blanket-luma-soft-blue-140-200?variant=54449153376589,8720849142120,"Die Luma Soft-Decke wurde aus einer edlen Mischung aus 90 % Merinowolle und 10 % Kaschmir gefertigt und bietet außergewöhnliche Weichheit, Leichtigkeit und natürliche Wärme.",119.00,Heimtextilien > Wohndecken,,Soft Blue,9.90,0.00,0.00,4-7 Werktage,https://cdn.shopify.com/s/files/1/0884/0278/8685/files/merino-wool-cashmere-throw-blanket-luma-soft-blue-folded.jpg?v=1785936692;https://cdn.shopify.com/s/files/1/0884/0278/8685/files/merino-wool-cashmere-throw-blanket-luma-soft-blue-texture.jpg?v=1785936704;https://cdn.shopify.com/s/files/1/0884/0278/8685/files/merino-wool-cashmere-throw-blanket-luma-soft-blue-lifestyle.jpg?v=1785936716
B4B0CBB397BC961E,MoST Blankets,"Bettläufer aus Wolle „Eco Fossil“, 130 x 250",https://www.maisondecocon.com/products/wool-bed-runner-eco-fossil-130-250?variant=54449153409357,8720849142168,"Dieser aus einer hochwertigen Wollmischung gefertigte Bettläufer verleiht jedem Bett Wärme, Struktur und einen edlen Look im Hotelstil.",95.00,Heimtextilien > Bettläufer,,Fossil,9.90,0.00,0.00,4-7 Werktage,https://cdn.shopify.com/s/files/1/0884/0278/8685/files/wool-bed-runner-eco-fossil-folded.jpg?v=1785937227;https://cdn.shopify.com/s/files/1/0884/0278/8685/files/wool-bed-runner-eco-fossil-lifestyle.png?v=1785937240;https://cdn.shopify.com/s/files/1/0884/0278/8685/files/wool-bed-runner-eco-fossil-detail.jpg?v=1785937254
8720849141451,MoST Blankets,"Woll-Decke „Rio Green“, 140 x 200",https://www.maisondecocon.com/products/wool-throw-blanket-rio-green-140-200?variant=54449153605965,8720849141451,Die aus 100 % reiner Schafwolle gefertigte Decke „Rio“ bietet behagliche Wärme und farbenfrohen Stil – sowohl für den Innen- als auch für den Außenbereich.,68.50,Heimtextilien > Wohndecken,,Rio Green,9.90,0.00,0.00,4-7 Werktage,https://cdn.shopify.com/s/files/1/0884/0278/8685/files/wool-throw-blanket-rio-green-folded.jpg?v=1785937438;https://cdn.shopify.com/s/files/1/0884/0278/8685/files/wool-throw-blanket-rio-green-texture-detail.jpg?v=1785937448;https://cdn.shopify.com/s/files/1/0884/0278/8685/files/wool-throw-blanket-rio-green-lifestyle.jpg?v=1785937458
8720849141284-1,MoST Blankets,"Woll-Decke „Venezia Mint“, 140 x 200",https://www.maisondecocon.com/products/wool-throw-blanket-venezia-mint-140-200?variant=54449165959501,8720849141284,"Die aus 100 % neuseeländischer Wolle gewebte Decke „Venezia“ verleiht jedem Raum in Ihrem Zuhause sanfte, natürliche Wärme und zurückhaltende Eleganz.",71.00,Heimtextilien > Wohndecken,,Mint,9.90,0.00,0.00,4-7 Werktage,https://cdn.shopify.com/s/files/1/0884/0278/8685/files/wool-throw-blanket-venezia-mint-folded.jpg?v=1785939993;https://cdn.shopify.com/s/files/1/0884/0278/8685/files/wool-throw-blanket-venezia-mint-texture.jpg?v=1785940005;https://cdn.shopify.com/s/files/1/0884/0278/8685/files/wool-throw-blanket-venezia-mint-folded-02.jpg?v=1785940020;https://cdn.shopify.com/s/files/1/0884/0278/8685/files/wool-throw-blanket-venezia-mint-texture-02.jpg?v=1785940050
8720849141314,MoST Blankets,Woll-Decke „Denver Olive“ 140 x 200,https://www.maisondecocon.com/products/wool-throw-blanket-denver-olive-140-200?variant=54449166057805,8720849141314,"Die Denver-Decke besteht zu 100 % aus neuseeländischer Wolle und besticht durch ein markantes Zickzackmuster sowie eine auffällige Kantenverarbeitung, die für einen lässigen Stil sorgt.",70.00,Heimtextilien > Wohndecken,,Olive,9.90,0.00,0.00,4-7 Werktage,https://cdn.shopify.com/s/files/1/0884/0278/8685/files/wool-throw-blanket-denver-olive-folded-main.jpg?v=1785941841;https://cdn.shopify.com/s/files/1/0884/0278/8685/files/wool-throw-blanket-denver-olive-folded.jpg?v=1785940886;https://cdn.shopify.com/s/files/1/0884/0278/8685/files/wool-throw-blanket-denver-olive-lifestyle.jpg?v=1785940896;https://cdn.shopify.com/s/files/1/0884/0278/8685/files/wool-throw-blanket-denver-olive-edge-detail.jpg?v=1785940907;https://cdn.shopify.com/s/files/1/0884/0278/8685/files/wool-throw-blanket-denver-olive-texture.jpg?v=1785940915
8720849141758,MoST Blankets,Woll-Bouclé-Decke „Paris Cappuccino“ 140 x 200,https://www.maisondecocon.com/products/wool-boucle-throw-blanket-paris-cappuccino-140-200?variant=54449166221645,8720849141758,"Die Decke „Paris“ besteht aus einer luxuriösen Bouclé-Mischung aus 80 % Wolle und 20 % Polyester und bietet weiche, behagliche Wärme sowohl im Innen- als auch im Außenbereich.",71.00,Heimtextilien > Wohndecken,,Cappuccino,9.90,0.00,0.00,4-7 Werktage,https://cdn.shopify.com/s/files/1/0884/0278/8685/files/wool-boucle-throw-blanket-paris-cappuccino-folded.jpg?v=1785942107;https://cdn.shopify.com/s/files/1/0884/0278/8685/files/wool-boucle-throw-blanket-paris-cappuccino-texture.jpg?v=1785942120;https://cdn.shopify.com/s/files/1/0884/0278/8685/files/wool-boucle-throw-blanket-paris-cappuccino-detail.jpg?v=1785942132
8720849141321,MoST Blankets,"Woll-Decke „Denver“, beige",https://www.maisondecocon.com/products/wool-throw-blanket-denver-beige-140-200?variant=54449166811469,8720849141321,"Die Denver-Decke besteht zu 100 % aus neuseeländischer Wolle und besticht durch ein markantes Zickzackmuster sowie eine auffällige Kantenverarbeitung, die für einen lässigen Stil sorgt.",70.00,Heimtextilien > Wohndecken,,Beige,9.90,0.00,0.00,4-7 Werktage,https://cdn.shopify.com/s/files/1/0884/0278/8685/files/wool-throw-blanket-denver-beige-folded.jpg?v=1785942741;https://cdn.shopify.com/s/files/1/0884/0278/8685/files/wool-throw-blanket-denver-beige-lifestyle.jpg?v=1785942753;https://cdn.shopify.com/s/files/1/0884/0278/8685/files/wool-throw-blanket-denver-beige-texture.jpg?v=1785942762;https://cdn.shopify.com/s/files/1/0884/0278/8685/files/wool-throw-blanket-denver-beige-edge-detail.jpg?v=1785942773;https://cdn.shopify.com/s/files/1/0884/0278/8685/files/wool-throw-blanket-denver-beige-swatch.jpg?v=1785942782;https://cdn.shopify.com/s/files/1/0884/0278/8685/files/e01fe9eb-4f8c-4d52-b0c8-e9501a46df6b_1200x1200_fill.jpg?v=1785779964
8720849141277,MoST Blankets,"Woll-Decke „Linea Orion“, 140 x 200",https://www.maisondecocon.com/products/wool-throw-blanket-linea-orion-140-200?variant=54449167106381,8720849141277,"Der aus 100 % neuseeländischer Wolle gefertigte Linea-Überwurf besticht durch ein schlichtes Linienmuster, das jedem Raum moderne Eleganz und einen minimalistischen Stil verleiht.",69.90,Heimtextilien > Wohndecken,,Orion,9.90,0.00,0.00,4-7 Werktage,https://cdn.shopify.com/s/files/1/0884/0278/8685/files/wool-throw-blanket-linea-orion-lifestyle.jpg?v=1785943162;https://cdn.shopify.com/s/files/1/0884/0278/8685/files/wool-throw-blanket-linea-orion-texture.jpg?v=1785943173
8720849141956-1,MoST Blankets,"Woll-Decke „Denver Terra“, 140 x 200",https://www.maisondecocon.com/products/wool-throw-blanket-denver-terra-140-200?variant=54449167139149,8720849141956,"Die Denver-Decke besteht zu 100 % aus neuseeländischer Wolle und besticht durch ein markantes Zickzackmuster sowie eine auffällige Kantenverarbeitung, die für einen lässigen Stil sorgt.",70.00,Heimtextilien > Wohndecken,,Terra,9.90,0.00,0.00,4-7 Werktage,https://cdn.shopify.com/s/files/1/0884/0278/8685/files/wool-throw-blanket-denver-terra-folded.jpg?v=1785943621;https://cdn.shopify.com/s/files/1/0884/0278/8685/files/wool-throw-blanket-denver-terra-lifestyle.jpg?v=1785943632;https://cdn.shopify.com/s/files/1/0884/0278/8685/files/wool-throw-blanket-denver-terra-edge-detail.jpg?v=1785943641;https://cdn.shopify.com/s/files/1/0884/0278/8685/files/wool-throw-blanket-denver-terra-texture.jpg?v=1785943651
8720849141185,MoST Blankets,"Woll-Decke „Ugle Blue“, 140 x 200",https://www.maisondecocon.com/products/wool-throw-blanket-ugle-blue?variant=54449167171917,8720849141185,"Die Decke „Ugle“ besteht zu 100 % aus neuseeländischer Wolle und besticht durch sanfte, beruhigende Farben, die sich nahtlos in jede Einrichtung einfügen.",69.90,Heimtextilien > Wohndecken,,Blue/Gray/White,9.90,0.00,0.00,4-7 Werktage,https://cdn.shopify.com/s/files/1/0884/0278/8685/files/wool-throw-blanket-ugle-blue-folded.jpg?v=1785943991;https://cdn.shopify.com/s/files/1/0884/0278/8685/files/wool-throw-blanket-ugle-blue-swatch.png?v=1785944037
8720849140843,MoST Blankets,Woll-Decke „City Stripe“ 130 x 170,https://www.maisondecocon.com/products/wool-throw-blanket-city-stripe-130-170?variant=54449167270221,8720849140843,"Eine weiche, kuschelige Wolldecke, die Wärme und Behaglichkeit spendet und sich perfekt eignet, um jedem Sofa oder Bett eine elegante Note zu verleihen.",70.90,Heimtextilien > Wohndecken,,Beige/Grey,9.90,0.00,0.00,4-7 Werktage,https://cdn.shopify.com/s/files/1/0884/0278/8685/files/wool-throw-blanket-city-stripe-folded-main.jpg?v=1785947653;https://cdn.shopify.com/s/files/1/0884/0278/8685/files/wool-throw-blanket-city-stripe-lifestyle.jpg?v=1785948148;https://cdn.shopify.com/s/files/1/0884/0278/8685/files/wool-throw-blanket-city-stripe-texture.jpg?v=1785948165;https://cdn.shopify.com/s/files/1/0884/0278/8685/files/wool-throw-blanket-city-stripe-detail.jpg?v=1785948174
8720849141741,MoST Blankets,"Woll-Bouclé-Decke „Paris“, senfgelb, 140 x 200",https://www.maisondecocon.com/products/wool-boucle-throw-blanket-paris-mustard-yellow-140-200?variant=54449167302989,8720849141741,"Die Decke „Paris“ besteht aus einer luxuriösen Bouclé-Mischung aus 80 % Wolle und 20 % Polyester und bietet weiche, behagliche Wärme sowohl im Innen- als auch im Außenbereich.",71.00,Heimtextilien > Wohndecken,,Mustard Yellow,9.90,0.00,0.00,4-7 Werktage,https://cdn.shopify.com/s/files/1/0884/0278/8685/files/wool-boucle-throw-blanket-paris-mustard-yellow-folded.jpg?v=1785948448;https://cdn.shopify.com/s/files/1/0884/0278/8685/files/wool-boucle-throw-blanket-paris-mustard-yellow-texture.jpg?v=1785948462;https://cdn.shopify.com/s/files/1/0884/0278/8685/files/wool-boucle-throw-blanket-paris-mustard-yellow-detail.jpg?v=1785948472
8720849140942,MoST Blankets,"Woll-Decke „Sienna Blue“, 140 x 200",https://www.maisondecocon.com/products/wool-throw-blanket-sienna-blue-140-200?variant=54449167368525,8720849140942,Die aus 100 % neuseeländischer Wolle gefertigte Decke „Sienna“ verleiht jedem Sofa oder Bett satte Farbtöne und zeitlose Eleganz.,68.90,Heimtextilien > Wohndecken,,Blue,9.90,0.00,0.00,4-7 Werktage,https://cdn.shopify.com/s/files/1/0884/0278/8685/files/wool-throw-blanket-sienna-blue-lifestyle.jpg?v=1785949343;https://cdn.shopify.com/s/files/1/0884/0278/8685/files/wool-throw-blanket-sienna-blue-detail.jpg?v=1785949352
8720849141895,MoST Blankets,Woll-Decke „Manoria Acqua“ – mehrfarbig in Blau,https://www.maisondecocon.com/products/wool-throw-blanket-manoria-acqua-blue-140-200?variant=54449167401293,8720849141895,"Die aus 100 % neuseeländischer Wolle gefertigte Manoria-Decke besticht durch ein markantes Zickzackmuster, das jedem Raum lebendige Farben und verspielte Eleganz verleiht.",69.90,Heimtextilien > Wohndecken,,Blue/Chocolate Brown/Green,9.90,0.00,0.00,4-7 Werktage,https://cdn.shopify.com/s/files/1/0884/0278/8685/files/wool-throw-blanket-manoria-acqua-folded.jpg?v=1785949645;https://cdn.shopify.com/s/files/1/0884/0278/8685/files/wool-throw-blanket-manoria-acqua-texture.jpg?v=1785949654;https://cdn.shopify.com/s/files/1/0884/0278/8685/files/wool-throw-blanket-manoria-acqua-lifestyle.jpg?v=1785949666
0AA5C4EF5C0B2550,MoST Blankets,"Woll-Bouclé-Decke „Paris White“, 140 x 200",https://www.maisondecocon.com/products/wool-boucle-throw-blanket-paris-white-140-200?variant=54449167434061,8720849141338,"Die Decke „Paris“ besteht aus einer luxuriösen Bouclé-Mischung aus 80 % Wolle und 20 % Polyester und bietet weiche, behagliche Wärme sowohl im Innen- als auch im Außenbereich.",71.00,Heimtextilien > Wohndecken,,White,9.90,0.00,0.00,4-7 Werktage,https://cdn.shopify.com/s/files/1/0884/0278/8685/files/wool-boucle-throw-blanket-paris-white-folded.jpg?v=1785950223;https://cdn.shopify.com/s/files/1/0884/0278/8685/files/wool-boucle-throw-blanket-paris-white-texture.jpg?v=1785950245;https://cdn.shopify.com/s/files/1/0884/0278/8685/files/wool-boucle-throw-blanket-paris-white-detail.jpg?v=1785950253;https://cdn.shopify.com/s/files/1/0884/0278/8685/files/wool-boucle-throw-blanket-paris-white-swatch.jpg?v=1785950262
801538473F16A8E4,MoST Blankets,"Woll-Bouclé-Decke „Paris“, Elfenbein, 140 x 200",https://www.maisondecocon.com/products/wool-boucle-throw-blanket-paris-ivory-140-200?variant=54449167532365,8720849141352,"Die Decke „Paris“ besteht aus einer luxuriösen Bouclé-Mischung aus 80 % Wolle und 20 % Polyester und bietet weiche, behagliche Wärme sowohl im Innen- als auch im Außenbereich.",71.00,Heimtextilien > Wohndecken,,Ivory,9.90,0.00,0.00,4-7 Werktage,https://cdn.shopify.com/s/files/1/0884/0278/8685/files/wool-boucle-throw-blanket-paris-ivory-folded.jpg?v=1785951055;https://cdn.shopify.com/s/files/1/0884/0278/8685/files/wool-boucle-throw-blanket-paris-ivory-texture.jpg?v=1785951117;https://cdn.shopify.com/s/files/1/0884/0278/8685/files/wool-boucle-throw-blanket-paris-ivory-detail.jpg?v=1785951125;https://cdn.shopify.com/s/files/1/0884/0278/8685/files/wool-boucle-throw-blanket-paris-ivory-swatch.jpg?v=1785951136
8720849141499,MoST Blankets,Merino- und Kaschmir-Decke „Milano Rosa Orlo“ 140 x 200,https://www.maisondecocon.com/products/merino-cashmere-throw-blanket-milano-rosa-orlo?variant=54449167565133,8720849141499,Das Milano Rosa Orlo-Tuch besteht aus einer Mischung aus 90 % Merinowolle und 10 % Kaschmir und besticht durch außergewöhnliche Weichheit sowie eine edle graue Einfassung in zartem Rosa.,85.50,Heimtextilien > Wohndecken,,Pink/Grey,9.90,0.00,0.00,4-7 Werktage,https://cdn.shopify.com/s/files/1/0884/0278/8685/files/merino-cashmere-throw-blanket-milano-rosa-orlo-folded.jpg?v=1786002359;https://cdn.shopify.com/s/files/1/0884/0278/8685/files/merino-cashmere-throw-blanket-milano-rosa-orlo-fringe-detail.jpg?v=1786002366;https://cdn.shopify.com/s/files/1/0884/0278/8685/files/merino-cashmere-throw-blanket-milano-rosa-orlo-corner-fold.jpg?v=1786002373;https://cdn.shopify.com/s/files/1/0884/0278/8685/files/merino-cashmere-throw-blanket-milano-rosa-orlo-draped.jpg?v=1786002380;https://cdn.shopify.com/s/files/1/0884/0278/8685/files/merino-cashmere-throw-blanket-milano-rosa-orlo-lifestyle.jpg?v=1786002388
8720849141482,MoST Blankets,"Merino- und Kaschmir-Decke „Milano Grigio Orlo“, 140 x 200",https://www.maisondecocon.com/products/merino-cashmere-throw-blanket-milano-grigio-orlo?variant=54449167597901,8720849141482,"Die Decke „Milano Grigio Orlo“ besteht aus einer Mischung aus 90 % Merinowolle und 10 % Kaschmir und besticht durch außergewöhnliche Weichheit sowie eine dezente, farblich abgestimmte Einfassung in Grau.",85.50,Heimtextilien > Wohndecken,,Grey,9.90,0.00,0.00,4-7 Werktage,https://cdn.shopify.com/s/files/1/0884/0278/8685/files/merino-cashmere-throw-blanket-milano-grigio-orlo-folded.jpg?v=1785999353;https://cdn.shopify.com/s/files/1/0884/0278/8685/files/merino-cashmere-throw-blanket-milano-grigio-orlo-fringe-detail.jpg?v=1785999361;https://cdn.shopify.com/s/files/1/0884/0278/8685/files/merino-cashmere-throw-blanket-milano-grigio-orlo-corner-fold.jpg?v=1785999368;https://cdn.shopify.com/s/files/1/0884/0278/8685/files/merino-cashmere-throw-blanket-milano-grigio-orlo-texture.jpg?v=1785999377;https://cdn.shopify.com/s/files/1/0884/0278/8685/files/merino-cashmere-throw-blanket-milano-grigio-orlo-draped.jpg?v=1785999385;https://cdn.shopify.com/s/files/1/0884/0278/8685/files/merino-cashmere-throw-blanket-milano-grigio-orlo-lifestyle.jpg?v=1785999393
8720849141505,MoST Blankets,"Merino- und Kaschmir-Decke „Milano Verde Orlo“, 140 x 200",https://www.maisondecocon.com/products/merino-cashmere-throw-blanket-milano-verde-orlo?variant=54449167696205,8720849141505,Das Milano Verde Orlo-Tuch besteht aus einer Mischung aus 90 % Merinowolle und 10 % Kaschmir und besticht durch außergewöhnliche Weichheit sowie eine edle Einfassung in tiefem Grün.,85.50,Heimtextilien > Wohndecken,,Dark Green/Grey,9.90,0.00,0.00,4-7 Werktage,https://cdn.shopify.com/s/files/1/0884/0278/8685/files/merino-cashmere-throw-blanket-milano-verde-orlo-folded.jpg?v=1785999445;https://cdn.shopify.com/s/files/1/0884/0278/8685/files/merino-cashmere-throw-blanket-milano-verde-orlo-texture.jpg?v=1785999452;https://cdn.shopify.com/s/files/1/0884/0278/8685/files/merino-cashmere-throw-blanket-milano-verde-orlo-lifestyle.jpg?v=1785999459;https://cdn.shopify.com/s/files/1/0884/0278/8685/files/merino-cashmere-throw-blanket-milano-verde-orlo-corner-fold.jpg?v=1785999466;https://cdn.shopify.com/s/files/1/0884/0278/8685/files/merino-cashmere-throw-blanket-milano-verde-orlo-fringe-detail.jpg?v=1785999475;https://cdn.shopify.com/s/files/1/0884/0278/8685/files/merino-cashmere-throw-blanket-milano-verde-orlo-swatch.jpg?v=1785999483
8720849142106-1,MoST Blankets,"Decke aus Merinowolle und Kaschmir „Luma“, Soft Grey, 140 x 200",https://www.maisondecocon.com/products/soft-cashmere-merino-wool-blanket-luma-soft-single-gray?variant=54449167794509,8720849142106,"Die Luma Soft-Decke wurde aus einer edlen Mischung aus 90 % Merinowolle und 10 % Kaschmir gefertigt und bietet außergewöhnliche Weichheit, Leichtigkeit und natürliche Wärme.",119.00,Heimtextilien > Wohndecken,,Grey,9.90,0.00,0.00,4-7 Werktage,https://cdn.shopify.com/s/files/1/0884/0278/8685/files/merino-wool-cashmere-throw-blanket-luma-soft-gray-folded.jpg?v=1785999538;https://cdn.shopify.com/s/files/1/0884/0278/8685/files/merino-wool-cashmere-throw-blanket-luma-soft-gray-detail.jpg?v=1785999545
8720849140454-copy,MoST Blankets,"Merino-Woll-Decke „Aegean“, 140 × 200",https://www.maisondecocon.com/products/merino-wool-bed-blanket-aegean-140-200?variant=54449168351565,8720849140454,Diese Decke besteht aus einer Mischung aus 80 % Merinowolle und 20 % Nylon und verleiht jedem Schlafzimmer außergewöhnliche Wärme und langlebige Strapazierfähigkeit.,92.00,Heimtextilien > Wohndecken,140 x 200 cm,Ocean Blue,9.90,0.00,0.00,4-7 Werktage,https://cdn.shopify.com/s/files/1/0884/0278/8685/files/wool-throw-blanket-ocean-blue-folded.jpg?v=1786007797;https://cdn.shopify.com/s/files/1/0884/0278/8685/files/wool-throw-blanket-ocean-blue-detail.jpg?v=1786007807
8720849140471,MoST Blankets,"Merino-Woll-Decke „Aegean“, 140 × 200",https://www.maisondecocon.com/products/merino-wool-bed-blanket-aegean-140-200?variant=54677949055309,,Diese Decke besteht aus einer Mischung aus 80 % Merinowolle und 20 % Nylon und verleiht jedem Schlafzimmer außergewöhnliche Wärme und langlebige Strapazierfähigkeit.,112.00,Heimtextilien > Wohndecken,200 x 220 cm,Ocean Blue,9.90,0.00,0.00,4-7 Werktage,https://cdn.shopify.com/s/files/1/0884/0278/8685/files/wool-throw-blanket-ocean-blue-folded.jpg?v=1786007797;https://cdn.shopify.com/s/files/1/0884/0278/8685/files/wool-throw-blanket-ocean-blue-detail.jpg?v=1786007807
8720849141239,MoST Blankets,Woll-Decke „Triangel“ Blau 140 x 200,https://www.maisondecocon.com/products/wool-throw-blanket-triangel-blue?variant=54449168417101,8720849141239,"Die Decke „Triangel“ aus 100 % neuseeländischer Wolle besticht durch ein lebhaftes Dreiecksmuster, das jedem Interieur einen Farbtupfer und einen modernen Touch verleiht.",69.90,Heimtextilien > Wohndecken,,Blue/Grey/White,9.90,0.00,0.00,4-7 Werktage,https://cdn.shopify.com/s/files/1/0884/0278/8685/files/wool-throw-blanket-triangel-blue-folded.jpg?v=1786002198;https://cdn.shopify.com/s/files/1/0884/0278/8685/files/wool-throw-blanket-triangel-blue-hanging.jpg?v=1786002204;https://cdn.shopify.com/s/files/1/0884/0278/8685/files/wool-throw-blanket-triangel-blue-pattern-detail.jpg?v=1786002211
95C789B2B74A70BA,MoST Blankets,"Merino- und Kaschmir-Decke „Tibet Brown“, 140 x 200",https://www.maisondecocon.com/products/merino-cashmere-throw-blanket-tibet-brown?variant=54449168449869,8720849141383,Das Tibet-Tuch besteht aus einer luxuriösen Mischung aus 50 % Kaschmir und 50 % Merinowolle und bietet außergewöhnliche Weichheit und Wärme.,155.00,Heimtextilien > Wohndecken,,Brown,9.90,0.00,0.00,4-7 Werktage,https://cdn.shopify.com/s/files/1/0884/0278/8685/files/merino-cashmere-throw-blanket-tibet-brown-folded.jpg?v=1786001717;https://cdn.shopify.com/s/files/1/0884/0278/8685/files/merino-cashmere-throw-blanket-tibet-brown-texture.jpg?v=1786001724
8720849141253,MoST Blankets,"Woll-Überwurfdecke „Triangel“, grau, 140 x 200",https://www.maisondecocon.com/products/wool-throw-blanket-triangel-grey?variant=54449168482637,8720849141253,"Die aus 100 % neuseeländischer Wolle gefertigte Decke „Triangel“ besticht durch ein lebhaftes Dreiecksmuster, das jedem Raum eine auffällige, verspielte Note verleiht.",69.90,Heimtextilien > Wohndecken,,Grey/White,9.90,0.00,0.00,4-7 Werktage,https://cdn.shopify.com/s/files/1/0884/0278/8685/files/wool-throw-blanket-triangel-grey-folded.jpg?v=1786002144;https://cdn.shopify.com/s/files/1/0884/0278/8685/files/wool-throw-blanket-triangel-grey-pattern-detail.jpg?v=1786002151;https://cdn.shopify.com/s/files/1/0884/0278/8685/files/wool-throw-blanket-triangel-grey-hanging.jpg?v=1786002158
87CF1A6F230F3017,MoST Blankets,"Bettläufer aus Wolle „Wild Dove“, 130 x 250",https://www.maisondecocon.com/products/wool-bed-runner-wild-dove-130-x-250-cm?variant=54449168580941,8720849142175,"Dieser aus einer hochwertigen Wollmischung gefertigte Bettläufer verleiht jedem Bett Wärme, Struktur und einen edlen Look im Hotelstil.",95.00,Heimtextilien > Bettläufer,,Grey,9.90,0.00,0.00,4-7 Werktage,https://cdn.shopify.com/s/files/1/0884/0278/8685/files/wool-bed-runner-wild-dove-folded.jpg?v=1786002256;https://cdn.shopify.com/s/files/1/0884/0278/8685/files/wool-bed-runner-wild-dove-texture.jpg?v=1786002263;https://cdn.shopify.com/s/files/1/0884/0278/8685/files/wool-bed-runner-wild-dove-lifestyle.png?v=1786002272
EB93869FBA8CC1FC,MoST Blankets,"Woll-Bouclé-Decke „Paris Brown“, 140 x 200",https://www.maisondecocon.com/products/wool-boucle-throw-blanket-paris-brown?variant=54449168646477,8720849141345,"Die Decke „Paris“ besteht aus einer luxuriösen Bouclé-Mischung aus 80 % Wolle und 20 % Polyester und bietet weiche, behagliche Wärme sowohl im Innen- als auch im Außenbereich.",71.00,Heimtextilien > Wohndecken,,Brown,9.90,0.00,0.00,4-7 Werktage,https://cdn.shopify.com/s/files/1/0884/0278/8685/files/wool-boucle-throw-blanket-paris-brown-folded.jpg?v=1786001915;https://cdn.shopify.com/s/files/1/0884/0278/8685/files/wool-boucle-throw-blanket-paris-brown-texture.jpg?v=1786001922;https://cdn.shopify.com/s/files/1/0884/0278/8685/files/wool-boucle-throw-blanket-paris-brown-rolled.jpg?v=1786001930
AEC6290610E7964D,MoST Blankets,"Merino- und Kaschmir-Decke „Tibet“, dunkelgrau, 140 x 200",https://www.maisondecocon.com/products/merino-cashmere-throw-blanket-tibet-dark-grey?variant=54449168679245,8720849141406,Das Tibet-Tuch besteht aus einer luxuriösen Mischung aus 50 % Kaschmir und 50 % Merinowolle und bietet außergewöhnliche Weichheit und Wärme.,155.00,Heimtextilien > Wohndecken,,Dark Grey,9.90,0.00,0.00,4-7 Werktage,https://cdn.shopify.com/s/files/1/0884/0278/8685/files/merino-cashmere-throw-blanket-tibet-dark-grey-folded.jpg?v=1786000420;https://cdn.shopify.com/s/files/1/0884/0278/8685/files/merino-cashmere-throw-blanket-tibet-dark-grey-fringe-detail.jpg?v=1786000443;https://cdn.shopify.com/s/files/1/0884/0278/8685/files/merino-cashmere-throw-blanket-tibet-dark-grey-texture.jpg?v=1786000450
239A55CCBA024FA2,MoST Blankets,"Bettüberwurf aus Merino und Kaschmir, „Ivory Mist“, 200 x 220",https://www.maisondecocon.com/products/merino-cashmere-bed-blanket-ivory-mist?variant=54449168843085,08720849141598,Die Decke „Ivory Mist“ wurde aus einer edlen Mischung aus 90 % Merinowolle und 10 % Kaschmir gefertigt und besticht durch einen ruhigen Farbverlauf von Grau nach Weiß sowie durch zurückhaltenden Luxus.,149.00,Heimtextilien > Tagesdecken,,Light Grey/White,9.90,0.00,0.00,4-7 Werktage,https://cdn.shopify.com/s/files/1/0884/0278/8685/files/merino-cashmere-bedspread-ivory-mist-folded.jpg?v=1785998926;https://cdn.shopify.com/s/files/1/0884/0278/8685/files/merino-cashmere-bedspread-ivory-mist-lifestyle.jpg?v=1785998946;https://cdn.shopify.com/s/files/1/0884/0278/8685/files/merino-cashmere-bedspread-ivory-mist-texture.jpg?v=1785998955;https://cdn.shopify.com/s/files/1/0884/0278/8685/files/merino-cashmere-bedspread-ivory-mist-lifestyle-detail.jpg?v=1785998965;https://cdn.shopify.com/s/files/1/0884/0278/8685/files/4d794572-445d-472b-aa33-657c705a5155_1200x1200_fill.jpg?v=1785780057
8720849141550,MoST Blankets,"Merino- und Kaschmir-Decke „Silver Cloud“, 200 × 140",https://www.maisondecocon.com/products/merino-cashmere-throw-blanket-silver-cloud-200-140?variant=54449168875853,8720849141550,Die Decke „Silver Cloud“ wurde aus einer edlen Mischung aus 90 % Merinowolle und 10 % Kaschmir gefertigt und besticht durch einen ruhigen Farbverlauf von Grau nach Weiß sowie durch zurückhaltenden Luxus.,119.00,Heimtextilien > Tagesdecken,,Gray/White,9.90,0.00,0.00,4-7 Werktage,https://cdn.shopify.com/s/files/1/0884/0278/8685/files/merino-cashmere-throw-blanket-silver-cloud-folded.jpg?v=1785998644;https://cdn.shopify.com/s/files/1/0884/0278/8685/files/merino-cashmere-throw-blanket-silver-cloud-lifestyle.jpg?v=1785998684;https://cdn.shopify.com/s/files/1/0884/0278/8685/files/merino-cashmere-throw-blanket-silver-cloud-corner-detail.jpg?v=1785998693;https://cdn.shopify.com/s/files/1/0884/0278/8685/files/b038ecd8-e204-4fbf-b60a-036dd837ee95_1200x1200_fill.jpg?v=1785780057
8720849141772,MoST Blankets,"Woll-Bouclé-Decke „Paris“, Swamp Green, 140 x 200",https://www.maisondecocon.com/products/wool-boucle-throw-blanket-paris-swamp-green?variant=54449169006925,8720849141772,"Die Decke „Paris“ besteht aus einer luxuriösen Bouclé-Mischung aus 80 % Wolle und 20 % Polyester und bietet weiche, behagliche Wärme sowohl im Innen- als auch im Außenbereich.",71.00,Heimtextilien > Wohndecken,,Swamp Green,9.90,0.00,0.00,4-7 Werktage,https://cdn.shopify.com/s/files/1/0884/0278/8685/files/wool-boucle-throw-blanket-paris-swamp-green-folded.jpg?v=1786001790;https://cdn.shopify.com/s/files/1/0884/0278/8685/files/wool-boucle-throw-blanket-paris-swamp-green-fringe-detail.jpg?v=1786001798
8720849140447-copy,MoST Blankets,"Bettüberwurf aus Merinowolle „Aegean“, 200 x 220",https://www.maisondecocon.com/products/merino-wool-bedspread-aegean-200-220?variant=54468319281485,8720849140447,Diese Tagesdecke aus einer Mischung aus 80 % Merinowolle und 20 % Nylon verleiht Ihrem Schlafzimmer außergewöhnliche Wärme und langlebige Strapazierfähigkeit.,112.00,Heimtextilien > Tagesdecken,200 x 220 cm,Ocean Blue,9.90,0.00,0.00,4-7 Werktage,https://cdn.shopify.com/s/files/1/0884/0278/8685/files/wool-bedspread-blanket-ocean-blue-folded.jpg?v=1786007702;https://cdn.shopify.com/s/files/1/0884/0278/8685/files/wool-bedspread-blanket-ocean-blue-detail.jpg?v=1786007776
8720849140584,MoST Blankets,Wolltagesdecke „Chocolate Chip“ 200 x 220,https://www.maisondecocon.com/products/wool-bedspread-chocolate-chip-200x220?variant=54468319347021,8720849140584,Diese Tagesdecke aus 100 % neuseeländischer Wolle mit einem beachtlichen Gewicht von 450 g/m² sorgt in Ihrem Schlafzimmer für echte Wärme und dauerhaften Komfort.,108.90,Heimtextilien > Tagesdecken,200 x 220 cm,Chocolate Brown,9.90,0.00,0.00,4-7 Werktage,https://cdn.shopify.com/s/files/1/0884/0278/8685/files/wool-bedspread-chocolate-chip-folded.jpg?v=1786003553;https://cdn.shopify.com/s/files/1/0884/0278/8685/files/wool-bedspread-chocolate-chip-lifestyle.jpg?v=1786003561
8720849140560,MoST Blankets,"Wolltagesdecke „Hunter“, 200 × 220",https://www.maisondecocon.com/products/wool-bedspread-hunter-200-220?variant=54468321771853,8720849140560,Die aus 100 % neuseeländischer Wolle gewebte Tagesdecke „Hunter“ mit einem beachtlichen Gewicht von 450 g/m² verleiht jedem Bett natürliche Wärme und zurückhaltende Eleganz.,108.90,Heimtextilien > Tagesdecken,200 x 220 cm,Dark Green,9.90,0.00,0.00,4-7 Werktage,https://cdn.shopify.com/s/files/1/0884/0278/8685/files/wool-bedspread-hunter-folded.jpg?v=1786006920;https://cdn.shopify.com/s/files/1/0884/0278/8685/files/wool-bedspread-hunter-lifestyle.jpg?v=1786006927
9999999014050,Boomba Bamboo,"Bambus-Bettwäscheset für 1 Person, Coffee Brown, 400TC",https://www.maisondecocon.com/products/1-person-bamboo-bedding-set-coffee-brown-400tc?variant=54471587037517,,"Ein warmes, luxuriös weiches Bettwäscheset aus Bambus mit einer Fadenzahl von 400TC für eine Person in sattem Coffee Brown – atmungsaktiv, hypoallergen für einen Schlaf wie im Hotel.",164.00,Heimtextilien > Bettwäsche > Bettwäsche-Sets,L — 90×200 + 140×220 + 50×75,Coco Brown,9.00,0.00,0.00,4-7 Werktage,https://cdn.shopify.com/s/files/1/0884/0278/8685/files/c6852ec8-3551-4ec0-9f05-f798b82d4b2d_1200x1200_fill.jpg?v=1786036520;https://cdn.shopify.com/s/files/1/0884/0278/8685/files/5e3e4b21-a22c-450f-98e6-9dc374bfe58f_1200x1200_fill.jpg?v=1786036520;https://cdn.shopify.com/s/files/1/0884/0278/8685/files/273c652a-e7f5-4b9d-923e-b11c757de07c_1200x1200_fill.jpg?v=1786036520;https://cdn.shopify.com/s/files/1/0884/0278/8685/files/5af2f12d-cf54-4c89-8161-c670da2a2799_1200x1200_fill.jpg?v=1786036520;https://cdn.shopify.com/s/files/1/0884/0278/8685/files/6558e6cb-d352-4311-a1f9-091bc453e2c0_1200x1200_fill.jpg?v=1786036520;https://cdn.shopify.com/s/files/1/0884/0278/8685/files/a2fed5a3-205a-4f51-b9ed-405a378899a0_1200x1200_fill.jpg?v=1786036520;https://cdn.shopify.com/s/files/1/0884/0278/8685/files/7a441d78-7fe0-467a-9f32-42ba850e3558_1200x1200_fill.jpg?v=1786036520;https://cdn.shopify.com/s/files/1/0884/0278/8685/files/d9b724f7-fe3c-4be4-b1d7-24669ca58a21_1200x1200_fill.jpg?v=1786036520;https://cdn.shopify.com/s/files/1/0884/0278/8685/files/3ce3f7f7-d157-450f-8251-49b471a0ae15_1200x1200_fill.jpg?v=1786036520;https://cdn.shopify.com/s/files/1/0884/0278/8685/files/7348cd93-faad-4826-8bb4-a66878f6c554_1200x1200_fill.jpg?v=1786036520;https://cdn.shopify.com/s/files/1/0884/0278/8685/files/3e8f841e-9d23-402f-8072-3d0b324d441c_1200x1200_fill.jpg?v=1786036520
9999998014050,Boomba Bamboo,"Bambus-Bettwäscheset für 1 Person, Coffee Brown, 400TC",https://www.maisondecocon.com/products/1-person-bamboo-bedding-set-coffee-brown-400tc?variant=54471587004749,,"Ein warmes, luxuriös weiches Bettwäscheset aus Bambus mit einer Fadenzahl von 400TC für eine Person in sattem Coffee Brown – atmungsaktiv, hypoallergen für einen Schlaf wie im Hotel.",161.00,Heimtextilien > Bettwäsche > Bettwäsche-Sets,M — 80×200 + 140×220 + 50×75,Coco Brown,9.00,0.00,0.00,4-7 Werktage,https://cdn.shopify.com/s/files/1/0884/0278/8685/files/c6852ec8-3551-4ec0-9f05-f798b82d4b2d_1200x1200_fill.jpg?v=1786036520;https://cdn.shopify.com/s/files/1/0884/0278/8685/files/5e3e4b21-a22c-450f-98e6-9dc374bfe58f_1200x1200_fill.jpg?v=1786036520;https://cdn.shopify.com/s/files/1/0884/0278/8685/files/273c652a-e7f5-4b9d-923e-b11c757de07c_1200x1200_fill.jpg?v=1786036520;https://cdn.shopify.com/s/files/1/0884/0278/8685/files/5af2f12d-cf54-4c89-8161-c670da2a2799_1200x1200_fill.jpg?v=1786036520;https://cdn.shopify.com/s/files/1/0884/0278/8685/files/6558e6cb-d352-4311-a1f9-091bc453e2c0_1200x1200_fill.jpg?v=1786036520;https://cdn.shopify.com/s/files/1/0884/0278/8685/files/a2fed5a3-205a-4f51-b9ed-405a378899a0_1200x1200_fill.jpg?v=1786036520;https://cdn.shopify.com/s/files/1/0884/0278/8685/files/7a441d78-7fe0-467a-9f32-42ba850e3558_1200x1200_fill.jpg?v=1786036520;https://cdn.shopify.com/s/files/1/0884/0278/8685/files/d9b724f7-fe3c-4be4-b1d7-24669ca58a21_1200x1200_fill.jpg?v=1786036520;https://cdn.shopify.com/s/files/1/0884/0278/8685/files/3ce3f7f7-d157-450f-8251-49b471a0ae15_1200x1200_fill.jpg?v=1786036520;https://cdn.shopify.com/s/files/1/0884/0278/8685/files/7348cd93-faad-4826-8bb4-a66878f6c554_1200x1200_fill.jpg?v=1786036520;https://cdn.shopify.com/s/files/1/0884/0278/8685/files/3e8f841e-9d23-402f-8072-3d0b324d441c_1200x1200_fill.jpg?v=1786036520
5555558014050,Boomba Bamboo,"Bambus-Bettwäscheset für 1 Person, Coco White, 400TC",https://www.maisondecocon.com/products/1-person-bamboo-bedding-set-coco-white-400tc?variant=54471587135821,,"Ein luxuriös weiches Bettwäscheset aus Bambus mit einer Fadenzahl von 400TC für eine Person in frischem, zeitlosem „Coco White“ – atmungsaktiv, hypoallergen für einen Schlaf wie im Hotel.",161.00,Heimtextilien > Bettwäsche > Bettwäsche-Sets,M — 80×200 + 140×220 + 50×75,Coco White,9.00,0.00,0.00,4-7 Werktage,https://cdn.shopify.com/s/files/1/0884/0278/8685/files/bamboo-bedding-set-coco-white-1-person-window-lifestyle.jpg?v=1786101593;https://cdn.shopify.com/s/files/1/0884/0278/8685/files/bamboo-bedding-set-coco-white-1-person-button-detail.jpg?v=1786101602;https://cdn.shopify.com/s/files/1/0884/0278/8685/files/bamboo-bedding-set-coco-white-1-person-bedroom-table.jpg?v=1786101610;https://cdn.shopify.com/s/files/1/0884/0278/8685/files/bamboo-bedding-set-coco-white-1-person-bedroom-angle.jpg?v=1786101618;https://cdn.shopify.com/s/files/1/0884/0278/8685/files/bamboo-bedding-set-coco-white-1-person-fabric-drape.jpg?v=1786101626;https://cdn.shopify.com/s/files/1/0884/0278/8685/files/bamboo-bedding-set-coco-white-1-person-fitted-sheet-detail.jpg?v=1786101634;https://cdn.shopify.com/s/files/1/0884/0278/8685/files/bamboo-bedding-set-coco-white-1-person-bedroom-pillows.jpg?v=1786101642;https://cdn.shopify.com/s/files/1/0884/0278/8685/files/bamboo-bedding-set-coco-white-1-person-pillows-detail.jpg?v=1786101651;https://cdn.shopify.com/s/files/1/0884/0278/8685/files/bamboo-bedding-set-coco-white-1-person-fabric-gather.jpg?v=1786101660;https://cdn.shopify.com/s/files/1/0884/0278/8685/files/bamboo-bedding-set-coco-white-1-person-fabric-fold.jpg?v=1786101668;https://cdn.shopify.com/s/files/1/0884/0278/8685/files/bamboo-bedding-set-coco-white-1-person-tie-detail.jpg?v=1786101680
5555559014050,Boomba Bamboo,"Bambus-Bettwäscheset für 1 Person, Coco White, 400TC",https://www.maisondecocon.com/products/1-person-bamboo-bedding-set-coco-white-400tc?variant=54471587168589,,"Ein luxuriös weiches Bettwäscheset aus Bambus mit einer Fadenzahl von 400TC für eine Person in frischem, zeitlosem „Coco White“ – atmungsaktiv, hypoallergen für einen Schlaf wie im Hotel.",164.00,Heimtextilien > Bettwäsche > Bettwäsche-Sets,L — 90×200 + 140×220 + 50×75,Coco White,9.00,0.00,0.00,4-7 Werktage,https://cdn.shopify.com/s/files/1/0884/0278/8685/files/bamboo-bedding-set-coco-white-1-person-window-lifestyle.jpg?v=1786101593;https://cdn.shopify.com/s/files/1/0884/0278/8685/files/bamboo-bedding-set-coco-white-1-person-button-detail.jpg?v=1786101602;https://cdn.shopify.com/s/files/1/0884/0278/8685/files/bamboo-bedding-set-coco-white-1-person-bedroom-table.jpg?v=1786101610;https://cdn.shopify.com/s/files/1/0884/0278/8685/files/bamboo-bedding-set-coco-white-1-person-bedroom-angle.jpg?v=1786101618;https://cdn.shopify.com/s/files/1/0884/0278/8685/files/bamboo-bedding-set-coco-white-1-person-fabric-drape.jpg?v=1786101626;https://cdn.shopify.com/s/files/1/0884/0278/8685/files/bamboo-bedding-set-coco-white-1-person-fitted-sheet-detail.jpg?v=1786101634;https://cdn.shopify.com/s/files/1/0884/0278/8685/files/bamboo-bedding-set-coco-white-1-person-bedroom-pillows.jpg?v=1786101642;https://cdn.shopify.com/s/files/1/0884/0278/8685/files/bamboo-bedding-set-coco-white-1-person-pillows-detail.jpg?v=1786101651;https://cdn.shopify.com/s/files/1/0884/0278/8685/files/bamboo-bedding-set-coco-white-1-person-fabric-gather.jpg?v=1786101660;https://cdn.shopify.com/s/files/1/0884/0278/8685/files/bamboo-bedding-set-coco-white-1-person-fabric-fold.jpg?v=1786101668;https://cdn.shopify.com/s/files/1/0884/0278/8685/files/bamboo-bedding-set-coco-white-1-person-tie-detail.jpg?v=1786101680
6154512596521,Boomba Bamboo,Bambus-Spannbetttuch „Lavender Mist“ 400TC,https://www.maisondecocon.com/products/bamboo-fitted-sheet-lavender-mist-400tc?variant=54471587594573,6154512596521,"Ein seidenweiches Bambus-Spannbetttuch mit einer Fadenzahl von 400TC in der traumhaften Farbe „Lavender Mist“ – atmungsaktiv, hypoallergen und angenehm kühl auf der Haut, mit einem passgenauen Gummizug für Matratzen mit einer Höhe von bis zu 30 cm.",126.00,Heimtextilien > Bettwäsche > Spannbettlaken,80x220/210 cm,Lavender Mist,9.00,0.00,0.00,4-7 Werktage,https://cdn.shopify.com/s/files/1/0884/0278/8685/files/bamboo-fitted-sheet-lavender-mist-corner-detail.jpg?v=1786102537;https://cdn.shopify.com/s/files/1/0884/0278/8685/files/bamboo-fitted-sheet-lavender-mist-bedroom-lifestyle.jpg?v=1786102528;https://cdn.shopify.com/s/files/1/0884/0278/8685/files/bamboo-fitted-sheet-lavender-mist-bedroom-wood-frame.jpg?v=1786102546;https://cdn.shopify.com/s/files/1/0884/0278/8685/files/bamboo-fitted-sheet-lavender-mist-flat-view.jpg?v=1786102554;https://cdn.shopify.com/s/files/1/0884/0278/8685/files/bamboo-fitted-sheet-lavender-mist-corner-angle.jpg?v=1786102564;https://cdn.shopify.com/s/files/1/0884/0278/8685/files/bamboo-fitted-sheet-lavender-mist-bedroom-full.jpg?v=1786102573;https://cdn.shopify.com/s/files/1/0884/0278/8685/files/bamboo-fitted-sheet-lavender-mist-fabric-drape.jpg?v=1786102582;https://cdn.shopify.com/s/files/1/0884/0278/8685/files/bamboo-fitted-sheet-lavender-mist-packaging.jpg?v=1786102592
6154514681621,Boomba Bamboo,Bambus-Spannbetttuch „Lavender Mist“ 400TC,https://www.maisondecocon.com/products/bamboo-fitted-sheet-lavender-mist-400tc?variant=54471587397965,6154514681621,"Ein seidenweiches Bambus-Spannbetttuch mit einer Fadenzahl von 400TC in der traumhaften Farbe „Lavender Mist“ – atmungsaktiv, hypoallergen und angenehm kühl auf der Haut, mit einem passgenauen Gummizug für Matratzen mit einer Höhe von bis zu 30 cm.",168.00,Heimtextilien > Bettwäsche > Spannbettlaken,200x200 cm,Lavender Mist,9.00,0.00,0.00,4-7 Werktage,https://cdn.shopify.com/s/files/1/0884/0278/8685/files/bamboo-fitted-sheet-lavender-mist-corner-detail.jpg?v=1786102537;https://cdn.shopify.com/s/files/1/0884/0278/8685/files/bamboo-fitted-sheet-lavender-mist-bedroom-lifestyle.jpg?v=1786102528;https://cdn.shopify.com/s/files/1/0884/0278/8685/files/bamboo-fitted-sheet-lavender-mist-bedroom-wood-frame.jpg?v=1786102546;https://cdn.shopify.com/s/files/1/0884/0278/8685/files/bamboo-fitted-sheet-lavender-mist-flat-view.jpg?v=1786102554;https://cdn.shopify.com/s/files/1/0884/0278/8685/files/bamboo-fitted-sheet-lavender-mist-corner-angle.jpg?v=1786102564;https://cdn.shopify.com/s/files/1/0884/0278/8685/files/bamboo-fitted-sheet-lavender-mist-bedroom-full.jpg?v=1786102573;https://cdn.shopify.com/s/files/1/0884/0278/8685/files/bamboo-fitted-sheet-lavender-mist-fabric-drape.jpg?v=1786102582;https://cdn.shopify.com/s/files/1/0884/0278/8685/files/bamboo-fitted-sheet-lavender-mist-packaging.jpg?v=1786102592
6154514216267,Boomba Bamboo,Bambus-Spannbetttuch „Lavender Mist“ 400TC,https://www.maisondecocon.com/products/bamboo-fitted-sheet-lavender-mist-400tc?variant=54471587332429,6154514216267,"Ein seidenweiches Bambus-Spannbetttuch mit einer Fadenzahl von 400TC in der traumhaften Farbe „Lavender Mist“ – atmungsaktiv, hypoallergen und angenehm kühl auf der Haut, mit einem passgenauen Gummizug für Matratzen mit einer Höhe von bis zu 30 cm.",156.00,Heimtextilien > Bettwäsche > Spannbettlaken,180x200 cm,Lavender Mist,9.00,0.00,0.00,4-7 Werktage,https://cdn.shopify.com/s/files/1/0884/0278/8685/files/bamboo-fitted-sheet-lavender-mist-corner-detail.jpg?v=1786102537;https://cdn.shopify.com/s/files/1/0884/0278/8685/files/bamboo-fitted-sheet-lavender-mist-bedroom-lifestyle.jpg?v=1786102528;https://cdn.shopify.com/s/files/1/0884/0278/8685/files/bamboo-fitted-sheet-lavender-mist-bedroom-wood-frame.jpg?v=1786102546;https://cdn.shopify.com/s/files/1/0884/0278/8685/files/bamboo-fitted-sheet-lavender-mist-flat-view.jpg?v=1786102554;https://cdn.shopify.com/s/files/1/0884/0278/8685/files/bamboo-fitted-sheet-lavender-mist-corner-angle.jpg?v=1786102564;https://cdn.shopify.com/s/files/1/0884/0278/8685/files/bamboo-fitted-sheet-lavender-mist-bedroom-full.jpg?v=1786102573;https://cdn.shopify.com/s/files/1/0884/0278/8685/files/bamboo-fitted-sheet-lavender-mist-fabric-drape.jpg?v=1786102582;https://cdn.shopify.com/s/files/1/0884/0278/8685/files/bamboo-fitted-sheet-lavender-mist-packaging.jpg?v=1786102592
6154513694660,Boomba Bamboo,Bambus-Spannbetttuch „Lavender Mist“ 400TC,https://www.maisondecocon.com/products/bamboo-fitted-sheet-lavender-mist-400tc?variant=54471587299661,6154513694660,"Ein seidenweiches Bambus-Spannbetttuch mit einer Fadenzahl von 400TC in der traumhaften Farbe „Lavender Mist“ – atmungsaktiv, hypoallergen und angenehm kühl auf der Haut, mit einem passgenauen Gummizug für Matratzen mit einer Höhe von bis zu 30 cm.",153.00,Heimtextilien > Bettwäsche > Spannbettlaken,160x220/210,Lavender Mist,9.00,0.00,0.00,4-7 Werktage,https://cdn.shopify.com/s/files/1/0884/0278/8685/files/bamboo-fitted-sheet-lavender-mist-corner-detail.jpg?v=1786102537;https://cdn.shopify.com/s/files/1/0884/0278/8685/files/bamboo-fitted-sheet-lavender-mist-bedroom-lifestyle.jpg?v=1786102528;https://cdn.shopify.com/s/files/1/0884/0278/8685/files/bamboo-fitted-sheet-lavender-mist-bedroom-wood-frame.jpg?v=1786102546;https://cdn.shopify.com/s/files/1/0884/0278/8685/files/bamboo-fitted-sheet-lavender-mist-flat-view.jpg?v=1786102554;https://cdn.shopify.com/s/files/1/0884/0278/8685/files/bamboo-fitted-sheet-lavender-mist-corner-angle.jpg?v=1786102564;https://cdn.shopify.com/s/files/1/0884/0278/8685/files/bamboo-fitted-sheet-lavender-mist-bedroom-full.jpg?v=1786102573;https://cdn.shopify.com/s/files/1/0884/0278/8685/files/bamboo-fitted-sheet-lavender-mist-fabric-drape.jpg?v=1786102582;https://cdn.shopify.com/s/files/1/0884/0278/8685/files/bamboo-fitted-sheet-lavender-mist-packaging.jpg?v=1786102592
6154513395352,Boomba Bamboo,Bambus-Spannbetttuch „Lavender Mist“ 400TC,https://www.maisondecocon.com/products/bamboo-fitted-sheet-lavender-mist-400tc?variant=54471587496269,6154513395352,"Ein seidenweiches Bambus-Spannbetttuch mit einer Fadenzahl von 400TC in der traumhaften Farbe „Lavender Mist“ – atmungsaktiv, hypoallergen und angenehm kühl auf der Haut, mit einem passgenauen Gummizug für Matratzen mit einer Höhe von bis zu 30 cm.",141.00,Heimtextilien > Bettwäsche > Spannbettlaken,100x220/210 cm,Lavender Mist,9.00,0.00,0.00,4-7 Werktage,https://cdn.shopify.com/s/files/1/0884/0278/8685/files/bamboo-fitted-sheet-lavender-mist-corner-detail.jpg?v=1786102537;https://cdn.shopify.com/s/files/1/0884/0278/8685/files/bamboo-fitted-sheet-lavender-mist-bedroom-lifestyle.jpg?v=1786102528;https://cdn.shopify.com/s/files/1/0884/0278/8685/files/bamboo-fitted-sheet-lavender-mist-bedroom-wood-frame.jpg?v=1786102546;https://cdn.shopify.com/s/files/1/0884/0278/8685/files/bamboo-fitted-sheet-lavender-mist-flat-view.jpg?v=1786102554;https://cdn.shopify.com/s/files/1/0884/0278/8685/files/bamboo-fitted-sheet-lavender-mist-corner-angle.jpg?v=1786102564;https://cdn.shopify.com/s/files/1/0884/0278/8685/files/bamboo-fitted-sheet-lavender-mist-bedroom-full.jpg?v=1786102573;https://cdn.shopify.com/s/files/1/0884/0278/8685/files/bamboo-fitted-sheet-lavender-mist-fabric-drape.jpg?v=1786102582;https://cdn.shopify.com/s/files/1/0884/0278/8685/files/bamboo-fitted-sheet-lavender-mist-packaging.jpg?v=1786102592
6154512472436,Boomba Bamboo,Bambus-Spannbetttuch „Lavender Mist“ 400TC,https://www.maisondecocon.com/products/bamboo-fitted-sheet-lavender-mist-400tc?variant=54471587561805,6154512472436,"Ein seidenweiches Bambus-Spannbetttuch mit einer Fadenzahl von 400TC in der traumhaften Farbe „Lavender Mist“ – atmungsaktiv, hypoallergen und angenehm kühl auf der Haut, mit einem passgenauen Gummizug für Matratzen mit einer Höhe von bis zu 30 cm.",120.00,Heimtextilien > Bettwäsche > Spannbettlaken,80x200 cm,Lavender Mist,9.00,0.00,0.00,4-7 Werktage,https://cdn.shopify.com/s/files/1/0884/0278/8685/files/bamboo-fitted-sheet-lavender-mist-corner-detail.jpg?v=1786102537;https://cdn.shopify.com/s/files/1/0884/0278/8685/files/bamboo-fitted-sheet-lavender-mist-bedroom-lifestyle.jpg?v=1786102528;https://cdn.shopify.com/s/files/1/0884/0278/8685/files/bamboo-fitted-sheet-lavender-mist-bedroom-wood-frame.jpg?v=1786102546;https://cdn.shopify.com/s/files/1/0884/0278/8685/files/bamboo-fitted-sheet-lavender-mist-flat-view.jpg?v=1786102554;https://cdn.shopify.com/s/files/1/0884/0278/8685/files/bamboo-fitted-sheet-lavender-mist-corner-angle.jpg?v=1786102564;https://cdn.shopify.com/s/files/1/0884/0278/8685/files/bamboo-fitted-sheet-lavender-mist-bedroom-full.jpg?v=1786102573;https://cdn.shopify.com/s/files/1/0884/0278/8685/files/bamboo-fitted-sheet-lavender-mist-fabric-drape.jpg?v=1786102582;https://cdn.shopify.com/s/files/1/0884/0278/8685/files/bamboo-fitted-sheet-lavender-mist-packaging.jpg?v=1786102592
6154514556592,Boomba Bamboo,Bambus-Spannbetttuch „Lavender Mist“ 400TC,https://www.maisondecocon.com/products/bamboo-fitted-sheet-lavender-mist-400tc?variant=54471587365197,6154514556592,"Ein seidenweiches Bambus-Spannbetttuch mit einer Fadenzahl von 400TC in der traumhaften Farbe „Lavender Mist“ – atmungsaktiv, hypoallergen und angenehm kühl auf der Haut, mit einem passgenauen Gummizug für Matratzen mit einer Höhe von bis zu 30 cm.",162.00,Heimtextilien > Bettwäsche > Spannbettlaken,180x220/210 cm,Lavender Mist,9.00,0.00,0.00,4-7 Werktage,https://cdn.shopify.com/s/files/1/0884/0278/8685/files/bamboo-fitted-sheet-lavender-mist-corner-detail.jpg?v=1786102537;https://cdn.shopify.com/s/files/1/0884/0278/8685/files/bamboo-fitted-sheet-lavender-mist-bedroom-lifestyle.jpg?v=1786102528;https://cdn.shopify.com/s/files/1/0884/0278/8685/files/bamboo-fitted-sheet-lavender-mist-bedroom-wood-frame.jpg?v=1786102546;https://cdn.shopify.com/s/files/1/0884/0278/8685/files/bamboo-fitted-sheet-lavender-mist-flat-view.jpg?v=1786102554;https://cdn.shopify.com/s/files/1/0884/0278/8685/files/bamboo-fitted-sheet-lavender-mist-corner-angle.jpg?v=1786102564;https://cdn.shopify.com/s/files/1/0884/0278/8685/files/bamboo-fitted-sheet-lavender-mist-bedroom-full.jpg?v=1786102573;https://cdn.shopify.com/s/files/1/0884/0278/8685/files/bamboo-fitted-sheet-lavender-mist-fabric-drape.jpg?v=1786102582;https://cdn.shopify.com/s/files/1/0884/0278/8685/files/bamboo-fitted-sheet-lavender-mist-packaging.jpg?v=1786102592
6154513553554,Boomba Bamboo,Bambus-Spannbetttuch „Lavender Mist“ 400TC,https://www.maisondecocon.com/products/bamboo-fitted-sheet-lavender-mist-400tc?variant=54471587234125,6154513553554,"Ein seidenweiches Bambus-Spannbetttuch mit einer Fadenzahl von 400TC in der traumhaften Farbe „Lavender Mist“ – atmungsaktiv, hypoallergen und angenehm kühl auf der Haut, mit einem passgenauen Gummizug für Matratzen mit einer Höhe von bis zu 30 cm.",144.00,Heimtextilien > Bettwäsche > Spannbettlaken,140x200 cm,Lavender Mist,9.00,0.00,0.00,4-7 Werktage,https://cdn.shopify.com/s/files/1/0884/0278/8685/files/bamboo-fitted-sheet-lavender-mist-corner-detail.jpg?v=1786102537;https://cdn.shopify.com/s/files/1/0884/0278/8685/files/bamboo-fitted-sheet-lavender-mist-bedroom-lifestyle.jpg?v=1786102528;https://cdn.shopify.com/s/files/1/0884/0278/8685/files/bamboo-fitted-sheet-lavender-mist-bedroom-wood-frame.jpg?v=1786102546;https://cdn.shopify.com/s/files/1/0884/0278/8685/files/bamboo-fitted-sheet-lavender-mist-flat-view.jpg?v=1786102554;https://cdn.shopify.com/s/files/1/0884/0278/8685/files/bamboo-fitted-sheet-lavender-mist-corner-angle.jpg?v=1786102564;https://cdn.shopify.com/s/files/1/0884/0278/8685/files/bamboo-fitted-sheet-lavender-mist-bedroom-full.jpg?v=1786102573;https://cdn.shopify.com/s/files/1/0884/0278/8685/files/bamboo-fitted-sheet-lavender-mist-fabric-drape.jpg?v=1786102582;https://cdn.shopify.com/s/files/1/0884/0278/8685/files/bamboo-fitted-sheet-lavender-mist-packaging.jpg?v=1786102592
6154513585586,Boomba Bamboo,Bambus-Spannbetttuch „Lavender Mist“ 400TC,https://www.maisondecocon.com/products/bamboo-fitted-sheet-lavender-mist-400tc?variant=54471587266893,6154513585586,"Ein seidenweiches Bambus-Spannbetttuch mit einer Fadenzahl von 400TC in der traumhaften Farbe „Lavender Mist“ – atmungsaktiv, hypoallergen und angenehm kühl auf der Haut, mit einem passgenauen Gummizug für Matratzen mit einer Höhe von bis zu 30 cm.",147.00,Heimtextilien > Bettwäsche > Spannbettlaken,160x200 cm,Lavender Mist,9.00,0.00,0.00,4-7 Werktage,https://cdn.shopify.com/s/files/1/0884/0278/8685/files/bamboo-fitted-sheet-lavender-mist-corner-detail.jpg?v=1786102537;https://cdn.shopify.com/s/files/1/0884/0278/8685/files/bamboo-fitted-sheet-lavender-mist-bedroom-lifestyle.jpg?v=1786102528;https://cdn.shopify.com/s/files/1/0884/0278/8685/files/bamboo-fitted-sheet-lavender-mist-bedroom-wood-frame.jpg?v=1786102546;https://cdn.shopify.com/s/files/1/0884/0278/8685/files/bamboo-fitted-sheet-lavender-mist-flat-view.jpg?v=1786102554;https://cdn.shopify.com/s/files/1/0884/0278/8685/files/bamboo-fitted-sheet-lavender-mist-corner-angle.jpg?v=1786102564;https://cdn.shopify.com/s/files/1/0884/0278/8685/files/bamboo-fitted-sheet-lavender-mist-bedroom-full.jpg?v=1786102573;https://cdn.shopify.com/s/files/1/0884/0278/8685/files/bamboo-fitted-sheet-lavender-mist-fabric-drape.jpg?v=1786102582;https://cdn.shopify.com/s/files/1/0884/0278/8685/files/bamboo-fitted-sheet-lavender-mist-packaging.jpg?v=1786102592
6154513388361,Boomba Bamboo,Bambus-Spannbetttuch „Lavender Mist“ 400TC,https://www.maisondecocon.com/products/bamboo-fitted-sheet-lavender-mist-400tc?variant=54471587463501,6154513388361,"Ein seidenweiches Bambus-Spannbetttuch mit einer Fadenzahl von 400TC in der traumhaften Farbe „Lavender Mist“ – atmungsaktiv, hypoallergen und angenehm kühl auf der Haut, mit einem passgenauen Gummizug für Matratzen mit einer Höhe von bis zu 30 cm.",138.00,Heimtextilien > Bettwäsche > Spannbettlaken,100x200,Lavender Mist,9.00,0.00,0.00,4-7 Werktage,https://cdn.shopify.com/s/files/1/0884/0278/8685/files/bamboo-fitted-sheet-lavender-mist-corner-detail.jpg?v=1786102537;https://cdn.shopify.com/s/files/1/0884/0278/8685/files/bamboo-fitted-sheet-lavender-mist-bedroom-lifestyle.jpg?v=1786102528;https://cdn.shopify.com/s/files/1/0884/0278/8685/files/bamboo-fitted-sheet-lavender-mist-bedroom-wood-frame.jpg?v=1786102546;https://cdn.shopify.com/s/files/1/0884/0278/8685/files/bamboo-fitted-sheet-lavender-mist-flat-view.jpg?v=1786102554;https://cdn.shopify.com/s/files/1/0884/0278/8685/files/bamboo-fitted-sheet-lavender-mist-corner-angle.jpg?v=1786102564;https://cdn.shopify.com/s/files/1/0884/0278/8685/files/bamboo-fitted-sheet-lavender-mist-bedroom-full.jpg?v=1786102573;https://cdn.shopify.com/s/files/1/0884/0278/8685/files/bamboo-fitted-sheet-lavender-mist-fabric-drape.jpg?v=1786102582;https://cdn.shopify.com/s/files/1/0884/0278/8685/files/bamboo-fitted-sheet-lavender-mist-packaging.jpg?v=1786102592
6154514842848,Boomba Bamboo,Bambus-Spannbetttuch „Lavender Mist“ 400TC,https://www.maisondecocon.com/products/bamboo-fitted-sheet-lavender-mist-400tc?variant=54471587430733,6154514842848,"Ein seidenweiches Bambus-Spannbetttuch mit einer Fadenzahl von 400TC in der traumhaften Farbe „Lavender Mist“ – atmungsaktiv, hypoallergen und angenehm kühl auf der Haut, mit einem passgenauen Gummizug für Matratzen mit einer Höhe von bis zu 30 cm.",180.00,Heimtextilien > Bettwäsche > Spannbettlaken,200x220/210 cm,Lavender Mist,9.00,0.00,0.00,4-7 Werktage,https://cdn.shopify.com/s/files/1/0884/0278/8685/files/bamboo-fitted-sheet-lavender-mist-corner-detail.jpg?v=1786102537;https://cdn.shopify.com/s/files/1/0884/0278/8685/files/bamboo-fitted-sheet-lavender-mist-bedroom-lifestyle.jpg?v=1786102528;https://cdn.shopify.com/s/files/1/0884/0278/8685/files/bamboo-fitted-sheet-lavender-mist-bedroom-wood-frame.jpg?v=1786102546;https://cdn.shopify.com/s/files/1/0884/0278/8685/files/bamboo-fitted-sheet-lavender-mist-flat-view.jpg?v=1786102554;https://cdn.shopify.com/s/files/1/0884/0278/8685/files/bamboo-fitted-sheet-lavender-mist-corner-angle.jpg?v=1786102564;https://cdn.shopify.com/s/files/1/0884/0278/8685/files/bamboo-fitted-sheet-lavender-mist-bedroom-full.jpg?v=1786102573;https://cdn.shopify.com/s/files/1/0884/0278/8685/files/bamboo-fitted-sheet-lavender-mist-fabric-drape.jpg?v=1786102582;https://cdn.shopify.com/s/files/1/0884/0278/8685/files/bamboo-fitted-sheet-lavender-mist-packaging.jpg?v=1786102592
6154513283284,Boomba Bamboo,Bambus-Spannbetttuch „Lavender Mist“ 400TC,https://www.maisondecocon.com/products/bamboo-fitted-sheet-lavender-mist-400tc?variant=54471587201357,6154513283284,"Ein seidenweiches Bambus-Spannbetttuch mit einer Fadenzahl von 400TC in der traumhaften Farbe „Lavender Mist“ – atmungsaktiv, hypoallergen und angenehm kühl auf der Haut, mit einem passgenauen Gummizug für Matratzen mit einer Höhe von bis zu 30 cm.",135.00,Heimtextilien > Bettwäsche > Spannbettlaken,90x220/210 cm,Lavender Mist,9.00,0.00,0.00,4-7 Werktage,https://cdn.shopify.com/s/files/1/0884/0278/8685/files/bamboo-fitted-sheet-lavender-mist-corner-detail.jpg?v=1786102537;https://cdn.shopify.com/s/files/1/0884/0278/8685/files/bamboo-fitted-sheet-lavender-mist-bedroom-lifestyle.jpg?v=1786102528;https://cdn.shopify.com/s/files/1/0884/0278/8685/files/bamboo-fitted-sheet-lavender-mist-bedroom-wood-frame.jpg?v=1786102546;https://cdn.shopify.com/s/files/1/0884/0278/8685/files/bamboo-fitted-sheet-lavender-mist-flat-view.jpg?v=1786102554;https://cdn.shopify.com/s/files/1/0884/0278/8685/files/bamboo-fitted-sheet-lavender-mist-corner-angle.jpg?v=1786102564;https://cdn.shopify.com/s/files/1/0884/0278/8685/files/bamboo-fitted-sheet-lavender-mist-bedroom-full.jpg?v=1786102573;https://cdn.shopify.com/s/files/1/0884/0278/8685/files/bamboo-fitted-sheet-lavender-mist-fabric-drape.jpg?v=1786102582;https://cdn.shopify.com/s/files/1/0884/0278/8685/files/bamboo-fitted-sheet-lavender-mist-packaging.jpg?v=1786102592
6154512970970,Boomba Bamboo,Bambus-Spannbetttuch „Lavender Mist“ 400TC,https://www.maisondecocon.com/products/bamboo-fitted-sheet-lavender-mist-400tc?variant=54471587529037,6154512970970,"Ein seidenweiches Bambus-Spannbetttuch mit einer Fadenzahl von 400TC in der traumhaften Farbe „Lavender Mist“ – atmungsaktiv, hypoallergen und angenehm kühl auf der Haut, mit einem passgenauen Gummizug für Matratzen mit einer Höhe von bis zu 30 cm.",129.00,Heimtextilien > Bettwäsche > Spannbettlaken,90x200 cm,Lavender Mist,9.00,0.00,0.00,4-7 Werktage,https://cdn.shopify.com/s/files/1/0884/0278/8685/files/bamboo-fitted-sheet-lavender-mist-corner-detail.jpg?v=1786102537;https://cdn.shopify.com/s/files/1/0884/0278/8685/files/bamboo-fitted-sheet-lavender-mist-bedroom-lifestyle.jpg?v=1786102528;https://cdn.shopify.com/s/files/1/0884/0278/8685/files/bamboo-fitted-sheet-lavender-mist-bedroom-wood-frame.jpg?v=1786102546;https://cdn.shopify.com/s/files/1/0884/0278/8685/files/bamboo-fitted-sheet-lavender-mist-flat-view.jpg?v=1786102554;https://cdn.shopify.com/s/files/1/0884/0278/8685/files/bamboo-fitted-sheet-lavender-mist-corner-angle.jpg?v=1786102564;https://cdn.shopify.com/s/files/1/0884/0278/8685/files/bamboo-fitted-sheet-lavender-mist-bedroom-full.jpg?v=1786102573;https://cdn.shopify.com/s/files/1/0884/0278/8685/files/bamboo-fitted-sheet-lavender-mist-fabric-drape.jpg?v=1786102582;https://cdn.shopify.com/s/files/1/0884/0278/8685/files/bamboo-fitted-sheet-lavender-mist-packaging.jpg?v=1786102592
6154516042055,Boomba Bamboo,"Kissenbezüge aus Bambus, „Lavender Mist“, 400TC – 2er-Set",https://www.maisondecocon.com/products/bamboo-pillowcases-lavender-mist-400tc?variant=54471587791181,6154516042055,"Verleihen Sie Ihrem Schlafzimmer mit diesen Kissenbezügen aus Bambus mit einer Fadenzahl von 400TC im zarten Farbton „Lavender Mist“ eine traumhafte, luxuriöse Note – seidig-glatt und hypoallergen.",99.00,Heimtextilien > Bettwäsche > Kissenbezüge,60x70 cm,Lavender Mist,9.00,0.00,0.00,4-7 Werktage,https://cdn.shopify.com/s/files/1/0884/0278/8685/files/bamboo-pillowcases-lavender-mist-bedroom-lifestyle.jpg?v=1786103412;https://cdn.shopify.com/s/files/1/0884/0278/8685/files/bamboo-pillowcases-lavender-mist-pair-flat-lay.jpg?v=1786103422;https://cdn.shopify.com/s/files/1/0884/0278/8685/files/bamboo-pillowcases-lavender-mist-fabric-gather.jpg?v=1786103431;https://cdn.shopify.com/s/files/1/0884/0278/8685/files/bamboo-pillowcases-lavender-mist-fabric-drape.jpg?v=1786103440;https://cdn.shopify.com/s/files/1/0884/0278/8685/files/bamboo-pillowcases-lavender-mist-side-view.jpg?v=1786103447;https://cdn.shopify.com/s/files/1/0884/0278/8685/files/bamboo-pillowcases-lavender-mist-bed-styled.jpg?v=1786103456;https://cdn.shopify.com/s/files/1/0884/0278/8685/files/bamboo-pillowcases-lavender-mist-bed-wood-frame.jpg?v=1786103464;https://cdn.shopify.com/s/files/1/0884/0278/8685/files/bamboo-pillowcases-lavender-mist-packaging.jpg?v=1786103472
6154516032025,Boomba Bamboo,"Kissenbezüge aus Bambus, „Lavender Mist“, 400TC – 2er-Set",https://www.maisondecocon.com/products/bamboo-pillowcases-lavender-mist-400tc?variant=54471587758413,6154516032025,"Verleihen Sie Ihrem Schlafzimmer mit diesen Kissenbezügen aus Bambus mit einer Fadenzahl von 400TC im zarten Farbton „Lavender Mist“ eine traumhafte, luxuriöse Note – seidig-glatt und hypoallergen.",93.00,Heimtextilien > Bettwäsche > Kissenbezüge,50x75 cm,Lavender Mist,9.00,0.00,0.00,4-7 Werktage,https://cdn.shopify.com/s/files/1/0884/0278/8685/files/bamboo-pillowcases-lavender-mist-bedroom-lifestyle.jpg?v=1786103412;https://cdn.shopify.com/s/files/1/0884/0278/8685/files/bamboo-pillowcases-lavender-mist-pair-flat-lay.jpg?v=1786103422;https://cdn.shopify.com/s/files/1/0884/0278/8685/files/bamboo-pillowcases-lavender-mist-fabric-gather.jpg?v=1786103431;https://cdn.shopify.com/s/files/1/0884/0278/8685/files/bamboo-pillowcases-lavender-mist-fabric-drape.jpg?v=1786103440;https://cdn.shopify.com/s/files/1/0884/0278/8685/files/bamboo-pillowcases-lavender-mist-side-view.jpg?v=1786103447;https://cdn.shopify.com/s/files/1/0884/0278/8685/files/bamboo-pillowcases-lavender-mist-bed-styled.jpg?v=1786103456;https://cdn.shopify.com/s/files/1/0884/0278/8685/files/bamboo-pillowcases-lavender-mist-bed-wood-frame.jpg?v=1786103464;https://cdn.shopify.com/s/files/1/0884/0278/8685/files/bamboo-pillowcases-lavender-mist-packaging.jpg?v=1786103472
6154515935945,Boomba Bamboo,"Kissenbezüge aus Bambus, „Lavender Mist“, 400TC – 2er-Set",https://www.maisondecocon.com/products/bamboo-pillowcases-lavender-mist-400tc?variant=54471587725645,6154515935945,"Verleihen Sie Ihrem Schlafzimmer mit diesen Kissenbezügen aus Bambus mit einer Fadenzahl von 400TC im zarten Farbton „Lavender Mist“ eine traumhafte, luxuriöse Note – seidig-glatt und hypoallergen.",90.00,Heimtextilien > Bettwäsche > Kissenbezüge,40x80 cm,Lavender Mist,9.00,0.00,0.00,4-7 Werktage,https://cdn.shopify.com/s/files/1/0884/0278/8685/files/bamboo-pillowcases-lavender-mist-bedroom-lifestyle.jpg?v=1786103412;https://cdn.shopify.com/s/files/1/0884/0278/8685/files/bamboo-pillowcases-lavender-mist-pair-flat-lay.jpg?v=1786103422;https://cdn.shopify.com/s/files/1/0884/0278/8685/files/bamboo-pillowcases-lavender-mist-fabric-gather.jpg?v=1786103431;https://cdn.shopify.com/s/files/1/0884/0278/8685/files/bamboo-pillowcases-lavender-mist-fabric-drape.jpg?v=1786103440;https://cdn.shopify.com/s/files/1/0884/0278/8685/files/bamboo-pillowcases-lavender-mist-side-view.jpg?v=1786103447;https://cdn.shopify.com/s/files/1/0884/0278/8685/files/bamboo-pillowcases-lavender-mist-bed-styled.jpg?v=1786103456;https://cdn.shopify.com/s/files/1/0884/0278/8685/files/bamboo-pillowcases-lavender-mist-bed-wood-frame.jpg?v=1786103464;https://cdn.shopify.com/s/files/1/0884/0278/8685/files/bamboo-pillowcases-lavender-mist-packaging.jpg?v=1786103472
8720828225080,Boomba Bamboo,"Kissenbezüge aus Bambus, himmelblau, 400TC – 2er-Set",https://www.maisondecocon.com/products/bamboo-pillowcases-sky-blue-400tc?variant=54471588053325,8720828225080,"Verleihen Sie Ihrem Schlafzimmer mit diesen Kissenbezügen aus Bambus mit einer Fadenzahl von 400TC im luftigen Sky Blue einen frischen, ruhigen Look – seidig weich und hypoallergen.",99.00,Heimtextilien > Bettwäsche > Kissenbezüge,60x70 cm,Sky Blue,9.00,0.00,0.00,4-7 Werktage,https://cdn.shopify.com/s/files/1/0884/0278/8685/files/bamboo-pillowcases-sky-blue-bench-lifestyle.jpg?v=1786131856;https://cdn.shopify.com/s/files/1/0884/0278/8685/files/bamboo-pillowcases-sky-blue-fabric-swirl.jpg?v=1786131866;https://cdn.shopify.com/s/files/1/0884/0278/8685/files/bamboo-pillowcases-sky-blue-chair-styled.jpg?v=1786131874;https://cdn.shopify.com/s/files/1/0884/0278/8685/files/bamboo-pillowcases-sky-blue-bed-wood-frame.jpg?v=1786131909;https://cdn.shopify.com/s/files/1/0884/0278/8685/files/bamboo-pillowcases-sky-blue-pillows-detail.jpg?v=1786131931;https://cdn.shopify.com/s/files/1/0884/0278/8685/files/bamboo-pillowcases-sky-blue-packaging.jpg?v=1786131882
8720828225073,Boomba Bamboo,"Kissenbezüge aus Bambus, himmelblau, 400TC – 2er-Set",https://www.maisondecocon.com/products/bamboo-pillowcases-sky-blue-400tc?variant=54471588020557,8720828225073,"Verleihen Sie Ihrem Schlafzimmer mit diesen Kissenbezügen aus Bambus mit einer Fadenzahl von 400TC im luftigen Sky Blue einen frischen, ruhigen Look – seidig weich und hypoallergen.",96.00,Heimtextilien > Bettwäsche > Kissenbezüge,50x75 cm,Sky Blue,9.00,0.00,0.00,4-7 Werktage,https://cdn.shopify.com/s/files/1/0884/0278/8685/files/bamboo-pillowcases-sky-blue-bench-lifestyle.jpg?v=1786131856;https://cdn.shopify.com/s/files/1/0884/0278/8685/files/bamboo-pillowcases-sky-blue-fabric-swirl.jpg?v=1786131866;https://cdn.shopify.com/s/files/1/0884/0278/8685/files/bamboo-pillowcases-sky-blue-chair-styled.jpg?v=1786131874;https://cdn.shopify.com/s/files/1/0884/0278/8685/files/bamboo-pillowcases-sky-blue-bed-wood-frame.jpg?v=1786131909;https://cdn.shopify.com/s/files/1/0884/0278/8685/files/bamboo-pillowcases-sky-blue-pillows-detail.jpg?v=1786131931;https://cdn.shopify.com/s/files/1/0884/0278/8685/files/bamboo-pillowcases-sky-blue-packaging.jpg?v=1786131882
8720828225066,Boomba Bamboo,"Kissenbezüge aus Bambus, himmelblau, 400TC – 2er-Set",https://www.maisondecocon.com/products/bamboo-pillowcases-sky-blue-400tc?variant=54471587987789,8720828225066,"Verleihen Sie Ihrem Schlafzimmer mit diesen Kissenbezügen aus Bambus mit einer Fadenzahl von 400TC im luftigen Sky Blue einen frischen, ruhigen Look – seidig weich und hypoallergen.",93.00,Heimtextilien > Bettwäsche > Kissenbezüge,40x80 cm,Sky Blue,9.00,0.00,0.00,4-7 Werktage,https://cdn.shopify.com/s/files/1/0884/0278/8685/files/bamboo-pillowcases-sky-blue-bench-lifestyle.jpg?v=1786131856;https://cdn.shopify.com/s/files/1/0884/0278/8685/files/bamboo-pillowcases-sky-blue-fabric-swirl.jpg?v=1786131866;https://cdn.shopify.com/s/files/1/0884/0278/8685/files/bamboo-pillowcases-sky-blue-chair-styled.jpg?v=1786131874;https://cdn.shopify.com/s/files/1/0884/0278/8685/files/bamboo-pillowcases-sky-blue-bed-wood-frame.jpg?v=1786131909;https://cdn.shopify.com/s/files/1/0884/0278/8685/files/bamboo-pillowcases-sky-blue-pillows-detail.jpg?v=1786131931;https://cdn.shopify.com/s/files/1/0884/0278/8685/files/bamboo-pillowcases-sky-blue-packaging.jpg?v=1786131882
6154509330367,Boomba Bamboo,"Bambus-Spannbetttuch „Moosgrün“, 400TC",https://www.maisondecocon.com/products/bamboo-fitted-sheet-deep-moss-400tc?variant=54471588249933,6154509330367,"Ein seidenweiches Bambus-Spannbetttuch mit einer Fadenzahl von 400TC in dem satten Farbton „Moosgrün“ – atmungsaktiv, hypoallergen und angenehm kühl auf der Haut, mit einem passgenauen Gummizug für Matratzen mit einer Höhe von bis zu 30 cm.",153.00,Heimtextilien > Bettwäsche > Spannbettlaken,160x220/210,Deep Moss,9.00,0.00,0.00,4-7 Werktage,https://cdn.shopify.com/s/files/1/0884/0278/8685/files/bamboo-fitted-sheet-deep-moss-seam-detail.jpg?v=1786181560;https://cdn.shopify.com/s/files/1/0884/0278/8685/files/bamboo-fitted-sheet-deep-moss-corner-detail.jpg?v=1786181560;https://cdn.shopify.com/s/files/1/0884/0278/8685/files/bamboo-fitted-sheet-deep-moss-bedroom-lifestyle.jpg?v=1786181560;https://cdn.shopify.com/s/files/1/0884/0278/8685/files/bamboo-fitted-sheet-deep-moss-bedroom-front.jpg?v=1786181560;https://cdn.shopify.com/s/files/1/0884/0278/8685/files/bamboo-fitted-sheet-deep-moss-fabric-drape-1.png?v=1786181560;https://cdn.shopify.com/s/files/1/0884/0278/8685/files/bamboo-fitted-sheet-deep-moss-bedroom-detail.jpg?v=1786181560;https://cdn.shopify.com/s/files/1/0884/0278/8685/files/bamboo-fitted-sheet-deep-moss-fabric-drape-2.jpg?v=1786181560;https://cdn.shopify.com/s/files/1/0884/0278/8685/files/bamboo-fitted-sheet-deep-moss-corner-loose.jpg?v=1786181560;https://cdn.shopify.com/s/files/1/0884/0278/8685/files/bamboo-fitted-sheet-deep-moss-packaging.jpg?v=1786181560
6154509342322,Boomba Bamboo,"Bambus-Spannbetttuch „Moosgrün“, 400TC",https://www.maisondecocon.com/products/bamboo-fitted-sheet-deep-moss-400tc?variant=54471588282701,6154509342322,"Ein seidenweiches Bambus-Spannbetttuch mit einer Fadenzahl von 400TC in dem satten Farbton „Moosgrün“ – atmungsaktiv, hypoallergen und angenehm kühl auf der Haut, mit einem passgenauen Gummizug für Matratzen mit einer Höhe von bis zu 30 cm.",156.00,Heimtextilien > Bettwäsche > Spannbettlaken,180x200 cm,Deep Moss,9.00,0.00,0.00,4-7 Werktage,https://cdn.shopify.com/s/files/1/0884/0278/8685/files/bamboo-fitted-sheet-deep-moss-seam-detail.jpg?v=1786181560;https://cdn.shopify.com/s/files/1/0884/0278/8685/files/bamboo-fitted-sheet-deep-moss-corner-detail.jpg?v=1786181560;https://cdn.shopify.com/s/files/1/0884/0278/8685/files/bamboo-fitted-sheet-deep-moss-bedroom-lifestyle.jpg?v=1786181560;https://cdn.shopify.com/s/files/1/0884/0278/8685/files/bamboo-fitted-sheet-deep-moss-bedroom-front.jpg?v=1786181560;https://cdn.shopify.com/s/files/1/0884/0278/8685/files/bamboo-fitted-sheet-deep-moss-fabric-drape-1.png?v=1786181560;https://cdn.shopify.com/s/files/1/0884/0278/8685/files/bamboo-fitted-sheet-deep-moss-bedroom-detail.jpg?v=1786181560;https://cdn.shopify.com/s/files/1/0884/0278/8685/files/bamboo-fitted-sheet-deep-moss-fabric-drape-2.jpg?v=1786181560;https://cdn.shopify.com/s/files/1/0884/0278/8685/files/bamboo-fitted-sheet-deep-moss-corner-loose.jpg?v=1786181560;https://cdn.shopify.com/s/files/1/0884/0278/8685/files/bamboo-fitted-sheet-deep-moss-packaging.jpg?v=1786181560
6154509296229,Boomba Bamboo,"Bambus-Spannbetttuch „Moosgrün“, 400TC",https://www.maisondecocon.com/products/bamboo-fitted-sheet-deep-moss-400tc?variant=54471588217165,6154509296229,"Ein seidenweiches Bambus-Spannbetttuch mit einer Fadenzahl von 400TC in dem satten Farbton „Moosgrün“ – atmungsaktiv, hypoallergen und angenehm kühl auf der Haut, mit einem passgenauen Gummizug für Matratzen mit einer Höhe von bis zu 30 cm.",147.00,Heimtextilien > Bettwäsche > Spannbettlaken,160x200 cm,Deep Moss,9.00,0.00,0.00,4-7 Werktage,https://cdn.shopify.com/s/files/1/0884/0278/8685/files/bamboo-fitted-sheet-deep-moss-seam-detail.jpg?v=1786181560;https://cdn.shopify.com/s/files/1/0884/0278/8685/files/bamboo-fitted-sheet-deep-moss-corner-detail.jpg?v=1786181560;https://cdn.shopify.com/s/files/1/0884/0278/8685/files/bamboo-fitted-sheet-deep-moss-bedroom-lifestyle.jpg?v=1786181560;https://cdn.shopify.com/s/files/1/0884/0278/8685/files/bamboo-fitted-sheet-deep-moss-bedroom-front.jpg?v=1786181560;https://cdn.shopify.com/s/files/1/0884/0278/8685/files/bamboo-fitted-sheet-deep-moss-fabric-drape-1.png?v=1786181560;https://cdn.shopify.com/s/files/1/0884/0278/8685/files/bamboo-fitted-sheet-deep-moss-bedroom-detail.jpg?v=1786181560;https://cdn.shopify.com/s/files/1/0884/0278/8685/files/bamboo-fitted-sheet-deep-moss-fabric-drape-2.jpg?v=1786181560;https://cdn.shopify.com/s/files/1/0884/0278/8685/files/bamboo-fitted-sheet-deep-moss-corner-loose.jpg?v=1786181560;https://cdn.shopify.com/s/files/1/0884/0278/8685/files/bamboo-fitted-sheet-deep-moss-packaging.jpg?v=1786181560
6154508297234,Boomba Bamboo,"Bambus-Spannbetttuch „Moosgrün“, 400TC",https://www.maisondecocon.com/products/bamboo-fitted-sheet-deep-moss-400tc?variant=54471588544845,6154508297234,"Ein seidenweiches Bambus-Spannbetttuch mit einer Fadenzahl von 400TC in dem satten Farbton „Moosgrün“ – atmungsaktiv, hypoallergen und angenehm kühl auf der Haut, mit einem passgenauen Gummizug für Matratzen mit einer Höhe von bis zu 30 cm.",120.00,Heimtextilien > Bettwäsche > Spannbettlaken,80x200 cm,Deep Moss,9.00,0.00,0.00,4-7 Werktage,https://cdn.shopify.com/s/files/1/0884/0278/8685/files/bamboo-fitted-sheet-deep-moss-seam-detail.jpg?v=1786181560;https://cdn.shopify.com/s/files/1/0884/0278/8685/files/bamboo-fitted-sheet-deep-moss-corner-detail.jpg?v=1786181560;https://cdn.shopify.com/s/files/1/0884/0278/8685/files/bamboo-fitted-sheet-deep-moss-bedroom-lifestyle.jpg?v=1786181560;https://cdn.shopify.com/s/files/1/0884/0278/8685/files/bamboo-fitted-sheet-deep-moss-bedroom-front.jpg?v=1786181560;https://cdn.shopify.com/s/files/1/0884/0278/8685/files/bamboo-fitted-sheet-deep-moss-fabric-drape-1.png?v=1786181560;https://cdn.shopify.com/s/files/1/0884/0278/8685/files/bamboo-fitted-sheet-deep-moss-bedroom-detail.jpg?v=1786181560;https://cdn.shopify.com/s/files/1/0884/0278/8685/files/bamboo-fitted-sheet-deep-moss-fabric-drape-2.jpg?v=1786181560;https://cdn.shopify.com/s/files/1/0884/0278/8685/files/bamboo-fitted-sheet-deep-moss-corner-loose.jpg?v=1786181560;https://cdn.shopify.com/s/files/1/0884/0278/8685/files/bamboo-fitted-sheet-deep-moss-packaging.jpg?v=1786181560
6154509026086,Boomba Bamboo,"Bambus-Spannbetttuch „Moosgrün“, 400TC",https://www.maisondecocon.com/products/bamboo-fitted-sheet-deep-moss-400tc?variant=54471588479309,6154509026086,"Ein seidenweiches Bambus-Spannbetttuch mit einer Fadenzahl von 400TC in dem satten Farbton „Moosgrün“ – atmungsaktiv, hypoallergen und angenehm kühl auf der Haut, mit einem passgenauen Gummizug für Matratzen mit einer Höhe von bis zu 30 cm.",129.00,Heimtextilien > Bettwäsche > Spannbettlaken,90x200 cm,Deep Moss,9.00,0.00,0.00,4-7 Werktage,https://cdn.shopify.com/s/files/1/0884/0278/8685/files/bamboo-fitted-sheet-deep-moss-seam-detail.jpg?v=1786181560;https://cdn.shopify.com/s/files/1/0884/0278/8685/files/bamboo-fitted-sheet-deep-moss-corner-detail.jpg?v=1786181560;https://cdn.shopify.com/s/files/1/0884/0278/8685/files/bamboo-fitted-sheet-deep-moss-bedroom-lifestyle.jpg?v=1786181560;https://cdn.shopify.com/s/files/1/0884/0278/8685/files/bamboo-fitted-sheet-deep-moss-bedroom-front.jpg?v=1786181560;https://cdn.shopify.com/s/files/1/0884/0278/8685/files/bamboo-fitted-sheet-deep-moss-fabric-drape-1.png?v=1786181560;https://cdn.shopify.com/s/files/1/0884/0278/8685/files/bamboo-fitted-sheet-deep-moss-bedroom-detail.jpg?v=1786181560;https://cdn.shopify.com/s/files/1/0884/0278/8685/files/bamboo-fitted-sheet-deep-moss-fabric-drape-2.jpg?v=1786181560;https://cdn.shopify.com/s/files/1/0884/0278/8685/files/bamboo-fitted-sheet-deep-moss-corner-loose.jpg?v=1786181560;https://cdn.shopify.com/s/files/1/0884/0278/8685/files/bamboo-fitted-sheet-deep-moss-packaging.jpg?v=1786181560
6154508986978,Boomba Bamboo,"Bambus-Spannbetttuch „Moosgrün“, 400TC",https://www.maisondecocon.com/products/bamboo-fitted-sheet-deep-moss-400tc?variant=54471588512077,6154508986978,"Ein seidenweiches Bambus-Spannbetttuch mit einer Fadenzahl von 400TC in dem satten Farbton „Moosgrün“ – atmungsaktiv, hypoallergen und angenehm kühl auf der Haut, mit einem passgenauen Gummizug für Matratzen mit einer Höhe von bis zu 30 cm.",126.00,Heimtextilien > Bettwäsche > Spannbettlaken,80x220/210 cm,Deep Moss,9.00,0.00,0.00,4-7 Werktage,https://cdn.shopify.com/s/files/1/0884/0278/8685/files/bamboo-fitted-sheet-deep-moss-seam-detail.jpg?v=1786181560;https://cdn.shopify.com/s/files/1/0884/0278/8685/files/bamboo-fitted-sheet-deep-moss-corner-detail.jpg?v=1786181560;https://cdn.shopify.com/s/files/1/0884/0278/8685/files/bamboo-fitted-sheet-deep-moss-bedroom-lifestyle.jpg?v=1786181560;https://cdn.shopify.com/s/files/1/0884/0278/8685/files/bamboo-fitted-sheet-deep-moss-bedroom-front.jpg?v=1786181560;https://cdn.shopify.com/s/files/1/0884/0278/8685/files/bamboo-fitted-sheet-deep-moss-fabric-drape-1.png?v=1786181560;https://cdn.shopify.com/s/files/1/0884/0278/8685/files/bamboo-fitted-sheet-deep-moss-bedroom-detail.jpg?v=1786181560;https://cdn.shopify.com/s/files/1/0884/0278/8685/files/bamboo-fitted-sheet-deep-moss-fabric-drape-2.jpg?v=1786181560;https://cdn.shopify.com/s/files/1/0884/0278/8685/files/bamboo-fitted-sheet-deep-moss-corner-loose.jpg?v=1786181560;https://cdn.shopify.com/s/files/1/0884/0278/8685/files/bamboo-fitted-sheet-deep-moss-packaging.jpg?v=1786181560
6154509971928,Boomba Bamboo,"Bambus-Spannbetttuch „Moosgrün“, 400TC",https://www.maisondecocon.com/products/bamboo-fitted-sheet-deep-moss-400tc?variant=54471588381005,6154509971928,"Ein seidenweiches Bambus-Spannbetttuch mit einer Fadenzahl von 400TC in dem satten Farbton „Moosgrün“ – atmungsaktiv, hypoallergen und angenehm kühl auf der Haut, mit einem passgenauen Gummizug für Matratzen mit einer Höhe von bis zu 30 cm.",180.00,Heimtextilien > Bettwäsche > Spannbettlaken,200x220/210 cm,Deep Moss,9.00,0.00,0.00,4-7 Werktage,https://cdn.shopify.com/s/files/1/0884/0278/8685/files/bamboo-fitted-sheet-deep-moss-seam-detail.jpg?v=1786181560;https://cdn.shopify.com/s/files/1/0884/0278/8685/files/bamboo-fitted-sheet-deep-moss-corner-detail.jpg?v=1786181560;https://cdn.shopify.com/s/files/1/0884/0278/8685/files/bamboo-fitted-sheet-deep-moss-bedroom-lifestyle.jpg?v=1786181560;https://cdn.shopify.com/s/files/1/0884/0278/8685/files/bamboo-fitted-sheet-deep-moss-bedroom-front.jpg?v=1786181560;https://cdn.shopify.com/s/files/1/0884/0278/8685/files/bamboo-fitted-sheet-deep-moss-fabric-drape-1.png?v=1786181560;https://cdn.shopify.com/s/files/1/0884/0278/8685/files/bamboo-fitted-sheet-deep-moss-bedroom-detail.jpg?v=1786181560;https://cdn.shopify.com/s/files/1/0884/0278/8685/files/bamboo-fitted-sheet-deep-moss-fabric-drape-2.jpg?v=1786181560;https://cdn.shopify.com/s/files/1/0884/0278/8685/files/bamboo-fitted-sheet-deep-moss-corner-loose.jpg?v=1786181560;https://cdn.shopify.com/s/files/1/0884/0278/8685/files/bamboo-fitted-sheet-deep-moss-packaging.jpg?v=1786181560
6154509867849,Boomba Bamboo,"Bambus-Spannbetttuch „Moosgrün“, 400TC",https://www.maisondecocon.com/products/bamboo-fitted-sheet-deep-moss-400tc?variant=54471588348237,6154509867849,"Ein seidenweiches Bambus-Spannbetttuch mit einer Fadenzahl von 400TC in dem satten Farbton „Moosgrün“ – atmungsaktiv, hypoallergen und angenehm kühl auf der Haut, mit einem passgenauen Gummizug für Matratzen mit einer Höhe von bis zu 30 cm.",168.00,Heimtextilien > Bettwäsche > Spannbettlaken,200x200 cm,Deep Moss,9.00,0.00,0.00,4-7 Werktage,https://cdn.shopify.com/s/files/1/0884/0278/8685/files/bamboo-fitted-sheet-deep-moss-seam-detail.jpg?v=1786181560;https://cdn.shopify.com/s/files/1/0884/0278/8685/files/bamboo-fitted-sheet-deep-moss-corner-detail.jpg?v=1786181560;https://cdn.shopify.com/s/files/1/0884/0278/8685/files/bamboo-fitted-sheet-deep-moss-bedroom-lifestyle.jpg?v=1786181560;https://cdn.shopify.com/s/files/1/0884/0278/8685/files/bamboo-fitted-sheet-deep-moss-bedroom-front.jpg?v=1786181560;https://cdn.shopify.com/s/files/1/0884/0278/8685/files/bamboo-fitted-sheet-deep-moss-fabric-drape-1.png?v=1786181560;https://cdn.shopify.com/s/files/1/0884/0278/8685/files/bamboo-fitted-sheet-deep-moss-bedroom-detail.jpg?v=1786181560;https://cdn.shopify.com/s/files/1/0884/0278/8685/files/bamboo-fitted-sheet-deep-moss-fabric-drape-2.jpg?v=1786181560;https://cdn.shopify.com/s/files/1/0884/0278/8685/files/bamboo-fitted-sheet-deep-moss-corner-loose.jpg?v=1786181560;https://cdn.shopify.com/s/files/1/0884/0278/8685/files/bamboo-fitted-sheet-deep-moss-packaging.jpg?v=1786181560
6154509257213,Boomba Bamboo,"Bambus-Spannbetttuch „Moosgrün“, 400TC",https://www.maisondecocon.com/products/bamboo-fitted-sheet-deep-moss-400tc?variant=54471588413773,6154509257213,"Ein seidenweiches Bambus-Spannbetttuch mit einer Fadenzahl von 400TC in dem satten Farbton „Moosgrün“ – atmungsaktiv, hypoallergen und angenehm kühl auf der Haut, mit einem passgenauen Gummizug für Matratzen mit einer Höhe von bis zu 30 cm.",138.00,Heimtextilien > Bettwäsche > Spannbettlaken,100x200,Deep Moss,9.00,0.00,0.00,4-7 Werktage,https://cdn.shopify.com/s/files/1/0884/0278/8685/files/bamboo-fitted-sheet-deep-moss-seam-detail.jpg?v=1786181560;https://cdn.shopify.com/s/files/1/0884/0278/8685/files/bamboo-fitted-sheet-deep-moss-corner-detail.jpg?v=1786181560;https://cdn.shopify.com/s/files/1/0884/0278/8685/files/bamboo-fitted-sheet-deep-moss-bedroom-lifestyle.jpg?v=1786181560;https://cdn.shopify.com/s/files/1/0884/0278/8685/files/bamboo-fitted-sheet-deep-moss-bedroom-front.jpg?v=1786181560;https://cdn.shopify.com/s/files/1/0884/0278/8685/files/bamboo-fitted-sheet-deep-moss-fabric-drape-1.png?v=1786181560;https://cdn.shopify.com/s/files/1/0884/0278/8685/files/bamboo-fitted-sheet-deep-moss-bedroom-detail.jpg?v=1786181560;https://cdn.shopify.com/s/files/1/0884/0278/8685/files/bamboo-fitted-sheet-deep-moss-fabric-drape-2.jpg?v=1786181560;https://cdn.shopify.com/s/files/1/0884/0278/8685/files/bamboo-fitted-sheet-deep-moss-corner-loose.jpg?v=1786181560;https://cdn.shopify.com/s/files/1/0884/0278/8685/files/bamboo-fitted-sheet-deep-moss-packaging.jpg?v=1786181560
6154509293280,Boomba Bamboo,"Bambus-Spannbetttuch „Moosgrün“, 400TC",https://www.maisondecocon.com/products/bamboo-fitted-sheet-deep-moss-400tc?variant=54471588184397,6154509293280,"Ein seidenweiches Bambus-Spannbetttuch mit einer Fadenzahl von 400TC in dem satten Farbton „Moosgrün“ – atmungsaktiv, hypoallergen und angenehm kühl auf der Haut, mit einem passgenauen Gummizug für Matratzen mit einer Höhe von bis zu 30 cm.",144.00,Heimtextilien > Bettwäsche > Spannbettlaken,140x200 cm,Deep Moss,9.00,0.00,0.00,4-7 Werktage,https://cdn.shopify.com/s/files/1/0884/0278/8685/files/bamboo-fitted-sheet-deep-moss-seam-detail.jpg?v=1786181560;https://cdn.shopify.com/s/files/1/0884/0278/8685/files/bamboo-fitted-sheet-deep-moss-corner-detail.jpg?v=1786181560;https://cdn.shopify.com/s/files/1/0884/0278/8685/files/bamboo-fitted-sheet-deep-moss-bedroom-lifestyle.jpg?v=1786181560;https://cdn.shopify.com/s/files/1/0884/0278/8685/files/bamboo-fitted-sheet-deep-moss-bedroom-front.jpg?v=1786181560;https://cdn.shopify.com/s/files/1/0884/0278/8685/files/bamboo-fitted-sheet-deep-moss-fabric-drape-1.png?v=1786181560;https://cdn.shopify.com/s/files/1/0884/0278/8685/files/bamboo-fitted-sheet-deep-moss-bedroom-detail.jpg?v=1786181560;https://cdn.shopify.com/s/files/1/0884/0278/8685/files/bamboo-fitted-sheet-deep-moss-fabric-drape-2.jpg?v=1786181560;https://cdn.shopify.com/s/files/1/0884/0278/8685/files/bamboo-fitted-sheet-deep-moss-corner-loose.jpg?v=1786181560;https://cdn.shopify.com/s/files/1/0884/0278/8685/files/bamboo-fitted-sheet-deep-moss-packaging.jpg?v=1786181560
6154509033091,Boomba Bamboo,"Bambus-Spannbetttuch „Moosgrün“, 400TC",https://www.maisondecocon.com/products/bamboo-fitted-sheet-deep-moss-400tc?variant=54471588151629,6154509033091,"Ein seidenweiches Bambus-Spannbetttuch mit einer Fadenzahl von 400TC in dem satten Farbton „Moosgrün“ – atmungsaktiv, hypoallergen und angenehm kühl auf der Haut, mit einem passgenauen Gummizug für Matratzen mit einer Höhe von bis zu 30 cm.",135.00,Heimtextilien > Bettwäsche > Spannbettlaken,90x220/210 cm,Deep Moss,9.00,0.00,0.00,4-7 Werktage,https://cdn.shopify.com/s/files/1/0884/0278/8685/files/bamboo-fitted-sheet-deep-moss-seam-detail.jpg?v=1786181560;https://cdn.shopify.com/s/files/1/0884/0278/8685/files/bamboo-fitted-sheet-deep-moss-corner-detail.jpg?v=1786181560;https://cdn.shopify.com/s/files/1/0884/0278/8685/files/bamboo-fitted-sheet-deep-moss-bedroom-lifestyle.jpg?v=1786181560;https://cdn.shopify.com/s/files/1/0884/0278/8685/files/bamboo-fitted-sheet-deep-moss-bedroom-front.jpg?v=1786181560;https://cdn.shopify.com/s/files/1/0884/0278/8685/files/bamboo-fitted-sheet-deep-moss-fabric-drape-1.png?v=1786181560;https://cdn.shopify.com/s/files/1/0884/0278/8685/files/bamboo-fitted-sheet-deep-moss-bedroom-detail.jpg?v=1786181560;https://cdn.shopify.com/s/files/1/0884/0278/8685/files/bamboo-fitted-sheet-deep-moss-fabric-drape-2.jpg?v=1786181560;https://cdn.shopify.com/s/files/1/0884/0278/8685/files/bamboo-fitted-sheet-deep-moss-corner-loose.jpg?v=1786181560;https://cdn.shopify.com/s/files/1/0884/0278/8685/files/bamboo-fitted-sheet-deep-moss-packaging.jpg?v=1786181560
6154509273275,Boomba Bamboo,"Bambus-Spannbetttuch „Moosgrün“, 400TC",https://www.maisondecocon.com/products/bamboo-fitted-sheet-deep-moss-400tc?variant=54471588446541,6154509273275,"Ein seidenweiches Bambus-Spannbetttuch mit einer Fadenzahl von 400TC in dem satten Farbton „Moosgrün“ – atmungsaktiv, hypoallergen und angenehm kühl auf der Haut, mit einem passgenauen Gummizug für Matratzen mit einer Höhe von bis zu 30 cm.",141.00,Heimtextilien > Bettwäsche > Spannbettlaken,100x220/210 cm,Deep Moss,9.00,0.00,0.00,4-7 Werktage,https://cdn.shopify.com/s/files/1/0884/0278/8685/files/bamboo-fitted-sheet-deep-moss-seam-detail.jpg?v=1786181560;https://cdn.shopify.com/s/files/1/0884/0278/8685/files/bamboo-fitted-sheet-deep-moss-corner-detail.jpg?v=1786181560;https://cdn.shopify.com/s/files/1/0884/0278/8685/files/bamboo-fitted-sheet-deep-moss-bedroom-lifestyle.jpg?v=1786181560;https://cdn.shopify.com/s/files/1/0884/0278/8685/files/bamboo-fitted-sheet-deep-moss-bedroom-front.jpg?v=1786181560;https://cdn.shopify.com/s/files/1/0884/0278/8685/files/bamboo-fitted-sheet-deep-moss-fabric-drape-1.png?v=1786181560;https://cdn.shopify.com/s/files/1/0884/0278/8685/files/bamboo-fitted-sheet-deep-moss-bedroom-detail.jpg?v=1786181560;https://cdn.shopify.com/s/files/1/0884/0278/8685/files/bamboo-fitted-sheet-deep-moss-fabric-drape-2.jpg?v=1786181560;https://cdn.shopify.com/s/files/1/0884/0278/8685/files/bamboo-fitted-sheet-deep-moss-corner-loose.jpg?v=1786181560;https://cdn.shopify.com/s/files/1/0884/0278/8685/files/bamboo-fitted-sheet-deep-moss-packaging.jpg?v=1786181560
6154509826877,Boomba Bamboo,"Bambus-Spannbetttuch „Moosgrün“, 400TC",https://www.maisondecocon.com/products/bamboo-fitted-sheet-deep-moss-400tc?variant=54471588315469,6154509826877,"Ein seidenweiches Bambus-Spannbetttuch mit einer Fadenzahl von 400TC in dem satten Farbton „Moosgrün“ – atmungsaktiv, hypoallergen und angenehm kühl auf der Haut, mit einem passgenauen Gummizug für Matratzen mit einer Höhe von bis zu 30 cm.",162.00,Heimtextilien > Bettwäsche > Spannbettlaken,180x220/210 cm,Deep Moss,9.00,0.00,0.00,4-7 Werktage,https://cdn.shopify.com/s/files/1/0884/0278/8685/files/bamboo-fitted-sheet-deep-moss-seam-detail.jpg?v=1786181560;https://cdn.shopify.com/s/files/1/0884/0278/8685/files/bamboo-fitted-sheet-deep-moss-corner-detail.jpg?v=1786181560;https://cdn.shopify.com/s/files/1/0884/0278/8685/files/bamboo-fitted-sheet-deep-moss-bedroom-lifestyle.jpg?v=1786181560;https://cdn.shopify.com/s/files/1/0884/0278/8685/files/bamboo-fitted-sheet-deep-moss-bedroom-front.jpg?v=1786181560;https://cdn.shopify.com/s/files/1/0884/0278/8685/files/bamboo-fitted-sheet-deep-moss-fabric-drape-1.png?v=1786181560;https://cdn.shopify.com/s/files/1/0884/0278/8685/files/bamboo-fitted-sheet-deep-moss-bedroom-detail.jpg?v=1786181560;https://cdn.shopify.com/s/files/1/0884/0278/8685/files/bamboo-fitted-sheet-deep-moss-fabric-drape-2.jpg?v=1786181560;https://cdn.shopify.com/s/files/1/0884/0278/8685/files/bamboo-fitted-sheet-deep-moss-corner-loose.jpg?v=1786181560;https://cdn.shopify.com/s/files/1/0884/0278/8685/files/bamboo-fitted-sheet-deep-moss-packaging.jpg?v=1786181560
6154511221240,Boomba Bamboo,"Kissenbezüge aus Bambus, „Moosgrün“, 400TC – 2er-Set",https://www.maisondecocon.com/products/bamboo-pillowcases-deep-moss-400tc?variant=54471588643149,6154511221240,"Verleihen Sie Ihrem Schlafzimmer mit diesen Kissenbezügen aus Bambus mit einer Fadenzahl von 400TC in der natürlichen Farbe „Moosgrün“ eine edle, erholsame Note – seidig weich und hypoallergen.",99.00,Heimtextilien > Bettwäsche > Kissenbezüge,60x70 cm,Deep Moss,9.00,0.00,0.00,4-7 Werktage,https://cdn.shopify.com/s/files/1/0884/0278/8685/files/bamboo-pillowcases-deep-moss-bench-lifestyle.jpg?v=1786131626;https://cdn.shopify.com/s/files/1/0884/0278/8685/files/bamboo-pillowcases-deep-moss-bed-styled.jpg?v=1786131637;https://cdn.shopify.com/s/files/1/0884/0278/8685/files/bamboo-pillowcases-deep-moss-pillows-detail.jpg?v=1786131647;https://cdn.shopify.com/s/files/1/0884/0278/8685/files/bamboo-pillowcases-deep-moss-fabric-swirl.jpg?v=1786131656;https://cdn.shopify.com/s/files/1/0884/0278/8685/files/bamboo-pillowcases-deep-moss-bed-wood-frame.jpg?v=1786131668;https://cdn.shopify.com/s/files/1/0884/0278/8685/files/bamboo-pillowcases-deep-moss-fabric-drape.jpg?v=1786131680;https://cdn.shopify.com/s/files/1/0884/0278/8685/files/bamboo-pillowcases-deep-moss-bedroom-window.jpg?v=1786131693;https://cdn.shopify.com/s/files/1/0884/0278/8685/files/bamboo-pillowcases-deep-moss-packaging.jpg?v=1786131707
6154511142170,Boomba Bamboo,"Kissenbezüge aus Bambus, „Moosgrün“, 400TC – 2er-Set",https://www.maisondecocon.com/products/bamboo-pillowcases-deep-moss-400tc?variant=54471588610381,6154511142170,"Verleihen Sie Ihrem Schlafzimmer mit diesen Kissenbezügen aus Bambus mit einer Fadenzahl von 400TC in der natürlichen Farbe „Moosgrün“ eine edle, erholsame Note – seidig weich und hypoallergen.",93.00,Heimtextilien > Bettwäsche > Kissenbezüge,50x75 cm,Deep Moss,9.00,0.00,0.00,4-7 Werktage,https://cdn.shopify.com/s/files/1/0884/0278/8685/files/bamboo-pillowcases-deep-moss-bench-lifestyle.jpg?v=1786131626;https://cdn.shopify.com/s/files/1/0884/0278/8685/files/bamboo-pillowcases-deep-moss-bed-styled.jpg?v=1786131637;https://cdn.shopify.com/s/files/1/0884/0278/8685/files/bamboo-pillowcases-deep-moss-pillows-detail.jpg?v=1786131647;https://cdn.shopify.com/s/files/1/0884/0278/8685/files/bamboo-pillowcases-deep-moss-fabric-swirl.jpg?v=1786131656;https://cdn.shopify.com/s/files/1/0884/0278/8685/files/bamboo-pillowcases-deep-moss-bed-wood-frame.jpg?v=1786131668;https://cdn.shopify.com/s/files/1/0884/0278/8685/files/bamboo-pillowcases-deep-moss-fabric-drape.jpg?v=1786131680;https://cdn.shopify.com/s/files/1/0884/0278/8685/files/bamboo-pillowcases-deep-moss-bedroom-window.jpg?v=1786131693;https://cdn.shopify.com/s/files/1/0884/0278/8685/files/bamboo-pillowcases-deep-moss-packaging.jpg?v=1786131707
6154511032082,Boomba Bamboo,"Kissenbezüge aus Bambus, „Moosgrün“, 400TC – 2er-Set",https://www.maisondecocon.com/products/bamboo-pillowcases-deep-moss-400tc?variant=54471588577613,6154511032082,"Verleihen Sie Ihrem Schlafzimmer mit diesen Kissenbezügen aus Bambus mit einer Fadenzahl von 400TC in der natürlichen Farbe „Moosgrün“ eine edle, erholsame Note – seidig weich und hypoallergen.",90.00,Heimtextilien > Bettwäsche > Kissenbezüge,40x80 cm,Deep Moss,9.00,0.00,0.00,4-7 Werktage,https://cdn.shopify.com/s/files/1/0884/0278/8685/files/bamboo-pillowcases-deep-moss-bench-lifestyle.jpg?v=1786131626;https://cdn.shopify.com/s/files/1/0884/0278/8685/files/bamboo-pillowcases-deep-moss-bed-styled.jpg?v=1786131637;https://cdn.shopify.com/s/files/1/0884/0278/8685/files/bamboo-pillowcases-deep-moss-pillows-detail.jpg?v=1786131647;https://cdn.shopify.com/s/files/1/0884/0278/8685/files/bamboo-pillowcases-deep-moss-fabric-swirl.jpg?v=1786131656;https://cdn.shopify.com/s/files/1/0884/0278/8685/files/bamboo-pillowcases-deep-moss-bed-wood-frame.jpg?v=1786131668;https://cdn.shopify.com/s/files/1/0884/0278/8685/files/bamboo-pillowcases-deep-moss-fabric-drape.jpg?v=1786131680;https://cdn.shopify.com/s/files/1/0884/0278/8685/files/bamboo-pillowcases-deep-moss-bedroom-window.jpg?v=1786131693;https://cdn.shopify.com/s/files/1/0884/0278/8685/files/bamboo-pillowcases-deep-moss-packaging.jpg?v=1786131707
8720618860514,Boomba Bamboo,"Bambus-Bettbezug „Coco White“, 400TC",https://www.maisondecocon.com/products/bamboo-duvet-cover-coco-white-400tc?variant=54471589036365,8720618860514,"Ein seidenweicher Bettbezug aus Bambus mit einer Fadenzahl von 400TC in reinem „Coco White“ – atmungsaktiv, hypoallergen und wahlweise mit Bambus-Knopfverschluss oder Einsteckstreifen erhältlich.",282.00,Heimtextilien > Bettwäsche > Bettbezüge,140x200 cm,Coco White,9.00,0.00,0.00,4-7 Werktage,https://cdn.shopify.com/s/files/1/0884/0278/8685/files/bamboo-duvet-cover-coco-white-bedroom-lifestyle-1.jpg?v=1786134890;https://cdn.shopify.com/s/files/1/0884/0278/8685/files/bamboo-duvet-cover-coco-white-bamboo-button-detail.jpg?v=1786134890;https://cdn.shopify.com/s/files/1/0884/0278/8685/files/bamboo-duvet-cover-coco-white-bedroom-lifestyle-2.jpg?v=1786134890;https://cdn.shopify.com/s/files/1/0884/0278/8685/files/bamboo-duvet-cover-coco-white-fabric-detail.jpg?v=1786134890;https://cdn.shopify.com/s/files/1/0884/0278/8685/files/bamboo-duvet-cover-coco-white-tuck-in-strip-detail.jpg?v=1786134890;https://cdn.shopify.com/s/files/1/0884/0278/8685/files/bamboo-duvet-cover-coco-white-bedroom-lifestyle-3.jpg?v=1786134890
8720648154355,Boomba Bamboo,"Bambus-Bettbezug „Coco White“, 400TC",https://www.maisondecocon.com/products/bamboo-duvet-cover-coco-white-400tc?variant=54471588741453,8720648154355,"Ein seidenweicher Bettbezug aus Bambus mit einer Fadenzahl von 400TC in reinem „Coco White“ – atmungsaktiv, hypoallergen und wahlweise mit Bambus-Knopfverschluss oder Einsteckstreifen erhältlich.",402.00,Heimtextilien > Bettwäsche > Bettbezüge,260x240/220 cm,Coco White,9.00,0.00,0.00,4-7 Werktage,https://cdn.shopify.com/s/files/1/0884/0278/8685/files/bamboo-duvet-cover-coco-white-bedroom-lifestyle-1.jpg?v=1786134890;https://cdn.shopify.com/s/files/1/0884/0278/8685/files/bamboo-duvet-cover-coco-white-bamboo-button-detail.jpg?v=1786134890;https://cdn.shopify.com/s/files/1/0884/0278/8685/files/bamboo-duvet-cover-coco-white-bedroom-lifestyle-2.jpg?v=1786134890;https://cdn.shopify.com/s/files/1/0884/0278/8685/files/bamboo-duvet-cover-coco-white-fabric-detail.jpg?v=1786134890;https://cdn.shopify.com/s/files/1/0884/0278/8685/files/bamboo-duvet-cover-coco-white-tuck-in-strip-detail.jpg?v=1786134890;https://cdn.shopify.com/s/files/1/0884/0278/8685/files/bamboo-duvet-cover-coco-white-bedroom-lifestyle-3.jpg?v=1786134890
8720648154249,Boomba Bamboo,"Bambus-Bettbezug „Coco White“, 400TC",https://www.maisondecocon.com/products/bamboo-duvet-cover-coco-white-400tc?variant=54471588806989,8720648154249,"Ein seidenweicher Bettbezug aus Bambus mit einer Fadenzahl von 400TC in reinem „Coco White“ – atmungsaktiv, hypoallergen und wahlweise mit Bambus-Knopfverschluss oder Einsteckstreifen erhältlich.",369.00,Heimtextilien > Bettwäsche > Bettbezüge,240x220 cm,Coco White,9.00,0.00,0.00,4-7 Werktage,https://cdn.shopify.com/s/files/1/0884/0278/8685/files/bamboo-duvet-cover-coco-white-bedroom-lifestyle-1.jpg?v=1786134890;https://cdn.shopify.com/s/files/1/0884/0278/8685/files/bamboo-duvet-cover-coco-white-bamboo-button-detail.jpg?v=1786134890;https://cdn.shopify.com/s/files/1/0884/0278/8685/files/bamboo-duvet-cover-coco-white-bedroom-lifestyle-2.jpg?v=1786134890;https://cdn.shopify.com/s/files/1/0884/0278/8685/files/bamboo-duvet-cover-coco-white-fabric-detail.jpg?v=1786134890;https://cdn.shopify.com/s/files/1/0884/0278/8685/files/bamboo-duvet-cover-coco-white-tuck-in-strip-detail.jpg?v=1786134890;https://cdn.shopify.com/s/files/1/0884/0278/8685/files/bamboo-duvet-cover-coco-white-bedroom-lifestyle-3.jpg?v=1786134890
8720648154218,Boomba Bamboo,"Bambus-Bettbezug „Coco White“, 400TC",https://www.maisondecocon.com/products/bamboo-duvet-cover-coco-white-400tc?variant=54471589069133,8720648154218,"Ein seidenweicher Bettbezug aus Bambus mit einer Fadenzahl von 400TC in reinem „Coco White“ – atmungsaktiv, hypoallergen und wahlweise mit Bambus-Knopfverschluss oder Einsteckstreifen erhältlich.",258.00,Heimtextilien > Bettwäsche > Bettbezüge,140x200 cm,Coco White,9.00,0.00,0.00,4-7 Werktage,https://cdn.shopify.com/s/files/1/0884/0278/8685/files/bamboo-duvet-cover-coco-white-bedroom-lifestyle-1.jpg?v=1786134890;https://cdn.shopify.com/s/files/1/0884/0278/8685/files/bamboo-duvet-cover-coco-white-bamboo-button-detail.jpg?v=1786134890;https://cdn.shopify.com/s/files/1/0884/0278/8685/files/bamboo-duvet-cover-coco-white-bedroom-lifestyle-2.jpg?v=1786134890;https://cdn.shopify.com/s/files/1/0884/0278/8685/files/bamboo-duvet-cover-coco-white-fabric-detail.jpg?v=1786134890;https://cdn.shopify.com/s/files/1/0884/0278/8685/files/bamboo-duvet-cover-coco-white-tuck-in-strip-detail.jpg?v=1786134890;https://cdn.shopify.com/s/files/1/0884/0278/8685/files/bamboo-duvet-cover-coco-white-bedroom-lifestyle-3.jpg?v=1786134890
8720618860507,Boomba Bamboo,"Bambus-Bettbezug „Coco White“, 400TC",https://www.maisondecocon.com/products/bamboo-duvet-cover-coco-white-400tc?variant=54471589003597,8720618860507,"Ein seidenweicher Bettbezug aus Bambus mit einer Fadenzahl von 400TC in reinem „Coco White“ – atmungsaktiv, hypoallergen und wahlweise mit Bambus-Knopfverschluss oder Einsteckstreifen erhältlich.",267.00,Heimtextilien > Bettwäsche > Bettbezüge,140x220 cm,Coco White,9.00,0.00,0.00,4-7 Werktage,https://cdn.shopify.com/s/files/1/0884/0278/8685/files/bamboo-duvet-cover-coco-white-bedroom-lifestyle-1.jpg?v=1786134890;https://cdn.shopify.com/s/files/1/0884/0278/8685/files/bamboo-duvet-cover-coco-white-bamboo-button-detail.jpg?v=1786134890;https://cdn.shopify.com/s/files/1/0884/0278/8685/files/bamboo-duvet-cover-coco-white-bedroom-lifestyle-2.jpg?v=1786134890;https://cdn.shopify.com/s/files/1/0884/0278/8685/files/bamboo-duvet-cover-coco-white-fabric-detail.jpg?v=1786134890;https://cdn.shopify.com/s/files/1/0884/0278/8685/files/bamboo-duvet-cover-coco-white-tuck-in-strip-detail.jpg?v=1786134890;https://cdn.shopify.com/s/files/1/0884/0278/8685/files/bamboo-duvet-cover-coco-white-bedroom-lifestyle-3.jpg?v=1786134890
8720618860521,Boomba Bamboo,"Bambus-Bettbezug „Coco White“, 400TC",https://www.maisondecocon.com/products/bamboo-duvet-cover-coco-white-400tc?variant=54471588970829,8720618860521,"Ein seidenweicher Bettbezug aus Bambus mit einer Fadenzahl von 400TC in reinem „Coco White“ – atmungsaktiv, hypoallergen und wahlweise mit Bambus-Knopfverschluss oder Einsteckstreifen erhältlich.",297.00,Heimtextilien > Bettwäsche > Bettbezüge,140x220 cm,Coco White,9.00,0.00,0.00,4-7 Werktage,https://cdn.shopify.com/s/files/1/0884/0278/8685/files/bamboo-duvet-cover-coco-white-bedroom-lifestyle-1.jpg?v=1786134890;https://cdn.shopify.com/s/files/1/0884/0278/8685/files/bamboo-duvet-cover-coco-white-bamboo-button-detail.jpg?v=1786134890;https://cdn.shopify.com/s/files/1/0884/0278/8685/files/bamboo-duvet-cover-coco-white-bedroom-lifestyle-2.jpg?v=1786134890;https://cdn.shopify.com/s/files/1/0884/0278/8685/files/bamboo-duvet-cover-coco-white-fabric-detail.jpg?v=1786134890;https://cdn.shopify.com/s/files/1/0884/0278/8685/files/bamboo-duvet-cover-coco-white-tuck-in-strip-detail.jpg?v=1786134890;https://cdn.shopify.com/s/files/1/0884/0278/8685/files/bamboo-duvet-cover-coco-white-bedroom-lifestyle-3.jpg?v=1786134890
8720618860569,Boomba Bamboo,"Bambus-Bettbezug „Coco White“, 400TC",https://www.maisondecocon.com/products/bamboo-duvet-cover-coco-white-400tc?variant=54471588708685,8720618860569,"Ein seidenweicher Bettbezug aus Bambus mit einer Fadenzahl von 400TC in reinem „Coco White“ – atmungsaktiv, hypoallergen und wahlweise mit Bambus-Knopfverschluss oder Einsteckstreifen erhältlich.",420.00,Heimtextilien > Bettwäsche > Bettbezüge,260x240/220 cm,Coco White,9.00,0.00,0.00,4-7 Werktage,https://cdn.shopify.com/s/files/1/0884/0278/8685/files/bamboo-duvet-cover-coco-white-bedroom-lifestyle-1.jpg?v=1786134890;https://cdn.shopify.com/s/files/1/0884/0278/8685/files/bamboo-duvet-cover-coco-white-bamboo-button-detail.jpg?v=1786134890;https://cdn.shopify.com/s/files/1/0884/0278/8685/files/bamboo-duvet-cover-coco-white-bedroom-lifestyle-2.jpg?v=1786134890;https://cdn.shopify.com/s/files/1/0884/0278/8685/files/bamboo-duvet-cover-coco-white-fabric-detail.jpg?v=1786134890;https://cdn.shopify.com/s/files/1/0884/0278/8685/files/bamboo-duvet-cover-coco-white-tuck-in-strip-detail.jpg?v=1786134890;https://cdn.shopify.com/s/files/1/0884/0278/8685/files/bamboo-duvet-cover-coco-white-bedroom-lifestyle-3.jpg?v=1786134890
8720648154232,Boomba Bamboo,"Bambus-Bettbezug „Coco White“, 400TC",https://www.maisondecocon.com/products/bamboo-duvet-cover-coco-white-400tc?variant=54471588872525,8720648154232,"Ein seidenweicher Bettbezug aus Bambus mit einer Fadenzahl von 400TC in reinem „Coco White“ – atmungsaktiv, hypoallergen und wahlweise mit Bambus-Knopfverschluss oder Einsteckstreifen erhältlich.",318.00,Heimtextilien > Bettwäsche > Bettbezüge,200x220/210 cm,Coco White,9.00,0.00,0.00,4-7 Werktage,https://cdn.shopify.com/s/files/1/0884/0278/8685/files/bamboo-duvet-cover-coco-white-bedroom-lifestyle-1.jpg?v=1786134890;https://cdn.shopify.com/s/files/1/0884/0278/8685/files/bamboo-duvet-cover-coco-white-bamboo-button-detail.jpg?v=1786134890;https://cdn.shopify.com/s/files/1/0884/0278/8685/files/bamboo-duvet-cover-coco-white-bedroom-lifestyle-2.jpg?v=1786134890;https://cdn.shopify.com/s/files/1/0884/0278/8685/files/bamboo-duvet-cover-coco-white-fabric-detail.jpg?v=1786134890;https://cdn.shopify.com/s/files/1/0884/0278/8685/files/bamboo-duvet-cover-coco-white-tuck-in-strip-detail.jpg?v=1786134890;https://cdn.shopify.com/s/files/1/0884/0278/8685/files/bamboo-duvet-cover-coco-white-bedroom-lifestyle-3.jpg?v=1786134890
8720618860538,Boomba Bamboo,"Bambus-Bettbezug „Coco White“, 400TC",https://www.maisondecocon.com/products/bamboo-duvet-cover-coco-white-400tc?variant=54471588905293,8720618860538,"Ein seidenweicher Bettbezug aus Bambus mit einer Fadenzahl von 400TC in reinem „Coco White“ – atmungsaktiv, hypoallergen und wahlweise mit Bambus-Knopfverschluss oder Einsteckstreifen erhältlich.",318.00,Heimtextilien > Bettwäsche > Bettbezüge,200x200 cm,Coco White,9.00,0.00,0.00,4-7 Werktage,https://cdn.shopify.com/s/files/1/0884/0278/8685/files/bamboo-duvet-cover-coco-white-bedroom-lifestyle-1.jpg?v=1786134890;https://cdn.shopify.com/s/files/1/0884/0278/8685/files/bamboo-duvet-cover-coco-white-bamboo-button-detail.jpg?v=1786134890;https://cdn.shopify.com/s/files/1/0884/0278/8685/files/bamboo-duvet-cover-coco-white-bedroom-lifestyle-2.jpg?v=1786134890;https://cdn.shopify.com/s/files/1/0884/0278/8685/files/bamboo-duvet-cover-coco-white-fabric-detail.jpg?v=1786134890;https://cdn.shopify.com/s/files/1/0884/0278/8685/files/bamboo-duvet-cover-coco-white-tuck-in-strip-detail.jpg?v=1786134890;https://cdn.shopify.com/s/files/1/0884/0278/8685/files/bamboo-duvet-cover-coco-white-bedroom-lifestyle-3.jpg?v=1786134890
8720648154225,Boomba Bamboo,"Bambus-Bettbezug „Coco White“, 400TC",https://www.maisondecocon.com/products/bamboo-duvet-cover-coco-white-400tc?variant=54471588938061,8720648154225,"Ein seidenweicher Bettbezug aus Bambus mit einer Fadenzahl von 400TC in reinem „Coco White“ – atmungsaktiv, hypoallergen und wahlweise mit Bambus-Knopfverschluss oder Einsteckstreifen erhältlich.",300.00,Heimtextilien > Bettwäsche > Bettbezüge,200x200 cm,Coco White,9.00,0.00,0.00,4-7 Werktage,https://cdn.shopify.com/s/files/1/0884/0278/8685/files/bamboo-duvet-cover-coco-white-bedroom-lifestyle-1.jpg?v=1786134890;https://cdn.shopify.com/s/files/1/0884/0278/8685/files/bamboo-duvet-cover-coco-white-bamboo-button-detail.jpg?v=1786134890;https://cdn.shopify.com/s/files/1/0884/0278/8685/files/bamboo-duvet-cover-coco-white-bedroom-lifestyle-2.jpg?v=1786134890;https://cdn.shopify.com/s/files/1/0884/0278/8685/files/bamboo-duvet-cover-coco-white-fabric-detail.jpg?v=1786134890;https://cdn.shopify.com/s/files/1/0884/0278/8685/files/bamboo-duvet-cover-coco-white-tuck-in-strip-detail.jpg?v=1786134890;https://cdn.shopify.com/s/files/1/0884/0278/8685/files/bamboo-duvet-cover-coco-white-bedroom-lifestyle-3.jpg?v=1786134890
8720618860545,Boomba Bamboo,"Bambus-Bettbezug „Coco White“, 400TC",https://www.maisondecocon.com/products/bamboo-duvet-cover-coco-white-400tc?variant=54471588839757,8720618860545,"Ein seidenweicher Bettbezug aus Bambus mit einer Fadenzahl von 400TC in reinem „Coco White“ – atmungsaktiv, hypoallergen und wahlweise mit Bambus-Knopfverschluss oder Einsteckstreifen erhältlich.",336.00,Heimtextilien > Bettwäsche > Bettbezüge,200x220/210 cm,Coco White,9.00,0.00,0.00,4-7 Werktage,https://cdn.shopify.com/s/files/1/0884/0278/8685/files/bamboo-duvet-cover-coco-white-bedroom-lifestyle-1.jpg?v=1786134890;https://cdn.shopify.com/s/files/1/0884/0278/8685/files/bamboo-duvet-cover-coco-white-bamboo-button-detail.jpg?v=1786134890;https://cdn.shopify.com/s/files/1/0884/0278/8685/files/bamboo-duvet-cover-coco-white-bedroom-lifestyle-2.jpg?v=1786134890;https://cdn.shopify.com/s/files/1/0884/0278/8685/files/bamboo-duvet-cover-coco-white-fabric-detail.jpg?v=1786134890;https://cdn.shopify.com/s/files/1/0884/0278/8685/files/bamboo-duvet-cover-coco-white-tuck-in-strip-detail.jpg?v=1786134890;https://cdn.shopify.com/s/files/1/0884/0278/8685/files/bamboo-duvet-cover-coco-white-bedroom-lifestyle-3.jpg?v=1786134890
8720618860552,Boomba Bamboo,"Bambus-Bettbezug „Coco White“, 400TC",https://www.maisondecocon.com/products/bamboo-duvet-cover-coco-white-400tc?variant=54471588774221,8720618860552,"Ein seidenweicher Bettbezug aus Bambus mit einer Fadenzahl von 400TC in reinem „Coco White“ – atmungsaktiv, hypoallergen und wahlweise mit Bambus-Knopfverschluss oder Einsteckstreifen erhältlich.",387.00,Heimtextilien > Bettwäsche > Bettbezüge,240x220 cm,Coco White,9.00,0.00,0.00,4-7 Werktage,https://cdn.shopify.com/s/files/1/0884/0278/8685/files/bamboo-duvet-cover-coco-white-bedroom-lifestyle-1.jpg?v=1786134890;https://cdn.shopify.com/s/files/1/0884/0278/8685/files/bamboo-duvet-cover-coco-white-bamboo-button-detail.jpg?v=1786134890;https://cdn.shopify.com/s/files/1/0884/0278/8685/files/bamboo-duvet-cover-coco-white-bedroom-lifestyle-2.jpg?v=1786134890;https://cdn.shopify.com/s/files/1/0884/0278/8685/files/bamboo-duvet-cover-coco-white-fabric-detail.jpg?v=1786134890;https://cdn.shopify.com/s/files/1/0884/0278/8685/files/bamboo-duvet-cover-coco-white-tuck-in-strip-detail.jpg?v=1786134890;https://cdn.shopify.com/s/files/1/0884/0278/8685/files/bamboo-duvet-cover-coco-white-bedroom-lifestyle-3.jpg?v=1786134890
6154519695661,Boomba Bamboo,"Bambus-Spannbetttuch, Coffee Brown, 400TC",https://www.maisondecocon.com/products/bamboo-fitted-sheet-coffee-brown-400tc?variant=54471589396813,6154519695661,"Ein seidenweiches Spannbetttuch aus Bambus mit einer Fadenzahl von 400TC in sattem Coffee Brown – atmungsaktiv, hypoallergen und angenehm kühl auf der Haut, mit einem passgenauen Gummizug für Matratzen mit einer Höhe von bis zu 30 cm.",153.00,Heimtextilien > Bettwäsche > Spannbettlaken,160x220/210,Coffee Brown,9.00,0.00,0.00,4-7 Werktage,https://cdn.shopify.com/s/files/1/0884/0278/8685/files/bamboo-fitted-sheet-coffee-brown-seam-detail.jpg?v=1786183053;https://cdn.shopify.com/s/files/1/0884/0278/8685/files/bamboo-fitted-sheet-coffee-brown-corner-detail.jpg?v=1786183053;https://cdn.shopify.com/s/files/1/0884/0278/8685/files/bamboo-fitted-sheet-coffee-brown-bedroom-lifestyle.jpg?v=1786183053;https://cdn.shopify.com/s/files/1/0884/0278/8685/files/bamboo-fitted-sheet-coffee-brown-corner-loose.jpg?v=1786183053;https://cdn.shopify.com/s/files/1/0884/0278/8685/files/bamboo-fitted-sheet-coffee-brown-fabric-drape-1.jpg?v=1786183053;https://cdn.shopify.com/s/files/1/0884/0278/8685/files/bamboo-fitted-sheet-coffee-brown-bedroom-front.jpg?v=1786183053;https://cdn.shopify.com/s/files/1/0884/0278/8685/files/bamboo-fitted-sheet-coffee-brown-fabric-drape-2.jpg?v=1786183053;https://cdn.shopify.com/s/files/1/0884/0278/8685/files/bamboo-fitted-sheet-coffee-brown-bedroom-detail.jpg?v=1786183053;https://cdn.shopify.com/s/files/1/0884/0278/8685/files/bamboo-fitted-sheet-coffee-brown-packaging.jpg?v=1786183053
6154519237298,Boomba Bamboo,"Bambus-Spannbetttuch, Coffee Brown, 400TC",https://www.maisondecocon.com/products/bamboo-fitted-sheet-coffee-brown-400tc?variant=54471589134669,6154519237298,"Ein seidenweiches Spannbetttuch aus Bambus mit einer Fadenzahl von 400TC in sattem Coffee Brown – atmungsaktiv, hypoallergen und angenehm kühl auf der Haut, mit einem passgenauen Gummizug für Matratzen mit einer Höhe von bis zu 30 cm.",144.00,Heimtextilien > Bettwäsche > Spannbettlaken,140x200 cm,Coffee Brown,9.00,0.00,0.00,4-7 Werktage,https://cdn.shopify.com/s/files/1/0884/0278/8685/files/bamboo-fitted-sheet-coffee-brown-seam-detail.jpg?v=1786183053;https://cdn.shopify.com/s/files/1/0884/0278/8685/files/bamboo-fitted-sheet-coffee-brown-corner-detail.jpg?v=1786183053;https://cdn.shopify.com/s/files/1/0884/0278/8685/files/bamboo-fitted-sheet-coffee-brown-bedroom-lifestyle.jpg?v=1786183053;https://cdn.shopify.com/s/files/1/0884/0278/8685/files/bamboo-fitted-sheet-coffee-brown-corner-loose.jpg?v=1786183053;https://cdn.shopify.com/s/files/1/0884/0278/8685/files/bamboo-fitted-sheet-coffee-brown-fabric-drape-1.jpg?v=1786183053;https://cdn.shopify.com/s/files/1/0884/0278/8685/files/bamboo-fitted-sheet-coffee-brown-bedroom-front.jpg?v=1786183053;https://cdn.shopify.com/s/files/1/0884/0278/8685/files/bamboo-fitted-sheet-coffee-brown-fabric-drape-2.jpg?v=1786183053;https://cdn.shopify.com/s/files/1/0884/0278/8685/files/bamboo-fitted-sheet-coffee-brown-bedroom-detail.jpg?v=1786183053;https://cdn.shopify.com/s/files/1/0884/0278/8685/files/bamboo-fitted-sheet-coffee-brown-packaging.jpg?v=1786183053
6154518569543,Boomba Bamboo,"Bambus-Spannbetttuch, Coffee Brown, 400TC",https://www.maisondecocon.com/products/bamboo-fitted-sheet-coffee-brown-400tc?variant=54471589495117,6154518569543,"Ein seidenweiches Spannbetttuch aus Bambus mit einer Fadenzahl von 400TC in sattem Coffee Brown – atmungsaktiv, hypoallergen und angenehm kühl auf der Haut, mit einem passgenauen Gummizug für Matratzen mit einer Höhe von bis zu 30 cm.",126.00,Heimtextilien > Bettwäsche > Spannbettlaken,80x220/210 cm,Coffee Brown,9.00,0.00,0.00,4-7 Werktage,https://cdn.shopify.com/s/files/1/0884/0278/8685/files/bamboo-fitted-sheet-coffee-brown-seam-detail.jpg?v=1786183053;https://cdn.shopify.com/s/files/1/0884/0278/8685/files/bamboo-fitted-sheet-coffee-brown-corner-detail.jpg?v=1786183053;https://cdn.shopify.com/s/files/1/0884/0278/8685/files/bamboo-fitted-sheet-coffee-brown-bedroom-lifestyle.jpg?v=1786183053;https://cdn.shopify.com/s/files/1/0884/0278/8685/files/bamboo-fitted-sheet-coffee-brown-corner-loose.jpg?v=1786183053;https://cdn.shopify.com/s/files/1/0884/0278/8685/files/bamboo-fitted-sheet-coffee-brown-fabric-drape-1.jpg?v=1786183053;https://cdn.shopify.com/s/files/1/0884/0278/8685/files/bamboo-fitted-sheet-coffee-brown-bedroom-front.jpg?v=1786183053;https://cdn.shopify.com/s/files/1/0884/0278/8685/files/bamboo-fitted-sheet-coffee-brown-fabric-drape-2.jpg?v=1786183053;https://cdn.shopify.com/s/files/1/0884/0278/8685/files/bamboo-fitted-sheet-coffee-brown-bedroom-detail.jpg?v=1786183053;https://cdn.shopify.com/s/files/1/0884/0278/8685/files/bamboo-fitted-sheet-coffee-brown-packaging.jpg?v=1786183053
6154518856810,Boomba Bamboo,"Bambus-Spannbetttuch, Coffee Brown, 400TC",https://www.maisondecocon.com/products/bamboo-fitted-sheet-coffee-brown-400tc?variant=54471589101901,6154518856810,"Ein seidenweiches Spannbetttuch aus Bambus mit einer Fadenzahl von 400TC in sattem Coffee Brown – atmungsaktiv, hypoallergen und angenehm kühl auf der Haut, mit einem passgenauen Gummizug für Matratzen mit einer Höhe von bis zu 30 cm.",129.00,Heimtextilien > Bettwäsche > Spannbettlaken,90x200 cm,Coffee Brown,9.00,0.00,0.00,4-7 Werktage,https://cdn.shopify.com/s/files/1/0884/0278/8685/files/bamboo-fitted-sheet-coffee-brown-seam-detail.jpg?v=1786183053;https://cdn.shopify.com/s/files/1/0884/0278/8685/files/bamboo-fitted-sheet-coffee-brown-corner-detail.jpg?v=1786183053;https://cdn.shopify.com/s/files/1/0884/0278/8685/files/bamboo-fitted-sheet-coffee-brown-bedroom-lifestyle.jpg?v=1786183053;https://cdn.shopify.com/s/files/1/0884/0278/8685/files/bamboo-fitted-sheet-coffee-brown-corner-loose.jpg?v=1786183053;https://cdn.shopify.com/s/files/1/0884/0278/8685/files/bamboo-fitted-sheet-coffee-brown-fabric-drape-1.jpg?v=1786183053;https://cdn.shopify.com/s/files/1/0884/0278/8685/files/bamboo-fitted-sheet-coffee-brown-bedroom-front.jpg?v=1786183053;https://cdn.shopify.com/s/files/1/0884/0278/8685/files/bamboo-fitted-sheet-coffee-brown-fabric-drape-2.jpg?v=1786183053;https://cdn.shopify.com/s/files/1/0884/0278/8685/files/bamboo-fitted-sheet-coffee-brown-bedroom-detail.jpg?v=1786183053;https://cdn.shopify.com/s/files/1/0884/0278/8685/files/bamboo-fitted-sheet-coffee-brown-packaging.jpg?v=1786183053
6154519017067,Boomba Bamboo,"Bambus-Spannbetttuch, Coffee Brown, 400TC",https://www.maisondecocon.com/products/bamboo-fitted-sheet-coffee-brown-400tc?variant=54471589429581,6154519017067,"Ein seidenweiches Spannbetttuch aus Bambus mit einer Fadenzahl von 400TC in sattem Coffee Brown – atmungsaktiv, hypoallergen und angenehm kühl auf der Haut, mit einem passgenauen Gummizug für Matratzen mit einer Höhe von bis zu 30 cm.",135.00,Heimtextilien > Bettwäsche > Spannbettlaken,90x220/210 cm,Coffee Brown,9.00,0.00,0.00,4-7 Werktage,https://cdn.shopify.com/s/files/1/0884/0278/8685/files/bamboo-fitted-sheet-coffee-brown-seam-detail.jpg?v=1786183053;https://cdn.shopify.com/s/files/1/0884/0278/8685/files/bamboo-fitted-sheet-coffee-brown-corner-detail.jpg?v=1786183053;https://cdn.shopify.com/s/files/1/0884/0278/8685/files/bamboo-fitted-sheet-coffee-brown-bedroom-lifestyle.jpg?v=1786183053;https://cdn.shopify.com/s/files/1/0884/0278/8685/files/bamboo-fitted-sheet-coffee-brown-corner-loose.jpg?v=1786183053;https://cdn.shopify.com/s/files/1/0884/0278/8685/files/bamboo-fitted-sheet-coffee-brown-fabric-drape-1.jpg?v=1786183053;https://cdn.shopify.com/s/files/1/0884/0278/8685/files/bamboo-fitted-sheet-coffee-brown-bedroom-front.jpg?v=1786183053;https://cdn.shopify.com/s/files/1/0884/0278/8685/files/bamboo-fitted-sheet-coffee-brown-fabric-drape-2.jpg?v=1786183053;https://cdn.shopify.com/s/files/1/0884/0278/8685/files/bamboo-fitted-sheet-coffee-brown-bedroom-detail.jpg?v=1786183053;https://cdn.shopify.com/s/files/1/0884/0278/8685/files/bamboo-fitted-sheet-coffee-brown-packaging.jpg?v=1786183053
6154519973950,Boomba Bamboo,"Bambus-Spannbetttuch, Coffee Brown, 400TC",https://www.maisondecocon.com/products/bamboo-fitted-sheet-coffee-brown-400tc?variant=54471589232973,6154519973950,"Ein seidenweiches Spannbetttuch aus Bambus mit einer Fadenzahl von 400TC in sattem Coffee Brown – atmungsaktiv, hypoallergen und angenehm kühl auf der Haut, mit einem passgenauen Gummizug für Matratzen mit einer Höhe von bis zu 30 cm.",162.00,Heimtextilien > Bettwäsche > Spannbettlaken,180x220/210 cm,Coffee Brown,9.00,0.00,0.00,4-7 Werktage,https://cdn.shopify.com/s/files/1/0884/0278/8685/files/bamboo-fitted-sheet-coffee-brown-seam-detail.jpg?v=1786183053;https://cdn.shopify.com/s/files/1/0884/0278/8685/files/bamboo-fitted-sheet-coffee-brown-corner-detail.jpg?v=1786183053;https://cdn.shopify.com/s/files/1/0884/0278/8685/files/bamboo-fitted-sheet-coffee-brown-bedroom-lifestyle.jpg?v=1786183053;https://cdn.shopify.com/s/files/1/0884/0278/8685/files/bamboo-fitted-sheet-coffee-brown-corner-loose.jpg?v=1786183053;https://cdn.shopify.com/s/files/1/0884/0278/8685/files/bamboo-fitted-sheet-coffee-brown-fabric-drape-1.jpg?v=1786183053;https://cdn.shopify.com/s/files/1/0884/0278/8685/files/bamboo-fitted-sheet-coffee-brown-bedroom-front.jpg?v=1786183053;https://cdn.shopify.com/s/files/1/0884/0278/8685/files/bamboo-fitted-sheet-coffee-brown-fabric-drape-2.jpg?v=1786183053;https://cdn.shopify.com/s/files/1/0884/0278/8685/files/bamboo-fitted-sheet-coffee-brown-bedroom-detail.jpg?v=1786183053;https://cdn.shopify.com/s/files/1/0884/0278/8685/files/bamboo-fitted-sheet-coffee-brown-packaging.jpg?v=1786183053
6154519099018,Boomba Bamboo,"Bambus-Spannbetttuch, Coffee Brown, 400TC",https://www.maisondecocon.com/products/bamboo-fitted-sheet-coffee-brown-400tc?variant=54471589364045,6154519099018,"Ein seidenweiches Spannbetttuch aus Bambus mit einer Fadenzahl von 400TC in sattem Coffee Brown – atmungsaktiv, hypoallergen und angenehm kühl auf der Haut, mit einem passgenauen Gummizug für Matratzen mit einer Höhe von bis zu 30 cm.",141.00,Heimtextilien > Bettwäsche > Spannbettlaken,100x220/210 cm,Coffee Brown,9.00,0.00,0.00,4-7 Werktage,https://cdn.shopify.com/s/files/1/0884/0278/8685/files/bamboo-fitted-sheet-coffee-brown-seam-detail.jpg?v=1786183053;https://cdn.shopify.com/s/files/1/0884/0278/8685/files/bamboo-fitted-sheet-coffee-brown-corner-detail.jpg?v=1786183053;https://cdn.shopify.com/s/files/1/0884/0278/8685/files/bamboo-fitted-sheet-coffee-brown-bedroom-lifestyle.jpg?v=1786183053;https://cdn.shopify.com/s/files/1/0884/0278/8685/files/bamboo-fitted-sheet-coffee-brown-corner-loose.jpg?v=1786183053;https://cdn.shopify.com/s/files/1/0884/0278/8685/files/bamboo-fitted-sheet-coffee-brown-fabric-drape-1.jpg?v=1786183053;https://cdn.shopify.com/s/files/1/0884/0278/8685/files/bamboo-fitted-sheet-coffee-brown-bedroom-front.jpg?v=1786183053;https://cdn.shopify.com/s/files/1/0884/0278/8685/files/bamboo-fitted-sheet-coffee-brown-fabric-drape-2.jpg?v=1786183053;https://cdn.shopify.com/s/files/1/0884/0278/8685/files/bamboo-fitted-sheet-coffee-brown-bedroom-detail.jpg?v=1786183053;https://cdn.shopify.com/s/files/1/0884/0278/8685/files/bamboo-fitted-sheet-coffee-brown-packaging.jpg?v=1786183053
6154520692604,Boomba Bamboo,"Bambus-Spannbetttuch, Coffee Brown, 400TC",https://www.maisondecocon.com/products/bamboo-fitted-sheet-coffee-brown-400tc?variant=54471589298509,6154520692604,"Ein seidenweiches Spannbetttuch aus Bambus mit einer Fadenzahl von 400TC in sattem Coffee Brown – atmungsaktiv, hypoallergen und angenehm kühl auf der Haut, mit einem passgenauen Gummizug für Matratzen mit einer Höhe von bis zu 30 cm.",180.00,Heimtextilien > Bettwäsche > Spannbettlaken,200x220/210 cm,Coffee Brown,9.00,0.00,0.00,4-7 Werktage,https://cdn.shopify.com/s/files/1/0884/0278/8685/files/bamboo-fitted-sheet-coffee-brown-seam-detail.jpg?v=1786183053;https://cdn.shopify.com/s/files/1/0884/0278/8685/files/bamboo-fitted-sheet-coffee-brown-corner-detail.jpg?v=1786183053;https://cdn.shopify.com/s/files/1/0884/0278/8685/files/bamboo-fitted-sheet-coffee-brown-bedroom-lifestyle.jpg?v=1786183053;https://cdn.shopify.com/s/files/1/0884/0278/8685/files/bamboo-fitted-sheet-coffee-brown-corner-loose.jpg?v=1786183053;https://cdn.shopify.com/s/files/1/0884/0278/8685/files/bamboo-fitted-sheet-coffee-brown-fabric-drape-1.jpg?v=1786183053;https://cdn.shopify.com/s/files/1/0884/0278/8685/files/bamboo-fitted-sheet-coffee-brown-bedroom-front.jpg?v=1786183053;https://cdn.shopify.com/s/files/1/0884/0278/8685/files/bamboo-fitted-sheet-coffee-brown-fabric-drape-2.jpg?v=1786183053;https://cdn.shopify.com/s/files/1/0884/0278/8685/files/bamboo-fitted-sheet-coffee-brown-bedroom-detail.jpg?v=1786183053;https://cdn.shopify.com/s/files/1/0884/0278/8685/files/bamboo-fitted-sheet-coffee-brown-packaging.jpg?v=1786183053
6154519018095,Boomba Bamboo,"Bambus-Spannbetttuch, Coffee Brown, 400TC",https://www.maisondecocon.com/products/bamboo-fitted-sheet-coffee-brown-400tc?variant=54471589331277,6154519018095,"Ein seidenweiches Spannbetttuch aus Bambus mit einer Fadenzahl von 400TC in sattem Coffee Brown – atmungsaktiv, hypoallergen und angenehm kühl auf der Haut, mit einem passgenauen Gummizug für Matratzen mit einer Höhe von bis zu 30 cm.",138.00,Heimtextilien > Bettwäsche > Spannbettlaken,100x200,Coffee Brown,9.00,0.00,0.00,4-7 Werktage,https://cdn.shopify.com/s/files/1/0884/0278/8685/files/bamboo-fitted-sheet-coffee-brown-seam-detail.jpg?v=1786183053;https://cdn.shopify.com/s/files/1/0884/0278/8685/files/bamboo-fitted-sheet-coffee-brown-corner-detail.jpg?v=1786183053;https://cdn.shopify.com/s/files/1/0884/0278/8685/files/bamboo-fitted-sheet-coffee-brown-bedroom-lifestyle.jpg?v=1786183053;https://cdn.shopify.com/s/files/1/0884/0278/8685/files/bamboo-fitted-sheet-coffee-brown-corner-loose.jpg?v=1786183053;https://cdn.shopify.com/s/files/1/0884/0278/8685/files/bamboo-fitted-sheet-coffee-brown-fabric-drape-1.jpg?v=1786183053;https://cdn.shopify.com/s/files/1/0884/0278/8685/files/bamboo-fitted-sheet-coffee-brown-bedroom-front.jpg?v=1786183053;https://cdn.shopify.com/s/files/1/0884/0278/8685/files/bamboo-fitted-sheet-coffee-brown-fabric-drape-2.jpg?v=1786183053;https://cdn.shopify.com/s/files/1/0884/0278/8685/files/bamboo-fitted-sheet-coffee-brown-bedroom-detail.jpg?v=1786183053;https://cdn.shopify.com/s/files/1/0884/0278/8685/files/bamboo-fitted-sheet-coffee-brown-packaging.jpg?v=1786183053
6154520289286,Boomba Bamboo,"Bambus-Spannbetttuch, Coffee Brown, 400TC",https://www.maisondecocon.com/products/bamboo-fitted-sheet-coffee-brown-400tc?variant=54471589265741,6154520289286,"Ein seidenweiches Spannbetttuch aus Bambus mit einer Fadenzahl von 400TC in sattem Coffee Brown – atmungsaktiv, hypoallergen und angenehm kühl auf der Haut, mit einem passgenauen Gummizug für Matratzen mit einer Höhe von bis zu 30 cm.",168.00,Heimtextilien > Bettwäsche > Spannbettlaken,200x200 cm,Coffee Brown,9.00,0.00,0.00,4-7 Werktage,https://cdn.shopify.com/s/files/1/0884/0278/8685/files/bamboo-fitted-sheet-coffee-brown-seam-detail.jpg?v=1786183053;https://cdn.shopify.com/s/files/1/0884/0278/8685/files/bamboo-fitted-sheet-coffee-brown-corner-detail.jpg?v=1786183053;https://cdn.shopify.com/s/files/1/0884/0278/8685/files/bamboo-fitted-sheet-coffee-brown-bedroom-lifestyle.jpg?v=1786183053;https://cdn.shopify.com/s/files/1/0884/0278/8685/files/bamboo-fitted-sheet-coffee-brown-corner-loose.jpg?v=1786183053;https://cdn.shopify.com/s/files/1/0884/0278/8685/files/bamboo-fitted-sheet-coffee-brown-fabric-drape-1.jpg?v=1786183053;https://cdn.shopify.com/s/files/1/0884/0278/8685/files/bamboo-fitted-sheet-coffee-brown-bedroom-front.jpg?v=1786183053;https://cdn.shopify.com/s/files/1/0884/0278/8685/files/bamboo-fitted-sheet-coffee-brown-fabric-drape-2.jpg?v=1786183053;https://cdn.shopify.com/s/files/1/0884/0278/8685/files/bamboo-fitted-sheet-coffee-brown-bedroom-detail.jpg?v=1786183053;https://cdn.shopify.com/s/files/1/0884/0278/8685/files/bamboo-fitted-sheet-coffee-brown-packaging.jpg?v=1786183053
6154518493459,Boomba Bamboo,"Bambus-Spannbetttuch, Coffee Brown, 400TC",https://www.maisondecocon.com/products/bamboo-fitted-sheet-coffee-brown-400tc?variant=54471589462349,6154518493459,"Ein seidenweiches Spannbetttuch aus Bambus mit einer Fadenzahl von 400TC in sattem Coffee Brown – atmungsaktiv, hypoallergen und angenehm kühl auf der Haut, mit einem passgenauen Gummizug für Matratzen mit einer Höhe von bis zu 30 cm.",120.00,Heimtextilien > Bettwäsche > Spannbettlaken,80x200 cm,Coffee Brown,9.00,0.00,0.00,4-7 Werktage,https://cdn.shopify.com/s/files/1/0884/0278/8685/files/bamboo-fitted-sheet-coffee-brown-seam-detail.jpg?v=1786183053;https://cdn.shopify.com/s/files/1/0884/0278/8685/files/bamboo-fitted-sheet-coffee-brown-corner-detail.jpg?v=1786183053;https://cdn.shopify.com/s/files/1/0884/0278/8685/files/bamboo-fitted-sheet-coffee-brown-bedroom-lifestyle.jpg?v=1786183053;https://cdn.shopify.com/s/files/1/0884/0278/8685/files/bamboo-fitted-sheet-coffee-brown-corner-loose.jpg?v=1786183053;https://cdn.shopify.com/s/files/1/0884/0278/8685/files/bamboo-fitted-sheet-coffee-brown-fabric-drape-1.jpg?v=1786183053;https://cdn.shopify.com/s/files/1/0884/0278/8685/files/bamboo-fitted-sheet-coffee-brown-bedroom-front.jpg?v=1786183053;https://cdn.shopify.com/s/files/1/0884/0278/8685/files/bamboo-fitted-sheet-coffee-brown-fabric-drape-2.jpg?v=1786183053;https://cdn.shopify.com/s/files/1/0884/0278/8685/files/bamboo-fitted-sheet-coffee-brown-bedroom-detail.jpg?v=1786183053;https://cdn.shopify.com/s/files/1/0884/0278/8685/files/bamboo-fitted-sheet-coffee-brown-packaging.jpg?v=1786183053
6154519740798,Boomba Bamboo,"Bambus-Spannbetttuch, Coffee Brown, 400TC",https://www.maisondecocon.com/products/bamboo-fitted-sheet-coffee-brown-400tc?variant=54471589200205,6154519740798,"Ein seidenweiches Spannbetttuch aus Bambus mit einer Fadenzahl von 400TC in sattem Coffee Brown – atmungsaktiv, hypoallergen und angenehm kühl auf der Haut, mit einem passgenauen Gummizug für Matratzen mit einer Höhe von bis zu 30 cm.",156.00,Heimtextilien > Bettwäsche > Spannbettlaken,180x200 cm,Coffee Brown,9.00,0.00,0.00,4-7 Werktage,https://cdn.shopify.com/s/files/1/0884/0278/8685/files/bamboo-fitted-sheet-coffee-brown-seam-detail.jpg?v=1786183053;https://cdn.shopify.com/s/files/1/0884/0278/8685/files/bamboo-fitted-sheet-coffee-brown-corner-detail.jpg?v=1786183053;https://cdn.shopify.com/s/files/1/0884/0278/8685/files/bamboo-fitted-sheet-coffee-brown-bedroom-lifestyle.jpg?v=1786183053;https://cdn.shopify.com/s/files/1/0884/0278/8685/files/bamboo-fitted-sheet-coffee-brown-corner-loose.jpg?v=1786183053;https://cdn.shopify.com/s/files/1/0884/0278/8685/files/bamboo-fitted-sheet-coffee-brown-fabric-drape-1.jpg?v=1786183053;https://cdn.shopify.com/s/files/1/0884/0278/8685/files/bamboo-fitted-sheet-coffee-brown-bedroom-front.jpg?v=1786183053;https://cdn.shopify.com/s/files/1/0884/0278/8685/files/bamboo-fitted-sheet-coffee-brown-fabric-drape-2.jpg?v=1786183053;https://cdn.shopify.com/s/files/1/0884/0278/8685/files/bamboo-fitted-sheet-coffee-brown-bedroom-detail.jpg?v=1786183053;https://cdn.shopify.com/s/files/1/0884/0278/8685/files/bamboo-fitted-sheet-coffee-brown-packaging.jpg?v=1786183053
6154519494400,Boomba Bamboo,"Bambus-Spannbetttuch, Coffee Brown, 400TC",https://www.maisondecocon.com/products/bamboo-fitted-sheet-coffee-brown-400tc?variant=54471589167437,6154519494400,"Ein seidenweiches Spannbetttuch aus Bambus mit einer Fadenzahl von 400TC in sattem Coffee Brown – atmungsaktiv, hypoallergen und angenehm kühl auf der Haut, mit einem passgenauen Gummizug für Matratzen mit einer Höhe von bis zu 30 cm.",147.00,Heimtextilien > Bettwäsche > Spannbettlaken,160x200 cm,Coffee Brown,9.00,0.00,0.00,4-7 Werktage,https://cdn.shopify.com/s/files/1/0884/0278/8685/files/bamboo-fitted-sheet-coffee-brown-seam-detail.jpg?v=1786183053;https://cdn.shopify.com/s/files/1/0884/0278/8685/files/bamboo-fitted-sheet-coffee-brown-corner-detail.jpg?v=1786183053;https://cdn.shopify.com/s/files/1/0884/0278/8685/files/bamboo-fitted-sheet-coffee-brown-bedroom-lifestyle.jpg?v=1786183053;https://cdn.shopify.com/s/files/1/0884/0278/8685/files/bamboo-fitted-sheet-coffee-brown-corner-loose.jpg?v=1786183053;https://cdn.shopify.com/s/files/1/0884/0278/8685/files/bamboo-fitted-sheet-coffee-brown-fabric-drape-1.jpg?v=1786183053;https://cdn.shopify.com/s/files/1/0884/0278/8685/files/bamboo-fitted-sheet-coffee-brown-bedroom-front.jpg?v=1786183053;https://cdn.shopify.com/s/files/1/0884/0278/8685/files/bamboo-fitted-sheet-coffee-brown-fabric-drape-2.jpg?v=1786183053;https://cdn.shopify.com/s/files/1/0884/0278/8685/files/bamboo-fitted-sheet-coffee-brown-bedroom-detail.jpg?v=1786183053;https://cdn.shopify.com/s/files/1/0884/0278/8685/files/bamboo-fitted-sheet-coffee-brown-packaging.jpg?v=1786183053
8720648154997,Boomba Bamboo,"Kissenbezüge aus Bambus „Cuddle Pink“, 400TC – 2er-Set",https://www.maisondecocon.com/products/bamboo-pillowcases-cuddle-pink-400tc?variant=54471589691725,8720648154997,"Verleihen Sie Ihrem Schlafzimmer mit diesen Kissenbezügen aus Bambus mit einer Fadenzahl von 400TC in zartem „Cuddle Pink“ eine warme, romantische Note – seidig-glatt und hypoallergen.",96.00,Heimtextilien > Bettwäsche > Kissenbezüge,50x75 cm,Cuddle Pink,9.00,0.00,0.00,4-7 Werktage,https://cdn.shopify.com/s/files/1/0884/0278/8685/files/bamboo-pillowcases-cuddle-pink-bench-lifestyle.jpg?v=1786131385;https://cdn.shopify.com/s/files/1/0884/0278/8685/files/bamboo-pillowcases-cuddle-pink-fabric-swirl.jpg?v=1786131398;https://cdn.shopify.com/s/files/1/0884/0278/8685/files/bamboo-pillowcases-cuddle-pink-chair-styled.jpg?v=1786131408;https://cdn.shopify.com/s/files/1/0884/0278/8685/files/bamboo-pillowcases-cuddle-pink-bed-wood-frame.jpg?v=1786131421;https://cdn.shopify.com/s/files/1/0884/0278/8685/files/bamboo-pillowcases-cuddle-pink-pillows-detail.jpg?v=1786131432;https://cdn.shopify.com/s/files/1/0884/0278/8685/files/bamboo-pillowcases-cuddle-pink-bed-window.jpg?v=1786131459;https://cdn.shopify.com/s/files/1/0884/0278/8685/files/bamboo-pillowcases-cuddle-pink-packaging.jpg?v=1786131468
8720618860002,Boomba Bamboo,"Kissenbezüge aus Bambus „Cuddle Pink“, 400TC – 2er-Set",https://www.maisondecocon.com/products/bamboo-pillowcases-cuddle-pink-400tc?variant=54471589757261,8720618860002,"Verleihen Sie Ihrem Schlafzimmer mit diesen Kissenbezügen aus Bambus mit einer Fadenzahl von 400TC in zartem „Cuddle Pink“ eine warme, romantische Note – seidig-glatt und hypoallergen.",99.00,Heimtextilien > Bettwäsche > Kissenbezüge,60x70 cm,Cuddle Pink,9.00,0.00,0.00,4-7 Werktage,https://cdn.shopify.com/s/files/1/0884/0278/8685/files/bamboo-pillowcases-cuddle-pink-bench-lifestyle.jpg?v=1786131385;https://cdn.shopify.com/s/files/1/0884/0278/8685/files/bamboo-pillowcases-cuddle-pink-fabric-swirl.jpg?v=1786131398;https://cdn.shopify.com/s/files/1/0884/0278/8685/files/bamboo-pillowcases-cuddle-pink-chair-styled.jpg?v=1786131408;https://cdn.shopify.com/s/files/1/0884/0278/8685/files/bamboo-pillowcases-cuddle-pink-bed-wood-frame.jpg?v=1786131421;https://cdn.shopify.com/s/files/1/0884/0278/8685/files/bamboo-pillowcases-cuddle-pink-pillows-detail.jpg?v=1786131432;https://cdn.shopify.com/s/files/1/0884/0278/8685/files/bamboo-pillowcases-cuddle-pink-bed-window.jpg?v=1786131459;https://cdn.shopify.com/s/files/1/0884/0278/8685/files/bamboo-pillowcases-cuddle-pink-packaging.jpg?v=1786131468
8720648154980,Boomba Bamboo,"Kissenbezüge aus Bambus „Cuddle Pink“, 400TC – 2er-Set",https://www.maisondecocon.com/products/bamboo-pillowcases-cuddle-pink-400tc?variant=54471589724493,8720648154980,"Verleihen Sie Ihrem Schlafzimmer mit diesen Kissenbezügen aus Bambus mit einer Fadenzahl von 400TC in zartem „Cuddle Pink“ eine warme, romantische Note – seidig-glatt und hypoallergen.",93.00,Heimtextilien > Bettwäsche > Kissenbezüge,40x80 cm,Cuddle Pink,9.00,0.00,0.00,4-7 Werktage,https://cdn.shopify.com/s/files/1/0884/0278/8685/files/bamboo-pillowcases-cuddle-pink-bench-lifestyle.jpg?v=1786131385;https://cdn.shopify.com/s/files/1/0884/0278/8685/files/bamboo-pillowcases-cuddle-pink-fabric-swirl.jpg?v=1786131398;https://cdn.shopify.com/s/files/1/0884/0278/8685/files/bamboo-pillowcases-cuddle-pink-chair-styled.jpg?v=1786131408;https://cdn.shopify.com/s/files/1/0884/0278/8685/files/bamboo-pillowcases-cuddle-pink-bed-wood-frame.jpg?v=1786131421;https://cdn.shopify.com/s/files/1/0884/0278/8685/files/bamboo-pillowcases-cuddle-pink-pillows-detail.jpg?v=1786131432;https://cdn.shopify.com/s/files/1/0884/0278/8685/files/bamboo-pillowcases-cuddle-pink-bed-window.jpg?v=1786131459;https://cdn.shopify.com/s/files/1/0884/0278/8685/files/bamboo-pillowcases-cuddle-pink-packaging.jpg?v=1786131468
8720648154188,Boomba Bamboo,"Kissenbezüge aus Bambus, Coco White, 400TC – 2er-Set",https://www.maisondecocon.com/products/bamboo-pillowcases-coco-white-400tc?variant=54471589790029,8720648154188,"Verleihen Sie Ihrem Schlafzimmer mit diesen Kissenbezügen aus Bambus mit einer Fadenzahl von 400TC im zeitlosen Farbton „Coco White“ einen frischen, puristischen Look – seidig weich und hypoallergen.",93.00,Heimtextilien > Bettwäsche > Kissenbezüge,40x80 cm,Coco White,9.00,0.00,0.00,4-7 Werktage,https://cdn.shopify.com/s/files/1/0884/0278/8685/files/bamboo-pillowcases-coco-white-bench-lifestyle.jpg?v=1786130927;https://cdn.shopify.com/s/files/1/0884/0278/8685/files/bamboo-pillowcases-coco-white-fabric-swirl.jpg?v=1786131025;https://cdn.shopify.com/s/files/1/0884/0278/8685/files/bamboo-pillowcases-coco-white-chair-styled.jpg?v=1786131038;https://cdn.shopify.com/s/files/1/0884/0278/8685/files/bamboo-pillowcases-coco-white-bed-wood-frame.jpg?v=1786131048;https://cdn.shopify.com/s/files/1/0884/0278/8685/files/bamboo-pillowcases-coco-white-pillows-detail.jpg?v=1786131057;https://cdn.shopify.com/s/files/1/0884/0278/8685/files/bamboo-pillowcases-coco-white-bed-wood-frame-02.jpg?v=1786131101;https://cdn.shopify.com/s/files/1/0884/0278/8685/files/bamboo-pillowcases-coco-white-packaging.jpg?v=1786131110
8720648154201,Boomba Bamboo,"Kissenbezüge aus Bambus, Coco White, 400TC – 2er-Set",https://www.maisondecocon.com/products/bamboo-pillowcases-coco-white-400tc?variant=54471589855565,8720648154201,"Verleihen Sie Ihrem Schlafzimmer mit diesen Kissenbezügen aus Bambus mit einer Fadenzahl von 400TC im zeitlosen Farbton „Coco White“ einen frischen, puristischen Look – seidig weich und hypoallergen.",99.00,Heimtextilien > Bettwäsche > Kissenbezüge,60x70 cm,Coco White,9.00,0.00,0.00,4-7 Werktage,https://cdn.shopify.com/s/files/1/0884/0278/8685/files/bamboo-pillowcases-coco-white-bench-lifestyle.jpg?v=1786130927;https://cdn.shopify.com/s/files/1/0884/0278/8685/files/bamboo-pillowcases-coco-white-fabric-swirl.jpg?v=1786131025;https://cdn.shopify.com/s/files/1/0884/0278/8685/files/bamboo-pillowcases-coco-white-chair-styled.jpg?v=1786131038;https://cdn.shopify.com/s/files/1/0884/0278/8685/files/bamboo-pillowcases-coco-white-bed-wood-frame.jpg?v=1786131048;https://cdn.shopify.com/s/files/1/0884/0278/8685/files/bamboo-pillowcases-coco-white-pillows-detail.jpg?v=1786131057;https://cdn.shopify.com/s/files/1/0884/0278/8685/files/bamboo-pillowcases-coco-white-bed-wood-frame-02.jpg?v=1786131101;https://cdn.shopify.com/s/files/1/0884/0278/8685/files/bamboo-pillowcases-coco-white-packaging.jpg?v=1786131110
8720648154195,Boomba Bamboo,"Kissenbezüge aus Bambus, Coco White, 400TC – 2er-Set",https://www.maisondecocon.com/products/bamboo-pillowcases-coco-white-400tc?variant=54471589822797,8720648154195,"Verleihen Sie Ihrem Schlafzimmer mit diesen Kissenbezügen aus Bambus mit einer Fadenzahl von 400TC im zeitlosen Farbton „Coco White“ einen frischen, puristischen Look – seidig weich und hypoallergen.",96.00,Heimtextilien > Bettwäsche > Kissenbezüge,50x75 cm,Coco White,9.00,0.00,0.00,4-7 Werktage,https://cdn.shopify.com/s/files/1/0884/0278/8685/files/bamboo-pillowcases-coco-white-bench-lifestyle.jpg?v=1786130927;https://cdn.shopify.com/s/files/1/0884/0278/8685/files/bamboo-pillowcases-coco-white-fabric-swirl.jpg?v=1786131025;https://cdn.shopify.com/s/files/1/0884/0278/8685/files/bamboo-pillowcases-coco-white-chair-styled.jpg?v=1786131038;https://cdn.shopify.com/s/files/1/0884/0278/8685/files/bamboo-pillowcases-coco-white-bed-wood-frame.jpg?v=1786131048;https://cdn.shopify.com/s/files/1/0884/0278/8685/files/bamboo-pillowcases-coco-white-pillows-detail.jpg?v=1786131057;https://cdn.shopify.com/s/files/1/0884/0278/8685/files/bamboo-pillowcases-coco-white-bed-wood-frame-02.jpg?v=1786131101;https://cdn.shopify.com/s/files/1/0884/0278/8685/files/bamboo-pillowcases-coco-white-packaging.jpg?v=1786131110
8720648154713,Boomba Bamboo,"Kissenbezüge aus Bambus, Space Blue, 400TC – 2er-Set",https://www.maisondecocon.com/products/bamboo-pillowcases-space-blue-400tc?variant=54471590150477,8720648154713,"Verleihen Sie Ihrem Schlafzimmer mit diesen Kissenbezügen aus Bambus mit einer Fadenzahl von 400TC in sattem „Space Blue“ eine edle, moderne Note – seidig weich und hypoallergen.",96.00,Heimtextilien > Bettwäsche > Kissenbezüge,50x75 cm,Space Blue,9.00,0.00,0.00,4-7 Werktage,https://cdn.shopify.com/s/files/1/0884/0278/8685/files/bamboo-pillowcases-space-blue-bench-lifestyle.jpg?v=1786130759;https://cdn.shopify.com/s/files/1/0884/0278/8685/files/bamboo-pillowcases-space-blue-fabric-swirl.jpg?v=1786130770;https://cdn.shopify.com/s/files/1/0884/0278/8685/files/bamboo-pillowcases-space-blue-chair-styled.jpg?v=1786130778;https://cdn.shopify.com/s/files/1/0884/0278/8685/files/bamboo-pillowcases-space-blue-bed-wood-frame.jpg?v=1786130786;https://cdn.shopify.com/s/files/1/0884/0278/8685/files/bamboo-pillowcases-space-blue-bedroom-nightstand.jpg?v=1786130796;https://cdn.shopify.com/s/files/1/0884/0278/8685/files/bamboo-pillowcases-space-blue-packaging.jpg?v=1786130827;https://cdn.shopify.com/s/files/1/0884/0278/8685/files/52359f79-1be2-47f1-8040-0881bbe19c67_1200x1200_fill.jpg?v=1786036532
8720648154706,Boomba Bamboo,"Kissenbezüge aus Bambus, Space Blue, 400TC – 2er-Set",https://www.maisondecocon.com/products/bamboo-pillowcases-space-blue-400tc?variant=54471590117709,8720648154706,"Verleihen Sie Ihrem Schlafzimmer mit diesen Kissenbezügen aus Bambus mit einer Fadenzahl von 400TC in sattem „Space Blue“ eine edle, moderne Note – seidig weich und hypoallergen.",93.00,Heimtextilien > Bettwäsche > Kissenbezüge,40x80 cm,Space Blue,9.00,0.00,0.00,4-7 Werktage,https://cdn.shopify.com/s/files/1/0884/0278/8685/files/bamboo-pillowcases-space-blue-bench-lifestyle.jpg?v=1786130759;https://cdn.shopify.com/s/files/1/0884/0278/8685/files/bamboo-pillowcases-space-blue-fabric-swirl.jpg?v=1786130770;https://cdn.shopify.com/s/files/1/0884/0278/8685/files/bamboo-pillowcases-space-blue-chair-styled.jpg?v=1786130778;https://cdn.shopify.com/s/files/1/0884/0278/8685/files/bamboo-pillowcases-space-blue-bed-wood-frame.jpg?v=1786130786;https://cdn.shopify.com/s/files/1/0884/0278/8685/files/bamboo-pillowcases-space-blue-bedroom-nightstand.jpg?v=1786130796;https://cdn.shopify.com/s/files/1/0884/0278/8685/files/bamboo-pillowcases-space-blue-packaging.jpg?v=1786130827;https://cdn.shopify.com/s/files/1/0884/0278/8685/files/52359f79-1be2-47f1-8040-0881bbe19c67_1200x1200_fill.jpg?v=1786036532
8720648154720,Boomba Bamboo,"Kissenbezüge aus Bambus, Space Blue, 400TC – 2er-Set",https://www.maisondecocon.com/products/bamboo-pillowcases-space-blue-400tc?variant=54471590183245,8720648154720,"Verleihen Sie Ihrem Schlafzimmer mit diesen Kissenbezügen aus Bambus mit einer Fadenzahl von 400TC in sattem „Space Blue“ eine edle, moderne Note – seidig weich und hypoallergen.",99.00,Heimtextilien > Bettwäsche > Kissenbezüge,60x70 cm,Space Blue,9.00,0.00,0.00,4-7 Werktage,https://cdn.shopify.com/s/files/1/0884/0278/8685/files/bamboo-pillowcases-space-blue-bench-lifestyle.jpg?v=1786130759;https://cdn.shopify.com/s/files/1/0884/0278/8685/files/bamboo-pillowcases-space-blue-fabric-swirl.jpg?v=1786130770;https://cdn.shopify.com/s/files/1/0884/0278/8685/files/bamboo-pillowcases-space-blue-chair-styled.jpg?v=1786130778;https://cdn.shopify.com/s/files/1/0884/0278/8685/files/bamboo-pillowcases-space-blue-bed-wood-frame.jpg?v=1786130786;https://cdn.shopify.com/s/files/1/0884/0278/8685/files/bamboo-pillowcases-space-blue-bedroom-nightstand.jpg?v=1786130796;https://cdn.shopify.com/s/files/1/0884/0278/8685/files/bamboo-pillowcases-space-blue-packaging.jpg?v=1786130827;https://cdn.shopify.com/s/files/1/0884/0278/8685/files/52359f79-1be2-47f1-8040-0881bbe19c67_1200x1200_fill.jpg?v=1786036532
8720648154362,Boomba Bamboo,"Bambus-Spannbetttuch für Matratzenauflage „Coco White“, 400TC",https://www.maisondecocon.com/products/bamboo-fitted-sheet-for-mattress-topper-coco-white-400tc?variant=54471590510925,8720648154362,"Ein hochwertiges Spannbetttuch aus 100 % Bambus für Matratzenauflagen mit einer Dicke von bis zu 10 cm in der Farbe „Coco White“ – aus seidenweichem Tanboocel™-Gewebe mit einer Fadenzahl von 400TC, das atmungsaktiv und temperaturregulierend ist und Ihnen das ganze Jahr über einen kühlen Schlaf beschert.",120.00,Heimtextilien > Bettwäsche > Spannbettlaken,140x200 cm,Coco white,9.00,0.00,0.00,4-7 Werktage,https://cdn.shopify.com/s/files/1/0884/0278/8685/files/bamboo-fitted-sheet-mattress-topper-coco-white-corner-fit.jpg?v=1786182261;https://cdn.shopify.com/s/files/1/0884/0278/8685/files/bamboo-fitted-sheet-mattress-topper-coco-white-seam-detail.jpg?v=1786182009;https://cdn.shopify.com/s/files/1/0884/0278/8685/files/bamboo-fitted-sheet-mattress-topper-coco-white-fabric-drape-1.jpg?v=1786182009;https://cdn.shopify.com/s/files/1/0884/0278/8685/files/bamboo-fitted-sheet-mattress-topper-coco-white-fabric-drape-2.jpg?v=1786182009;https://cdn.shopify.com/s/files/1/0884/0278/8685/files/bamboo-fitted-sheet-mattress-topper-coco-white-corner-loose.jpg?v=1786182009;https://cdn.shopify.com/s/files/1/0884/0278/8685/files/bamboo-fitted-sheet-mattress-topper-coco-white-packaging.jpg?v=1786182009
8720648154379,Boomba Bamboo,"Bambus-Spannbetttuch für Matratzenauflage „Coco White“, 400TC",https://www.maisondecocon.com/products/bamboo-fitted-sheet-for-mattress-topper-coco-white-400tc?variant=54471590347085,8720648154379,"Ein hochwertiges Spannbetttuch aus 100 % Bambus für Matratzenauflagen mit einer Dicke von bis zu 10 cm in der Farbe „Coco White“ – aus seidenweichem Tanboocel™-Gewebe mit einer Fadenzahl von 400TC, das atmungsaktiv und temperaturregulierend ist und Ihnen das ganze Jahr über einen kühlen Schlaf beschert.",126.00,Heimtextilien > Bettwäsche > Spannbettlaken,160x200 cm,Coco white,9.00,0.00,0.00,4-7 Werktage,https://cdn.shopify.com/s/files/1/0884/0278/8685/files/bamboo-fitted-sheet-mattress-topper-coco-white-corner-fit.jpg?v=1786182261;https://cdn.shopify.com/s/files/1/0884/0278/8685/files/bamboo-fitted-sheet-mattress-topper-coco-white-seam-detail.jpg?v=1786182009;https://cdn.shopify.com/s/files/1/0884/0278/8685/files/bamboo-fitted-sheet-mattress-topper-coco-white-fabric-drape-1.jpg?v=1786182009;https://cdn.shopify.com/s/files/1/0884/0278/8685/files/bamboo-fitted-sheet-mattress-topper-coco-white-fabric-drape-2.jpg?v=1786182009;https://cdn.shopify.com/s/files/1/0884/0278/8685/files/bamboo-fitted-sheet-mattress-topper-coco-white-corner-loose.jpg?v=1786182009;https://cdn.shopify.com/s/files/1/0884/0278/8685/files/bamboo-fitted-sheet-mattress-topper-coco-white-packaging.jpg?v=1786182009
8720648154423,Boomba Bamboo,"Bambus-Spannbetttuch für Matratzenauflage „Coco White“, 400TC",https://www.maisondecocon.com/products/bamboo-fitted-sheet-for-mattress-topper-coco-white-400tc?variant=54471590543693,8720648154423,"Ein hochwertiges Spannbetttuch aus 100 % Bambus für Matratzenauflagen mit einer Dicke von bis zu 10 cm in der Farbe „Coco White“ – aus seidenweichem Tanboocel™-Gewebe mit einer Fadenzahl von 400TC, das atmungsaktiv und temperaturregulierend ist und Ihnen das ganze Jahr über einen kühlen Schlaf beschert.",156.00,Heimtextilien > Bettwäsche > Spannbettlaken,200x210 cm,Coco white,9.00,0.00,0.00,4-7 Werktage,https://cdn.shopify.com/s/files/1/0884/0278/8685/files/bamboo-fitted-sheet-mattress-topper-coco-white-corner-fit.jpg?v=1786182261;https://cdn.shopify.com/s/files/1/0884/0278/8685/files/bamboo-fitted-sheet-mattress-topper-coco-white-seam-detail.jpg?v=1786182009;https://cdn.shopify.com/s/files/1/0884/0278/8685/files/bamboo-fitted-sheet-mattress-topper-coco-white-fabric-drape-1.jpg?v=1786182009;https://cdn.shopify.com/s/files/1/0884/0278/8685/files/bamboo-fitted-sheet-mattress-topper-coco-white-fabric-drape-2.jpg?v=1786182009;https://cdn.shopify.com/s/files/1/0884/0278/8685/files/bamboo-fitted-sheet-mattress-topper-coco-white-corner-loose.jpg?v=1786182009;https://cdn.shopify.com/s/files/1/0884/0278/8685/files/bamboo-fitted-sheet-mattress-topper-coco-white-packaging.jpg?v=1786182009
8720648154386,Boomba Bamboo,"Bambus-Spannbetttuch für Matratzenauflage „Coco White“, 400TC",https://www.maisondecocon.com/products/bamboo-fitted-sheet-for-mattress-topper-coco-white-400tc?variant=54471590379853,8720648154386,"Ein hochwertiges Spannbetttuch aus 100 % Bambus für Matratzenauflagen mit einer Dicke von bis zu 10 cm in der Farbe „Coco White“ – aus seidenweichem Tanboocel™-Gewebe mit einer Fadenzahl von 400TC, das atmungsaktiv und temperaturregulierend ist und Ihnen das ganze Jahr über einen kühlen Schlaf beschert.",132.00,Heimtextilien > Bettwäsche > Spannbettlaken,180x200 cm,Coco white,9.00,0.00,0.00,4-7 Werktage,https://cdn.shopify.com/s/files/1/0884/0278/8685/files/bamboo-fitted-sheet-mattress-topper-coco-white-corner-fit.jpg?v=1786182261;https://cdn.shopify.com/s/files/1/0884/0278/8685/files/bamboo-fitted-sheet-mattress-topper-coco-white-seam-detail.jpg?v=1786182009;https://cdn.shopify.com/s/files/1/0884/0278/8685/files/bamboo-fitted-sheet-mattress-topper-coco-white-fabric-drape-1.jpg?v=1786182009;https://cdn.shopify.com/s/files/1/0884/0278/8685/files/bamboo-fitted-sheet-mattress-topper-coco-white-fabric-drape-2.jpg?v=1786182009;https://cdn.shopify.com/s/files/1/0884/0278/8685/files/bamboo-fitted-sheet-mattress-topper-coco-white-corner-loose.jpg?v=1786182009;https://cdn.shopify.com/s/files/1/0884/0278/8685/files/bamboo-fitted-sheet-mattress-topper-coco-white-packaging.jpg?v=1786182009
8720648154393,Boomba Bamboo,"Bambus-Spannbetttuch für Matratzenauflage „Coco White“, 400TC",https://www.maisondecocon.com/products/bamboo-fitted-sheet-for-mattress-topper-coco-white-400tc?variant=54471590576461,8720648154393,"Ein hochwertiges Spannbetttuch aus 100 % Bambus für Matratzenauflagen mit einer Dicke von bis zu 10 cm in der Farbe „Coco White“ – aus seidenweichem Tanboocel™-Gewebe mit einer Fadenzahl von 400TC, das atmungsaktiv und temperaturregulierend ist und Ihnen das ganze Jahr über einen kühlen Schlaf beschert.",138.00,Heimtextilien > Bettwäsche > Spannbettlaken,180x210 cm,Coco white,9.00,0.00,0.00,4-7 Werktage,https://cdn.shopify.com/s/files/1/0884/0278/8685/files/bamboo-fitted-sheet-mattress-topper-coco-white-corner-fit.jpg?v=1786182261;https://cdn.shopify.com/s/files/1/0884/0278/8685/files/bamboo-fitted-sheet-mattress-topper-coco-white-seam-detail.jpg?v=1786182009;https://cdn.shopify.com/s/files/1/0884/0278/8685/files/bamboo-fitted-sheet-mattress-topper-coco-white-fabric-drape-1.jpg?v=1786182009;https://cdn.shopify.com/s/files/1/0884/0278/8685/files/bamboo-fitted-sheet-mattress-topper-coco-white-fabric-drape-2.jpg?v=1786182009;https://cdn.shopify.com/s/files/1/0884/0278/8685/files/bamboo-fitted-sheet-mattress-topper-coco-white-corner-loose.jpg?v=1786182009;https://cdn.shopify.com/s/files/1/0884/0278/8685/files/bamboo-fitted-sheet-mattress-topper-coco-white-packaging.jpg?v=1786182009
8720648154416,Boomba Bamboo,"Bambus-Spannbetttuch für Matratzenauflage „Coco White“, 400TC",https://www.maisondecocon.com/products/bamboo-fitted-sheet-for-mattress-topper-coco-white-400tc?variant=54471590445389,8720648154416,"Ein hochwertiges Spannbetttuch aus 100 % Bambus für Matratzenauflagen mit einer Dicke von bis zu 10 cm in der Farbe „Coco White“ – aus seidenweichem Tanboocel™-Gewebe mit einer Fadenzahl von 400TC, das atmungsaktiv und temperaturregulierend ist und Ihnen das ganze Jahr über einen kühlen Schlaf beschert.",150.00,Heimtextilien > Bettwäsche > Spannbettlaken,200x200 cm,Coco white,9.00,0.00,0.00,4-7 Werktage,https://cdn.shopify.com/s/files/1/0884/0278/8685/files/bamboo-fitted-sheet-mattress-topper-coco-white-corner-fit.jpg?v=1786182261;https://cdn.shopify.com/s/files/1/0884/0278/8685/files/bamboo-fitted-sheet-mattress-topper-coco-white-seam-detail.jpg?v=1786182009;https://cdn.shopify.com/s/files/1/0884/0278/8685/files/bamboo-fitted-sheet-mattress-topper-coco-white-fabric-drape-1.jpg?v=1786182009;https://cdn.shopify.com/s/files/1/0884/0278/8685/files/bamboo-fitted-sheet-mattress-topper-coco-white-fabric-drape-2.jpg?v=1786182009;https://cdn.shopify.com/s/files/1/0884/0278/8685/files/bamboo-fitted-sheet-mattress-topper-coco-white-corner-loose.jpg?v=1786182009;https://cdn.shopify.com/s/files/1/0884/0278/8685/files/bamboo-fitted-sheet-mattress-topper-coco-white-packaging.jpg?v=1786182009
8720648154409,Boomba Bamboo,"Bambus-Spannbetttuch für Matratzenauflage „Coco White“, 400TC",https://www.maisondecocon.com/products/bamboo-fitted-sheet-for-mattress-topper-coco-white-400tc?variant=54471590412621,8720648154409,"Ein hochwertiges Spannbetttuch aus 100 % Bambus für Matratzenauflagen mit einer Dicke von bis zu 10 cm in der Farbe „Coco White“ – aus seidenweichem Tanboocel™-Gewebe mit einer Fadenzahl von 400TC, das atmungsaktiv und temperaturregulierend ist und Ihnen das ganze Jahr über einen kühlen Schlaf beschert.",144.00,Heimtextilien > Bettwäsche > Spannbettlaken,180x220/210 cm,Coco white,9.00,0.00,0.00,4-7 Werktage,https://cdn.shopify.com/s/files/1/0884/0278/8685/files/bamboo-fitted-sheet-mattress-topper-coco-white-corner-fit.jpg?v=1786182261;https://cdn.shopify.com/s/files/1/0884/0278/8685/files/bamboo-fitted-sheet-mattress-topper-coco-white-seam-detail.jpg?v=1786182009;https://cdn.shopify.com/s/files/1/0884/0278/8685/files/bamboo-fitted-sheet-mattress-topper-coco-white-fabric-drape-1.jpg?v=1786182009;https://cdn.shopify.com/s/files/1/0884/0278/8685/files/bamboo-fitted-sheet-mattress-topper-coco-white-fabric-drape-2.jpg?v=1786182009;https://cdn.shopify.com/s/files/1/0884/0278/8685/files/bamboo-fitted-sheet-mattress-topper-coco-white-corner-loose.jpg?v=1786182009;https://cdn.shopify.com/s/files/1/0884/0278/8685/files/bamboo-fitted-sheet-mattress-topper-coco-white-packaging.jpg?v=1786182009
8720648154430,Boomba Bamboo,"Bambus-Spannbetttuch für Matratzenauflage „Coco White“, 400TC",https://www.maisondecocon.com/products/bamboo-fitted-sheet-for-mattress-topper-coco-white-400tc?variant=54471590478157,8720648154430,"Ein hochwertiges Spannbetttuch aus 100 % Bambus für Matratzenauflagen mit einer Dicke von bis zu 10 cm in der Farbe „Coco White“ – aus seidenweichem Tanboocel™-Gewebe mit einer Fadenzahl von 400TC, das atmungsaktiv und temperaturregulierend ist und Ihnen das ganze Jahr über einen kühlen Schlaf beschert.",162.00,Heimtextilien > Bettwäsche > Spannbettlaken,200x220/210 cm,Coco white,9.00,0.00,0.00,4-7 Werktage,https://cdn.shopify.com/s/files/1/0884/0278/8685/files/bamboo-fitted-sheet-mattress-topper-coco-white-corner-fit.jpg?v=1786182261;https://cdn.shopify.com/s/files/1/0884/0278/8685/files/bamboo-fitted-sheet-mattress-topper-coco-white-seam-detail.jpg?v=1786182009;https://cdn.shopify.com/s/files/1/0884/0278/8685/files/bamboo-fitted-sheet-mattress-topper-coco-white-fabric-drape-1.jpg?v=1786182009;https://cdn.shopify.com/s/files/1/0884/0278/8685/files/bamboo-fitted-sheet-mattress-topper-coco-white-fabric-drape-2.jpg?v=1786182009;https://cdn.shopify.com/s/files/1/0884/0278/8685/files/bamboo-fitted-sheet-mattress-topper-coco-white-corner-loose.jpg?v=1786182009;https://cdn.shopify.com/s/files/1/0884/0278/8685/files/bamboo-fitted-sheet-mattress-topper-coco-white-packaging.jpg?v=1786182009
8720648154270,Boomba Bamboo,Bambus-Spannbetttuch „Coco White“ 400TC,https://www.maisondecocon.com/products/bamboo-fitted-sheet-coco-white-400tc?variant=54471591067981,8720648154270,"Ein seidenweiches Bambus-Spannbetttuch mit einer Fadenzahl von 400TC in strahlendem „Coco White“ – atmungsaktiv, hypoallergen und angenehm kühl auf der Haut, mit einem passgenauen Gummizug für Matratzen mit einer Höhe von bis zu 30 cm.",144.00,Heimtextilien > Bettwäsche > Spannbettlaken,140x200 cm,Coco white,9.00,0.00,0.00,4-7 Werktage,https://cdn.shopify.com/s/files/1/0884/0278/8685/files/bamboo-fitted-sheet-coco-white-seam-detail.jpg?v=1786183250;https://cdn.shopify.com/s/files/1/0884/0278/8685/files/bamboo-fitted-sheet-coco-white-bedroom-lifestyle.jpg?v=1786183250;https://cdn.shopify.com/s/files/1/0884/0278/8685/files/bamboo-fitted-sheet-coco-white-corner-loose.jpg?v=1786183250;https://cdn.shopify.com/s/files/1/0884/0278/8685/files/bamboo-fitted-sheet-coco-white-fabric-drape.jpg?v=1786183250;https://cdn.shopify.com/s/files/1/0884/0278/8685/files/bamboo-fitted-sheet-coco-white-bedroom-front.jpg?v=1786183250;https://cdn.shopify.com/s/files/1/0884/0278/8685/files/bamboo-fitted-sheet-coco-white-bedroom-detail.jpg?v=1786183250;https://cdn.shopify.com/s/files/1/0884/0278/8685/files/bamboo-fitted-sheet-coco-white-bedroom-full.jpg?v=1786183250;https://cdn.shopify.com/s/files/1/0884/0278/8685/files/bamboo-fitted-sheet-coco-white-bedroom-angle.jpg?v=1786183250;https://cdn.shopify.com/s/files/1/0884/0278/8685/files/bamboo-fitted-sheet-coco-white-packaging.jpg?v=1786183250
8720828225929,Boomba Bamboo,Bambus-Spannbetttuch „Coco White“ 400TC,https://www.maisondecocon.com/products/bamboo-fitted-sheet-coco-white-400tc?variant=54471590871373,8720828225929,"Ein seidenweiches Bambus-Spannbetttuch mit einer Fadenzahl von 400TC in strahlendem „Coco White“ – atmungsaktiv, hypoallergen und angenehm kühl auf der Haut, mit einem passgenauen Gummizug für Matratzen mit einer Höhe von bis zu 30 cm.",138.00,Heimtextilien > Bettwäsche > Spannbettlaken,100x200,Coco white,9.00,0.00,0.00,4-7 Werktage,https://cdn.shopify.com/s/files/1/0884/0278/8685/files/bamboo-fitted-sheet-coco-white-seam-detail.jpg?v=1786183250;https://cdn.shopify.com/s/files/1/0884/0278/8685/files/bamboo-fitted-sheet-coco-white-bedroom-lifestyle.jpg?v=1786183250;https://cdn.shopify.com/s/files/1/0884/0278/8685/files/bamboo-fitted-sheet-coco-white-corner-loose.jpg?v=1786183250;https://cdn.shopify.com/s/files/1/0884/0278/8685/files/bamboo-fitted-sheet-coco-white-fabric-drape.jpg?v=1786183250;https://cdn.shopify.com/s/files/1/0884/0278/8685/files/bamboo-fitted-sheet-coco-white-bedroom-front.jpg?v=1786183250;https://cdn.shopify.com/s/files/1/0884/0278/8685/files/bamboo-fitted-sheet-coco-white-bedroom-detail.jpg?v=1786183250;https://cdn.shopify.com/s/files/1/0884/0278/8685/files/bamboo-fitted-sheet-coco-white-bedroom-full.jpg?v=1786183250;https://cdn.shopify.com/s/files/1/0884/0278/8685/files/bamboo-fitted-sheet-coco-white-bedroom-angle.jpg?v=1786183250;https://cdn.shopify.com/s/files/1/0884/0278/8685/files/bamboo-fitted-sheet-coco-white-packaging.jpg?v=1786183250
8720618860576,Boomba Bamboo,Bambus-Spannbetttuch „Coco White“ 400TC,https://www.maisondecocon.com/products/bamboo-fitted-sheet-coco-white-400tc?variant=54471590707533,8720618860576,"Ein seidenweiches Bambus-Spannbetttuch mit einer Fadenzahl von 400TC in strahlendem „Coco White“ – atmungsaktiv, hypoallergen und angenehm kühl auf der Haut, mit einem passgenauen Gummizug für Matratzen mit einer Höhe von bis zu 30 cm.",132.00,Heimtextilien > Bettwäsche > Spannbettlaken,90x210 cm,Coco white,9.00,0.00,0.00,4-7 Werktage,https://cdn.shopify.com/s/files/1/0884/0278/8685/files/bamboo-fitted-sheet-coco-white-seam-detail.jpg?v=1786183250;https://cdn.shopify.com/s/files/1/0884/0278/8685/files/bamboo-fitted-sheet-coco-white-bedroom-lifestyle.jpg?v=1786183250;https://cdn.shopify.com/s/files/1/0884/0278/8685/files/bamboo-fitted-sheet-coco-white-corner-loose.jpg?v=1786183250;https://cdn.shopify.com/s/files/1/0884/0278/8685/files/bamboo-fitted-sheet-coco-white-fabric-drape.jpg?v=1786183250;https://cdn.shopify.com/s/files/1/0884/0278/8685/files/bamboo-fitted-sheet-coco-white-bedroom-front.jpg?v=1786183250;https://cdn.shopify.com/s/files/1/0884/0278/8685/files/bamboo-fitted-sheet-coco-white-bedroom-detail.jpg?v=1786183250;https://cdn.shopify.com/s/files/1/0884/0278/8685/files/bamboo-fitted-sheet-coco-white-bedroom-full.jpg?v=1786183250;https://cdn.shopify.com/s/files/1/0884/0278/8685/files/bamboo-fitted-sheet-coco-white-bedroom-angle.jpg?v=1786183250;https://cdn.shopify.com/s/files/1/0884/0278/8685/files/bamboo-fitted-sheet-coco-white-packaging.jpg?v=1786183250
8720828225493,Boomba Bamboo,Bambus-Spannbetttuch „Coco White“ 400TC,https://www.maisondecocon.com/products/bamboo-fitted-sheet-coco-white-400tc?variant=54471590674765,8720828225493,"Ein seidenweiches Bambus-Spannbetttuch mit einer Fadenzahl von 400TC in strahlendem „Coco White“ – atmungsaktiv, hypoallergen und angenehm kühl auf der Haut, mit einem passgenauen Gummizug für Matratzen mit einer Höhe von bis zu 30 cm.",123.00,Heimtextilien > Bettwäsche > Spannbettlaken,80x210 cm,Coco white,9.00,0.00,0.00,4-7 Werktage,https://cdn.shopify.com/s/files/1/0884/0278/8685/files/bamboo-fitted-sheet-coco-white-seam-detail.jpg?v=1786183250;https://cdn.shopify.com/s/files/1/0884/0278/8685/files/bamboo-fitted-sheet-coco-white-bedroom-lifestyle.jpg?v=1786183250;https://cdn.shopify.com/s/files/1/0884/0278/8685/files/bamboo-fitted-sheet-coco-white-corner-loose.jpg?v=1786183250;https://cdn.shopify.com/s/files/1/0884/0278/8685/files/bamboo-fitted-sheet-coco-white-fabric-drape.jpg?v=1786183250;https://cdn.shopify.com/s/files/1/0884/0278/8685/files/bamboo-fitted-sheet-coco-white-bedroom-front.jpg?v=1786183250;https://cdn.shopify.com/s/files/1/0884/0278/8685/files/bamboo-fitted-sheet-coco-white-bedroom-detail.jpg?v=1786183250;https://cdn.shopify.com/s/files/1/0884/0278/8685/files/bamboo-fitted-sheet-coco-white-bedroom-full.jpg?v=1786183250;https://cdn.shopify.com/s/files/1/0884/0278/8685/files/bamboo-fitted-sheet-coco-white-bedroom-angle.jpg?v=1786183250;https://cdn.shopify.com/s/files/1/0884/0278/8685/files/bamboo-fitted-sheet-coco-white-packaging.jpg?v=1786183250
8720648154317,Boomba Bamboo,Bambus-Spannbetttuch „Coco White“ 400TC,https://www.maisondecocon.com/products/bamboo-fitted-sheet-coco-white-400tc?variant=54471590936909,8720648154317,"Ein seidenweiches Bambus-Spannbetttuch mit einer Fadenzahl von 400TC in strahlendem „Coco White“ – atmungsaktiv, hypoallergen und angenehm kühl auf der Haut, mit einem passgenauen Gummizug für Matratzen mit einer Höhe von bis zu 30 cm.",168.00,Heimtextilien > Bettwäsche > Spannbettlaken,200x200 cm,Coco white,9.00,0.00,0.00,4-7 Werktage,https://cdn.shopify.com/s/files/1/0884/0278/8685/files/bamboo-fitted-sheet-coco-white-seam-detail.jpg?v=1786183250;https://cdn.shopify.com/s/files/1/0884/0278/8685/files/bamboo-fitted-sheet-coco-white-bedroom-lifestyle.jpg?v=1786183250;https://cdn.shopify.com/s/files/1/0884/0278/8685/files/bamboo-fitted-sheet-coco-white-corner-loose.jpg?v=1786183250;https://cdn.shopify.com/s/files/1/0884/0278/8685/files/bamboo-fitted-sheet-coco-white-fabric-drape.jpg?v=1786183250;https://cdn.shopify.com/s/files/1/0884/0278/8685/files/bamboo-fitted-sheet-coco-white-bedroom-front.jpg?v=1786183250;https://cdn.shopify.com/s/files/1/0884/0278/8685/files/bamboo-fitted-sheet-coco-white-bedroom-detail.jpg?v=1786183250;https://cdn.shopify.com/s/files/1/0884/0278/8685/files/bamboo-fitted-sheet-coco-white-bedroom-full.jpg?v=1786183250;https://cdn.shopify.com/s/files/1/0884/0278/8685/files/bamboo-fitted-sheet-coco-white-bedroom-angle.jpg?v=1786183250;https://cdn.shopify.com/s/files/1/0884/0278/8685/files/bamboo-fitted-sheet-coco-white-packaging.jpg?v=1786183250
8720618860583,Boomba Bamboo,Bambus-Spannbetttuch „Coco White“ 400TC,https://www.maisondecocon.com/products/bamboo-fitted-sheet-coco-white-400tc?variant=54471590609229,8720618860583,"Ein seidenweiches Bambus-Spannbetttuch mit einer Fadenzahl von 400TC in strahlendem „Coco White“ – atmungsaktiv, hypoallergen und angenehm kühl auf der Haut, mit einem passgenauen Gummizug für Matratzen mit einer Höhe von bis zu 30 cm.",135.00,Heimtextilien > Bettwäsche > Spannbettlaken,90x220 cm,Coco white,9.00,0.00,0.00,4-7 Werktage,https://cdn.shopify.com/s/files/1/0884/0278/8685/files/bamboo-fitted-sheet-coco-white-seam-detail.jpg?v=1786183250;https://cdn.shopify.com/s/files/1/0884/0278/8685/files/bamboo-fitted-sheet-coco-white-bedroom-lifestyle.jpg?v=1786183250;https://cdn.shopify.com/s/files/1/0884/0278/8685/files/bamboo-fitted-sheet-coco-white-corner-loose.jpg?v=1786183250;https://cdn.shopify.com/s/files/1/0884/0278/8685/files/bamboo-fitted-sheet-coco-white-fabric-drape.jpg?v=1786183250;https://cdn.shopify.com/s/files/1/0884/0278/8685/files/bamboo-fitted-sheet-coco-white-bedroom-front.jpg?v=1786183250;https://cdn.shopify.com/s/files/1/0884/0278/8685/files/bamboo-fitted-sheet-coco-white-bedroom-detail.jpg?v=1786183250;https://cdn.shopify.com/s/files/1/0884/0278/8685/files/bamboo-fitted-sheet-coco-white-bedroom-full.jpg?v=1786183250;https://cdn.shopify.com/s/files/1/0884/0278/8685/files/bamboo-fitted-sheet-coco-white-bedroom-angle.jpg?v=1786183250;https://cdn.shopify.com/s/files/1/0884/0278/8685/files/bamboo-fitted-sheet-coco-white-packaging.jpg?v=1786183250
8720648154263,Boomba Bamboo,Bambus-Spannbetttuch „Coco White“ 400TC,https://www.maisondecocon.com/products/bamboo-fitted-sheet-coco-white-400tc?variant=54471590740301,8720648154263,"Ein seidenweiches Bambus-Spannbetttuch mit einer Fadenzahl von 400TC in strahlendem „Coco White“ – atmungsaktiv, hypoallergen und angenehm kühl auf der Haut, mit einem passgenauen Gummizug für Matratzen mit einer Höhe von bis zu 30 cm.",129.00,Heimtextilien > Bettwäsche > Spannbettlaken,90x200 cm,Coco white,9.00,0.00,0.00,4-7 Werktage,https://cdn.shopify.com/s/files/1/0884/0278/8685/files/bamboo-fitted-sheet-coco-white-seam-detail.jpg?v=1786183250;https://cdn.shopify.com/s/files/1/0884/0278/8685/files/bamboo-fitted-sheet-coco-white-bedroom-lifestyle.jpg?v=1786183250;https://cdn.shopify.com/s/files/1/0884/0278/8685/files/bamboo-fitted-sheet-coco-white-corner-loose.jpg?v=1786183250;https://cdn.shopify.com/s/files/1/0884/0278/8685/files/bamboo-fitted-sheet-coco-white-fabric-drape.jpg?v=1786183250;https://cdn.shopify.com/s/files/1/0884/0278/8685/files/bamboo-fitted-sheet-coco-white-bedroom-front.jpg?v=1786183250;https://cdn.shopify.com/s/files/1/0884/0278/8685/files/bamboo-fitted-sheet-coco-white-bedroom-detail.jpg?v=1786183250;https://cdn.shopify.com/s/files/1/0884/0278/8685/files/bamboo-fitted-sheet-coco-white-bedroom-full.jpg?v=1786183250;https://cdn.shopify.com/s/files/1/0884/0278/8685/files/bamboo-fitted-sheet-coco-white-bedroom-angle.jpg?v=1786183250;https://cdn.shopify.com/s/files/1/0884/0278/8685/files/bamboo-fitted-sheet-coco-white-packaging.jpg?v=1786183250
8720648154287,Boomba Bamboo,Bambus-Spannbetttuch „Coco White“ 400TC,https://www.maisondecocon.com/products/bamboo-fitted-sheet-coco-white-400tc?variant=54471591035213,8720648154287,"Ein seidenweiches Bambus-Spannbetttuch mit einer Fadenzahl von 400TC in strahlendem „Coco White“ – atmungsaktiv, hypoallergen und angenehm kühl auf der Haut, mit einem passgenauen Gummizug für Matratzen mit einer Höhe von bis zu 30 cm.",147.00,Heimtextilien > Bettwäsche > Spannbettlaken,160x200 cm,Coco white,9.00,0.00,0.00,4-7 Werktage,https://cdn.shopify.com/s/files/1/0884/0278/8685/files/bamboo-fitted-sheet-coco-white-seam-detail.jpg?v=1786183250;https://cdn.shopify.com/s/files/1/0884/0278/8685/files/bamboo-fitted-sheet-coco-white-bedroom-lifestyle.jpg?v=1786183250;https://cdn.shopify.com/s/files/1/0884/0278/8685/files/bamboo-fitted-sheet-coco-white-corner-loose.jpg?v=1786183250;https://cdn.shopify.com/s/files/1/0884/0278/8685/files/bamboo-fitted-sheet-coco-white-fabric-drape.jpg?v=1786183250;https://cdn.shopify.com/s/files/1/0884/0278/8685/files/bamboo-fitted-sheet-coco-white-bedroom-front.jpg?v=1786183250;https://cdn.shopify.com/s/files/1/0884/0278/8685/files/bamboo-fitted-sheet-coco-white-bedroom-detail.jpg?v=1786183250;https://cdn.shopify.com/s/files/1/0884/0278/8685/files/bamboo-fitted-sheet-coco-white-bedroom-full.jpg?v=1786183250;https://cdn.shopify.com/s/files/1/0884/0278/8685/files/bamboo-fitted-sheet-coco-white-bedroom-angle.jpg?v=1786183250;https://cdn.shopify.com/s/files/1/0884/0278/8685/files/bamboo-fitted-sheet-coco-white-packaging.jpg?v=1786183250
8720648154294,Boomba Bamboo,Bambus-Spannbetttuch „Coco White“ 400TC,https://www.maisondecocon.com/products/bamboo-fitted-sheet-coco-white-400tc?variant=54471591002445,8720648154294,"Ein seidenweiches Bambus-Spannbetttuch mit einer Fadenzahl von 400TC in strahlendem „Coco White“ – atmungsaktiv, hypoallergen und angenehm kühl auf der Haut, mit einem passgenauen Gummizug für Matratzen mit einer Höhe von bis zu 30 cm.",156.00,Heimtextilien > Bettwäsche > Spannbettlaken,180x200 cm,Coco white,9.00,0.00,0.00,4-7 Werktage,https://cdn.shopify.com/s/files/1/0884/0278/8685/files/bamboo-fitted-sheet-coco-white-seam-detail.jpg?v=1786183250;https://cdn.shopify.com/s/files/1/0884/0278/8685/files/bamboo-fitted-sheet-coco-white-bedroom-lifestyle.jpg?v=1786183250;https://cdn.shopify.com/s/files/1/0884/0278/8685/files/bamboo-fitted-sheet-coco-white-corner-loose.jpg?v=1786183250;https://cdn.shopify.com/s/files/1/0884/0278/8685/files/bamboo-fitted-sheet-coco-white-fabric-drape.jpg?v=1786183250;https://cdn.shopify.com/s/files/1/0884/0278/8685/files/bamboo-fitted-sheet-coco-white-bedroom-front.jpg?v=1786183250;https://cdn.shopify.com/s/files/1/0884/0278/8685/files/bamboo-fitted-sheet-coco-white-bedroom-detail.jpg?v=1786183250;https://cdn.shopify.com/s/files/1/0884/0278/8685/files/bamboo-fitted-sheet-coco-white-bedroom-full.jpg?v=1786183250;https://cdn.shopify.com/s/files/1/0884/0278/8685/files/bamboo-fitted-sheet-coco-white-bedroom-angle.jpg?v=1786183250;https://cdn.shopify.com/s/files/1/0884/0278/8685/files/bamboo-fitted-sheet-coco-white-packaging.jpg?v=1786183250
8720648154348,Boomba Bamboo,Bambus-Spannbetttuch „Coco White“ 400TC,https://www.maisondecocon.com/products/bamboo-fitted-sheet-coco-white-400tc?variant=54471590969677,8720648154348,"Ein seidenweiches Bambus-Spannbetttuch mit einer Fadenzahl von 400TC in strahlendem „Coco White“ – atmungsaktiv, hypoallergen und angenehm kühl auf der Haut, mit einem passgenauen Gummizug für Matratzen mit einer Höhe von bis zu 30 cm.",162.00,Heimtextilien > Bettwäsche > Spannbettlaken,180x220/210 cm,Coco white,9.00,0.00,0.00,4-7 Werktage,https://cdn.shopify.com/s/files/1/0884/0278/8685/files/bamboo-fitted-sheet-coco-white-seam-detail.jpg?v=1786183250;https://cdn.shopify.com/s/files/1/0884/0278/8685/files/bamboo-fitted-sheet-coco-white-bedroom-lifestyle.jpg?v=1786183250;https://cdn.shopify.com/s/files/1/0884/0278/8685/files/bamboo-fitted-sheet-coco-white-corner-loose.jpg?v=1786183250;https://cdn.shopify.com/s/files/1/0884/0278/8685/files/bamboo-fitted-sheet-coco-white-fabric-drape.jpg?v=1786183250;https://cdn.shopify.com/s/files/1/0884/0278/8685/files/bamboo-fitted-sheet-coco-white-bedroom-front.jpg?v=1786183250;https://cdn.shopify.com/s/files/1/0884/0278/8685/files/bamboo-fitted-sheet-coco-white-bedroom-detail.jpg?v=1786183250;https://cdn.shopify.com/s/files/1/0884/0278/8685/files/bamboo-fitted-sheet-coco-white-bedroom-full.jpg?v=1786183250;https://cdn.shopify.com/s/files/1/0884/0278/8685/files/bamboo-fitted-sheet-coco-white-bedroom-angle.jpg?v=1786183250;https://cdn.shopify.com/s/files/1/0884/0278/8685/files/bamboo-fitted-sheet-coco-white-packaging.jpg?v=1786183250
8720828225806,Boomba Bamboo,Bambus-Spannbetttuch „Coco White“ 400TC,https://www.maisondecocon.com/products/bamboo-fitted-sheet-coco-white-400tc?variant=54471590838605,8720828225806,"Ein seidenweiches Bambus-Spannbetttuch mit einer Fadenzahl von 400TC in strahlendem „Coco White“ – atmungsaktiv, hypoallergen und angenehm kühl auf der Haut, mit einem passgenauen Gummizug für Matratzen mit einer Höhe von bis zu 30 cm.",153.00,Heimtextilien > Bettwäsche > Spannbettlaken,160x220/210,Coco white,9.00,0.00,0.00,4-7 Werktage,https://cdn.shopify.com/s/files/1/0884/0278/8685/files/bamboo-fitted-sheet-coco-white-seam-detail.jpg?v=1786183250;https://cdn.shopify.com/s/files/1/0884/0278/8685/files/bamboo-fitted-sheet-coco-white-bedroom-lifestyle.jpg?v=1786183250;https://cdn.shopify.com/s/files/1/0884/0278/8685/files/bamboo-fitted-sheet-coco-white-corner-loose.jpg?v=1786183250;https://cdn.shopify.com/s/files/1/0884/0278/8685/files/bamboo-fitted-sheet-coco-white-fabric-drape.jpg?v=1786183250;https://cdn.shopify.com/s/files/1/0884/0278/8685/files/bamboo-fitted-sheet-coco-white-bedroom-front.jpg?v=1786183250;https://cdn.shopify.com/s/files/1/0884/0278/8685/files/bamboo-fitted-sheet-coco-white-bedroom-detail.jpg?v=1786183250;https://cdn.shopify.com/s/files/1/0884/0278/8685/files/bamboo-fitted-sheet-coco-white-bedroom-full.jpg?v=1786183250;https://cdn.shopify.com/s/files/1/0884/0278/8685/files/bamboo-fitted-sheet-coco-white-bedroom-angle.jpg?v=1786183250;https://cdn.shopify.com/s/files/1/0884/0278/8685/files/bamboo-fitted-sheet-coco-white-packaging.jpg?v=1786183250
8720828225707,Boomba Bamboo,Bambus-Spannbetttuch „Coco White“ 400TC,https://www.maisondecocon.com/products/bamboo-fitted-sheet-coco-white-400tc?variant=54471590641997,8720828225707,"Ein seidenweiches Bambus-Spannbetttuch mit einer Fadenzahl von 400TC in strahlendem „Coco White“ – atmungsaktiv, hypoallergen und angenehm kühl auf der Haut, mit einem passgenauen Gummizug für Matratzen mit einer Höhe von bis zu 30 cm.",126.00,Heimtextilien > Bettwäsche > Spannbettlaken,80x220/210 cm,Coco white,9.00,0.00,0.00,4-7 Werktage,https://cdn.shopify.com/s/files/1/0884/0278/8685/files/bamboo-fitted-sheet-coco-white-seam-detail.jpg?v=1786183250;https://cdn.shopify.com/s/files/1/0884/0278/8685/files/bamboo-fitted-sheet-coco-white-bedroom-lifestyle.jpg?v=1786183250;https://cdn.shopify.com/s/files/1/0884/0278/8685/files/bamboo-fitted-sheet-coco-white-corner-loose.jpg?v=1786183250;https://cdn.shopify.com/s/files/1/0884/0278/8685/files/bamboo-fitted-sheet-coco-white-fabric-drape.jpg?v=1786183250;https://cdn.shopify.com/s/files/1/0884/0278/8685/files/bamboo-fitted-sheet-coco-white-bedroom-front.jpg?v=1786183250;https://cdn.shopify.com/s/files/1/0884/0278/8685/files/bamboo-fitted-sheet-coco-white-bedroom-detail.jpg?v=1786183250;https://cdn.shopify.com/s/files/1/0884/0278/8685/files/bamboo-fitted-sheet-coco-white-bedroom-full.jpg?v=1786183250;https://cdn.shopify.com/s/files/1/0884/0278/8685/files/bamboo-fitted-sheet-coco-white-bedroom-angle.jpg?v=1786183250;https://cdn.shopify.com/s/files/1/0884/0278/8685/files/bamboo-fitted-sheet-coco-white-packaging.jpg?v=1786183250
8720648154331,Boomba Bamboo,Bambus-Spannbetttuch „Coco White“ 400TC,https://www.maisondecocon.com/products/bamboo-fitted-sheet-coco-white-400tc?variant=54471590805837,8720648154331,"Ein seidenweiches Bambus-Spannbetttuch mit einer Fadenzahl von 400TC in strahlendem „Coco White“ – atmungsaktiv, hypoallergen und angenehm kühl auf der Haut, mit einem passgenauen Gummizug für Matratzen mit einer Höhe von bis zu 30 cm.",180.00,Heimtextilien > Bettwäsche > Spannbettlaken,200x220/210 cm,Coco white,9.00,0.00,0.00,4-7 Werktage,https://cdn.shopify.com/s/files/1/0884/0278/8685/files/bamboo-fitted-sheet-coco-white-seam-detail.jpg?v=1786183250;https://cdn.shopify.com/s/files/1/0884/0278/8685/files/bamboo-fitted-sheet-coco-white-bedroom-lifestyle.jpg?v=1786183250;https://cdn.shopify.com/s/files/1/0884/0278/8685/files/bamboo-fitted-sheet-coco-white-corner-loose.jpg?v=1786183250;https://cdn.shopify.com/s/files/1/0884/0278/8685/files/bamboo-fitted-sheet-coco-white-fabric-drape.jpg?v=1786183250;https://cdn.shopify.com/s/files/1/0884/0278/8685/files/bamboo-fitted-sheet-coco-white-bedroom-front.jpg?v=1786183250;https://cdn.shopify.com/s/files/1/0884/0278/8685/files/bamboo-fitted-sheet-coco-white-bedroom-detail.jpg?v=1786183250;https://cdn.shopify.com/s/files/1/0884/0278/8685/files/bamboo-fitted-sheet-coco-white-bedroom-full.jpg?v=1786183250;https://cdn.shopify.com/s/files/1/0884/0278/8685/files/bamboo-fitted-sheet-coco-white-bedroom-angle.jpg?v=1786183250;https://cdn.shopify.com/s/files/1/0884/0278/8685/files/bamboo-fitted-sheet-coco-white-packaging.jpg?v=1786183250
8720648154256,Boomba Bamboo,Bambus-Spannbetttuch „Coco White“ 400TC,https://www.maisondecocon.com/products/bamboo-fitted-sheet-coco-white-400tc?variant=54471590773069,8720648154256,"Ein seidenweiches Bambus-Spannbetttuch mit einer Fadenzahl von 400TC in strahlendem „Coco White“ – atmungsaktiv, hypoallergen und angenehm kühl auf der Haut, mit einem passgenauen Gummizug für Matratzen mit einer Höhe von bis zu 30 cm.",120.00,Heimtextilien > Bettwäsche > Spannbettlaken,80x200 cm,Coco white,9.00,0.00,0.00,4-7 Werktage,https://cdn.shopify.com/s/files/1/0884/0278/8685/files/bamboo-fitted-sheet-coco-white-seam-detail.jpg?v=1786183250;https://cdn.shopify.com/s/files/1/0884/0278/8685/files/bamboo-fitted-sheet-coco-white-bedroom-lifestyle.jpg?v=1786183250;https://cdn.shopify.com/s/files/1/0884/0278/8685/files/bamboo-fitted-sheet-coco-white-corner-loose.jpg?v=1786183250;https://cdn.shopify.com/s/files/1/0884/0278/8685/files/bamboo-fitted-sheet-coco-white-fabric-drape.jpg?v=1786183250;https://cdn.shopify.com/s/files/1/0884/0278/8685/files/bamboo-fitted-sheet-coco-white-bedroom-front.jpg?v=1786183250;https://cdn.shopify.com/s/files/1/0884/0278/8685/files/bamboo-fitted-sheet-coco-white-bedroom-detail.jpg?v=1786183250;https://cdn.shopify.com/s/files/1/0884/0278/8685/files/bamboo-fitted-sheet-coco-white-bedroom-full.jpg?v=1786183250;https://cdn.shopify.com/s/files/1/0884/0278/8685/files/bamboo-fitted-sheet-coco-white-bedroom-angle.jpg?v=1786183250;https://cdn.shopify.com/s/files/1/0884/0278/8685/files/bamboo-fitted-sheet-coco-white-packaging.jpg?v=1786183250
8720618860491,Boomba Bamboo,"Bambus-Spannbetttuch für Matratzenauflage, salbeigrün, 400TC",https://www.maisondecocon.com/products/bamboo-fitted-sheet-for-mattress-topper-sage-green-400tc?variant=54471591100749,8720618860491,"Ein hochwertiges Spannbetttuch aus 100 % Bambus für Matratzenauflagen mit einer Dicke von bis zu 10 cm in der Farbe „Sage Green“ – aus seidenweichem Tanboocel™-Gewebe mit einer Fadenzahl von 400TC, das atmungsaktiv ist und die Temperatur reguliert, sodass Sie das ganze Jahr über einen kühlen Schlaf genießen können.",162.00,Heimtextilien > Bettwäsche > Spannbettlaken,200x220/210 cm,Sage Green,9.00,0.00,0.00,4-7 Werktage,https://cdn.shopify.com/s/files/1/0884/0278/8685/files/bamboo-fitted-sheet-mattress-topper-sage-green-seam-detail.jpg?v=1786182010;https://cdn.shopify.com/s/files/1/0884/0278/8685/files/bamboo-fitted-sheet-mattress-topper-sage-green-corner-loose.jpg?v=1786182010;https://cdn.shopify.com/s/files/1/0884/0278/8685/files/bamboo-fitted-sheet-mattress-topper-sage-green-fabric-drape.jpg?v=1786182010;https://cdn.shopify.com/s/files/1/0884/0278/8685/files/bamboo-fitted-sheet-mattress-topper-sage-green-packaging.jpg?v=1786182009
8720618860422,Boomba Bamboo,"Bambus-Spannbetttuch für Matratzenauflage, salbeigrün, 400TC",https://www.maisondecocon.com/products/bamboo-fitted-sheet-for-mattress-topper-sage-green-400tc?variant=54471591330125,8720618860422,"Ein hochwertiges Spannbetttuch aus 100 % Bambus für Matratzenauflagen mit einer Dicke von bis zu 10 cm in der Farbe „Sage Green“ – aus seidenweichem Tanboocel™-Gewebe mit einer Fadenzahl von 400TC, das atmungsaktiv ist und die Temperatur reguliert, sodass Sie das ganze Jahr über einen kühlen Schlaf genießen können.",120.00,Heimtextilien > Bettwäsche > Spannbettlaken,140x200 cm,Sage Green,9.00,0.00,0.00,4-7 Werktage,https://cdn.shopify.com/s/files/1/0884/0278/8685/files/bamboo-fitted-sheet-mattress-topper-sage-green-seam-detail.jpg?v=1786182010;https://cdn.shopify.com/s/files/1/0884/0278/8685/files/bamboo-fitted-sheet-mattress-topper-sage-green-corner-loose.jpg?v=1786182010;https://cdn.shopify.com/s/files/1/0884/0278/8685/files/bamboo-fitted-sheet-mattress-topper-sage-green-fabric-drape.jpg?v=1786182010;https://cdn.shopify.com/s/files/1/0884/0278/8685/files/bamboo-fitted-sheet-mattress-topper-sage-green-packaging.jpg?v=1786182009
8720618860446,Boomba Bamboo,"Bambus-Spannbetttuch für Matratzenauflage, salbeigrün, 400TC",https://www.maisondecocon.com/products/bamboo-fitted-sheet-for-mattress-topper-sage-green-400tc?variant=54471591264589,8720618860446,"Ein hochwertiges Spannbetttuch aus 100 % Bambus für Matratzenauflagen mit einer Dicke von bis zu 10 cm in der Farbe „Sage Green“ – aus seidenweichem Tanboocel™-Gewebe mit einer Fadenzahl von 400TC, das atmungsaktiv ist und die Temperatur reguliert, sodass Sie das ganze Jahr über einen kühlen Schlaf genießen können.",132.00,Heimtextilien > Bettwäsche > Spannbettlaken,180x200 cm,Sage Green,9.00,0.00,0.00,4-7 Werktage,https://cdn.shopify.com/s/files/1/0884/0278/8685/files/bamboo-fitted-sheet-mattress-topper-sage-green-seam-detail.jpg?v=1786182010;https://cdn.shopify.com/s/files/1/0884/0278/8685/files/bamboo-fitted-sheet-mattress-topper-sage-green-corner-loose.jpg?v=1786182010;https://cdn.shopify.com/s/files/1/0884/0278/8685/files/bamboo-fitted-sheet-mattress-topper-sage-green-fabric-drape.jpg?v=1786182010;https://cdn.shopify.com/s/files/1/0884/0278/8685/files/bamboo-fitted-sheet-mattress-topper-sage-green-packaging.jpg?v=1786182009
8720618860477,Boomba Bamboo,"Bambus-Spannbetttuch für Matratzenauflage, salbeigrün, 400TC",https://www.maisondecocon.com/products/bamboo-fitted-sheet-for-mattress-topper-sage-green-400tc?variant=54471591166285,8720618860477,"Ein hochwertiges Spannbetttuch aus 100 % Bambus für Matratzenauflagen mit einer Dicke von bis zu 10 cm in der Farbe „Sage Green“ – aus seidenweichem Tanboocel™-Gewebe mit einer Fadenzahl von 400TC, das atmungsaktiv ist und die Temperatur reguliert, sodass Sie das ganze Jahr über einen kühlen Schlaf genießen können.",150.00,Heimtextilien > Bettwäsche > Spannbettlaken,200x200 cm,Sage Green,9.00,0.00,0.00,4-7 Werktage,https://cdn.shopify.com/s/files/1/0884/0278/8685/files/bamboo-fitted-sheet-mattress-topper-sage-green-seam-detail.jpg?v=1786182010;https://cdn.shopify.com/s/files/1/0884/0278/8685/files/bamboo-fitted-sheet-mattress-topper-sage-green-corner-loose.jpg?v=1786182010;https://cdn.shopify.com/s/files/1/0884/0278/8685/files/bamboo-fitted-sheet-mattress-topper-sage-green-fabric-drape.jpg?v=1786182010;https://cdn.shopify.com/s/files/1/0884/0278/8685/files/bamboo-fitted-sheet-mattress-topper-sage-green-packaging.jpg?v=1786182009
8720618860453,Boomba Bamboo,"Bambus-Spannbetttuch für Matratzenauflage, salbeigrün, 400TC",https://www.maisondecocon.com/products/bamboo-fitted-sheet-for-mattress-topper-sage-green-400tc?variant=54471591231821,8720618860453,"Ein hochwertiges Spannbetttuch aus 100 % Bambus für Matratzenauflagen mit einer Dicke von bis zu 10 cm in der Farbe „Sage Green“ – aus seidenweichem Tanboocel™-Gewebe mit einer Fadenzahl von 400TC, das atmungsaktiv ist und die Temperatur reguliert, sodass Sie das ganze Jahr über einen kühlen Schlaf genießen können.",138.00,Heimtextilien > Bettwäsche > Spannbettlaken,180x210 cm,Sage Green,9.00,0.00,0.00,4-7 Werktage,https://cdn.shopify.com/s/files/1/0884/0278/8685/files/bamboo-fitted-sheet-mattress-topper-sage-green-seam-detail.jpg?v=1786182010;https://cdn.shopify.com/s/files/1/0884/0278/8685/files/bamboo-fitted-sheet-mattress-topper-sage-green-corner-loose.jpg?v=1786182010;https://cdn.shopify.com/s/files/1/0884/0278/8685/files/bamboo-fitted-sheet-mattress-topper-sage-green-fabric-drape.jpg?v=1786182010;https://cdn.shopify.com/s/files/1/0884/0278/8685/files/bamboo-fitted-sheet-mattress-topper-sage-green-packaging.jpg?v=1786182009
8720618860439,Boomba Bamboo,"Bambus-Spannbetttuch für Matratzenauflage, salbeigrün, 400TC",https://www.maisondecocon.com/products/bamboo-fitted-sheet-for-mattress-topper-sage-green-400tc?variant=54471591297357,8720618860439,"Ein hochwertiges Spannbetttuch aus 100 % Bambus für Matratzenauflagen mit einer Dicke von bis zu 10 cm in der Farbe „Sage Green“ – aus seidenweichem Tanboocel™-Gewebe mit einer Fadenzahl von 400TC, das atmungsaktiv ist und die Temperatur reguliert, sodass Sie das ganze Jahr über einen kühlen Schlaf genießen können.",126.00,Heimtextilien > Bettwäsche > Spannbettlaken,160x200 cm,Sage Green,9.00,0.00,0.00,4-7 Werktage,https://cdn.shopify.com/s/files/1/0884/0278/8685/files/bamboo-fitted-sheet-mattress-topper-sage-green-seam-detail.jpg?v=1786182010;https://cdn.shopify.com/s/files/1/0884/0278/8685/files/bamboo-fitted-sheet-mattress-topper-sage-green-corner-loose.jpg?v=1786182010;https://cdn.shopify.com/s/files/1/0884/0278/8685/files/bamboo-fitted-sheet-mattress-topper-sage-green-fabric-drape.jpg?v=1786182010;https://cdn.shopify.com/s/files/1/0884/0278/8685/files/bamboo-fitted-sheet-mattress-topper-sage-green-packaging.jpg?v=1786182009
8720618860460,Boomba Bamboo,"Bambus-Spannbetttuch für Matratzenauflage, salbeigrün, 400TC",https://www.maisondecocon.com/products/bamboo-fitted-sheet-for-mattress-topper-sage-green-400tc?variant=54471591199053,8720618860460,"Ein hochwertiges Spannbetttuch aus 100 % Bambus für Matratzenauflagen mit einer Dicke von bis zu 10 cm in der Farbe „Sage Green“ – aus seidenweichem Tanboocel™-Gewebe mit einer Fadenzahl von 400TC, das atmungsaktiv ist und die Temperatur reguliert, sodass Sie das ganze Jahr über einen kühlen Schlaf genießen können.",144.00,Heimtextilien > Bettwäsche > Spannbettlaken,180x220/210 cm,Sage Green,9.00,0.00,0.00,4-7 Werktage,https://cdn.shopify.com/s/files/1/0884/0278/8685/files/bamboo-fitted-sheet-mattress-topper-sage-green-seam-detail.jpg?v=1786182010;https://cdn.shopify.com/s/files/1/0884/0278/8685/files/bamboo-fitted-sheet-mattress-topper-sage-green-corner-loose.jpg?v=1786182010;https://cdn.shopify.com/s/files/1/0884/0278/8685/files/bamboo-fitted-sheet-mattress-topper-sage-green-fabric-drape.jpg?v=1786182010;https://cdn.shopify.com/s/files/1/0884/0278/8685/files/bamboo-fitted-sheet-mattress-topper-sage-green-packaging.jpg?v=1786182009
8720618860484,Boomba Bamboo,"Bambus-Spannbetttuch für Matratzenauflage, salbeigrün, 400TC",https://www.maisondecocon.com/products/bamboo-fitted-sheet-for-mattress-topper-sage-green-400tc?variant=54471591133517,8720618860484,"Ein hochwertiges Spannbetttuch aus 100 % Bambus für Matratzenauflagen mit einer Dicke von bis zu 10 cm in der Farbe „Sage Green“ – aus seidenweichem Tanboocel™-Gewebe mit einer Fadenzahl von 400TC, das atmungsaktiv ist und die Temperatur reguliert, sodass Sie das ganze Jahr über einen kühlen Schlaf genießen können.",156.00,Heimtextilien > Bettwäsche > Spannbettlaken,200x210 cm,Sage Green,9.00,0.00,0.00,4-7 Werktage,https://cdn.shopify.com/s/files/1/0884/0278/8685/files/bamboo-fitted-sheet-mattress-topper-sage-green-seam-detail.jpg?v=1786182010;https://cdn.shopify.com/s/files/1/0884/0278/8685/files/bamboo-fitted-sheet-mattress-topper-sage-green-corner-loose.jpg?v=1786182010;https://cdn.shopify.com/s/files/1/0884/0278/8685/files/bamboo-fitted-sheet-mattress-topper-sage-green-fabric-drape.jpg?v=1786182010;https://cdn.shopify.com/s/files/1/0884/0278/8685/files/bamboo-fitted-sheet-mattress-topper-sage-green-packaging.jpg?v=1786182009
6154510711780,Boomba Bamboo,"Bambus-Spannbetttuch für Matratzenauflage, Moosgrün, 400TC",https://www.maisondecocon.com/products/bamboo-fitted-sheet-for-mattress-topper-deep-moss-400tc?variant=54471591919949,6154510711780,"Ein hochwertiges Spannbetttuch aus 100 % Bambus für Matratzenauflagen mit einer Dicke von bis zu 10 cm in der Farbe „Moosgrün“ – aus seidenweichem Tanboocel™-Gewebe mit einer Fadenzahl von 400TC, das atmungsaktiv ist und die Temperatur reguliert, sodass Sie das ganze Jahr über einen kühlen Schlaf genießen können.",168.00,Heimtextilien > Bettwäsche > Spannbettlaken,200x200 cm,Deep Moss,9.00,0.00,0.00,4-7 Werktage,https://cdn.shopify.com/s/files/1/0884/0278/8685/files/bamboo-fitted-sheet-mattress-topper-deep-moss-seam-detail.jpg?v=1786182010;https://cdn.shopify.com/s/files/1/0884/0278/8685/files/bamboo-fitted-sheet-mattress-topper-deep-moss-corner-detail.jpg?v=1786182010;https://cdn.shopify.com/s/files/1/0884/0278/8685/files/bamboo-fitted-sheet-mattress-topper-deep-moss-fabric-drape-1.jpg?v=1786182010;https://cdn.shopify.com/s/files/1/0884/0278/8685/files/bamboo-fitted-sheet-mattress-topper-deep-moss-corner-loose.jpg?v=1786182010;https://cdn.shopify.com/s/files/1/0884/0278/8685/files/bamboo-fitted-sheet-mattress-topper-deep-moss-fabric-drape-2.jpg?v=1786182010;https://cdn.shopify.com/s/files/1/0884/0278/8685/files/bamboo-fitted-sheet-mattress-topper-deep-moss-packaging.jpg?v=1786182010
6154510163145,Boomba Bamboo,"Bambus-Spannbetttuch für Matratzenauflage, Moosgrün, 400TC",https://www.maisondecocon.com/products/bamboo-fitted-sheet-for-mattress-topper-deep-moss-400tc?variant=54471592083789,6154510163145,"Ein hochwertiges Spannbetttuch aus 100 % Bambus für Matratzenauflagen mit einer Dicke von bis zu 10 cm in der Farbe „Moosgrün“ – aus seidenweichem Tanboocel™-Gewebe mit einer Fadenzahl von 400TC, das atmungsaktiv ist und die Temperatur reguliert, sodass Sie das ganze Jahr über einen kühlen Schlaf genießen können.",144.00,Heimtextilien > Bettwäsche > Spannbettlaken,140x200 cm,Deep Moss,9.00,0.00,0.00,4-7 Werktage,https://cdn.shopify.com/s/files/1/0884/0278/8685/files/bamboo-fitted-sheet-mattress-topper-deep-moss-seam-detail.jpg?v=1786182010;https://cdn.shopify.com/s/files/1/0884/0278/8685/files/bamboo-fitted-sheet-mattress-topper-deep-moss-corner-detail.jpg?v=1786182010;https://cdn.shopify.com/s/files/1/0884/0278/8685/files/bamboo-fitted-sheet-mattress-topper-deep-moss-fabric-drape-1.jpg?v=1786182010;https://cdn.shopify.com/s/files/1/0884/0278/8685/files/bamboo-fitted-sheet-mattress-topper-deep-moss-corner-loose.jpg?v=1786182010;https://cdn.shopify.com/s/files/1/0884/0278/8685/files/bamboo-fitted-sheet-mattress-topper-deep-moss-fabric-drape-2.jpg?v=1786182010;https://cdn.shopify.com/s/files/1/0884/0278/8685/files/bamboo-fitted-sheet-mattress-topper-deep-moss-packaging.jpg?v=1786182010
6154510372370,Boomba Bamboo,"Bambus-Spannbetttuch für Matratzenauflage, Moosgrün, 400TC",https://www.maisondecocon.com/products/bamboo-fitted-sheet-for-mattress-topper-deep-moss-400tc?variant=54471592018253,6154510372370,"Ein hochwertiges Spannbetttuch aus 100 % Bambus für Matratzenauflagen mit einer Dicke von bis zu 10 cm in der Farbe „Moosgrün“ – aus seidenweichem Tanboocel™-Gewebe mit einer Fadenzahl von 400TC, das atmungsaktiv ist und die Temperatur reguliert, sodass Sie das ganze Jahr über einen kühlen Schlaf genießen können.",147.00,Heimtextilien > Bettwäsche > Spannbettlaken,160x200 cm,Deep Moss,9.00,0.00,0.00,4-7 Werktage,https://cdn.shopify.com/s/files/1/0884/0278/8685/files/bamboo-fitted-sheet-mattress-topper-deep-moss-seam-detail.jpg?v=1786182010;https://cdn.shopify.com/s/files/1/0884/0278/8685/files/bamboo-fitted-sheet-mattress-topper-deep-moss-corner-detail.jpg?v=1786182010;https://cdn.shopify.com/s/files/1/0884/0278/8685/files/bamboo-fitted-sheet-mattress-topper-deep-moss-fabric-drape-1.jpg?v=1786182010;https://cdn.shopify.com/s/files/1/0884/0278/8685/files/bamboo-fitted-sheet-mattress-topper-deep-moss-corner-loose.jpg?v=1786182010;https://cdn.shopify.com/s/files/1/0884/0278/8685/files/bamboo-fitted-sheet-mattress-topper-deep-moss-fabric-drape-2.jpg?v=1786182010;https://cdn.shopify.com/s/files/1/0884/0278/8685/files/bamboo-fitted-sheet-mattress-topper-deep-moss-packaging.jpg?v=1786182010
6154510884866,Boomba Bamboo,"Bambus-Spannbetttuch für Matratzenauflage, Moosgrün, 400TC",https://www.maisondecocon.com/products/bamboo-fitted-sheet-for-mattress-topper-deep-moss-400tc?variant=54471591887181,6154510884866,"Ein hochwertiges Spannbetttuch aus 100 % Bambus für Matratzenauflagen mit einer Dicke von bis zu 10 cm in der Farbe „Moosgrün“ – aus seidenweichem Tanboocel™-Gewebe mit einer Fadenzahl von 400TC, das atmungsaktiv ist und die Temperatur reguliert, sodass Sie das ganze Jahr über einen kühlen Schlaf genießen können.",180.00,Heimtextilien > Bettwäsche > Spannbettlaken,200x220/210 cm,Deep Moss,9.00,0.00,0.00,4-7 Werktage,https://cdn.shopify.com/s/files/1/0884/0278/8685/files/bamboo-fitted-sheet-mattress-topper-deep-moss-seam-detail.jpg?v=1786182010;https://cdn.shopify.com/s/files/1/0884/0278/8685/files/bamboo-fitted-sheet-mattress-topper-deep-moss-corner-detail.jpg?v=1786182010;https://cdn.shopify.com/s/files/1/0884/0278/8685/files/bamboo-fitted-sheet-mattress-topper-deep-moss-fabric-drape-1.jpg?v=1786182010;https://cdn.shopify.com/s/files/1/0884/0278/8685/files/bamboo-fitted-sheet-mattress-topper-deep-moss-corner-loose.jpg?v=1786182010;https://cdn.shopify.com/s/files/1/0884/0278/8685/files/bamboo-fitted-sheet-mattress-topper-deep-moss-fabric-drape-2.jpg?v=1786182010;https://cdn.shopify.com/s/files/1/0884/0278/8685/files/bamboo-fitted-sheet-mattress-topper-deep-moss-packaging.jpg?v=1786182010
6154510671626,Boomba Bamboo,"Bambus-Spannbetttuch für Matratzenauflage, Moosgrün, 400TC",https://www.maisondecocon.com/products/bamboo-fitted-sheet-for-mattress-topper-deep-moss-400tc?variant=54471591952717,6154510671626,"Ein hochwertiges Spannbetttuch aus 100 % Bambus für Matratzenauflagen mit einer Dicke von bis zu 10 cm in der Farbe „Moosgrün“ – aus seidenweichem Tanboocel™-Gewebe mit einer Fadenzahl von 400TC, das atmungsaktiv ist und die Temperatur reguliert, sodass Sie das ganze Jahr über einen kühlen Schlaf genießen können.",162.00,Heimtextilien > Bettwäsche > Spannbettlaken,180x220/210 cm,Deep Moss,9.00,0.00,0.00,4-7 Werktage,https://cdn.shopify.com/s/files/1/0884/0278/8685/files/bamboo-fitted-sheet-mattress-topper-deep-moss-seam-detail.jpg?v=1786182010;https://cdn.shopify.com/s/files/1/0884/0278/8685/files/bamboo-fitted-sheet-mattress-topper-deep-moss-corner-detail.jpg?v=1786182010;https://cdn.shopify.com/s/files/1/0884/0278/8685/files/bamboo-fitted-sheet-mattress-topper-deep-moss-fabric-drape-1.jpg?v=1786182010;https://cdn.shopify.com/s/files/1/0884/0278/8685/files/bamboo-fitted-sheet-mattress-topper-deep-moss-corner-loose.jpg?v=1786182010;https://cdn.shopify.com/s/files/1/0884/0278/8685/files/bamboo-fitted-sheet-mattress-topper-deep-moss-fabric-drape-2.jpg?v=1786182010;https://cdn.shopify.com/s/files/1/0884/0278/8685/files/bamboo-fitted-sheet-mattress-topper-deep-moss-packaging.jpg?v=1786182010
6154510653622,Boomba Bamboo,"Bambus-Spannbetttuch für Matratzenauflage, Moosgrün, 400TC",https://www.maisondecocon.com/products/bamboo-fitted-sheet-for-mattress-topper-deep-moss-400tc?variant=54471591985485,6154510653622,"Ein hochwertiges Spannbetttuch aus 100 % Bambus für Matratzenauflagen mit einer Dicke von bis zu 10 cm in der Farbe „Moosgrün“ – aus seidenweichem Tanboocel™-Gewebe mit einer Fadenzahl von 400TC, das atmungsaktiv ist und die Temperatur reguliert, sodass Sie das ganze Jahr über einen kühlen Schlaf genießen können.",156.00,Heimtextilien > Bettwäsche > Spannbettlaken,180x200 cm,Deep Moss,9.00,0.00,0.00,4-7 Werktage,https://cdn.shopify.com/s/files/1/0884/0278/8685/files/bamboo-fitted-sheet-mattress-topper-deep-moss-seam-detail.jpg?v=1786182010;https://cdn.shopify.com/s/files/1/0884/0278/8685/files/bamboo-fitted-sheet-mattress-topper-deep-moss-corner-detail.jpg?v=1786182010;https://cdn.shopify.com/s/files/1/0884/0278/8685/files/bamboo-fitted-sheet-mattress-topper-deep-moss-fabric-drape-1.jpg?v=1786182010;https://cdn.shopify.com/s/files/1/0884/0278/8685/files/bamboo-fitted-sheet-mattress-topper-deep-moss-corner-loose.jpg?v=1786182010;https://cdn.shopify.com/s/files/1/0884/0278/8685/files/bamboo-fitted-sheet-mattress-topper-deep-moss-fabric-drape-2.jpg?v=1786182010;https://cdn.shopify.com/s/files/1/0884/0278/8685/files/bamboo-fitted-sheet-mattress-topper-deep-moss-packaging.jpg?v=1786182010
6154510458470,Boomba Bamboo,"Bambus-Spannbetttuch für Matratzenauflage, Moosgrün, 400TC",https://www.maisondecocon.com/products/bamboo-fitted-sheet-for-mattress-topper-deep-moss-400tc?variant=54471592051021,6154510458470,"Ein hochwertiges Spannbetttuch aus 100 % Bambus für Matratzenauflagen mit einer Dicke von bis zu 10 cm in der Farbe „Moosgrün“ – aus seidenweichem Tanboocel™-Gewebe mit einer Fadenzahl von 400TC, das atmungsaktiv ist und die Temperatur reguliert, sodass Sie das ganze Jahr über einen kühlen Schlaf genießen können.",153.00,Heimtextilien > Bettwäsche > Spannbettlaken,160x220/210,Deep Moss,9.00,0.00,0.00,4-7 Werktage,https://cdn.shopify.com/s/files/1/0884/0278/8685/files/bamboo-fitted-sheet-mattress-topper-deep-moss-seam-detail.jpg?v=1786182010;https://cdn.shopify.com/s/files/1/0884/0278/8685/files/bamboo-fitted-sheet-mattress-topper-deep-moss-corner-detail.jpg?v=1786182010;https://cdn.shopify.com/s/files/1/0884/0278/8685/files/bamboo-fitted-sheet-mattress-topper-deep-moss-fabric-drape-1.jpg?v=1786182010;https://cdn.shopify.com/s/files/1/0884/0278/8685/files/bamboo-fitted-sheet-mattress-topper-deep-moss-corner-loose.jpg?v=1786182010;https://cdn.shopify.com/s/files/1/0884/0278/8685/files/bamboo-fitted-sheet-mattress-topper-deep-moss-fabric-drape-2.jpg?v=1786182010;https://cdn.shopify.com/s/files/1/0884/0278/8685/files/bamboo-fitted-sheet-mattress-topper-deep-moss-packaging.jpg?v=1786182010
8720828225646,Boomba Bamboo,"Bambus-Bettbezug, Salbeigrün, 400TC",https://www.maisondecocon.com/products/bamboo-duvet-cover-sage-green-400tc?variant=54471592345933,8720828225646,"Ein seidenweicher Bettbezug aus Bambus mit einer Fadenzahl von 400TC in beruhigendem Salbeigrün – atmungsaktiv, hypoallergen und wahlweise mit Bambusknopfverschluss oder Einsteckstreifen erhältlich.",297.00,Heimtextilien > Bettwäsche > Bettbezüge,140x220 cm,Sage Green,9.00,0.00,0.00,4-7 Werktage,https://cdn.shopify.com/s/files/1/0884/0278/8685/files/bamboo-duvet-cover-sage-green-bedroom-lifestyle-1.jpg?v=1786136046;https://cdn.shopify.com/s/files/1/0884/0278/8685/files/bamboo-duvet-cover-sage-green-bamboo-button-detail.jpg?v=1786136046;https://cdn.shopify.com/s/files/1/0884/0278/8685/files/bamboo-duvet-cover-sage-green-fabric-detail.jpg?v=1786136046;https://cdn.shopify.com/s/files/1/0884/0278/8685/files/bamboo-duvet-cover-sage-green-tuck-in-strip-detail.jpg?v=1786136046;https://cdn.shopify.com/s/files/1/0884/0278/8685/files/bamboo-duvet-cover-sage-green-bedroom-lifestyle-2.jpg?v=1786136046;https://cdn.shopify.com/s/files/1/0884/0278/8685/files/bamboo-duvet-cover-sage-green-bedroom-lifestyle-3.jpg?v=1786136046;https://cdn.shopify.com/s/files/1/0884/0278/8685/files/bamboo-duvet-cover-sage-green-packaging.jpg?v=1786136046
8720618860279,Boomba Bamboo,"Bambus-Bettbezug, Salbeigrün, 400TC",https://www.maisondecocon.com/products/bamboo-duvet-cover-sage-green-400tc?variant=54471592477005,8720618860279,"Ein seidenweicher Bettbezug aus Bambus mit einer Fadenzahl von 400TC in beruhigendem Salbeigrün – atmungsaktiv, hypoallergen und wahlweise mit Bambusknopfverschluss oder Einsteckstreifen erhältlich.",258.00,Heimtextilien > Bettwäsche > Bettbezüge,140x200 cm,Sage Green,9.00,0.00,0.00,4-7 Werktage,https://cdn.shopify.com/s/files/1/0884/0278/8685/files/bamboo-duvet-cover-sage-green-bedroom-lifestyle-1.jpg?v=1786136046;https://cdn.shopify.com/s/files/1/0884/0278/8685/files/bamboo-duvet-cover-sage-green-bamboo-button-detail.jpg?v=1786136046;https://cdn.shopify.com/s/files/1/0884/0278/8685/files/bamboo-duvet-cover-sage-green-fabric-detail.jpg?v=1786136046;https://cdn.shopify.com/s/files/1/0884/0278/8685/files/bamboo-duvet-cover-sage-green-tuck-in-strip-detail.jpg?v=1786136046;https://cdn.shopify.com/s/files/1/0884/0278/8685/files/bamboo-duvet-cover-sage-green-bedroom-lifestyle-2.jpg?v=1786136046;https://cdn.shopify.com/s/files/1/0884/0278/8685/files/bamboo-duvet-cover-sage-green-bedroom-lifestyle-3.jpg?v=1786136046;https://cdn.shopify.com/s/files/1/0884/0278/8685/files/bamboo-duvet-cover-sage-green-packaging.jpg?v=1786136046
8720618860286,Boomba Bamboo,"Bambus-Bettbezug, Salbeigrün, 400TC",https://www.maisondecocon.com/products/bamboo-duvet-cover-sage-green-400tc?variant=54471592444237,8720618860286,"Ein seidenweicher Bettbezug aus Bambus mit einer Fadenzahl von 400TC in beruhigendem Salbeigrün – atmungsaktiv, hypoallergen und wahlweise mit Bambusknopfverschluss oder Einsteckstreifen erhältlich.",300.00,Heimtextilien > Bettwäsche > Bettbezüge,200x200 cm,Sage Green,9.00,0.00,0.00,4-7 Werktage,https://cdn.shopify.com/s/files/1/0884/0278/8685/files/bamboo-duvet-cover-sage-green-bedroom-lifestyle-1.jpg?v=1786136046;https://cdn.shopify.com/s/files/1/0884/0278/8685/files/bamboo-duvet-cover-sage-green-bamboo-button-detail.jpg?v=1786136046;https://cdn.shopify.com/s/files/1/0884/0278/8685/files/bamboo-duvet-cover-sage-green-fabric-detail.jpg?v=1786136046;https://cdn.shopify.com/s/files/1/0884/0278/8685/files/bamboo-duvet-cover-sage-green-tuck-in-strip-detail.jpg?v=1786136046;https://cdn.shopify.com/s/files/1/0884/0278/8685/files/bamboo-duvet-cover-sage-green-bedroom-lifestyle-2.jpg?v=1786136046;https://cdn.shopify.com/s/files/1/0884/0278/8685/files/bamboo-duvet-cover-sage-green-bedroom-lifestyle-3.jpg?v=1786136046;https://cdn.shopify.com/s/files/1/0884/0278/8685/files/bamboo-duvet-cover-sage-green-packaging.jpg?v=1786136046
8720618860309,Boomba Bamboo,"Bambus-Bettbezug, Salbeigrün, 400TC",https://www.maisondecocon.com/products/bamboo-duvet-cover-sage-green-400tc?variant=54471592214861,8720618860309,"Ein seidenweicher Bettbezug aus Bambus mit einer Fadenzahl von 400TC in beruhigendem Salbeigrün – atmungsaktiv, hypoallergen und wahlweise mit Bambusknopfverschluss oder Einsteckstreifen erhältlich.",369.00,Heimtextilien > Bettwäsche > Bettbezüge,240x220 cm,Sage Green,9.00,0.00,0.00,4-7 Werktage,https://cdn.shopify.com/s/files/1/0884/0278/8685/files/bamboo-duvet-cover-sage-green-bedroom-lifestyle-1.jpg?v=1786136046;https://cdn.shopify.com/s/files/1/0884/0278/8685/files/bamboo-duvet-cover-sage-green-bamboo-button-detail.jpg?v=1786136046;https://cdn.shopify.com/s/files/1/0884/0278/8685/files/bamboo-duvet-cover-sage-green-fabric-detail.jpg?v=1786136046;https://cdn.shopify.com/s/files/1/0884/0278/8685/files/bamboo-duvet-cover-sage-green-tuck-in-strip-detail.jpg?v=1786136046;https://cdn.shopify.com/s/files/1/0884/0278/8685/files/bamboo-duvet-cover-sage-green-bedroom-lifestyle-2.jpg?v=1786136046;https://cdn.shopify.com/s/files/1/0884/0278/8685/files/bamboo-duvet-cover-sage-green-bedroom-lifestyle-3.jpg?v=1786136046;https://cdn.shopify.com/s/files/1/0884/0278/8685/files/bamboo-duvet-cover-sage-green-packaging.jpg?v=1786136046
8720828225653,Boomba Bamboo,"Bambus-Bettbezug, Salbeigrün, 400TC",https://www.maisondecocon.com/products/bamboo-duvet-cover-sage-green-400tc?variant=54471592313165,8720828225653,"Ein seidenweicher Bettbezug aus Bambus mit einer Fadenzahl von 400TC in beruhigendem Salbeigrün – atmungsaktiv, hypoallergen und wahlweise mit Bambusknopfverschluss oder Einsteckstreifen erhältlich.",318.00,Heimtextilien > Bettwäsche > Bettbezüge,200x200 cm,Sage Green,9.00,0.00,0.00,4-7 Werktage,https://cdn.shopify.com/s/files/1/0884/0278/8685/files/bamboo-duvet-cover-sage-green-bedroom-lifestyle-1.jpg?v=1786136046;https://cdn.shopify.com/s/files/1/0884/0278/8685/files/bamboo-duvet-cover-sage-green-bamboo-button-detail.jpg?v=1786136046;https://cdn.shopify.com/s/files/1/0884/0278/8685/files/bamboo-duvet-cover-sage-green-fabric-detail.jpg?v=1786136046;https://cdn.shopify.com/s/files/1/0884/0278/8685/files/bamboo-duvet-cover-sage-green-tuck-in-strip-detail.jpg?v=1786136046;https://cdn.shopify.com/s/files/1/0884/0278/8685/files/bamboo-duvet-cover-sage-green-bedroom-lifestyle-2.jpg?v=1786136046;https://cdn.shopify.com/s/files/1/0884/0278/8685/files/bamboo-duvet-cover-sage-green-bedroom-lifestyle-3.jpg?v=1786136046;https://cdn.shopify.com/s/files/1/0884/0278/8685/files/bamboo-duvet-cover-sage-green-packaging.jpg?v=1786136046
8720828225660,Boomba Bamboo,"Bambus-Bettbezug, Salbeigrün, 400TC",https://www.maisondecocon.com/products/bamboo-duvet-cover-sage-green-400tc?variant=54471592247629,8720828225660,"Ein seidenweicher Bettbezug aus Bambus mit einer Fadenzahl von 400TC in beruhigendem Salbeigrün – atmungsaktiv, hypoallergen und wahlweise mit Bambusknopfverschluss oder Einsteckstreifen erhältlich.",336.00,Heimtextilien > Bettwäsche > Bettbezüge,200x220/210 cm,Sage Green,9.00,0.00,0.00,4-7 Werktage,https://cdn.shopify.com/s/files/1/0884/0278/8685/files/bamboo-duvet-cover-sage-green-bedroom-lifestyle-1.jpg?v=1786136046;https://cdn.shopify.com/s/files/1/0884/0278/8685/files/bamboo-duvet-cover-sage-green-bamboo-button-detail.jpg?v=1786136046;https://cdn.shopify.com/s/files/1/0884/0278/8685/files/bamboo-duvet-cover-sage-green-fabric-detail.jpg?v=1786136046;https://cdn.shopify.com/s/files/1/0884/0278/8685/files/bamboo-duvet-cover-sage-green-tuck-in-strip-detail.jpg?v=1786136046;https://cdn.shopify.com/s/files/1/0884/0278/8685/files/bamboo-duvet-cover-sage-green-bedroom-lifestyle-2.jpg?v=1786136046;https://cdn.shopify.com/s/files/1/0884/0278/8685/files/bamboo-duvet-cover-sage-green-bedroom-lifestyle-3.jpg?v=1786136046;https://cdn.shopify.com/s/files/1/0884/0278/8685/files/bamboo-duvet-cover-sage-green-packaging.jpg?v=1786136046
8720828225684,Boomba Bamboo,"Bambus-Bettbezug, Salbeigrün, 400TC",https://www.maisondecocon.com/products/bamboo-duvet-cover-sage-green-400tc?variant=54471592116557,8720828225684,"Ein seidenweicher Bettbezug aus Bambus mit einer Fadenzahl von 400TC in beruhigendem Salbeigrün – atmungsaktiv, hypoallergen und wahlweise mit Bambusknopfverschluss oder Einsteckstreifen erhältlich.",420.00,Heimtextilien > Bettwäsche > Bettbezüge,260x240/220 cm,Sage Green,9.00,0.00,0.00,4-7 Werktage,https://cdn.shopify.com/s/files/1/0884/0278/8685/files/bamboo-duvet-cover-sage-green-bedroom-lifestyle-1.jpg?v=1786136046;https://cdn.shopify.com/s/files/1/0884/0278/8685/files/bamboo-duvet-cover-sage-green-bamboo-button-detail.jpg?v=1786136046;https://cdn.shopify.com/s/files/1/0884/0278/8685/files/bamboo-duvet-cover-sage-green-fabric-detail.jpg?v=1786136046;https://cdn.shopify.com/s/files/1/0884/0278/8685/files/bamboo-duvet-cover-sage-green-tuck-in-strip-detail.jpg?v=1786136046;https://cdn.shopify.com/s/files/1/0884/0278/8685/files/bamboo-duvet-cover-sage-green-bedroom-lifestyle-2.jpg?v=1786136046;https://cdn.shopify.com/s/files/1/0884/0278/8685/files/bamboo-duvet-cover-sage-green-bedroom-lifestyle-3.jpg?v=1786136046;https://cdn.shopify.com/s/files/1/0884/0278/8685/files/bamboo-duvet-cover-sage-green-packaging.jpg?v=1786136046
8720828225677,Boomba Bamboo,"Bambus-Bettbezug, Salbeigrün, 400TC",https://www.maisondecocon.com/products/bamboo-duvet-cover-sage-green-400tc?variant=54471592182093,8720828225677,"Ein seidenweicher Bettbezug aus Bambus mit einer Fadenzahl von 400TC in beruhigendem Salbeigrün – atmungsaktiv, hypoallergen und wahlweise mit Bambusknopfverschluss oder Einsteckstreifen erhältlich.",387.00,Heimtextilien > Bettwäsche > Bettbezüge,240x220 cm,Sage Green,9.00,0.00,0.00,4-7 Werktage,https://cdn.shopify.com/s/files/1/0884/0278/8685/files/bamboo-duvet-cover-sage-green-bedroom-lifestyle-1.jpg?v=1786136046;https://cdn.shopify.com/s/files/1/0884/0278/8685/files/bamboo-duvet-cover-sage-green-bamboo-button-detail.jpg?v=1786136046;https://cdn.shopify.com/s/files/1/0884/0278/8685/files/bamboo-duvet-cover-sage-green-fabric-detail.jpg?v=1786136046;https://cdn.shopify.com/s/files/1/0884/0278/8685/files/bamboo-duvet-cover-sage-green-tuck-in-strip-detail.jpg?v=1786136046;https://cdn.shopify.com/s/files/1/0884/0278/8685/files/bamboo-duvet-cover-sage-green-bedroom-lifestyle-2.jpg?v=1786136046;https://cdn.shopify.com/s/files/1/0884/0278/8685/files/bamboo-duvet-cover-sage-green-bedroom-lifestyle-3.jpg?v=1786136046;https://cdn.shopify.com/s/files/1/0884/0278/8685/files/bamboo-duvet-cover-sage-green-packaging.jpg?v=1786136046
8720618860293,Boomba Bamboo,"Bambus-Bettbezug, Salbeigrün, 400TC",https://www.maisondecocon.com/products/bamboo-duvet-cover-sage-green-400tc?variant=54471592280397,8720618860293,"Ein seidenweicher Bettbezug aus Bambus mit einer Fadenzahl von 400TC in beruhigendem Salbeigrün – atmungsaktiv, hypoallergen und wahlweise mit Bambusknopfverschluss oder Einsteckstreifen erhältlich.",318.00,Heimtextilien > Bettwäsche > Bettbezüge,200x220/210 cm,Sage Green,9.00,0.00,0.00,4-7 Werktage,https://cdn.shopify.com/s/files/1/0884/0278/8685/files/bamboo-duvet-cover-sage-green-bedroom-lifestyle-1.jpg?v=1786136046;https://cdn.shopify.com/s/files/1/0884/0278/8685/files/bamboo-duvet-cover-sage-green-bamboo-button-detail.jpg?v=1786136046;https://cdn.shopify.com/s/files/1/0884/0278/8685/files/bamboo-duvet-cover-sage-green-fabric-detail.jpg?v=1786136046;https://cdn.shopify.com/s/files/1/0884/0278/8685/files/bamboo-duvet-cover-sage-green-tuck-in-strip-detail.jpg?v=1786136046;https://cdn.shopify.com/s/files/1/0884/0278/8685/files/bamboo-duvet-cover-sage-green-bedroom-lifestyle-2.jpg?v=1786136046;https://cdn.shopify.com/s/files/1/0884/0278/8685/files/bamboo-duvet-cover-sage-green-bedroom-lifestyle-3.jpg?v=1786136046;https://cdn.shopify.com/s/files/1/0884/0278/8685/files/bamboo-duvet-cover-sage-green-packaging.jpg?v=1786136046
8720828225691,Boomba Bamboo,"Bambus-Bettbezug, Salbeigrün, 400TC",https://www.maisondecocon.com/products/bamboo-duvet-cover-sage-green-400tc?variant=54471592378701,8720828225691,"Ein seidenweicher Bettbezug aus Bambus mit einer Fadenzahl von 400TC in beruhigendem Salbeigrün – atmungsaktiv, hypoallergen und wahlweise mit Bambusknopfverschluss oder Einsteckstreifen erhältlich.",267.00,Heimtextilien > Bettwäsche > Bettbezüge,140x220 cm,Sage Green,9.00,0.00,0.00,4-7 Werktage,https://cdn.shopify.com/s/files/1/0884/0278/8685/files/bamboo-duvet-cover-sage-green-bedroom-lifestyle-1.jpg?v=1786136046;https://cdn.shopify.com/s/files/1/0884/0278/8685/files/bamboo-duvet-cover-sage-green-bamboo-button-detail.jpg?v=1786136046;https://cdn.shopify.com/s/files/1/0884/0278/8685/files/bamboo-duvet-cover-sage-green-fabric-detail.jpg?v=1786136046;https://cdn.shopify.com/s/files/1/0884/0278/8685/files/bamboo-duvet-cover-sage-green-tuck-in-strip-detail.jpg?v=1786136046;https://cdn.shopify.com/s/files/1/0884/0278/8685/files/bamboo-duvet-cover-sage-green-bedroom-lifestyle-2.jpg?v=1786136046;https://cdn.shopify.com/s/files/1/0884/0278/8685/files/bamboo-duvet-cover-sage-green-bedroom-lifestyle-3.jpg?v=1786136046;https://cdn.shopify.com/s/files/1/0884/0278/8685/files/bamboo-duvet-cover-sage-green-packaging.jpg?v=1786136046
8720828225639,Boomba Bamboo,"Bambus-Bettbezug, Salbeigrün, 400TC",https://www.maisondecocon.com/products/bamboo-duvet-cover-sage-green-400tc?variant=54471592411469,8720828225639,"Ein seidenweicher Bettbezug aus Bambus mit einer Fadenzahl von 400TC in beruhigendem Salbeigrün – atmungsaktiv, hypoallergen und wahlweise mit Bambusknopfverschluss oder Einsteckstreifen erhältlich.",282.00,Heimtextilien > Bettwäsche > Bettbezüge,140x200 cm,Sage Green,9.00,0.00,0.00,4-7 Werktage,https://cdn.shopify.com/s/files/1/0884/0278/8685/files/bamboo-duvet-cover-sage-green-bedroom-lifestyle-1.jpg?v=1786136046;https://cdn.shopify.com/s/files/1/0884/0278/8685/files/bamboo-duvet-cover-sage-green-bamboo-button-detail.jpg?v=1786136046;https://cdn.shopify.com/s/files/1/0884/0278/8685/files/bamboo-duvet-cover-sage-green-fabric-detail.jpg?v=1786136046;https://cdn.shopify.com/s/files/1/0884/0278/8685/files/bamboo-duvet-cover-sage-green-tuck-in-strip-detail.jpg?v=1786136046;https://cdn.shopify.com/s/files/1/0884/0278/8685/files/bamboo-duvet-cover-sage-green-bedroom-lifestyle-2.jpg?v=1786136046;https://cdn.shopify.com/s/files/1/0884/0278/8685/files/bamboo-duvet-cover-sage-green-bedroom-lifestyle-3.jpg?v=1786136046;https://cdn.shopify.com/s/files/1/0884/0278/8685/files/bamboo-duvet-cover-sage-green-packaging.jpg?v=1786136046
8720618860316,Boomba Bamboo,"Bambus-Bettbezug, Salbeigrün, 400TC",https://www.maisondecocon.com/products/bamboo-duvet-cover-sage-green-400tc?variant=54471592149325,8720618860316,"Ein seidenweicher Bettbezug aus Bambus mit einer Fadenzahl von 400TC in beruhigendem Salbeigrün – atmungsaktiv, hypoallergen und wahlweise mit Bambusknopfverschluss oder Einsteckstreifen erhältlich.",402.00,Heimtextilien > Bettwäsche > Bettbezüge,260x240/220 cm,Sage Green,9.00,0.00,0.00,4-7 Werktage,https://cdn.shopify.com/s/files/1/0884/0278/8685/files/bamboo-duvet-cover-sage-green-bedroom-lifestyle-1.jpg?v=1786136046;https://cdn.shopify.com/s/files/1/0884/0278/8685/files/bamboo-duvet-cover-sage-green-bamboo-button-detail.jpg?v=1786136046;https://cdn.shopify.com/s/files/1/0884/0278/8685/files/bamboo-duvet-cover-sage-green-fabric-detail.jpg?v=1786136046;https://cdn.shopify.com/s/files/1/0884/0278/8685/files/bamboo-duvet-cover-sage-green-tuck-in-strip-detail.jpg?v=1786136046;https://cdn.shopify.com/s/files/1/0884/0278/8685/files/bamboo-duvet-cover-sage-green-bedroom-lifestyle-2.jpg?v=1786136046;https://cdn.shopify.com/s/files/1/0884/0278/8685/files/bamboo-duvet-cover-sage-green-bedroom-lifestyle-3.jpg?v=1786136046;https://cdn.shopify.com/s/files/1/0884/0278/8685/files/bamboo-duvet-cover-sage-green-packaging.jpg?v=1786136046
8720648154676,Boomba Bamboo,"Bambus-Spannbetttuch für Matratzenauflage, Soft Taupe, 400TC",https://www.maisondecocon.com/products/bamboo-fitted-sheet-for-mattress-topper-soft-taupe-400tc?variant=54471592575309,8720648154676,"Ein hochwertiges Spannbetttuch aus 100 % Bambus für Matratzenauflagen mit einer Dicke von bis zu 10 cm in der Farbe „Soft Taupe“ – aus seidenweichem Tanboocel™-Gewebe mit einer Fadenzahl von 400TC, das atmungsaktiv und temperaturregulierend ist und Ihnen das ganze Jahr über einen kühlen Schlaf beschert.",168.00,Heimtextilien > Bettwäsche > Spannbettlaken,200x200 cm,Soft taupe,9.00,0.00,0.00,4-7 Werktage,https://cdn.shopify.com/s/files/1/0884/0278/8685/files/bamboo-fitted-sheet-mattress-topper-soft-taupe-corner-fit.jpg?v=1786182490;https://cdn.shopify.com/s/files/1/0884/0278/8685/files/bamboo-fitted-sheet-mattress-topper-soft-taupe-seam-detail.jpg?v=1786182117;https://cdn.shopify.com/s/files/1/0884/0278/8685/files/bamboo-fitted-sheet-mattress-topper-soft-taupe-fabric-drape-1.jpg?v=1786182117;https://cdn.shopify.com/s/files/1/0884/0278/8685/files/bamboo-fitted-sheet-mattress-topper-soft-taupe-fabric-drape-2.jpg?v=1786182117;https://cdn.shopify.com/s/files/1/0884/0278/8685/files/bamboo-fitted-sheet-mattress-topper-soft-taupe-corner-loose.jpg?v=1786182117
8720648154652,Boomba Bamboo,"Bambus-Spannbetttuch für Matratzenauflage, Soft Taupe, 400TC",https://www.maisondecocon.com/products/bamboo-fitted-sheet-for-mattress-topper-soft-taupe-400tc?variant=54471592640845,8720648154652,"Ein hochwertiges Spannbetttuch aus 100 % Bambus für Matratzenauflagen mit einer Dicke von bis zu 10 cm in der Farbe „Soft Taupe“ – aus seidenweichem Tanboocel™-Gewebe mit einer Fadenzahl von 400TC, das atmungsaktiv und temperaturregulierend ist und Ihnen das ganze Jahr über einen kühlen Schlaf beschert.",159.00,Heimtextilien > Bettwäsche > Spannbettlaken,180x210 cm,Soft taupe,9.00,0.00,0.00,4-7 Werktage,https://cdn.shopify.com/s/files/1/0884/0278/8685/files/bamboo-fitted-sheet-mattress-topper-soft-taupe-corner-fit.jpg?v=1786182490;https://cdn.shopify.com/s/files/1/0884/0278/8685/files/bamboo-fitted-sheet-mattress-topper-soft-taupe-seam-detail.jpg?v=1786182117;https://cdn.shopify.com/s/files/1/0884/0278/8685/files/bamboo-fitted-sheet-mattress-topper-soft-taupe-fabric-drape-1.jpg?v=1786182117;https://cdn.shopify.com/s/files/1/0884/0278/8685/files/bamboo-fitted-sheet-mattress-topper-soft-taupe-fabric-drape-2.jpg?v=1786182117;https://cdn.shopify.com/s/files/1/0884/0278/8685/files/bamboo-fitted-sheet-mattress-topper-soft-taupe-corner-loose.jpg?v=1786182117
8720648154690,Boomba Bamboo,"Bambus-Spannbetttuch für Matratzenauflage, Soft Taupe, 400TC",https://www.maisondecocon.com/products/bamboo-fitted-sheet-for-mattress-topper-soft-taupe-400tc?variant=54471592509773,8720648154690,"Ein hochwertiges Spannbetttuch aus 100 % Bambus für Matratzenauflagen mit einer Dicke von bis zu 10 cm in der Farbe „Soft Taupe“ – aus seidenweichem Tanboocel™-Gewebe mit einer Fadenzahl von 400TC, das atmungsaktiv und temperaturregulierend ist und Ihnen das ganze Jahr über einen kühlen Schlaf beschert.",180.00,Heimtextilien > Bettwäsche > Spannbettlaken,200x220/210 cm,Soft taupe,9.00,0.00,0.00,4-7 Werktage,https://cdn.shopify.com/s/files/1/0884/0278/8685/files/bamboo-fitted-sheet-mattress-topper-soft-taupe-corner-fit.jpg?v=1786182490;https://cdn.shopify.com/s/files/1/0884/0278/8685/files/bamboo-fitted-sheet-mattress-topper-soft-taupe-seam-detail.jpg?v=1786182117;https://cdn.shopify.com/s/files/1/0884/0278/8685/files/bamboo-fitted-sheet-mattress-topper-soft-taupe-fabric-drape-1.jpg?v=1786182117;https://cdn.shopify.com/s/files/1/0884/0278/8685/files/bamboo-fitted-sheet-mattress-topper-soft-taupe-fabric-drape-2.jpg?v=1786182117;https://cdn.shopify.com/s/files/1/0884/0278/8685/files/bamboo-fitted-sheet-mattress-topper-soft-taupe-corner-loose.jpg?v=1786182117
8720648154638,Boomba Bamboo,"Bambus-Spannbetttuch für Matratzenauflage, Soft Taupe, 400TC",https://www.maisondecocon.com/products/bamboo-fitted-sheet-for-mattress-topper-soft-taupe-400tc?variant=54471592706381,8720648154638,"Ein hochwertiges Spannbetttuch aus 100 % Bambus für Matratzenauflagen mit einer Dicke von bis zu 10 cm in der Farbe „Soft Taupe“ – aus seidenweichem Tanboocel™-Gewebe mit einer Fadenzahl von 400TC, das atmungsaktiv und temperaturregulierend ist und Ihnen das ganze Jahr über einen kühlen Schlaf beschert.",147.00,Heimtextilien > Bettwäsche > Spannbettlaken,160x200 cm,Soft taupe,9.00,0.00,0.00,4-7 Werktage,https://cdn.shopify.com/s/files/1/0884/0278/8685/files/bamboo-fitted-sheet-mattress-topper-soft-taupe-corner-fit.jpg?v=1786182490;https://cdn.shopify.com/s/files/1/0884/0278/8685/files/bamboo-fitted-sheet-mattress-topper-soft-taupe-seam-detail.jpg?v=1786182117;https://cdn.shopify.com/s/files/1/0884/0278/8685/files/bamboo-fitted-sheet-mattress-topper-soft-taupe-fabric-drape-1.jpg?v=1786182117;https://cdn.shopify.com/s/files/1/0884/0278/8685/files/bamboo-fitted-sheet-mattress-topper-soft-taupe-fabric-drape-2.jpg?v=1786182117;https://cdn.shopify.com/s/files/1/0884/0278/8685/files/bamboo-fitted-sheet-mattress-topper-soft-taupe-corner-loose.jpg?v=1786182117
8720648154645,Boomba Bamboo,"Bambus-Spannbetttuch für Matratzenauflage, Soft Taupe, 400TC",https://www.maisondecocon.com/products/bamboo-fitted-sheet-for-mattress-topper-soft-taupe-400tc?variant=54471592673613,8720648154645,"Ein hochwertiges Spannbetttuch aus 100 % Bambus für Matratzenauflagen mit einer Dicke von bis zu 10 cm in der Farbe „Soft Taupe“ – aus seidenweichem Tanboocel™-Gewebe mit einer Fadenzahl von 400TC, das atmungsaktiv und temperaturregulierend ist und Ihnen das ganze Jahr über einen kühlen Schlaf beschert.",156.00,Heimtextilien > Bettwäsche > Spannbettlaken,180x200 cm,Soft taupe,9.00,0.00,0.00,4-7 Werktage,https://cdn.shopify.com/s/files/1/0884/0278/8685/files/bamboo-fitted-sheet-mattress-topper-soft-taupe-corner-fit.jpg?v=1786182490;https://cdn.shopify.com/s/files/1/0884/0278/8685/files/bamboo-fitted-sheet-mattress-topper-soft-taupe-seam-detail.jpg?v=1786182117;https://cdn.shopify.com/s/files/1/0884/0278/8685/files/bamboo-fitted-sheet-mattress-topper-soft-taupe-fabric-drape-1.jpg?v=1786182117;https://cdn.shopify.com/s/files/1/0884/0278/8685/files/bamboo-fitted-sheet-mattress-topper-soft-taupe-fabric-drape-2.jpg?v=1786182117;https://cdn.shopify.com/s/files/1/0884/0278/8685/files/bamboo-fitted-sheet-mattress-topper-soft-taupe-corner-loose.jpg?v=1786182117
8720648154669,Boomba Bamboo,"Bambus-Spannbetttuch für Matratzenauflage, Soft Taupe, 400TC",https://www.maisondecocon.com/products/bamboo-fitted-sheet-for-mattress-topper-soft-taupe-400tc?variant=54471592608077,8720648154669,"Ein hochwertiges Spannbetttuch aus 100 % Bambus für Matratzenauflagen mit einer Dicke von bis zu 10 cm in der Farbe „Soft Taupe“ – aus seidenweichem Tanboocel™-Gewebe mit einer Fadenzahl von 400TC, das atmungsaktiv und temperaturregulierend ist und Ihnen das ganze Jahr über einen kühlen Schlaf beschert.",162.00,Heimtextilien > Bettwäsche > Spannbettlaken,180x220/210 cm,Soft taupe,9.00,0.00,0.00,4-7 Werktage,https://cdn.shopify.com/s/files/1/0884/0278/8685/files/bamboo-fitted-sheet-mattress-topper-soft-taupe-corner-fit.jpg?v=1786182490;https://cdn.shopify.com/s/files/1/0884/0278/8685/files/bamboo-fitted-sheet-mattress-topper-soft-taupe-seam-detail.jpg?v=1786182117;https://cdn.shopify.com/s/files/1/0884/0278/8685/files/bamboo-fitted-sheet-mattress-topper-soft-taupe-fabric-drape-1.jpg?v=1786182117;https://cdn.shopify.com/s/files/1/0884/0278/8685/files/bamboo-fitted-sheet-mattress-topper-soft-taupe-fabric-drape-2.jpg?v=1786182117;https://cdn.shopify.com/s/files/1/0884/0278/8685/files/bamboo-fitted-sheet-mattress-topper-soft-taupe-corner-loose.jpg?v=1786182117
8720648154621,Boomba Bamboo,"Bambus-Spannbetttuch für Matratzenauflage, Soft Taupe, 400TC",https://www.maisondecocon.com/products/bamboo-fitted-sheet-for-mattress-topper-soft-taupe-400tc?variant=54471592739149,8720648154621,"Ein hochwertiges Spannbetttuch aus 100 % Bambus für Matratzenauflagen mit einer Dicke von bis zu 10 cm in der Farbe „Soft Taupe“ – aus seidenweichem Tanboocel™-Gewebe mit einer Fadenzahl von 400TC, das atmungsaktiv und temperaturregulierend ist und Ihnen das ganze Jahr über einen kühlen Schlaf beschert.",144.00,Heimtextilien > Bettwäsche > Spannbettlaken,140x200 cm,Soft taupe,9.00,0.00,0.00,4-7 Werktage,https://cdn.shopify.com/s/files/1/0884/0278/8685/files/bamboo-fitted-sheet-mattress-topper-soft-taupe-corner-fit.jpg?v=1786182490;https://cdn.shopify.com/s/files/1/0884/0278/8685/files/bamboo-fitted-sheet-mattress-topper-soft-taupe-seam-detail.jpg?v=1786182117;https://cdn.shopify.com/s/files/1/0884/0278/8685/files/bamboo-fitted-sheet-mattress-topper-soft-taupe-fabric-drape-1.jpg?v=1786182117;https://cdn.shopify.com/s/files/1/0884/0278/8685/files/bamboo-fitted-sheet-mattress-topper-soft-taupe-fabric-drape-2.jpg?v=1786182117;https://cdn.shopify.com/s/files/1/0884/0278/8685/files/bamboo-fitted-sheet-mattress-topper-soft-taupe-corner-loose.jpg?v=1786182117
6154518089058,Boomba Bamboo,"Bambus-Bettbezug „Lavender Mist“, 400TC",https://www.maisondecocon.com/products/bamboo-duvet-cover-lavender-mist-400tc?variant=54471592968525,6154518089058,"Ein seidenweicher Bettbezug aus Bambus mit einer Fadenzahl von 400TC in der ruhigen Farbe „Lavender Mist“ – atmungsaktiv, hypoallergen und wahlweise mit Bambusknöpfen oder einem Einsteckstreifen erhältlich.",336.00,Heimtextilien > Bettwäsche > Bettbezüge,200x220/210 cm,Lavender Mist,9.00,0.00,0.00,4-7 Werktage,https://cdn.shopify.com/s/files/1/0884/0278/8685/files/bamboo-duvet-cover-lavender-mist-bedroom-lifestyle-1.jpg?v=1786136174;https://cdn.shopify.com/s/files/1/0884/0278/8685/files/bamboo-duvet-cover-lavender-mist-fabric-detail-2.jpg?v=1786136174;https://cdn.shopify.com/s/files/1/0884/0278/8685/files/bamboo-duvet-cover-lavender-mist-bedroom-lifestyle-2.jpg?v=1786136174;https://cdn.shopify.com/s/files/1/0884/0278/8685/files/bamboo-duvet-cover-lavender-mist-fabric-detail-1.jpg?v=1786136174;https://cdn.shopify.com/s/files/1/0884/0278/8685/files/bamboo-duvet-cover-lavender-mist-bedroom-lifestyle-3.jpg?v=1786136174;https://cdn.shopify.com/s/files/1/0884/0278/8685/files/bamboo-duvet-cover-lavender-mist-bedroom-lifestyle-4.jpg?v=1786136174;https://cdn.shopify.com/s/files/1/0884/0278/8685/files/bamboo-duvet-cover-lavender-mist-packaging.jpg?v=1786136174
6154517821871,Boomba Bamboo,"Bambus-Bettbezug „Lavender Mist“, 400TC",https://www.maisondecocon.com/products/bamboo-duvet-cover-lavender-mist-400tc?variant=54471593165133,6154517821871,"Ein seidenweicher Bettbezug aus Bambus mit einer Fadenzahl von 400TC in der ruhigen Farbe „Lavender Mist“ – atmungsaktiv, hypoallergen und wahlweise mit Bambusknöpfen oder einem Einsteckstreifen erhältlich.",297.00,Heimtextilien > Bettwäsche > Bettbezüge,140x220 cm,Lavender Mist,9.00,0.00,0.00,4-7 Werktage,https://cdn.shopify.com/s/files/1/0884/0278/8685/files/bamboo-duvet-cover-lavender-mist-bedroom-lifestyle-1.jpg?v=1786136174;https://cdn.shopify.com/s/files/1/0884/0278/8685/files/bamboo-duvet-cover-lavender-mist-fabric-detail-2.jpg?v=1786136174;https://cdn.shopify.com/s/files/1/0884/0278/8685/files/bamboo-duvet-cover-lavender-mist-bedroom-lifestyle-2.jpg?v=1786136174;https://cdn.shopify.com/s/files/1/0884/0278/8685/files/bamboo-duvet-cover-lavender-mist-fabric-detail-1.jpg?v=1786136174;https://cdn.shopify.com/s/files/1/0884/0278/8685/files/bamboo-duvet-cover-lavender-mist-bedroom-lifestyle-3.jpg?v=1786136174;https://cdn.shopify.com/s/files/1/0884/0278/8685/files/bamboo-duvet-cover-lavender-mist-bedroom-lifestyle-4.jpg?v=1786136174;https://cdn.shopify.com/s/files/1/0884/0278/8685/files/bamboo-duvet-cover-lavender-mist-packaging.jpg?v=1786136174
6154518158129,Boomba Bamboo,"Bambus-Bettbezug „Lavender Mist“, 400TC",https://www.maisondecocon.com/products/bamboo-duvet-cover-lavender-mist-400tc?variant=54471592902989,6154518158129,"Ein seidenweicher Bettbezug aus Bambus mit einer Fadenzahl von 400TC in der ruhigen Farbe „Lavender Mist“ – atmungsaktiv, hypoallergen und wahlweise mit Bambusknöpfen oder einem Einsteckstreifen erhältlich.",387.00,Heimtextilien > Bettwäsche > Bettbezüge,240x220 cm,Lavender Mist,9.00,0.00,0.00,4-7 Werktage,https://cdn.shopify.com/s/files/1/0884/0278/8685/files/bamboo-duvet-cover-lavender-mist-bedroom-lifestyle-1.jpg?v=1786136174;https://cdn.shopify.com/s/files/1/0884/0278/8685/files/bamboo-duvet-cover-lavender-mist-fabric-detail-2.jpg?v=1786136174;https://cdn.shopify.com/s/files/1/0884/0278/8685/files/bamboo-duvet-cover-lavender-mist-bedroom-lifestyle-2.jpg?v=1786136174;https://cdn.shopify.com/s/files/1/0884/0278/8685/files/bamboo-duvet-cover-lavender-mist-fabric-detail-1.jpg?v=1786136174;https://cdn.shopify.com/s/files/1/0884/0278/8685/files/bamboo-duvet-cover-lavender-mist-bedroom-lifestyle-3.jpg?v=1786136174;https://cdn.shopify.com/s/files/1/0884/0278/8685/files/bamboo-duvet-cover-lavender-mist-bedroom-lifestyle-4.jpg?v=1786136174;https://cdn.shopify.com/s/files/1/0884/0278/8685/files/bamboo-duvet-cover-lavender-mist-packaging.jpg?v=1786136174
6154518295268,Boomba Bamboo,"Bambus-Bettbezug „Lavender Mist“, 400TC",https://www.maisondecocon.com/products/bamboo-duvet-cover-lavender-mist-400tc?variant=54471592837453,6154518295268,"Ein seidenweicher Bettbezug aus Bambus mit einer Fadenzahl von 400TC in der ruhigen Farbe „Lavender Mist“ – atmungsaktiv, hypoallergen und wahlweise mit Bambusknöpfen oder einem Einsteckstreifen erhältlich.",420.00,Heimtextilien > Bettwäsche > Bettbezüge,260x240/220 cm,Lavender Mist,9.00,0.00,0.00,4-7 Werktage,https://cdn.shopify.com/s/files/1/0884/0278/8685/files/bamboo-duvet-cover-lavender-mist-bedroom-lifestyle-1.jpg?v=1786136174;https://cdn.shopify.com/s/files/1/0884/0278/8685/files/bamboo-duvet-cover-lavender-mist-fabric-detail-2.jpg?v=1786136174;https://cdn.shopify.com/s/files/1/0884/0278/8685/files/bamboo-duvet-cover-lavender-mist-bedroom-lifestyle-2.jpg?v=1786136174;https://cdn.shopify.com/s/files/1/0884/0278/8685/files/bamboo-duvet-cover-lavender-mist-fabric-detail-1.jpg?v=1786136174;https://cdn.shopify.com/s/files/1/0884/0278/8685/files/bamboo-duvet-cover-lavender-mist-bedroom-lifestyle-3.jpg?v=1786136174;https://cdn.shopify.com/s/files/1/0884/0278/8685/files/bamboo-duvet-cover-lavender-mist-bedroom-lifestyle-4.jpg?v=1786136174;https://cdn.shopify.com/s/files/1/0884/0278/8685/files/bamboo-duvet-cover-lavender-mist-packaging.jpg?v=1786136174
6154516527507,Boomba Bamboo,"Bambus-Bettbezug „Lavender Mist“, 400TC",https://www.maisondecocon.com/products/bamboo-duvet-cover-lavender-mist-400tc?variant=54471593001293,6154516527507,"Ein seidenweicher Bettbezug aus Bambus mit einer Fadenzahl von 400TC in der ruhigen Farbe „Lavender Mist“ – atmungsaktiv, hypoallergen und wahlweise mit Bambusknöpfen oder einem Einsteckstreifen erhältlich.",318.00,Heimtextilien > Bettwäsche > Bettbezüge,200x220/210 cm,Lavender Mist,9.00,0.00,0.00,4-7 Werktage,https://cdn.shopify.com/s/files/1/0884/0278/8685/files/bamboo-duvet-cover-lavender-mist-bedroom-lifestyle-1.jpg?v=1786136174;https://cdn.shopify.com/s/files/1/0884/0278/8685/files/bamboo-duvet-cover-lavender-mist-fabric-detail-2.jpg?v=1786136174;https://cdn.shopify.com/s/files/1/0884/0278/8685/files/bamboo-duvet-cover-lavender-mist-bedroom-lifestyle-2.jpg?v=1786136174;https://cdn.shopify.com/s/files/1/0884/0278/8685/files/bamboo-duvet-cover-lavender-mist-fabric-detail-1.jpg?v=1786136174;https://cdn.shopify.com/s/files/1/0884/0278/8685/files/bamboo-duvet-cover-lavender-mist-bedroom-lifestyle-3.jpg?v=1786136174;https://cdn.shopify.com/s/files/1/0884/0278/8685/files/bamboo-duvet-cover-lavender-mist-bedroom-lifestyle-4.jpg?v=1786136174;https://cdn.shopify.com/s/files/1/0884/0278/8685/files/bamboo-duvet-cover-lavender-mist-packaging.jpg?v=1786136174
6154516651622,Boomba Bamboo,"Bambus-Bettbezug „Lavender Mist“, 400TC",https://www.maisondecocon.com/products/bamboo-duvet-cover-lavender-mist-400tc?variant=54471592935757,6154516651622,"Ein seidenweicher Bettbezug aus Bambus mit einer Fadenzahl von 400TC in der ruhigen Farbe „Lavender Mist“ – atmungsaktiv, hypoallergen und wahlweise mit Bambusknöpfen oder einem Einsteckstreifen erhältlich.",369.00,Heimtextilien > Bettwäsche > Bettbezüge,240x220 cm,Lavender Mist,9.00,0.00,0.00,4-7 Werktage,https://cdn.shopify.com/s/files/1/0884/0278/8685/files/bamboo-duvet-cover-lavender-mist-bedroom-lifestyle-1.jpg?v=1786136174;https://cdn.shopify.com/s/files/1/0884/0278/8685/files/bamboo-duvet-cover-lavender-mist-fabric-detail-2.jpg?v=1786136174;https://cdn.shopify.com/s/files/1/0884/0278/8685/files/bamboo-duvet-cover-lavender-mist-bedroom-lifestyle-2.jpg?v=1786136174;https://cdn.shopify.com/s/files/1/0884/0278/8685/files/bamboo-duvet-cover-lavender-mist-fabric-detail-1.jpg?v=1786136174;https://cdn.shopify.com/s/files/1/0884/0278/8685/files/bamboo-duvet-cover-lavender-mist-bedroom-lifestyle-3.jpg?v=1786136174;https://cdn.shopify.com/s/files/1/0884/0278/8685/files/bamboo-duvet-cover-lavender-mist-bedroom-lifestyle-4.jpg?v=1786136174;https://cdn.shopify.com/s/files/1/0884/0278/8685/files/bamboo-duvet-cover-lavender-mist-packaging.jpg?v=1786136174
6154516770743,Boomba Bamboo,"Bambus-Bettbezug „Lavender Mist“, 400TC",https://www.maisondecocon.com/products/bamboo-duvet-cover-lavender-mist-400tc?variant=54471592870221,6154516770743,"Ein seidenweicher Bettbezug aus Bambus mit einer Fadenzahl von 400TC in der ruhigen Farbe „Lavender Mist“ – atmungsaktiv, hypoallergen und wahlweise mit Bambusknöpfen oder einem Einsteckstreifen erhältlich.",402.00,Heimtextilien > Bettwäsche > Bettbezüge,260x240/220 cm,Lavender Mist,9.00,0.00,0.00,4-7 Werktage,https://cdn.shopify.com/s/files/1/0884/0278/8685/files/bamboo-duvet-cover-lavender-mist-bedroom-lifestyle-1.jpg?v=1786136174;https://cdn.shopify.com/s/files/1/0884/0278/8685/files/bamboo-duvet-cover-lavender-mist-fabric-detail-2.jpg?v=1786136174;https://cdn.shopify.com/s/files/1/0884/0278/8685/files/bamboo-duvet-cover-lavender-mist-bedroom-lifestyle-2.jpg?v=1786136174;https://cdn.shopify.com/s/files/1/0884/0278/8685/files/bamboo-duvet-cover-lavender-mist-fabric-detail-1.jpg?v=1786136174;https://cdn.shopify.com/s/files/1/0884/0278/8685/files/bamboo-duvet-cover-lavender-mist-bedroom-lifestyle-3.jpg?v=1786136174;https://cdn.shopify.com/s/files/1/0884/0278/8685/files/bamboo-duvet-cover-lavender-mist-bedroom-lifestyle-4.jpg?v=1786136174;https://cdn.shopify.com/s/files/1/0884/0278/8685/files/bamboo-duvet-cover-lavender-mist-packaging.jpg?v=1786136174
6154516245234,Boomba Bamboo,"Bambus-Bettbezug „Lavender Mist“, 400TC",https://www.maisondecocon.com/products/bamboo-duvet-cover-lavender-mist-400tc?variant=54471593197901,6154516245234,"Ein seidenweicher Bettbezug aus Bambus mit einer Fadenzahl von 400TC in der ruhigen Farbe „Lavender Mist“ – atmungsaktiv, hypoallergen und wahlweise mit Bambusknöpfen oder einem Einsteckstreifen erhältlich.",267.00,Heimtextilien > Bettwäsche > Bettbezüge,140x220 cm,Lavender Mist,9.00,0.00,0.00,4-7 Werktage,https://cdn.shopify.com/s/files/1/0884/0278/8685/files/bamboo-duvet-cover-lavender-mist-bedroom-lifestyle-1.jpg?v=1786136174;https://cdn.shopify.com/s/files/1/0884/0278/8685/files/bamboo-duvet-cover-lavender-mist-fabric-detail-2.jpg?v=1786136174;https://cdn.shopify.com/s/files/1/0884/0278/8685/files/bamboo-duvet-cover-lavender-mist-bedroom-lifestyle-2.jpg?v=1786136174;https://cdn.shopify.com/s/files/1/0884/0278/8685/files/bamboo-duvet-cover-lavender-mist-fabric-detail-1.jpg?v=1786136174;https://cdn.shopify.com/s/files/1/0884/0278/8685/files/bamboo-duvet-cover-lavender-mist-bedroom-lifestyle-3.jpg?v=1786136174;https://cdn.shopify.com/s/files/1/0884/0278/8685/files/bamboo-duvet-cover-lavender-mist-bedroom-lifestyle-4.jpg?v=1786136174;https://cdn.shopify.com/s/files/1/0884/0278/8685/files/bamboo-duvet-cover-lavender-mist-packaging.jpg?v=1786136174
6154516219228,Boomba Bamboo,"Bambus-Bettbezug „Lavender Mist“, 400TC",https://www.maisondecocon.com/products/bamboo-duvet-cover-lavender-mist-400tc?variant=54471593132365,6154516219228,"Ein seidenweicher Bettbezug aus Bambus mit einer Fadenzahl von 400TC in der ruhigen Farbe „Lavender Mist“ – atmungsaktiv, hypoallergen und wahlweise mit Bambusknöpfen oder einem Einsteckstreifen erhältlich.",258.00,Heimtextilien > Bettwäsche > Bettbezüge,140x200 cm,Lavender Mist,9.00,0.00,0.00,4-7 Werktage,https://cdn.shopify.com/s/files/1/0884/0278/8685/files/bamboo-duvet-cover-lavender-mist-bedroom-lifestyle-1.jpg?v=1786136174;https://cdn.shopify.com/s/files/1/0884/0278/8685/files/bamboo-duvet-cover-lavender-mist-fabric-detail-2.jpg?v=1786136174;https://cdn.shopify.com/s/files/1/0884/0278/8685/files/bamboo-duvet-cover-lavender-mist-bedroom-lifestyle-2.jpg?v=1786136174;https://cdn.shopify.com/s/files/1/0884/0278/8685/files/bamboo-duvet-cover-lavender-mist-fabric-detail-1.jpg?v=1786136174;https://cdn.shopify.com/s/files/1/0884/0278/8685/files/bamboo-duvet-cover-lavender-mist-bedroom-lifestyle-3.jpg?v=1786136174;https://cdn.shopify.com/s/files/1/0884/0278/8685/files/bamboo-duvet-cover-lavender-mist-bedroom-lifestyle-4.jpg?v=1786136174;https://cdn.shopify.com/s/files/1/0884/0278/8685/files/bamboo-duvet-cover-lavender-mist-packaging.jpg?v=1786136174
6154516397339,Boomba Bamboo,"Bambus-Bettbezug „Lavender Mist“, 400TC",https://www.maisondecocon.com/products/bamboo-duvet-cover-lavender-mist-400tc?variant=54471593066829,6154516397339,"Ein seidenweicher Bettbezug aus Bambus mit einer Fadenzahl von 400TC in der ruhigen Farbe „Lavender Mist“ – atmungsaktiv, hypoallergen und wahlweise mit Bambusknöpfen oder einem Einsteckstreifen erhältlich.",300.00,Heimtextilien > Bettwäsche > Bettbezüge,200x200 cm,Lavender Mist,9.00,0.00,0.00,4-7 Werktage,https://cdn.shopify.com/s/files/1/0884/0278/8685/files/bamboo-duvet-cover-lavender-mist-bedroom-lifestyle-1.jpg?v=1786136174;https://cdn.shopify.com/s/files/1/0884/0278/8685/files/bamboo-duvet-cover-lavender-mist-fabric-detail-2.jpg?v=1786136174;https://cdn.shopify.com/s/files/1/0884/0278/8685/files/bamboo-duvet-cover-lavender-mist-bedroom-lifestyle-2.jpg?v=1786136174;https://cdn.shopify.com/s/files/1/0884/0278/8685/files/bamboo-duvet-cover-lavender-mist-fabric-detail-1.jpg?v=1786136174;https://cdn.shopify.com/s/files/1/0884/0278/8685/files/bamboo-duvet-cover-lavender-mist-bedroom-lifestyle-3.jpg?v=1786136174;https://cdn.shopify.com/s/files/1/0884/0278/8685/files/bamboo-duvet-cover-lavender-mist-bedroom-lifestyle-4.jpg?v=1786136174;https://cdn.shopify.com/s/files/1/0884/0278/8685/files/bamboo-duvet-cover-lavender-mist-packaging.jpg?v=1786136174
6154517521573,Boomba Bamboo,"Bambus-Bettbezug „Lavender Mist“, 400TC",https://www.maisondecocon.com/products/bamboo-duvet-cover-lavender-mist-400tc?variant=54471593099597,6154517521573,"Ein seidenweicher Bettbezug aus Bambus mit einer Fadenzahl von 400TC in der ruhigen Farbe „Lavender Mist“ – atmungsaktiv, hypoallergen und wahlweise mit Bambusknöpfen oder einem Einsteckstreifen erhältlich.",282.00,Heimtextilien > Bettwäsche > Bettbezüge,140x200 cm,Lavender Mist,9.00,0.00,0.00,4-7 Werktage,https://cdn.shopify.com/s/files/1/0884/0278/8685/files/bamboo-duvet-cover-lavender-mist-bedroom-lifestyle-1.jpg?v=1786136174;https://cdn.shopify.com/s/files/1/0884/0278/8685/files/bamboo-duvet-cover-lavender-mist-fabric-detail-2.jpg?v=1786136174;https://cdn.shopify.com/s/files/1/0884/0278/8685/files/bamboo-duvet-cover-lavender-mist-bedroom-lifestyle-2.jpg?v=1786136174;https://cdn.shopify.com/s/files/1/0884/0278/8685/files/bamboo-duvet-cover-lavender-mist-fabric-detail-1.jpg?v=1786136174;https://cdn.shopify.com/s/files/1/0884/0278/8685/files/bamboo-duvet-cover-lavender-mist-bedroom-lifestyle-3.jpg?v=1786136174;https://cdn.shopify.com/s/files/1/0884/0278/8685/files/bamboo-duvet-cover-lavender-mist-bedroom-lifestyle-4.jpg?v=1786136174;https://cdn.shopify.com/s/files/1/0884/0278/8685/files/bamboo-duvet-cover-lavender-mist-packaging.jpg?v=1786136174
6154517867855,Boomba Bamboo,"Bambus-Bettbezug „Lavender Mist“, 400TC",https://www.maisondecocon.com/products/bamboo-duvet-cover-lavender-mist-400tc?variant=54471593034061,6154517867855,"Ein seidenweicher Bettbezug aus Bambus mit einer Fadenzahl von 400TC in der ruhigen Farbe „Lavender Mist“ – atmungsaktiv, hypoallergen und wahlweise mit Bambusknöpfen oder einem Einsteckstreifen erhältlich.",318.00,Heimtextilien > Bettwäsche > Bettbezüge,200x200 cm,Lavender Mist,9.00,0.00,0.00,4-7 Werktage,https://cdn.shopify.com/s/files/1/0884/0278/8685/files/bamboo-duvet-cover-lavender-mist-bedroom-lifestyle-1.jpg?v=1786136174;https://cdn.shopify.com/s/files/1/0884/0278/8685/files/bamboo-duvet-cover-lavender-mist-fabric-detail-2.jpg?v=1786136174;https://cdn.shopify.com/s/files/1/0884/0278/8685/files/bamboo-duvet-cover-lavender-mist-bedroom-lifestyle-2.jpg?v=1786136174;https://cdn.shopify.com/s/files/1/0884/0278/8685/files/bamboo-duvet-cover-lavender-mist-fabric-detail-1.jpg?v=1786136174;https://cdn.shopify.com/s/files/1/0884/0278/8685/files/bamboo-duvet-cover-lavender-mist-bedroom-lifestyle-3.jpg?v=1786136174;https://cdn.shopify.com/s/files/1/0884/0278/8685/files/bamboo-duvet-cover-lavender-mist-bedroom-lifestyle-4.jpg?v=1786136174;https://cdn.shopify.com/s/files/1/0884/0278/8685/files/bamboo-duvet-cover-lavender-mist-packaging.jpg?v=1786136174
8720618860743,Boomba Bamboo,"Bettbezug aus Bambus, Space Blue, 400TC",https://www.maisondecocon.com/products/bamboo-duvet-cover-space-blue-400tc?variant=54471593296205,8720618860743,"Ein seidenweicher Bettbezug aus Bambus mit einer Fadenzahl von 400TC in tiefem Space Blue – atmungsaktiv, hypoallergen und wahlweise mit Bambus-Knopfverschluss oder Einsteckstreifen erhältlich.",387.00,Heimtextilien > Bettwäsche > Bettbezüge,240x220 cm,Space Blue,9.00,0.00,0.00,4-7 Werktage,https://cdn.shopify.com/s/files/1/0884/0278/8685/files/bamboo-duvet-cover-space-blue-bedroom-lifestyle-1.jpg?v=1786136300;https://cdn.shopify.com/s/files/1/0884/0278/8685/files/bamboo-duvet-cover-space-blue-bedroom-lifestyle-2.jpg?v=1786136300;https://cdn.shopify.com/s/files/1/0884/0278/8685/files/bamboo-duvet-cover-space-blue-fabric-detail.jpg?v=1786136300;https://cdn.shopify.com/s/files/1/0884/0278/8685/files/bamboo-duvet-cover-space-blue-tuck-in-strip-detail.jpg?v=1786136300;https://cdn.shopify.com/s/files/1/0884/0278/8685/files/bamboo-duvet-cover-space-blue-bamboo-button-detail.jpg?v=1786136300;https://cdn.shopify.com/s/files/1/0884/0278/8685/files/bamboo-duvet-cover-space-blue-bedroom-lifestyle-3.jpg?v=1786136300;https://cdn.shopify.com/s/files/1/0884/0278/8685/files/bamboo-duvet-cover-space-blue-bedroom-lifestyle-4.jpg?v=1786136300;https://cdn.shopify.com/s/files/1/0884/0278/8685/files/bamboo-duvet-cover-space-blue-packaging.jpg?v=1786136300
8720648154744,Boomba Bamboo,"Bettbezug aus Bambus, Space Blue, 400TC",https://www.maisondecocon.com/products/bamboo-duvet-cover-space-blue-400tc?variant=54471593558349,8720648154744,"Ein seidenweicher Bettbezug aus Bambus mit einer Fadenzahl von 400TC in tiefem Space Blue – atmungsaktiv, hypoallergen und wahlweise mit Bambus-Knopfverschluss oder Einsteckstreifen erhältlich.",300.00,Heimtextilien > Bettwäsche > Bettbezüge,200x200 cm,Space Blue,9.00,0.00,0.00,4-7 Werktage,https://cdn.shopify.com/s/files/1/0884/0278/8685/files/bamboo-duvet-cover-space-blue-bedroom-lifestyle-1.jpg?v=1786136300;https://cdn.shopify.com/s/files/1/0884/0278/8685/files/bamboo-duvet-cover-space-blue-bedroom-lifestyle-2.jpg?v=1786136300;https://cdn.shopify.com/s/files/1/0884/0278/8685/files/bamboo-duvet-cover-space-blue-fabric-detail.jpg?v=1786136300;https://cdn.shopify.com/s/files/1/0884/0278/8685/files/bamboo-duvet-cover-space-blue-tuck-in-strip-detail.jpg?v=1786136300;https://cdn.shopify.com/s/files/1/0884/0278/8685/files/bamboo-duvet-cover-space-blue-bamboo-button-detail.jpg?v=1786136300;https://cdn.shopify.com/s/files/1/0884/0278/8685/files/bamboo-duvet-cover-space-blue-bedroom-lifestyle-3.jpg?v=1786136300;https://cdn.shopify.com/s/files/1/0884/0278/8685/files/bamboo-duvet-cover-space-blue-bedroom-lifestyle-4.jpg?v=1786136300;https://cdn.shopify.com/s/files/1/0884/0278/8685/files/bamboo-duvet-cover-space-blue-packaging.jpg?v=1786136300
8720648154737,Boomba Bamboo,"Bettbezug aus Bambus, Space Blue, 400TC",https://www.maisondecocon.com/products/bamboo-duvet-cover-space-blue-400tc?variant=54471593591117,8720648154737,"Ein seidenweicher Bettbezug aus Bambus mit einer Fadenzahl von 400TC in tiefem Space Blue – atmungsaktiv, hypoallergen und wahlweise mit Bambus-Knopfverschluss oder Einsteckstreifen erhältlich.",258.00,Heimtextilien > Bettwäsche > Bettbezüge,140x200 cm,Space Blue,9.00,0.00,0.00,4-7 Werktage,https://cdn.shopify.com/s/files/1/0884/0278/8685/files/bamboo-duvet-cover-space-blue-bedroom-lifestyle-1.jpg?v=1786136300;https://cdn.shopify.com/s/files/1/0884/0278/8685/files/bamboo-duvet-cover-space-blue-bedroom-lifestyle-2.jpg?v=1786136300;https://cdn.shopify.com/s/files/1/0884/0278/8685/files/bamboo-duvet-cover-space-blue-fabric-detail.jpg?v=1786136300;https://cdn.shopify.com/s/files/1/0884/0278/8685/files/bamboo-duvet-cover-space-blue-tuck-in-strip-detail.jpg?v=1786136300;https://cdn.shopify.com/s/files/1/0884/0278/8685/files/bamboo-duvet-cover-space-blue-bamboo-button-detail.jpg?v=1786136300;https://cdn.shopify.com/s/files/1/0884/0278/8685/files/bamboo-duvet-cover-space-blue-bedroom-lifestyle-3.jpg?v=1786136300;https://cdn.shopify.com/s/files/1/0884/0278/8685/files/bamboo-duvet-cover-space-blue-bedroom-lifestyle-4.jpg?v=1786136300;https://cdn.shopify.com/s/files/1/0884/0278/8685/files/bamboo-duvet-cover-space-blue-packaging.jpg?v=1786136300
8720618860736,Boomba Bamboo,"Bettbezug aus Bambus, Space Blue, 400TC",https://www.maisondecocon.com/products/bamboo-duvet-cover-space-blue-400tc?variant=54471593361741,8720618860736,"Ein seidenweicher Bettbezug aus Bambus mit einer Fadenzahl von 400TC in tiefem Space Blue – atmungsaktiv, hypoallergen und wahlweise mit Bambus-Knopfverschluss oder Einsteckstreifen erhältlich.",336.00,Heimtextilien > Bettwäsche > Bettbezüge,200x220/210 cm,Space Blue,9.00,0.00,0.00,4-7 Werktage,https://cdn.shopify.com/s/files/1/0884/0278/8685/files/bamboo-duvet-cover-space-blue-bedroom-lifestyle-1.jpg?v=1786136300;https://cdn.shopify.com/s/files/1/0884/0278/8685/files/bamboo-duvet-cover-space-blue-bedroom-lifestyle-2.jpg?v=1786136300;https://cdn.shopify.com/s/files/1/0884/0278/8685/files/bamboo-duvet-cover-space-blue-fabric-detail.jpg?v=1786136300;https://cdn.shopify.com/s/files/1/0884/0278/8685/files/bamboo-duvet-cover-space-blue-tuck-in-strip-detail.jpg?v=1786136300;https://cdn.shopify.com/s/files/1/0884/0278/8685/files/bamboo-duvet-cover-space-blue-bamboo-button-detail.jpg?v=1786136300;https://cdn.shopify.com/s/files/1/0884/0278/8685/files/bamboo-duvet-cover-space-blue-bedroom-lifestyle-3.jpg?v=1786136300;https://cdn.shopify.com/s/files/1/0884/0278/8685/files/bamboo-duvet-cover-space-blue-bedroom-lifestyle-4.jpg?v=1786136300;https://cdn.shopify.com/s/files/1/0884/0278/8685/files/bamboo-duvet-cover-space-blue-packaging.jpg?v=1786136300
8720618860682,Boomba Bamboo,"Bettbezug aus Bambus, Space Blue, 400TC",https://www.maisondecocon.com/products/bamboo-duvet-cover-space-blue-400tc?variant=54471593492813,8720618860682,"Ein seidenweicher Bettbezug aus Bambus mit einer Fadenzahl von 400TC in tiefem Space Blue – atmungsaktiv, hypoallergen und wahlweise mit Bambus-Knopfverschluss oder Einsteckstreifen erhältlich.",267.00,Heimtextilien > Bettwäsche > Bettbezüge,140x220 cm,Space Blue,9.00,0.00,0.00,4-7 Werktage,https://cdn.shopify.com/s/files/1/0884/0278/8685/files/bamboo-duvet-cover-space-blue-bedroom-lifestyle-1.jpg?v=1786136300;https://cdn.shopify.com/s/files/1/0884/0278/8685/files/bamboo-duvet-cover-space-blue-bedroom-lifestyle-2.jpg?v=1786136300;https://cdn.shopify.com/s/files/1/0884/0278/8685/files/bamboo-duvet-cover-space-blue-fabric-detail.jpg?v=1786136300;https://cdn.shopify.com/s/files/1/0884/0278/8685/files/bamboo-duvet-cover-space-blue-tuck-in-strip-detail.jpg?v=1786136300;https://cdn.shopify.com/s/files/1/0884/0278/8685/files/bamboo-duvet-cover-space-blue-bamboo-button-detail.jpg?v=1786136300;https://cdn.shopify.com/s/files/1/0884/0278/8685/files/bamboo-duvet-cover-space-blue-bedroom-lifestyle-3.jpg?v=1786136300;https://cdn.shopify.com/s/files/1/0884/0278/8685/files/bamboo-duvet-cover-space-blue-bedroom-lifestyle-4.jpg?v=1786136300;https://cdn.shopify.com/s/files/1/0884/0278/8685/files/bamboo-duvet-cover-space-blue-packaging.jpg?v=1786136300
8720648154751,Boomba Bamboo,"Bettbezug aus Bambus, Space Blue, 400TC",https://www.maisondecocon.com/products/bamboo-duvet-cover-space-blue-400tc?variant=54471593394509,8720648154751,"Ein seidenweicher Bettbezug aus Bambus mit einer Fadenzahl von 400TC in tiefem Space Blue – atmungsaktiv, hypoallergen und wahlweise mit Bambus-Knopfverschluss oder Einsteckstreifen erhältlich.",318.00,Heimtextilien > Bettwäsche > Bettbezüge,200x220/210 cm,Space Blue,9.00,0.00,0.00,4-7 Werktage,https://cdn.shopify.com/s/files/1/0884/0278/8685/files/bamboo-duvet-cover-space-blue-bedroom-lifestyle-1.jpg?v=1786136300;https://cdn.shopify.com/s/files/1/0884/0278/8685/files/bamboo-duvet-cover-space-blue-bedroom-lifestyle-2.jpg?v=1786136300;https://cdn.shopify.com/s/files/1/0884/0278/8685/files/bamboo-duvet-cover-space-blue-fabric-detail.jpg?v=1786136300;https://cdn.shopify.com/s/files/1/0884/0278/8685/files/bamboo-duvet-cover-space-blue-tuck-in-strip-detail.jpg?v=1786136300;https://cdn.shopify.com/s/files/1/0884/0278/8685/files/bamboo-duvet-cover-space-blue-bamboo-button-detail.jpg?v=1786136300;https://cdn.shopify.com/s/files/1/0884/0278/8685/files/bamboo-duvet-cover-space-blue-bedroom-lifestyle-3.jpg?v=1786136300;https://cdn.shopify.com/s/files/1/0884/0278/8685/files/bamboo-duvet-cover-space-blue-bedroom-lifestyle-4.jpg?v=1786136300;https://cdn.shopify.com/s/files/1/0884/0278/8685/files/bamboo-duvet-cover-space-blue-packaging.jpg?v=1786136300
8720618860729,Boomba Bamboo,"Bettbezug aus Bambus, Space Blue, 400TC",https://www.maisondecocon.com/products/bamboo-duvet-cover-space-blue-400tc?variant=54471593427277,8720618860729,"Ein seidenweicher Bettbezug aus Bambus mit einer Fadenzahl von 400TC in tiefem Space Blue – atmungsaktiv, hypoallergen und wahlweise mit Bambus-Knopfverschluss oder Einsteckstreifen erhältlich.",318.00,Heimtextilien > Bettwäsche > Bettbezüge,200x200 cm,Space Blue,9.00,0.00,0.00,4-7 Werktage,https://cdn.shopify.com/s/files/1/0884/0278/8685/files/bamboo-duvet-cover-space-blue-bedroom-lifestyle-1.jpg?v=1786136300;https://cdn.shopify.com/s/files/1/0884/0278/8685/files/bamboo-duvet-cover-space-blue-bedroom-lifestyle-2.jpg?v=1786136300;https://cdn.shopify.com/s/files/1/0884/0278/8685/files/bamboo-duvet-cover-space-blue-fabric-detail.jpg?v=1786136300;https://cdn.shopify.com/s/files/1/0884/0278/8685/files/bamboo-duvet-cover-space-blue-tuck-in-strip-detail.jpg?v=1786136300;https://cdn.shopify.com/s/files/1/0884/0278/8685/files/bamboo-duvet-cover-space-blue-bamboo-button-detail.jpg?v=1786136300;https://cdn.shopify.com/s/files/1/0884/0278/8685/files/bamboo-duvet-cover-space-blue-bedroom-lifestyle-3.jpg?v=1786136300;https://cdn.shopify.com/s/files/1/0884/0278/8685/files/bamboo-duvet-cover-space-blue-bedroom-lifestyle-4.jpg?v=1786136300;https://cdn.shopify.com/s/files/1/0884/0278/8685/files/bamboo-duvet-cover-space-blue-packaging.jpg?v=1786136300
8720618860699,Boomba Bamboo,"Bettbezug aus Bambus, Space Blue, 400TC",https://www.maisondecocon.com/products/bamboo-duvet-cover-space-blue-400tc?variant=54471593525581,8720618860699,"Ein seidenweicher Bettbezug aus Bambus mit einer Fadenzahl von 400TC in tiefem Space Blue – atmungsaktiv, hypoallergen und wahlweise mit Bambus-Knopfverschluss oder Einsteckstreifen erhältlich.",282.00,Heimtextilien > Bettwäsche > Bettbezüge,140x200 cm,Space Blue,9.00,0.00,0.00,4-7 Werktage,https://cdn.shopify.com/s/files/1/0884/0278/8685/files/bamboo-duvet-cover-space-blue-bedroom-lifestyle-1.jpg?v=1786136300;https://cdn.shopify.com/s/files/1/0884/0278/8685/files/bamboo-duvet-cover-space-blue-bedroom-lifestyle-2.jpg?v=1786136300;https://cdn.shopify.com/s/files/1/0884/0278/8685/files/bamboo-duvet-cover-space-blue-fabric-detail.jpg?v=1786136300;https://cdn.shopify.com/s/files/1/0884/0278/8685/files/bamboo-duvet-cover-space-blue-tuck-in-strip-detail.jpg?v=1786136300;https://cdn.shopify.com/s/files/1/0884/0278/8685/files/bamboo-duvet-cover-space-blue-bamboo-button-detail.jpg?v=1786136300;https://cdn.shopify.com/s/files/1/0884/0278/8685/files/bamboo-duvet-cover-space-blue-bedroom-lifestyle-3.jpg?v=1786136300;https://cdn.shopify.com/s/files/1/0884/0278/8685/files/bamboo-duvet-cover-space-blue-bedroom-lifestyle-4.jpg?v=1786136300;https://cdn.shopify.com/s/files/1/0884/0278/8685/files/bamboo-duvet-cover-space-blue-packaging.jpg?v=1786136300
8720618860712,Boomba Bamboo,"Bettbezug aus Bambus, Space Blue, 400TC",https://www.maisondecocon.com/products/bamboo-duvet-cover-space-blue-400tc?variant=54471593460045,8720618860712,"Ein seidenweicher Bettbezug aus Bambus mit einer Fadenzahl von 400TC in tiefem Space Blue – atmungsaktiv, hypoallergen und wahlweise mit Bambus-Knopfverschluss oder Einsteckstreifen erhältlich.",297.00,Heimtextilien > Bettwäsche > Bettbezüge,140x220 cm,Space Blue,9.00,0.00,0.00,4-7 Werktage,https://cdn.shopify.com/s/files/1/0884/0278/8685/files/bamboo-duvet-cover-space-blue-bedroom-lifestyle-1.jpg?v=1786136300;https://cdn.shopify.com/s/files/1/0884/0278/8685/files/bamboo-duvet-cover-space-blue-bedroom-lifestyle-2.jpg?v=1786136300;https://cdn.shopify.com/s/files/1/0884/0278/8685/files/bamboo-duvet-cover-space-blue-fabric-detail.jpg?v=1786136300;https://cdn.shopify.com/s/files/1/0884/0278/8685/files/bamboo-duvet-cover-space-blue-tuck-in-strip-detail.jpg?v=1786136300;https://cdn.shopify.com/s/files/1/0884/0278/8685/files/bamboo-duvet-cover-space-blue-bamboo-button-detail.jpg?v=1786136300;https://cdn.shopify.com/s/files/1/0884/0278/8685/files/bamboo-duvet-cover-space-blue-bedroom-lifestyle-3.jpg?v=1786136300;https://cdn.shopify.com/s/files/1/0884/0278/8685/files/bamboo-duvet-cover-space-blue-bedroom-lifestyle-4.jpg?v=1786136300;https://cdn.shopify.com/s/files/1/0884/0278/8685/files/bamboo-duvet-cover-space-blue-packaging.jpg?v=1786136300
8720648154768,Boomba Bamboo,"Bettbezug aus Bambus, Space Blue, 400TC",https://www.maisondecocon.com/products/bamboo-duvet-cover-space-blue-400tc?variant=54471593328973,8720648154768,"Ein seidenweicher Bettbezug aus Bambus mit einer Fadenzahl von 400TC in tiefem Space Blue – atmungsaktiv, hypoallergen und wahlweise mit Bambus-Knopfverschluss oder Einsteckstreifen erhältlich.",369.00,Heimtextilien > Bettwäsche > Bettbezüge,240x220 cm,Space Blue,9.00,0.00,0.00,4-7 Werktage,https://cdn.shopify.com/s/files/1/0884/0278/8685/files/bamboo-duvet-cover-space-blue-bedroom-lifestyle-1.jpg?v=1786136300;https://cdn.shopify.com/s/files/1/0884/0278/8685/files/bamboo-duvet-cover-space-blue-bedroom-lifestyle-2.jpg?v=1786136300;https://cdn.shopify.com/s/files/1/0884/0278/8685/files/bamboo-duvet-cover-space-blue-fabric-detail.jpg?v=1786136300;https://cdn.shopify.com/s/files/1/0884/0278/8685/files/bamboo-duvet-cover-space-blue-tuck-in-strip-detail.jpg?v=1786136300;https://cdn.shopify.com/s/files/1/0884/0278/8685/files/bamboo-duvet-cover-space-blue-bamboo-button-detail.jpg?v=1786136300;https://cdn.shopify.com/s/files/1/0884/0278/8685/files/bamboo-duvet-cover-space-blue-bedroom-lifestyle-3.jpg?v=1786136300;https://cdn.shopify.com/s/files/1/0884/0278/8685/files/bamboo-duvet-cover-space-blue-bedroom-lifestyle-4.jpg?v=1786136300;https://cdn.shopify.com/s/files/1/0884/0278/8685/files/bamboo-duvet-cover-space-blue-packaging.jpg?v=1786136300
8720648154775,Boomba Bamboo,"Bettbezug aus Bambus, Space Blue, 400TC",https://www.maisondecocon.com/products/bamboo-duvet-cover-space-blue-400tc?variant=54471593263437,8720648154775,"Ein seidenweicher Bettbezug aus Bambus mit einer Fadenzahl von 400TC in tiefem Space Blue – atmungsaktiv, hypoallergen und wahlweise mit Bambus-Knopfverschluss oder Einsteckstreifen erhältlich.",402.00,Heimtextilien > Bettwäsche > Bettbezüge,260x240/220 cm,Space Blue,9.00,0.00,0.00,4-7 Werktage,https://cdn.shopify.com/s/files/1/0884/0278/8685/files/bamboo-duvet-cover-space-blue-bedroom-lifestyle-1.jpg?v=1786136300;https://cdn.shopify.com/s/files/1/0884/0278/8685/files/bamboo-duvet-cover-space-blue-bedroom-lifestyle-2.jpg?v=1786136300;https://cdn.shopify.com/s/files/1/0884/0278/8685/files/bamboo-duvet-cover-space-blue-fabric-detail.jpg?v=1786136300;https://cdn.shopify.com/s/files/1/0884/0278/8685/files/bamboo-duvet-cover-space-blue-tuck-in-strip-detail.jpg?v=1786136300;https://cdn.shopify.com/s/files/1/0884/0278/8685/files/bamboo-duvet-cover-space-blue-bamboo-button-detail.jpg?v=1786136300;https://cdn.shopify.com/s/files/1/0884/0278/8685/files/bamboo-duvet-cover-space-blue-bedroom-lifestyle-3.jpg?v=1786136300;https://cdn.shopify.com/s/files/1/0884/0278/8685/files/bamboo-duvet-cover-space-blue-bedroom-lifestyle-4.jpg?v=1786136300;https://cdn.shopify.com/s/files/1/0884/0278/8685/files/bamboo-duvet-cover-space-blue-packaging.jpg?v=1786136300
8720618860750,Boomba Bamboo,"Bettbezug aus Bambus, Space Blue, 400TC",https://www.maisondecocon.com/products/bamboo-duvet-cover-space-blue-400tc?variant=54471593230669,8720618860750,"Ein seidenweicher Bettbezug aus Bambus mit einer Fadenzahl von 400TC in tiefem Space Blue – atmungsaktiv, hypoallergen und wahlweise mit Bambus-Knopfverschluss oder Einsteckstreifen erhältlich.",420.00,Heimtextilien > Bettwäsche > Bettbezüge,260x240/220 cm,Space Blue,9.00,0.00,0.00,4-7 Werktage,https://cdn.shopify.com/s/files/1/0884/0278/8685/files/bamboo-duvet-cover-space-blue-bedroom-lifestyle-1.jpg?v=1786136300;https://cdn.shopify.com/s/files/1/0884/0278/8685/files/bamboo-duvet-cover-space-blue-bedroom-lifestyle-2.jpg?v=1786136300;https://cdn.shopify.com/s/files/1/0884/0278/8685/files/bamboo-duvet-cover-space-blue-fabric-detail.jpg?v=1786136300;https://cdn.shopify.com/s/files/1/0884/0278/8685/files/bamboo-duvet-cover-space-blue-tuck-in-strip-detail.jpg?v=1786136300;https://cdn.shopify.com/s/files/1/0884/0278/8685/files/bamboo-duvet-cover-space-blue-bamboo-button-detail.jpg?v=1786136300;https://cdn.shopify.com/s/files/1/0884/0278/8685/files/bamboo-duvet-cover-space-blue-bedroom-lifestyle-3.jpg?v=1786136300;https://cdn.shopify.com/s/files/1/0884/0278/8685/files/bamboo-duvet-cover-space-blue-bedroom-lifestyle-4.jpg?v=1786136300;https://cdn.shopify.com/s/files/1/0884/0278/8685/files/bamboo-duvet-cover-space-blue-packaging.jpg?v=1786136300
8720618860606,Boomba Bamboo,"Bettbezug aus Bambus, Soft Taupe, 400TC",https://www.maisondecocon.com/products/bamboo-duvet-cover-soft-taupe-400tc?variant=54471593918797,8720618860606,"Ein seidenweicher Bettbezug aus Bambus mit einer Fadenzahl von 400TC im warmen Farbton „Soft Taupe“ – atmungsaktiv, hypoallergen und wahlweise mit Bambus-Knopfverschluss oder Einsteckstreifen erhältlich.",282.00,Heimtextilien > Bettwäsche > Bettbezüge,140x200 cm,Soft Taupe,9.00,0.00,0.00,4-7 Werktage,https://cdn.shopify.com/s/files/1/0884/0278/8685/files/bamboo-duvet-cover-soft-taupe-bedroom-lifestyle-1.jpg?v=1786136464;https://cdn.shopify.com/s/files/1/0884/0278/8685/files/bamboo-duvet-cover-soft-taupe-bamboo-button-detail-2.jpg?v=1786136464;https://cdn.shopify.com/s/files/1/0884/0278/8685/files/bamboo-duvet-cover-soft-taupe-bedroom-lifestyle-2.jpg?v=1786136464;https://cdn.shopify.com/s/files/1/0884/0278/8685/files/bamboo-duvet-cover-soft-taupe-fabric-detail-1.jpg?v=1786136464;https://cdn.shopify.com/s/files/1/0884/0278/8685/files/bamboo-duvet-cover-soft-taupe-bedroom-lifestyle-3.jpg?v=1786136464;https://cdn.shopify.com/s/files/1/0884/0278/8685/files/bamboo-duvet-cover-soft-taupe-tuck-in-strip-detail.jpg?v=1786136464;https://cdn.shopify.com/s/files/1/0884/0278/8685/files/bamboo-duvet-cover-soft-taupe-fabric-detail-2.jpg?v=1786136464;https://cdn.shopify.com/s/files/1/0884/0278/8685/files/bamboo-duvet-cover-soft-taupe-bedding-set-packaging.jpg?v=1786136464
8720618860613,Boomba Bamboo,"Bettbezug aus Bambus, Soft Taupe, 400TC",https://www.maisondecocon.com/products/bamboo-duvet-cover-soft-taupe-400tc?variant=54471593853261,8720618860613,"Ein seidenweicher Bettbezug aus Bambus mit einer Fadenzahl von 400TC im warmen Farbton „Soft Taupe“ – atmungsaktiv, hypoallergen und wahlweise mit Bambus-Knopfverschluss oder Einsteckstreifen erhältlich.",297.00,Heimtextilien > Bettwäsche > Bettbezüge,140x220 cm,Soft Taupe,9.00,0.00,0.00,4-7 Werktage,https://cdn.shopify.com/s/files/1/0884/0278/8685/files/bamboo-duvet-cover-soft-taupe-bedroom-lifestyle-1.jpg?v=1786136464;https://cdn.shopify.com/s/files/1/0884/0278/8685/files/bamboo-duvet-cover-soft-taupe-bamboo-button-detail-2.jpg?v=1786136464;https://cdn.shopify.com/s/files/1/0884/0278/8685/files/bamboo-duvet-cover-soft-taupe-bedroom-lifestyle-2.jpg?v=1786136464;https://cdn.shopify.com/s/files/1/0884/0278/8685/files/bamboo-duvet-cover-soft-taupe-fabric-detail-1.jpg?v=1786136464;https://cdn.shopify.com/s/files/1/0884/0278/8685/files/bamboo-duvet-cover-soft-taupe-bedroom-lifestyle-3.jpg?v=1786136464;https://cdn.shopify.com/s/files/1/0884/0278/8685/files/bamboo-duvet-cover-soft-taupe-tuck-in-strip-detail.jpg?v=1786136464;https://cdn.shopify.com/s/files/1/0884/0278/8685/files/bamboo-duvet-cover-soft-taupe-fabric-detail-2.jpg?v=1786136464;https://cdn.shopify.com/s/files/1/0884/0278/8685/files/bamboo-duvet-cover-soft-taupe-bedding-set-packaging.jpg?v=1786136464
8720648154485,Boomba Bamboo,"Bettbezug aus Bambus, Soft Taupe, 400TC",https://www.maisondecocon.com/products/bamboo-duvet-cover-soft-taupe-400tc?variant=54471593951565,8720648154485,"Ein seidenweicher Bettbezug aus Bambus mit einer Fadenzahl von 400TC im warmen Farbton „Soft Taupe“ – atmungsaktiv, hypoallergen und wahlweise mit Bambus-Knopfverschluss oder Einsteckstreifen erhältlich.",300.00,Heimtextilien > Bettwäsche > Bettbezüge,200x200 cm,Soft Taupe,9.00,0.00,0.00,4-7 Werktage,https://cdn.shopify.com/s/files/1/0884/0278/8685/files/bamboo-duvet-cover-soft-taupe-bedroom-lifestyle-1.jpg?v=1786136464;https://cdn.shopify.com/s/files/1/0884/0278/8685/files/bamboo-duvet-cover-soft-taupe-bamboo-button-detail-2.jpg?v=1786136464;https://cdn.shopify.com/s/files/1/0884/0278/8685/files/bamboo-duvet-cover-soft-taupe-bedroom-lifestyle-2.jpg?v=1786136464;https://cdn.shopify.com/s/files/1/0884/0278/8685/files/bamboo-duvet-cover-soft-taupe-fabric-detail-1.jpg?v=1786136464;https://cdn.shopify.com/s/files/1/0884/0278/8685/files/bamboo-duvet-cover-soft-taupe-bedroom-lifestyle-3.jpg?v=1786136464;https://cdn.shopify.com/s/files/1/0884/0278/8685/files/bamboo-duvet-cover-soft-taupe-tuck-in-strip-detail.jpg?v=1786136464;https://cdn.shopify.com/s/files/1/0884/0278/8685/files/bamboo-duvet-cover-soft-taupe-fabric-detail-2.jpg?v=1786136464;https://cdn.shopify.com/s/files/1/0884/0278/8685/files/bamboo-duvet-cover-soft-taupe-bedding-set-packaging.jpg?v=1786136464
8720648154492,Boomba Bamboo,"Bettbezug aus Bambus, Soft Taupe, 400TC",https://www.maisondecocon.com/products/bamboo-duvet-cover-soft-taupe-400tc?variant=54471593787725,8720648154492,"Ein seidenweicher Bettbezug aus Bambus mit einer Fadenzahl von 400TC im warmen Farbton „Soft Taupe“ – atmungsaktiv, hypoallergen und wahlweise mit Bambus-Knopfverschluss oder Einsteckstreifen erhältlich.",318.00,Heimtextilien > Bettwäsche > Bettbezüge,200x220/210 cm,Soft Taupe,9.00,0.00,0.00,4-7 Werktage,https://cdn.shopify.com/s/files/1/0884/0278/8685/files/bamboo-duvet-cover-soft-taupe-bedroom-lifestyle-1.jpg?v=1786136464;https://cdn.shopify.com/s/files/1/0884/0278/8685/files/bamboo-duvet-cover-soft-taupe-bamboo-button-detail-2.jpg?v=1786136464;https://cdn.shopify.com/s/files/1/0884/0278/8685/files/bamboo-duvet-cover-soft-taupe-bedroom-lifestyle-2.jpg?v=1786136464;https://cdn.shopify.com/s/files/1/0884/0278/8685/files/bamboo-duvet-cover-soft-taupe-fabric-detail-1.jpg?v=1786136464;https://cdn.shopify.com/s/files/1/0884/0278/8685/files/bamboo-duvet-cover-soft-taupe-bedroom-lifestyle-3.jpg?v=1786136464;https://cdn.shopify.com/s/files/1/0884/0278/8685/files/bamboo-duvet-cover-soft-taupe-tuck-in-strip-detail.jpg?v=1786136464;https://cdn.shopify.com/s/files/1/0884/0278/8685/files/bamboo-duvet-cover-soft-taupe-fabric-detail-2.jpg?v=1786136464;https://cdn.shopify.com/s/files/1/0884/0278/8685/files/bamboo-duvet-cover-soft-taupe-bedding-set-packaging.jpg?v=1786136464
8720618860651,Boomba Bamboo,"Bettbezug aus Bambus, Soft Taupe, 400TC",https://www.maisondecocon.com/products/bamboo-duvet-cover-soft-taupe-400tc?variant=54471593623885,8720618860651,"Ein seidenweicher Bettbezug aus Bambus mit einer Fadenzahl von 400TC im warmen Farbton „Soft Taupe“ – atmungsaktiv, hypoallergen und wahlweise mit Bambus-Knopfverschluss oder Einsteckstreifen erhältlich.",420.00,Heimtextilien > Bettwäsche > Bettbezüge,260x240/220 cm,Soft Taupe,9.00,0.00,0.00,4-7 Werktage,https://cdn.shopify.com/s/files/1/0884/0278/8685/files/bamboo-duvet-cover-soft-taupe-bedroom-lifestyle-1.jpg?v=1786136464;https://cdn.shopify.com/s/files/1/0884/0278/8685/files/bamboo-duvet-cover-soft-taupe-bamboo-button-detail-2.jpg?v=1786136464;https://cdn.shopify.com/s/files/1/0884/0278/8685/files/bamboo-duvet-cover-soft-taupe-bedroom-lifestyle-2.jpg?v=1786136464;https://cdn.shopify.com/s/files/1/0884/0278/8685/files/bamboo-duvet-cover-soft-taupe-fabric-detail-1.jpg?v=1786136464;https://cdn.shopify.com/s/files/1/0884/0278/8685/files/bamboo-duvet-cover-soft-taupe-bedroom-lifestyle-3.jpg?v=1786136464;https://cdn.shopify.com/s/files/1/0884/0278/8685/files/bamboo-duvet-cover-soft-taupe-tuck-in-strip-detail.jpg?v=1786136464;https://cdn.shopify.com/s/files/1/0884/0278/8685/files/bamboo-duvet-cover-soft-taupe-fabric-detail-2.jpg?v=1786136464;https://cdn.shopify.com/s/files/1/0884/0278/8685/files/bamboo-duvet-cover-soft-taupe-bedding-set-packaging.jpg?v=1786136464
8720648154515,Boomba Bamboo,"Bettbezug aus Bambus, Soft Taupe, 400TC",https://www.maisondecocon.com/products/bamboo-duvet-cover-soft-taupe-400tc?variant=54471593656653,8720648154515,"Ein seidenweicher Bettbezug aus Bambus mit einer Fadenzahl von 400TC im warmen Farbton „Soft Taupe“ – atmungsaktiv, hypoallergen und wahlweise mit Bambus-Knopfverschluss oder Einsteckstreifen erhältlich.",402.00,Heimtextilien > Bettwäsche > Bettbezüge,260x240/220 cm,Soft Taupe,9.00,0.00,0.00,4-7 Werktage,https://cdn.shopify.com/s/files/1/0884/0278/8685/files/bamboo-duvet-cover-soft-taupe-bedroom-lifestyle-1.jpg?v=1786136464;https://cdn.shopify.com/s/files/1/0884/0278/8685/files/bamboo-duvet-cover-soft-taupe-bamboo-button-detail-2.jpg?v=1786136464;https://cdn.shopify.com/s/files/1/0884/0278/8685/files/bamboo-duvet-cover-soft-taupe-bedroom-lifestyle-2.jpg?v=1786136464;https://cdn.shopify.com/s/files/1/0884/0278/8685/files/bamboo-duvet-cover-soft-taupe-fabric-detail-1.jpg?v=1786136464;https://cdn.shopify.com/s/files/1/0884/0278/8685/files/bamboo-duvet-cover-soft-taupe-bedroom-lifestyle-3.jpg?v=1786136464;https://cdn.shopify.com/s/files/1/0884/0278/8685/files/bamboo-duvet-cover-soft-taupe-tuck-in-strip-detail.jpg?v=1786136464;https://cdn.shopify.com/s/files/1/0884/0278/8685/files/bamboo-duvet-cover-soft-taupe-fabric-detail-2.jpg?v=1786136464;https://cdn.shopify.com/s/files/1/0884/0278/8685/files/bamboo-duvet-cover-soft-taupe-bedding-set-packaging.jpg?v=1786136464
8720618860620,Boomba Bamboo,"Bettbezug aus Bambus, Soft Taupe, 400TC",https://www.maisondecocon.com/products/bamboo-duvet-cover-soft-taupe-400tc?variant=54471593820493,8720618860620,"Ein seidenweicher Bettbezug aus Bambus mit einer Fadenzahl von 400TC im warmen Farbton „Soft Taupe“ – atmungsaktiv, hypoallergen und wahlweise mit Bambus-Knopfverschluss oder Einsteckstreifen erhältlich.",318.00,Heimtextilien > Bettwäsche > Bettbezüge,200x200 cm,Soft Taupe,9.00,0.00,0.00,4-7 Werktage,https://cdn.shopify.com/s/files/1/0884/0278/8685/files/bamboo-duvet-cover-soft-taupe-bedroom-lifestyle-1.jpg?v=1786136464;https://cdn.shopify.com/s/files/1/0884/0278/8685/files/bamboo-duvet-cover-soft-taupe-bamboo-button-detail-2.jpg?v=1786136464;https://cdn.shopify.com/s/files/1/0884/0278/8685/files/bamboo-duvet-cover-soft-taupe-bedroom-lifestyle-2.jpg?v=1786136464;https://cdn.shopify.com/s/files/1/0884/0278/8685/files/bamboo-duvet-cover-soft-taupe-fabric-detail-1.jpg?v=1786136464;https://cdn.shopify.com/s/files/1/0884/0278/8685/files/bamboo-duvet-cover-soft-taupe-bedroom-lifestyle-3.jpg?v=1786136464;https://cdn.shopify.com/s/files/1/0884/0278/8685/files/bamboo-duvet-cover-soft-taupe-tuck-in-strip-detail.jpg?v=1786136464;https://cdn.shopify.com/s/files/1/0884/0278/8685/files/bamboo-duvet-cover-soft-taupe-fabric-detail-2.jpg?v=1786136464;https://cdn.shopify.com/s/files/1/0884/0278/8685/files/bamboo-duvet-cover-soft-taupe-bedding-set-packaging.jpg?v=1786136464
8720648154508,Boomba Bamboo,"Bettbezug aus Bambus, Soft Taupe, 400TC",https://www.maisondecocon.com/products/bamboo-duvet-cover-soft-taupe-400tc?variant=54471593722189,8720648154508,"Ein seidenweicher Bettbezug aus Bambus mit einer Fadenzahl von 400TC im warmen Farbton „Soft Taupe“ – atmungsaktiv, hypoallergen und wahlweise mit Bambus-Knopfverschluss oder Einsteckstreifen erhältlich.",369.00,Heimtextilien > Bettwäsche > Bettbezüge,240x220 cm,Soft Taupe,9.00,0.00,0.00,4-7 Werktage,https://cdn.shopify.com/s/files/1/0884/0278/8685/files/bamboo-duvet-cover-soft-taupe-bedroom-lifestyle-1.jpg?v=1786136464;https://cdn.shopify.com/s/files/1/0884/0278/8685/files/bamboo-duvet-cover-soft-taupe-bamboo-button-detail-2.jpg?v=1786136464;https://cdn.shopify.com/s/files/1/0884/0278/8685/files/bamboo-duvet-cover-soft-taupe-bedroom-lifestyle-2.jpg?v=1786136464;https://cdn.shopify.com/s/files/1/0884/0278/8685/files/bamboo-duvet-cover-soft-taupe-fabric-detail-1.jpg?v=1786136464;https://cdn.shopify.com/s/files/1/0884/0278/8685/files/bamboo-duvet-cover-soft-taupe-bedroom-lifestyle-3.jpg?v=1786136464;https://cdn.shopify.com/s/files/1/0884/0278/8685/files/bamboo-duvet-cover-soft-taupe-tuck-in-strip-detail.jpg?v=1786136464;https://cdn.shopify.com/s/files/1/0884/0278/8685/files/bamboo-duvet-cover-soft-taupe-fabric-detail-2.jpg?v=1786136464;https://cdn.shopify.com/s/files/1/0884/0278/8685/files/bamboo-duvet-cover-soft-taupe-bedding-set-packaging.jpg?v=1786136464
8720648154478,Boomba Bamboo,"Bettbezug aus Bambus, Soft Taupe, 400TC",https://www.maisondecocon.com/products/bamboo-duvet-cover-soft-taupe-400tc?variant=54471593984333,8720648154478,"Ein seidenweicher Bettbezug aus Bambus mit einer Fadenzahl von 400TC im warmen Farbton „Soft Taupe“ – atmungsaktiv, hypoallergen und wahlweise mit Bambus-Knopfverschluss oder Einsteckstreifen erhältlich.",258.00,Heimtextilien > Bettwäsche > Bettbezüge,140x200 cm,Soft Taupe,9.00,0.00,0.00,4-7 Werktage,https://cdn.shopify.com/s/files/1/0884/0278/8685/files/bamboo-duvet-cover-soft-taupe-bedroom-lifestyle-1.jpg?v=1786136464;https://cdn.shopify.com/s/files/1/0884/0278/8685/files/bamboo-duvet-cover-soft-taupe-bamboo-button-detail-2.jpg?v=1786136464;https://cdn.shopify.com/s/files/1/0884/0278/8685/files/bamboo-duvet-cover-soft-taupe-bedroom-lifestyle-2.jpg?v=1786136464;https://cdn.shopify.com/s/files/1/0884/0278/8685/files/bamboo-duvet-cover-soft-taupe-fabric-detail-1.jpg?v=1786136464;https://cdn.shopify.com/s/files/1/0884/0278/8685/files/bamboo-duvet-cover-soft-taupe-bedroom-lifestyle-3.jpg?v=1786136464;https://cdn.shopify.com/s/files/1/0884/0278/8685/files/bamboo-duvet-cover-soft-taupe-tuck-in-strip-detail.jpg?v=1786136464;https://cdn.shopify.com/s/files/1/0884/0278/8685/files/bamboo-duvet-cover-soft-taupe-fabric-detail-2.jpg?v=1786136464;https://cdn.shopify.com/s/files/1/0884/0278/8685/files/bamboo-duvet-cover-soft-taupe-bedding-set-packaging.jpg?v=1786136464
8720618860637,Boomba Bamboo,"Bettbezug aus Bambus, Soft Taupe, 400TC",https://www.maisondecocon.com/products/bamboo-duvet-cover-soft-taupe-400tc?variant=54471593754957,8720618860637,"Ein seidenweicher Bettbezug aus Bambus mit einer Fadenzahl von 400TC im warmen Farbton „Soft Taupe“ – atmungsaktiv, hypoallergen und wahlweise mit Bambus-Knopfverschluss oder Einsteckstreifen erhältlich.",336.00,Heimtextilien > Bettwäsche > Bettbezüge,200x220/210 cm,Soft Taupe,9.00,0.00,0.00,4-7 Werktage,https://cdn.shopify.com/s/files/1/0884/0278/8685/files/bamboo-duvet-cover-soft-taupe-bedroom-lifestyle-1.jpg?v=1786136464;https://cdn.shopify.com/s/files/1/0884/0278/8685/files/bamboo-duvet-cover-soft-taupe-bamboo-button-detail-2.jpg?v=1786136464;https://cdn.shopify.com/s/files/1/0884/0278/8685/files/bamboo-duvet-cover-soft-taupe-bedroom-lifestyle-2.jpg?v=1786136464;https://cdn.shopify.com/s/files/1/0884/0278/8685/files/bamboo-duvet-cover-soft-taupe-fabric-detail-1.jpg?v=1786136464;https://cdn.shopify.com/s/files/1/0884/0278/8685/files/bamboo-duvet-cover-soft-taupe-bedroom-lifestyle-3.jpg?v=1786136464;https://cdn.shopify.com/s/files/1/0884/0278/8685/files/bamboo-duvet-cover-soft-taupe-tuck-in-strip-detail.jpg?v=1786136464;https://cdn.shopify.com/s/files/1/0884/0278/8685/files/bamboo-duvet-cover-soft-taupe-fabric-detail-2.jpg?v=1786136464;https://cdn.shopify.com/s/files/1/0884/0278/8685/files/bamboo-duvet-cover-soft-taupe-bedding-set-packaging.jpg?v=1786136464
8720618860644,Boomba Bamboo,"Bettbezug aus Bambus, Soft Taupe, 400TC",https://www.maisondecocon.com/products/bamboo-duvet-cover-soft-taupe-400tc?variant=54471593689421,8720618860644,"Ein seidenweicher Bettbezug aus Bambus mit einer Fadenzahl von 400TC im warmen Farbton „Soft Taupe“ – atmungsaktiv, hypoallergen und wahlweise mit Bambus-Knopfverschluss oder Einsteckstreifen erhältlich.",387.00,Heimtextilien > Bettwäsche > Bettbezüge,240x220 cm,Soft Taupe,9.00,0.00,0.00,4-7 Werktage,https://cdn.shopify.com/s/files/1/0884/0278/8685/files/bamboo-duvet-cover-soft-taupe-bedroom-lifestyle-1.jpg?v=1786136464;https://cdn.shopify.com/s/files/1/0884/0278/8685/files/bamboo-duvet-cover-soft-taupe-bamboo-button-detail-2.jpg?v=1786136464;https://cdn.shopify.com/s/files/1/0884/0278/8685/files/bamboo-duvet-cover-soft-taupe-bedroom-lifestyle-2.jpg?v=1786136464;https://cdn.shopify.com/s/files/1/0884/0278/8685/files/bamboo-duvet-cover-soft-taupe-fabric-detail-1.jpg?v=1786136464;https://cdn.shopify.com/s/files/1/0884/0278/8685/files/bamboo-duvet-cover-soft-taupe-bedroom-lifestyle-3.jpg?v=1786136464;https://cdn.shopify.com/s/files/1/0884/0278/8685/files/bamboo-duvet-cover-soft-taupe-tuck-in-strip-detail.jpg?v=1786136464;https://cdn.shopify.com/s/files/1/0884/0278/8685/files/bamboo-duvet-cover-soft-taupe-fabric-detail-2.jpg?v=1786136464;https://cdn.shopify.com/s/files/1/0884/0278/8685/files/bamboo-duvet-cover-soft-taupe-bedding-set-packaging.jpg?v=1786136464
8720618860590,Boomba Bamboo,"Bettbezug aus Bambus, Soft Taupe, 400TC",https://www.maisondecocon.com/products/bamboo-duvet-cover-soft-taupe-400tc?variant=54471593886029,8720618860590,"Ein seidenweicher Bettbezug aus Bambus mit einer Fadenzahl von 400TC im warmen Farbton „Soft Taupe“ – atmungsaktiv, hypoallergen und wahlweise mit Bambus-Knopfverschluss oder Einsteckstreifen erhältlich.",267.00,Heimtextilien > Bettwäsche > Bettbezüge,140x220 cm,Soft Taupe,9.00,0.00,0.00,4-7 Werktage,https://cdn.shopify.com/s/files/1/0884/0278/8685/files/bamboo-duvet-cover-soft-taupe-bedroom-lifestyle-1.jpg?v=1786136464;https://cdn.shopify.com/s/files/1/0884/0278/8685/files/bamboo-duvet-cover-soft-taupe-bamboo-button-detail-2.jpg?v=1786136464;https://cdn.shopify.com/s/files/1/0884/0278/8685/files/bamboo-duvet-cover-soft-taupe-bedroom-lifestyle-2.jpg?v=1786136464;https://cdn.shopify.com/s/files/1/0884/0278/8685/files/bamboo-duvet-cover-soft-taupe-fabric-detail-1.jpg?v=1786136464;https://cdn.shopify.com/s/files/1/0884/0278/8685/files/bamboo-duvet-cover-soft-taupe-bedroom-lifestyle-3.jpg?v=1786136464;https://cdn.shopify.com/s/files/1/0884/0278/8685/files/bamboo-duvet-cover-soft-taupe-tuck-in-strip-detail.jpg?v=1786136464;https://cdn.shopify.com/s/files/1/0884/0278/8685/files/bamboo-duvet-cover-soft-taupe-fabric-detail-2.jpg?v=1786136464;https://cdn.shopify.com/s/files/1/0884/0278/8685/files/bamboo-duvet-cover-soft-taupe-bedding-set-packaging.jpg?v=1786136464
6154511344314,Boomba Bamboo,"Bambus-Bettbezug „Moosgrün“, 400TC",https://www.maisondecocon.com/products/bamboo-duvet-cover-deep-moss-400tc?variant=54471594312013,6154511344314,"Ein seidenweicher Bettbezug aus Bambus mit einer Fadenzahl von 400TC in dem satten Farbton „Moosgrün“ – atmungsaktiv, hypoallergen und wahlweise mit Bambus-Knopfverschluss oder Einsteckstreifen erhältlich.",267.00,Heimtextilien > Bettwäsche > Bettbezüge,140x220 cm,Deep Moss,9.00,0.00,0.00,4-7 Werktage,https://cdn.shopify.com/s/files/1/0884/0278/8685/files/bamboo-duvet-cover-deep-moss-bedroom-lifestyle-1.jpg?v=1786136656;https://cdn.shopify.com/s/files/1/0884/0278/8685/files/bamboo-duvet-cover-deep-moss-bamboo-button-detail.jpg?v=1786136756;https://cdn.shopify.com/s/files/1/0884/0278/8685/files/bamboo-duvet-cover-deep-moss-bedroom-lifestyle-2.jpg?v=1786136656;https://cdn.shopify.com/s/files/1/0884/0278/8685/files/bamboo-duvet-cover-deep-moss-fabric-detail-1.jpg?v=1786136656;https://cdn.shopify.com/s/files/1/0884/0278/8685/files/bamboo-duvet-cover-deep-moss-bedroom-lifestyle-3.jpg?v=1786136656;https://cdn.shopify.com/s/files/1/0884/0278/8685/files/bamboo-duvet-cover-deep-moss-tuck-in-strip-detail.jpg?v=1786136756;https://cdn.shopify.com/s/files/1/0884/0278/8685/files/bamboo-duvet-cover-deep-moss-bedroom-lifestyle-4.jpg?v=1786136656;https://cdn.shopify.com/s/files/1/0884/0278/8685/files/bamboo-duvet-cover-deep-moss-fabric-detail-2.jpg?v=1786136756;https://cdn.shopify.com/s/files/1/0884/0278/8685/files/bamboo-duvet-cover-deep-moss-bedroom-lifestyle-5.jpg?v=1786136702;https://cdn.shopify.com/s/files/1/0884/0278/8685/files/bamboo-duvet-cover-deep-moss-packaging.jpg?v=1786136656
6154511567577,Boomba Bamboo,"Bambus-Bettbezug „Moosgrün“, 400TC",https://www.maisondecocon.com/products/bamboo-duvet-cover-deep-moss-400tc?variant=54471594115405,6154511567577,"Ein seidenweicher Bettbezug aus Bambus mit einer Fadenzahl von 400TC in dem satten Farbton „Moosgrün“ – atmungsaktiv, hypoallergen und wahlweise mit Bambus-Knopfverschluss oder Einsteckstreifen erhältlich.",369.00,Heimtextilien > Bettwäsche > Bettbezüge,240x220 cm,Deep Moss,9.00,0.00,0.00,4-7 Werktage,https://cdn.shopify.com/s/files/1/0884/0278/8685/files/bamboo-duvet-cover-deep-moss-bedroom-lifestyle-1.jpg?v=1786136656;https://cdn.shopify.com/s/files/1/0884/0278/8685/files/bamboo-duvet-cover-deep-moss-bamboo-button-detail.jpg?v=1786136756;https://cdn.shopify.com/s/files/1/0884/0278/8685/files/bamboo-duvet-cover-deep-moss-bedroom-lifestyle-2.jpg?v=1786136656;https://cdn.shopify.com/s/files/1/0884/0278/8685/files/bamboo-duvet-cover-deep-moss-fabric-detail-1.jpg?v=1786136656;https://cdn.shopify.com/s/files/1/0884/0278/8685/files/bamboo-duvet-cover-deep-moss-bedroom-lifestyle-3.jpg?v=1786136656;https://cdn.shopify.com/s/files/1/0884/0278/8685/files/bamboo-duvet-cover-deep-moss-tuck-in-strip-detail.jpg?v=1786136756;https://cdn.shopify.com/s/files/1/0884/0278/8685/files/bamboo-duvet-cover-deep-moss-bedroom-lifestyle-4.jpg?v=1786136656;https://cdn.shopify.com/s/files/1/0884/0278/8685/files/bamboo-duvet-cover-deep-moss-fabric-detail-2.jpg?v=1786136756;https://cdn.shopify.com/s/files/1/0884/0278/8685/files/bamboo-duvet-cover-deep-moss-bedroom-lifestyle-5.jpg?v=1786136702;https://cdn.shopify.com/s/files/1/0884/0278/8685/files/bamboo-duvet-cover-deep-moss-packaging.jpg?v=1786136656
6154512077020,Boomba Bamboo,"Bambus-Bettbezug „Moosgrün“, 400TC",https://www.maisondecocon.com/products/bamboo-duvet-cover-deep-moss-400tc?variant=54471594377549,6154512077020,"Ein seidenweicher Bettbezug aus Bambus mit einer Fadenzahl von 400TC in dem satten Farbton „Moosgrün“ – atmungsaktiv, hypoallergen und wahlweise mit Bambus-Knopfverschluss oder Einsteckstreifen erhältlich.",282.00,Heimtextilien > Bettwäsche > Bettbezüge,140x200 cm,Deep Moss,9.00,0.00,0.00,4-7 Werktage,https://cdn.shopify.com/s/files/1/0884/0278/8685/files/bamboo-duvet-cover-deep-moss-bedroom-lifestyle-1.jpg?v=1786136656;https://cdn.shopify.com/s/files/1/0884/0278/8685/files/bamboo-duvet-cover-deep-moss-bamboo-button-detail.jpg?v=1786136756;https://cdn.shopify.com/s/files/1/0884/0278/8685/files/bamboo-duvet-cover-deep-moss-bedroom-lifestyle-2.jpg?v=1786136656;https://cdn.shopify.com/s/files/1/0884/0278/8685/files/bamboo-duvet-cover-deep-moss-fabric-detail-1.jpg?v=1786136656;https://cdn.shopify.com/s/files/1/0884/0278/8685/files/bamboo-duvet-cover-deep-moss-bedroom-lifestyle-3.jpg?v=1786136656;https://cdn.shopify.com/s/files/1/0884/0278/8685/files/bamboo-duvet-cover-deep-moss-tuck-in-strip-detail.jpg?v=1786136756;https://cdn.shopify.com/s/files/1/0884/0278/8685/files/bamboo-duvet-cover-deep-moss-bedroom-lifestyle-4.jpg?v=1786136656;https://cdn.shopify.com/s/files/1/0884/0278/8685/files/bamboo-duvet-cover-deep-moss-fabric-detail-2.jpg?v=1786136756;https://cdn.shopify.com/s/files/1/0884/0278/8685/files/bamboo-duvet-cover-deep-moss-bedroom-lifestyle-5.jpg?v=1786136702;https://cdn.shopify.com/s/files/1/0884/0278/8685/files/bamboo-duvet-cover-deep-moss-packaging.jpg?v=1786136656
6154512390341,Boomba Bamboo,"Bambus-Bettbezug „Moosgrün“, 400TC",https://www.maisondecocon.com/products/bamboo-duvet-cover-deep-moss-400tc?variant=54471594049869,6154512390341,"Ein seidenweicher Bettbezug aus Bambus mit einer Fadenzahl von 400TC in dem satten Farbton „Moosgrün“ – atmungsaktiv, hypoallergen und wahlweise mit Bambus-Knopfverschluss oder Einsteckstreifen erhältlich.",420.00,Heimtextilien > Bettwäsche > Bettbezüge,260x240/220 cm,Deep Moss,9.00,0.00,0.00,4-7 Werktage,https://cdn.shopify.com/s/files/1/0884/0278/8685/files/bamboo-duvet-cover-deep-moss-bedroom-lifestyle-1.jpg?v=1786136656;https://cdn.shopify.com/s/files/1/0884/0278/8685/files/bamboo-duvet-cover-deep-moss-bamboo-button-detail.jpg?v=1786136756;https://cdn.shopify.com/s/files/1/0884/0278/8685/files/bamboo-duvet-cover-deep-moss-bedroom-lifestyle-2.jpg?v=1786136656;https://cdn.shopify.com/s/files/1/0884/0278/8685/files/bamboo-duvet-cover-deep-moss-fabric-detail-1.jpg?v=1786136656;https://cdn.shopify.com/s/files/1/0884/0278/8685/files/bamboo-duvet-cover-deep-moss-bedroom-lifestyle-3.jpg?v=1786136656;https://cdn.shopify.com/s/files/1/0884/0278/8685/files/bamboo-duvet-cover-deep-moss-tuck-in-strip-detail.jpg?v=1786136756;https://cdn.shopify.com/s/files/1/0884/0278/8685/files/bamboo-duvet-cover-deep-moss-bedroom-lifestyle-4.jpg?v=1786136656;https://cdn.shopify.com/s/files/1/0884/0278/8685/files/bamboo-duvet-cover-deep-moss-fabric-detail-2.jpg?v=1786136756;https://cdn.shopify.com/s/files/1/0884/0278/8685/files/bamboo-duvet-cover-deep-moss-bedroom-lifestyle-5.jpg?v=1786136702;https://cdn.shopify.com/s/files/1/0884/0278/8685/files/bamboo-duvet-cover-deep-moss-packaging.jpg?v=1786136656
6154511529513,Boomba Bamboo,"Bambus-Bettbezug „Moosgrün“, 400TC",https://www.maisondecocon.com/products/bamboo-duvet-cover-deep-moss-400tc?variant=54471594246477,6154511529513,"Ein seidenweicher Bettbezug aus Bambus mit einer Fadenzahl von 400TC in dem satten Farbton „Moosgrün“ – atmungsaktiv, hypoallergen und wahlweise mit Bambus-Knopfverschluss oder Einsteckstreifen erhältlich.",300.00,Heimtextilien > Bettwäsche > Bettbezüge,200x200 cm,Deep Moss,9.00,0.00,0.00,4-7 Werktage,https://cdn.shopify.com/s/files/1/0884/0278/8685/files/bamboo-duvet-cover-deep-moss-bedroom-lifestyle-1.jpg?v=1786136656;https://cdn.shopify.com/s/files/1/0884/0278/8685/files/bamboo-duvet-cover-deep-moss-bamboo-button-detail.jpg?v=1786136756;https://cdn.shopify.com/s/files/1/0884/0278/8685/files/bamboo-duvet-cover-deep-moss-bedroom-lifestyle-2.jpg?v=1786136656;https://cdn.shopify.com/s/files/1/0884/0278/8685/files/bamboo-duvet-cover-deep-moss-fabric-detail-1.jpg?v=1786136656;https://cdn.shopify.com/s/files/1/0884/0278/8685/files/bamboo-duvet-cover-deep-moss-bedroom-lifestyle-3.jpg?v=1786136656;https://cdn.shopify.com/s/files/1/0884/0278/8685/files/bamboo-duvet-cover-deep-moss-tuck-in-strip-detail.jpg?v=1786136756;https://cdn.shopify.com/s/files/1/0884/0278/8685/files/bamboo-duvet-cover-deep-moss-bedroom-lifestyle-4.jpg?v=1786136656;https://cdn.shopify.com/s/files/1/0884/0278/8685/files/bamboo-duvet-cover-deep-moss-fabric-detail-2.jpg?v=1786136756;https://cdn.shopify.com/s/files/1/0884/0278/8685/files/bamboo-duvet-cover-deep-moss-bedroom-lifestyle-5.jpg?v=1786136702;https://cdn.shopify.com/s/files/1/0884/0278/8685/files/bamboo-duvet-cover-deep-moss-packaging.jpg?v=1786136656
6154512219246,Boomba Bamboo,"Bambus-Bettbezug „Moosgrün“, 400TC",https://www.maisondecocon.com/products/bamboo-duvet-cover-deep-moss-400tc?variant=54471594213709,6154512219246,"Ein seidenweicher Bettbezug aus Bambus mit einer Fadenzahl von 400TC in dem satten Farbton „Moosgrün“ – atmungsaktiv, hypoallergen und wahlweise mit Bambus-Knopfverschluss oder Einsteckstreifen erhältlich.",318.00,Heimtextilien > Bettwäsche > Bettbezüge,200x200 cm,Deep Moss,9.00,0.00,0.00,4-7 Werktage,https://cdn.shopify.com/s/files/1/0884/0278/8685/files/bamboo-duvet-cover-deep-moss-bedroom-lifestyle-1.jpg?v=1786136656;https://cdn.shopify.com/s/files/1/0884/0278/8685/files/bamboo-duvet-cover-deep-moss-bamboo-button-detail.jpg?v=1786136756;https://cdn.shopify.com/s/files/1/0884/0278/8685/files/bamboo-duvet-cover-deep-moss-bedroom-lifestyle-2.jpg?v=1786136656;https://cdn.shopify.com/s/files/1/0884/0278/8685/files/bamboo-duvet-cover-deep-moss-fabric-detail-1.jpg?v=1786136656;https://cdn.shopify.com/s/files/1/0884/0278/8685/files/bamboo-duvet-cover-deep-moss-bedroom-lifestyle-3.jpg?v=1786136656;https://cdn.shopify.com/s/files/1/0884/0278/8685/files/bamboo-duvet-cover-deep-moss-tuck-in-strip-detail.jpg?v=1786136756;https://cdn.shopify.com/s/files/1/0884/0278/8685/files/bamboo-duvet-cover-deep-moss-bedroom-lifestyle-4.jpg?v=1786136656;https://cdn.shopify.com/s/files/1/0884/0278/8685/files/bamboo-duvet-cover-deep-moss-fabric-detail-2.jpg?v=1786136756;https://cdn.shopify.com/s/files/1/0884/0278/8685/files/bamboo-duvet-cover-deep-moss-bedroom-lifestyle-5.jpg?v=1786136702;https://cdn.shopify.com/s/files/1/0884/0278/8685/files/bamboo-duvet-cover-deep-moss-packaging.jpg?v=1786136656
6154512267230,Boomba Bamboo,"Bambus-Bettbezug „Moosgrün“, 400TC",https://www.maisondecocon.com/products/bamboo-duvet-cover-deep-moss-400tc?variant=54471594148173,6154512267230,"Ein seidenweicher Bettbezug aus Bambus mit einer Fadenzahl von 400TC in dem satten Farbton „Moosgrün“ – atmungsaktiv, hypoallergen und wahlweise mit Bambus-Knopfverschluss oder Einsteckstreifen erhältlich.",336.00,Heimtextilien > Bettwäsche > Bettbezüge,200x220/210 cm,Deep Moss,9.00,0.00,0.00,4-7 Werktage,https://cdn.shopify.com/s/files/1/0884/0278/8685/files/bamboo-duvet-cover-deep-moss-bedroom-lifestyle-1.jpg?v=1786136656;https://cdn.shopify.com/s/files/1/0884/0278/8685/files/bamboo-duvet-cover-deep-moss-bamboo-button-detail.jpg?v=1786136756;https://cdn.shopify.com/s/files/1/0884/0278/8685/files/bamboo-duvet-cover-deep-moss-bedroom-lifestyle-2.jpg?v=1786136656;https://cdn.shopify.com/s/files/1/0884/0278/8685/files/bamboo-duvet-cover-deep-moss-fabric-detail-1.jpg?v=1786136656;https://cdn.shopify.com/s/files/1/0884/0278/8685/files/bamboo-duvet-cover-deep-moss-bedroom-lifestyle-3.jpg?v=1786136656;https://cdn.shopify.com/s/files/1/0884/0278/8685/files/bamboo-duvet-cover-deep-moss-tuck-in-strip-detail.jpg?v=1786136756;https://cdn.shopify.com/s/files/1/0884/0278/8685/files/bamboo-duvet-cover-deep-moss-bedroom-lifestyle-4.jpg?v=1786136656;https://cdn.shopify.com/s/files/1/0884/0278/8685/files/bamboo-duvet-cover-deep-moss-fabric-detail-2.jpg?v=1786136756;https://cdn.shopify.com/s/files/1/0884/0278/8685/files/bamboo-duvet-cover-deep-moss-bedroom-lifestyle-5.jpg?v=1786136702;https://cdn.shopify.com/s/files/1/0884/0278/8685/files/bamboo-duvet-cover-deep-moss-packaging.jpg?v=1786136656
6154511734733,Boomba Bamboo,"Bambus-Bettbezug „Moosgrün“, 400TC",https://www.maisondecocon.com/products/bamboo-duvet-cover-deep-moss-400tc?variant=54471594082637,6154511734733,"Ein seidenweicher Bettbezug aus Bambus mit einer Fadenzahl von 400TC in dem satten Farbton „Moosgrün“ – atmungsaktiv, hypoallergen und wahlweise mit Bambus-Knopfverschluss oder Einsteckstreifen erhältlich.",402.00,Heimtextilien > Bettwäsche > Bettbezüge,260x240/220 cm,Deep Moss,9.00,0.00,0.00,4-7 Werktage,https://cdn.shopify.com/s/files/1/0884/0278/8685/files/bamboo-duvet-cover-deep-moss-bedroom-lifestyle-1.jpg?v=1786136656;https://cdn.shopify.com/s/files/1/0884/0278/8685/files/bamboo-duvet-cover-deep-moss-bamboo-button-detail.jpg?v=1786136756;https://cdn.shopify.com/s/files/1/0884/0278/8685/files/bamboo-duvet-cover-deep-moss-bedroom-lifestyle-2.jpg?v=1786136656;https://cdn.shopify.com/s/files/1/0884/0278/8685/files/bamboo-duvet-cover-deep-moss-fabric-detail-1.jpg?v=1786136656;https://cdn.shopify.com/s/files/1/0884/0278/8685/files/bamboo-duvet-cover-deep-moss-bedroom-lifestyle-3.jpg?v=1786136656;https://cdn.shopify.com/s/files/1/0884/0278/8685/files/bamboo-duvet-cover-deep-moss-tuck-in-strip-detail.jpg?v=1786136756;https://cdn.shopify.com/s/files/1/0884/0278/8685/files/bamboo-duvet-cover-deep-moss-bedroom-lifestyle-4.jpg?v=1786136656;https://cdn.shopify.com/s/files/1/0884/0278/8685/files/bamboo-duvet-cover-deep-moss-fabric-detail-2.jpg?v=1786136756;https://cdn.shopify.com/s/files/1/0884/0278/8685/files/bamboo-duvet-cover-deep-moss-bedroom-lifestyle-5.jpg?v=1786136702;https://cdn.shopify.com/s/files/1/0884/0278/8685/files/bamboo-duvet-cover-deep-moss-packaging.jpg?v=1786136656
6154512333379,Boomba Bamboo,"Bambus-Bettbezug „Moosgrün“, 400TC",https://www.maisondecocon.com/products/bamboo-duvet-cover-deep-moss-400tc?variant=54471594344781,6154512333379,"Ein seidenweicher Bettbezug aus Bambus mit einer Fadenzahl von 400TC in dem satten Farbton „Moosgrün“ – atmungsaktiv, hypoallergen und wahlweise mit Bambus-Knopfverschluss oder Einsteckstreifen erhältlich.",387.00,Heimtextilien > Bettwäsche > Bettbezüge,240x220 cm,Deep Moss,9.00,0.00,0.00,4-7 Werktage,https://cdn.shopify.com/s/files/1/0884/0278/8685/files/bamboo-duvet-cover-deep-moss-bedroom-lifestyle-1.jpg?v=1786136656;https://cdn.shopify.com/s/files/1/0884/0278/8685/files/bamboo-duvet-cover-deep-moss-bamboo-button-detail.jpg?v=1786136756;https://cdn.shopify.com/s/files/1/0884/0278/8685/files/bamboo-duvet-cover-deep-moss-bedroom-lifestyle-2.jpg?v=1786136656;https://cdn.shopify.com/s/files/1/0884/0278/8685/files/bamboo-duvet-cover-deep-moss-fabric-detail-1.jpg?v=1786136656;https://cdn.shopify.com/s/files/1/0884/0278/8685/files/bamboo-duvet-cover-deep-moss-bedroom-lifestyle-3.jpg?v=1786136656;https://cdn.shopify.com/s/files/1/0884/0278/8685/files/bamboo-duvet-cover-deep-moss-tuck-in-strip-detail.jpg?v=1786136756;https://cdn.shopify.com/s/files/1/0884/0278/8685/files/bamboo-duvet-cover-deep-moss-bedroom-lifestyle-4.jpg?v=1786136656;https://cdn.shopify.com/s/files/1/0884/0278/8685/files/bamboo-duvet-cover-deep-moss-fabric-detail-2.jpg?v=1786136756;https://cdn.shopify.com/s/files/1/0884/0278/8685/files/bamboo-duvet-cover-deep-moss-bedroom-lifestyle-5.jpg?v=1786136702;https://cdn.shopify.com/s/files/1/0884/0278/8685/files/bamboo-duvet-cover-deep-moss-packaging.jpg?v=1786136656
6154511546527,Boomba Bamboo,"Bambus-Bettbezug „Moosgrün“, 400TC",https://www.maisondecocon.com/products/bamboo-duvet-cover-deep-moss-400tc?variant=54471594180941,6154511546527,"Ein seidenweicher Bettbezug aus Bambus mit einer Fadenzahl von 400TC in dem satten Farbton „Moosgrün“ – atmungsaktiv, hypoallergen und wahlweise mit Bambus-Knopfverschluss oder Einsteckstreifen erhältlich.",318.00,Heimtextilien > Bettwäsche > Bettbezüge,200x220/210 cm,Deep Moss,9.00,0.00,0.00,4-7 Werktage,https://cdn.shopify.com/s/files/1/0884/0278/8685/files/bamboo-duvet-cover-deep-moss-bedroom-lifestyle-1.jpg?v=1786136656;https://cdn.shopify.com/s/files/1/0884/0278/8685/files/bamboo-duvet-cover-deep-moss-bamboo-button-detail.jpg?v=1786136756;https://cdn.shopify.com/s/files/1/0884/0278/8685/files/bamboo-duvet-cover-deep-moss-bedroom-lifestyle-2.jpg?v=1786136656;https://cdn.shopify.com/s/files/1/0884/0278/8685/files/bamboo-duvet-cover-deep-moss-fabric-detail-1.jpg?v=1786136656;https://cdn.shopify.com/s/files/1/0884/0278/8685/files/bamboo-duvet-cover-deep-moss-bedroom-lifestyle-3.jpg?v=1786136656;https://cdn.shopify.com/s/files/1/0884/0278/8685/files/bamboo-duvet-cover-deep-moss-tuck-in-strip-detail.jpg?v=1786136756;https://cdn.shopify.com/s/files/1/0884/0278/8685/files/bamboo-duvet-cover-deep-moss-bedroom-lifestyle-4.jpg?v=1786136656;https://cdn.shopify.com/s/files/1/0884/0278/8685/files/bamboo-duvet-cover-deep-moss-fabric-detail-2.jpg?v=1786136756;https://cdn.shopify.com/s/files/1/0884/0278/8685/files/bamboo-duvet-cover-deep-moss-bedroom-lifestyle-5.jpg?v=1786136702;https://cdn.shopify.com/s/files/1/0884/0278/8685/files/bamboo-duvet-cover-deep-moss-packaging.jpg?v=1786136656
6154511275236,Boomba Bamboo,"Bambus-Bettbezug „Moosgrün“, 400TC",https://www.maisondecocon.com/products/bamboo-duvet-cover-deep-moss-400tc?variant=54471594410317,6154511275236,"Ein seidenweicher Bettbezug aus Bambus mit einer Fadenzahl von 400TC in dem satten Farbton „Moosgrün“ – atmungsaktiv, hypoallergen und wahlweise mit Bambus-Knopfverschluss oder Einsteckstreifen erhältlich.",258.00,Heimtextilien > Bettwäsche > Bettbezüge,140x200 cm,Deep Moss,9.00,0.00,0.00,4-7 Werktage,https://cdn.shopify.com/s/files/1/0884/0278/8685/files/bamboo-duvet-cover-deep-moss-bedroom-lifestyle-1.jpg?v=1786136656;https://cdn.shopify.com/s/files/1/0884/0278/8685/files/bamboo-duvet-cover-deep-moss-bamboo-button-detail.jpg?v=1786136756;https://cdn.shopify.com/s/files/1/0884/0278/8685/files/bamboo-duvet-cover-deep-moss-bedroom-lifestyle-2.jpg?v=1786136656;https://cdn.shopify.com/s/files/1/0884/0278/8685/files/bamboo-duvet-cover-deep-moss-fabric-detail-1.jpg?v=1786136656;https://cdn.shopify.com/s/files/1/0884/0278/8685/files/bamboo-duvet-cover-deep-moss-bedroom-lifestyle-3.jpg?v=1786136656;https://cdn.shopify.com/s/files/1/0884/0278/8685/files/bamboo-duvet-cover-deep-moss-tuck-in-strip-detail.jpg?v=1786136756;https://cdn.shopify.com/s/files/1/0884/0278/8685/files/bamboo-duvet-cover-deep-moss-bedroom-lifestyle-4.jpg?v=1786136656;https://cdn.shopify.com/s/files/1/0884/0278/8685/files/bamboo-duvet-cover-deep-moss-fabric-detail-2.jpg?v=1786136756;https://cdn.shopify.com/s/files/1/0884/0278/8685/files/bamboo-duvet-cover-deep-moss-bedroom-lifestyle-5.jpg?v=1786136702;https://cdn.shopify.com/s/files/1/0884/0278/8685/files/bamboo-duvet-cover-deep-moss-packaging.jpg?v=1786136656
6154512115180,Boomba Bamboo,"Bambus-Bettbezug „Moosgrün“, 400TC",https://www.maisondecocon.com/products/bamboo-duvet-cover-deep-moss-400tc?variant=54471594279245,6154512115180,"Ein seidenweicher Bettbezug aus Bambus mit einer Fadenzahl von 400TC in dem satten Farbton „Moosgrün“ – atmungsaktiv, hypoallergen und wahlweise mit Bambus-Knopfverschluss oder Einsteckstreifen erhältlich.",297.00,Heimtextilien > Bettwäsche > Bettbezüge,140x220 cm,Deep Moss,9.00,0.00,0.00,4-7 Werktage,https://cdn.shopify.com/s/files/1/0884/0278/8685/files/bamboo-duvet-cover-deep-moss-bedroom-lifestyle-1.jpg?v=1786136656;https://cdn.shopify.com/s/files/1/0884/0278/8685/files/bamboo-duvet-cover-deep-moss-bamboo-button-detail.jpg?v=1786136756;https://cdn.shopify.com/s/files/1/0884/0278/8685/files/bamboo-duvet-cover-deep-moss-bedroom-lifestyle-2.jpg?v=1786136656;https://cdn.shopify.com/s/files/1/0884/0278/8685/files/bamboo-duvet-cover-deep-moss-fabric-detail-1.jpg?v=1786136656;https://cdn.shopify.com/s/files/1/0884/0278/8685/files/bamboo-duvet-cover-deep-moss-bedroom-lifestyle-3.jpg?v=1786136656;https://cdn.shopify.com/s/files/1/0884/0278/8685/files/bamboo-duvet-cover-deep-moss-tuck-in-strip-detail.jpg?v=1786136756;https://cdn.shopify.com/s/files/1/0884/0278/8685/files/bamboo-duvet-cover-deep-moss-bedroom-lifestyle-4.jpg?v=1786136656;https://cdn.shopify.com/s/files/1/0884/0278/8685/files/bamboo-duvet-cover-deep-moss-fabric-detail-2.jpg?v=1786136756;https://cdn.shopify.com/s/files/1/0884/0278/8685/files/bamboo-duvet-cover-deep-moss-bedroom-lifestyle-5.jpg?v=1786136702;https://cdn.shopify.com/s/files/1/0884/0278/8685/files/bamboo-duvet-cover-deep-moss-packaging.jpg?v=1786136656
8720618860248,Boomba Bamboo,"Kissenbezüge aus Bambus, salbeigrün, 400TC – 2er-Set",https://www.maisondecocon.com/products/bamboo-pillowcases-sage-green-400tc?variant=54471594443085,8720618860248,"Verleihen Sie Ihrem Schlafzimmer mit diesen Kissenbezügen aus Bambus mit einer Fadenzahl von 400TC in zartem Salbeigrün eine natürliche, harmonische Note – seidig weich und hypoallergen.",93.00,Heimtextilien > Bettwäsche > Kissenbezüge,40x80 cm,Sage Green,9.00,0.00,0.00,4-7 Werktage,https://cdn.shopify.com/s/files/1/0884/0278/8685/files/bamboo-pillowcases-sage-green-bench-lifestyle.jpg?v=1786130554;https://cdn.shopify.com/s/files/1/0884/0278/8685/files/bamboo-pillowcases-sage-green-fabric-swirl.jpg?v=1786130569;https://cdn.shopify.com/s/files/1/0884/0278/8685/files/bamboo-pillowcases-sage-green-chair-styled.jpg?v=1786130601;https://cdn.shopify.com/s/files/1/0884/0278/8685/files/bamboo-pillowcases-sage-green-bed-wood-frame.jpg?v=1786130612;https://cdn.shopify.com/s/files/1/0884/0278/8685/files/bamboo-pillowcases-sage-green-bedroom-window.jpg?v=1786130628;https://cdn.shopify.com/s/files/1/0884/0278/8685/files/bamboo-pillowcases-sage-green-packaging.jpg?v=1786130638
8720618860262,Boomba Bamboo,"Kissenbezüge aus Bambus, salbeigrün, 400TC – 2er-Set",https://www.maisondecocon.com/products/bamboo-pillowcases-sage-green-400tc?variant=54471594508621,8720618860262,"Verleihen Sie Ihrem Schlafzimmer mit diesen Kissenbezügen aus Bambus mit einer Fadenzahl von 400TC in zartem Salbeigrün eine natürliche, harmonische Note – seidig weich und hypoallergen.",99.00,Heimtextilien > Bettwäsche > Kissenbezüge,60x70 cm,Sage Green,9.00,0.00,0.00,4-7 Werktage,https://cdn.shopify.com/s/files/1/0884/0278/8685/files/bamboo-pillowcases-sage-green-bench-lifestyle.jpg?v=1786130554;https://cdn.shopify.com/s/files/1/0884/0278/8685/files/bamboo-pillowcases-sage-green-fabric-swirl.jpg?v=1786130569;https://cdn.shopify.com/s/files/1/0884/0278/8685/files/bamboo-pillowcases-sage-green-chair-styled.jpg?v=1786130601;https://cdn.shopify.com/s/files/1/0884/0278/8685/files/bamboo-pillowcases-sage-green-bed-wood-frame.jpg?v=1786130612;https://cdn.shopify.com/s/files/1/0884/0278/8685/files/bamboo-pillowcases-sage-green-bedroom-window.jpg?v=1786130628;https://cdn.shopify.com/s/files/1/0884/0278/8685/files/bamboo-pillowcases-sage-green-packaging.jpg?v=1786130638
8720618860255,Boomba Bamboo,"Kissenbezüge aus Bambus, salbeigrün, 400TC – 2er-Set",https://www.maisondecocon.com/products/bamboo-pillowcases-sage-green-400tc?variant=54471594475853,8720618860255,"Verleihen Sie Ihrem Schlafzimmer mit diesen Kissenbezügen aus Bambus mit einer Fadenzahl von 400TC in zartem Salbeigrün eine natürliche, harmonische Note – seidig weich und hypoallergen.",96.00,Heimtextilien > Bettwäsche > Kissenbezüge,50x75 cm,Sage Green,9.00,0.00,0.00,4-7 Werktage,https://cdn.shopify.com/s/files/1/0884/0278/8685/files/bamboo-pillowcases-sage-green-bench-lifestyle.jpg?v=1786130554;https://cdn.shopify.com/s/files/1/0884/0278/8685/files/bamboo-pillowcases-sage-green-fabric-swirl.jpg?v=1786130569;https://cdn.shopify.com/s/files/1/0884/0278/8685/files/bamboo-pillowcases-sage-green-chair-styled.jpg?v=1786130601;https://cdn.shopify.com/s/files/1/0884/0278/8685/files/bamboo-pillowcases-sage-green-bed-wood-frame.jpg?v=1786130612;https://cdn.shopify.com/s/files/1/0884/0278/8685/files/bamboo-pillowcases-sage-green-bedroom-window.jpg?v=1786130628;https://cdn.shopify.com/s/files/1/0884/0278/8685/files/bamboo-pillowcases-sage-green-packaging.jpg?v=1786130638
8720648154584,Boomba Bamboo,"Bambus-Spannbetttuch, Soft Taupe, 400TC",https://www.maisondecocon.com/products/bamboo-fitted-sheet-soft-taupe-400tc?variant=54471594639693,8720648154584,"Ein seidenweiches Spannbetttuch aus Bambus mit einer Fadenzahl von 400TC in elegantem Soft Taupe – atmungsaktiv, hypoallergen und angenehm kühl auf der Haut, mit einem passgenauen Gummizug für Matratzen mit einer Höhe von bis zu 30 cm.",165.00,Heimtextilien > Bettwäsche > Spannbettlaken,180x220/210 cm,Soft taupe,9.00,0.00,0.00,4-7 Werktage,https://cdn.shopify.com/s/files/1/0884/0278/8685/files/bamboo-fitted-sheet-soft-taupe-seam-detail.jpg?v=1786183469;https://cdn.shopify.com/s/files/1/0884/0278/8685/files/bamboo-fitted-sheet-soft-taupe-bedroom-lifestyle.jpg?v=1786183469;https://cdn.shopify.com/s/files/1/0884/0278/8685/files/bamboo-fitted-sheet-soft-taupe-corner-loose.jpg?v=1786183469;https://cdn.shopify.com/s/files/1/0884/0278/8685/files/bamboo-fitted-sheet-soft-taupe-fabric-drape.jpg?v=1786183469;https://cdn.shopify.com/s/files/1/0884/0278/8685/files/bamboo-fitted-sheet-soft-taupe-bedroom-detail.jpg?v=1786183469;https://cdn.shopify.com/s/files/1/0884/0278/8685/files/bamboo-fitted-sheet-soft-taupe-bedroom-full.jpg?v=1786183469;https://cdn.shopify.com/s/files/1/0884/0278/8685/files/bamboo-fitted-sheet-soft-taupe-bedroom-front.jpg?v=1786183469
8720618860668,Boomba Bamboo,"Bambus-Spannbetttuch, Soft Taupe, 400TC",https://www.maisondecocon.com/products/bamboo-fitted-sheet-soft-taupe-400tc?variant=54471594737997,8720618860668,"Ein seidenweiches Spannbetttuch aus Bambus mit einer Fadenzahl von 400TC in elegantem Soft Taupe – atmungsaktiv, hypoallergen und angenehm kühl auf der Haut, mit einem passgenauen Gummizug für Matratzen mit einer Höhe von bis zu 30 cm.",132.00,Heimtextilien > Bettwäsche > Spannbettlaken,90x210 cm,Soft taupe,9.00,0.00,0.00,4-7 Werktage,https://cdn.shopify.com/s/files/1/0884/0278/8685/files/bamboo-fitted-sheet-soft-taupe-seam-detail.jpg?v=1786183469;https://cdn.shopify.com/s/files/1/0884/0278/8685/files/bamboo-fitted-sheet-soft-taupe-bedroom-lifestyle.jpg?v=1786183469;https://cdn.shopify.com/s/files/1/0884/0278/8685/files/bamboo-fitted-sheet-soft-taupe-corner-loose.jpg?v=1786183469;https://cdn.shopify.com/s/files/1/0884/0278/8685/files/bamboo-fitted-sheet-soft-taupe-fabric-drape.jpg?v=1786183469;https://cdn.shopify.com/s/files/1/0884/0278/8685/files/bamboo-fitted-sheet-soft-taupe-bedroom-detail.jpg?v=1786183469;https://cdn.shopify.com/s/files/1/0884/0278/8685/files/bamboo-fitted-sheet-soft-taupe-bedroom-full.jpg?v=1786183469;https://cdn.shopify.com/s/files/1/0884/0278/8685/files/bamboo-fitted-sheet-soft-taupe-bedroom-front.jpg?v=1786183469
8720828225820,Boomba Bamboo,"Bambus-Spannbetttuch, Soft Taupe, 400TC",https://www.maisondecocon.com/products/bamboo-fitted-sheet-soft-taupe-400tc?variant=54471594803533,8720828225820,"Ein seidenweiches Spannbetttuch aus Bambus mit einer Fadenzahl von 400TC in elegantem Soft Taupe – atmungsaktiv, hypoallergen und angenehm kühl auf der Haut, mit einem passgenauen Gummizug für Matratzen mit einer Höhe von bis zu 30 cm.",156.00,Heimtextilien > Bettwäsche > Spannbettlaken,160x220/210,Soft taupe,9.00,0.00,0.00,4-7 Werktage,https://cdn.shopify.com/s/files/1/0884/0278/8685/files/bamboo-fitted-sheet-soft-taupe-seam-detail.jpg?v=1786183469;https://cdn.shopify.com/s/files/1/0884/0278/8685/files/bamboo-fitted-sheet-soft-taupe-bedroom-lifestyle.jpg?v=1786183469;https://cdn.shopify.com/s/files/1/0884/0278/8685/files/bamboo-fitted-sheet-soft-taupe-corner-loose.jpg?v=1786183469;https://cdn.shopify.com/s/files/1/0884/0278/8685/files/bamboo-fitted-sheet-soft-taupe-fabric-drape.jpg?v=1786183469;https://cdn.shopify.com/s/files/1/0884/0278/8685/files/bamboo-fitted-sheet-soft-taupe-bedroom-detail.jpg?v=1786183469;https://cdn.shopify.com/s/files/1/0884/0278/8685/files/bamboo-fitted-sheet-soft-taupe-bedroom-full.jpg?v=1786183469;https://cdn.shopify.com/s/files/1/0884/0278/8685/files/bamboo-fitted-sheet-soft-taupe-bedroom-front.jpg?v=1786183469
8720648154577,Boomba Bamboo,"Bambus-Spannbetttuch, Soft Taupe, 400TC",https://www.maisondecocon.com/products/bamboo-fitted-sheet-soft-taupe-400tc?variant=54471594770765,8720648154577,"Ein seidenweiches Spannbetttuch aus Bambus mit einer Fadenzahl von 400TC in elegantem Soft Taupe – atmungsaktiv, hypoallergen und angenehm kühl auf der Haut, mit einem passgenauen Gummizug für Matratzen mit einer Höhe von bis zu 30 cm.",162.00,Heimtextilien > Bettwäsche > Spannbettlaken,180x210 cm,Soft taupe,9.00,0.00,0.00,4-7 Werktage,https://cdn.shopify.com/s/files/1/0884/0278/8685/files/bamboo-fitted-sheet-soft-taupe-seam-detail.jpg?v=1786183469;https://cdn.shopify.com/s/files/1/0884/0278/8685/files/bamboo-fitted-sheet-soft-taupe-bedroom-lifestyle.jpg?v=1786183469;https://cdn.shopify.com/s/files/1/0884/0278/8685/files/bamboo-fitted-sheet-soft-taupe-corner-loose.jpg?v=1786183469;https://cdn.shopify.com/s/files/1/0884/0278/8685/files/bamboo-fitted-sheet-soft-taupe-fabric-drape.jpg?v=1786183469;https://cdn.shopify.com/s/files/1/0884/0278/8685/files/bamboo-fitted-sheet-soft-taupe-bedroom-detail.jpg?v=1786183469;https://cdn.shopify.com/s/files/1/0884/0278/8685/files/bamboo-fitted-sheet-soft-taupe-bedroom-full.jpg?v=1786183469;https://cdn.shopify.com/s/files/1/0884/0278/8685/files/bamboo-fitted-sheet-soft-taupe-bedroom-front.jpg?v=1786183469
8720648154614,Boomba Bamboo,"Bambus-Spannbetttuch, Soft Taupe, 400TC",https://www.maisondecocon.com/products/bamboo-fitted-sheet-soft-taupe-400tc?variant=54471594705229,8720648154614,"Ein seidenweiches Spannbetttuch aus Bambus mit einer Fadenzahl von 400TC in elegantem Soft Taupe – atmungsaktiv, hypoallergen und angenehm kühl auf der Haut, mit einem passgenauen Gummizug für Matratzen mit einer Höhe von bis zu 30 cm.",180.00,Heimtextilien > Bettwäsche > Spannbettlaken,200x220/210 cm,Soft taupe,9.00,0.00,0.00,4-7 Werktage,https://cdn.shopify.com/s/files/1/0884/0278/8685/files/bamboo-fitted-sheet-soft-taupe-seam-detail.jpg?v=1786183469;https://cdn.shopify.com/s/files/1/0884/0278/8685/files/bamboo-fitted-sheet-soft-taupe-bedroom-lifestyle.jpg?v=1786183469;https://cdn.shopify.com/s/files/1/0884/0278/8685/files/bamboo-fitted-sheet-soft-taupe-corner-loose.jpg?v=1786183469;https://cdn.shopify.com/s/files/1/0884/0278/8685/files/bamboo-fitted-sheet-soft-taupe-fabric-drape.jpg?v=1786183469;https://cdn.shopify.com/s/files/1/0884/0278/8685/files/bamboo-fitted-sheet-soft-taupe-bedroom-detail.jpg?v=1786183469;https://cdn.shopify.com/s/files/1/0884/0278/8685/files/bamboo-fitted-sheet-soft-taupe-bedroom-full.jpg?v=1786183469;https://cdn.shopify.com/s/files/1/0884/0278/8685/files/bamboo-fitted-sheet-soft-taupe-bedroom-front.jpg?v=1786183469
8720648154560,Boomba Bamboo,"Bambus-Spannbetttuch, Soft Taupe, 400TC",https://www.maisondecocon.com/products/bamboo-fitted-sheet-soft-taupe-400tc?variant=54471594869069,8720648154560,"Ein seidenweiches Spannbetttuch aus Bambus mit einer Fadenzahl von 400TC in elegantem Soft Taupe – atmungsaktiv, hypoallergen und angenehm kühl auf der Haut, mit einem passgenauen Gummizug für Matratzen mit einer Höhe von bis zu 30 cm.",159.00,Heimtextilien > Bettwäsche > Spannbettlaken,180x200 cm,Soft taupe,9.00,0.00,0.00,4-7 Werktage,https://cdn.shopify.com/s/files/1/0884/0278/8685/files/bamboo-fitted-sheet-soft-taupe-seam-detail.jpg?v=1786183469;https://cdn.shopify.com/s/files/1/0884/0278/8685/files/bamboo-fitted-sheet-soft-taupe-bedroom-lifestyle.jpg?v=1786183469;https://cdn.shopify.com/s/files/1/0884/0278/8685/files/bamboo-fitted-sheet-soft-taupe-corner-loose.jpg?v=1786183469;https://cdn.shopify.com/s/files/1/0884/0278/8685/files/bamboo-fitted-sheet-soft-taupe-fabric-drape.jpg?v=1786183469;https://cdn.shopify.com/s/files/1/0884/0278/8685/files/bamboo-fitted-sheet-soft-taupe-bedroom-detail.jpg?v=1786183469;https://cdn.shopify.com/s/files/1/0884/0278/8685/files/bamboo-fitted-sheet-soft-taupe-bedroom-full.jpg?v=1786183469;https://cdn.shopify.com/s/files/1/0884/0278/8685/files/bamboo-fitted-sheet-soft-taupe-bedroom-front.jpg?v=1786183469
8720648154522,Boomba Bamboo,"Bambus-Spannbetttuch, Soft Taupe, 400TC",https://www.maisondecocon.com/products/bamboo-fitted-sheet-soft-taupe-400tc?variant=54471594541389,8720648154522,"Ein seidenweiches Spannbetttuch aus Bambus mit einer Fadenzahl von 400TC in elegantem Soft Taupe – atmungsaktiv, hypoallergen und angenehm kühl auf der Haut, mit einem passgenauen Gummizug für Matratzen mit einer Höhe von bis zu 30 cm.",120.00,Heimtextilien > Bettwäsche > Spannbettlaken,80x200 cm,Soft taupe,9.00,0.00,0.00,4-7 Werktage,https://cdn.shopify.com/s/files/1/0884/0278/8685/files/bamboo-fitted-sheet-soft-taupe-seam-detail.jpg?v=1786183469;https://cdn.shopify.com/s/files/1/0884/0278/8685/files/bamboo-fitted-sheet-soft-taupe-bedroom-lifestyle.jpg?v=1786183469;https://cdn.shopify.com/s/files/1/0884/0278/8685/files/bamboo-fitted-sheet-soft-taupe-corner-loose.jpg?v=1786183469;https://cdn.shopify.com/s/files/1/0884/0278/8685/files/bamboo-fitted-sheet-soft-taupe-fabric-drape.jpg?v=1786183469;https://cdn.shopify.com/s/files/1/0884/0278/8685/files/bamboo-fitted-sheet-soft-taupe-bedroom-detail.jpg?v=1786183469;https://cdn.shopify.com/s/files/1/0884/0278/8685/files/bamboo-fitted-sheet-soft-taupe-bedroom-full.jpg?v=1786183469;https://cdn.shopify.com/s/files/1/0884/0278/8685/files/bamboo-fitted-sheet-soft-taupe-bedroom-front.jpg?v=1786183469
8720828225516,Boomba Bamboo,"Bambus-Spannbetttuch, Soft Taupe, 400TC",https://www.maisondecocon.com/products/bamboo-fitted-sheet-soft-taupe-400tc?variant=54471594574157,8720828225516,"Ein seidenweiches Spannbetttuch aus Bambus mit einer Fadenzahl von 400TC in elegantem Soft Taupe – atmungsaktiv, hypoallergen und angenehm kühl auf der Haut, mit einem passgenauen Gummizug für Matratzen mit einer Höhe von bis zu 30 cm.",123.00,Heimtextilien > Bettwäsche > Spannbettlaken,80x210 cm,Soft taupe,9.00,0.00,0.00,4-7 Werktage,https://cdn.shopify.com/s/files/1/0884/0278/8685/files/bamboo-fitted-sheet-soft-taupe-seam-detail.jpg?v=1786183469;https://cdn.shopify.com/s/files/1/0884/0278/8685/files/bamboo-fitted-sheet-soft-taupe-bedroom-lifestyle.jpg?v=1786183469;https://cdn.shopify.com/s/files/1/0884/0278/8685/files/bamboo-fitted-sheet-soft-taupe-corner-loose.jpg?v=1786183469;https://cdn.shopify.com/s/files/1/0884/0278/8685/files/bamboo-fitted-sheet-soft-taupe-fabric-drape.jpg?v=1786183469;https://cdn.shopify.com/s/files/1/0884/0278/8685/files/bamboo-fitted-sheet-soft-taupe-bedroom-detail.jpg?v=1786183469;https://cdn.shopify.com/s/files/1/0884/0278/8685/files/bamboo-fitted-sheet-soft-taupe-bedroom-full.jpg?v=1786183469;https://cdn.shopify.com/s/files/1/0884/0278/8685/files/bamboo-fitted-sheet-soft-taupe-bedroom-front.jpg?v=1786183469
8720618860675,Boomba Bamboo,"Bambus-Spannbetttuch, Soft Taupe, 400TC",https://www.maisondecocon.com/products/bamboo-fitted-sheet-soft-taupe-400tc?variant=54471594836301,8720618860675,"Ein seidenweiches Spannbetttuch aus Bambus mit einer Fadenzahl von 400TC in elegantem Soft Taupe – atmungsaktiv, hypoallergen und angenehm kühl auf der Haut, mit einem passgenauen Gummizug für Matratzen mit einer Höhe von bis zu 30 cm.",135.00,Heimtextilien > Bettwäsche > Spannbettlaken,90x220/210 cm,Soft taupe,9.00,0.00,0.00,4-7 Werktage,https://cdn.shopify.com/s/files/1/0884/0278/8685/files/bamboo-fitted-sheet-soft-taupe-seam-detail.jpg?v=1786183469;https://cdn.shopify.com/s/files/1/0884/0278/8685/files/bamboo-fitted-sheet-soft-taupe-bedroom-lifestyle.jpg?v=1786183469;https://cdn.shopify.com/s/files/1/0884/0278/8685/files/bamboo-fitted-sheet-soft-taupe-corner-loose.jpg?v=1786183469;https://cdn.shopify.com/s/files/1/0884/0278/8685/files/bamboo-fitted-sheet-soft-taupe-fabric-drape.jpg?v=1786183469;https://cdn.shopify.com/s/files/1/0884/0278/8685/files/bamboo-fitted-sheet-soft-taupe-bedroom-detail.jpg?v=1786183469;https://cdn.shopify.com/s/files/1/0884/0278/8685/files/bamboo-fitted-sheet-soft-taupe-bedroom-full.jpg?v=1786183469;https://cdn.shopify.com/s/files/1/0884/0278/8685/files/bamboo-fitted-sheet-soft-taupe-bedroom-front.jpg?v=1786183469
8720648154591,Boomba Bamboo,"Bambus-Spannbetttuch, Soft Taupe, 400TC",https://www.maisondecocon.com/products/bamboo-fitted-sheet-soft-taupe-400tc?variant=54471594672461,8720648154591,"Ein seidenweiches Spannbetttuch aus Bambus mit einer Fadenzahl von 400TC in elegantem Soft Taupe – atmungsaktiv, hypoallergen und angenehm kühl auf der Haut, mit einem passgenauen Gummizug für Matratzen mit einer Höhe von bis zu 30 cm.",168.00,Heimtextilien > Bettwäsche > Spannbettlaken,200x200 cm,Soft taupe,9.00,0.00,0.00,4-7 Werktage,https://cdn.shopify.com/s/files/1/0884/0278/8685/files/bamboo-fitted-sheet-soft-taupe-seam-detail.jpg?v=1786183469;https://cdn.shopify.com/s/files/1/0884/0278/8685/files/bamboo-fitted-sheet-soft-taupe-bedroom-lifestyle.jpg?v=1786183469;https://cdn.shopify.com/s/files/1/0884/0278/8685/files/bamboo-fitted-sheet-soft-taupe-corner-loose.jpg?v=1786183469;https://cdn.shopify.com/s/files/1/0884/0278/8685/files/bamboo-fitted-sheet-soft-taupe-fabric-drape.jpg?v=1786183469;https://cdn.shopify.com/s/files/1/0884/0278/8685/files/bamboo-fitted-sheet-soft-taupe-bedroom-detail.jpg?v=1786183469;https://cdn.shopify.com/s/files/1/0884/0278/8685/files/bamboo-fitted-sheet-soft-taupe-bedroom-full.jpg?v=1786183469;https://cdn.shopify.com/s/files/1/0884/0278/8685/files/bamboo-fitted-sheet-soft-taupe-bedroom-front.jpg?v=1786183469
8720648154546,Boomba Bamboo,"Bambus-Spannbetttuch, Soft Taupe, 400TC",https://www.maisondecocon.com/products/bamboo-fitted-sheet-soft-taupe-400tc?variant=54471594934605,8720648154546,"Ein seidenweiches Spannbetttuch aus Bambus mit einer Fadenzahl von 400TC in elegantem Soft Taupe – atmungsaktiv, hypoallergen und angenehm kühl auf der Haut, mit einem passgenauen Gummizug für Matratzen mit einer Höhe von bis zu 30 cm.",144.00,Heimtextilien > Bettwäsche > Spannbettlaken,140x200 cm,Soft taupe,9.00,0.00,0.00,4-7 Werktage,https://cdn.shopify.com/s/files/1/0884/0278/8685/files/bamboo-fitted-sheet-soft-taupe-seam-detail.jpg?v=1786183469;https://cdn.shopify.com/s/files/1/0884/0278/8685/files/bamboo-fitted-sheet-soft-taupe-bedroom-lifestyle.jpg?v=1786183469;https://cdn.shopify.com/s/files/1/0884/0278/8685/files/bamboo-fitted-sheet-soft-taupe-corner-loose.jpg?v=1786183469;https://cdn.shopify.com/s/files/1/0884/0278/8685/files/bamboo-fitted-sheet-soft-taupe-fabric-drape.jpg?v=1786183469;https://cdn.shopify.com/s/files/1/0884/0278/8685/files/bamboo-fitted-sheet-soft-taupe-bedroom-detail.jpg?v=1786183469;https://cdn.shopify.com/s/files/1/0884/0278/8685/files/bamboo-fitted-sheet-soft-taupe-bedroom-full.jpg?v=1786183469;https://cdn.shopify.com/s/files/1/0884/0278/8685/files/bamboo-fitted-sheet-soft-taupe-bedroom-front.jpg?v=1786183469
8720648154539,Boomba Bamboo,"Bambus-Spannbetttuch, Soft Taupe, 400TC",https://www.maisondecocon.com/products/bamboo-fitted-sheet-soft-taupe-400tc?variant=54471594606925,8720648154539,"Ein seidenweiches Spannbetttuch aus Bambus mit einer Fadenzahl von 400TC in elegantem Soft Taupe – atmungsaktiv, hypoallergen und angenehm kühl auf der Haut, mit einem passgenauen Gummizug für Matratzen mit einer Höhe von bis zu 30 cm.",129.00,Heimtextilien > Bettwäsche > Spannbettlaken,90x200 cm,Soft taupe,9.00,0.00,0.00,4-7 Werktage,https://cdn.shopify.com/s/files/1/0884/0278/8685/files/bamboo-fitted-sheet-soft-taupe-seam-detail.jpg?v=1786183469;https://cdn.shopify.com/s/files/1/0884/0278/8685/files/bamboo-fitted-sheet-soft-taupe-bedroom-lifestyle.jpg?v=1786183469;https://cdn.shopify.com/s/files/1/0884/0278/8685/files/bamboo-fitted-sheet-soft-taupe-corner-loose.jpg?v=1786183469;https://cdn.shopify.com/s/files/1/0884/0278/8685/files/bamboo-fitted-sheet-soft-taupe-fabric-drape.jpg?v=1786183469;https://cdn.shopify.com/s/files/1/0884/0278/8685/files/bamboo-fitted-sheet-soft-taupe-bedroom-detail.jpg?v=1786183469;https://cdn.shopify.com/s/files/1/0884/0278/8685/files/bamboo-fitted-sheet-soft-taupe-bedroom-full.jpg?v=1786183469;https://cdn.shopify.com/s/files/1/0884/0278/8685/files/bamboo-fitted-sheet-soft-taupe-bedroom-front.jpg?v=1786183469
8720648154553,Boomba Bamboo,"Bambus-Spannbetttuch, Soft Taupe, 400TC",https://www.maisondecocon.com/products/bamboo-fitted-sheet-soft-taupe-400tc?variant=54471594901837,8720648154553,"Ein seidenweiches Spannbetttuch aus Bambus mit einer Fadenzahl von 400TC in elegantem Soft Taupe – atmungsaktiv, hypoallergen und angenehm kühl auf der Haut, mit einem passgenauen Gummizug für Matratzen mit einer Höhe von bis zu 30 cm.",147.00,Heimtextilien > Bettwäsche > Spannbettlaken,160x200 cm,Soft taupe,9.00,0.00,0.00,4-7 Werktage,https://cdn.shopify.com/s/files/1/0884/0278/8685/files/bamboo-fitted-sheet-soft-taupe-seam-detail.jpg?v=1786183469;https://cdn.shopify.com/s/files/1/0884/0278/8685/files/bamboo-fitted-sheet-soft-taupe-bedroom-lifestyle.jpg?v=1786183469;https://cdn.shopify.com/s/files/1/0884/0278/8685/files/bamboo-fitted-sheet-soft-taupe-corner-loose.jpg?v=1786183469;https://cdn.shopify.com/s/files/1/0884/0278/8685/files/bamboo-fitted-sheet-soft-taupe-fabric-drape.jpg?v=1786183469;https://cdn.shopify.com/s/files/1/0884/0278/8685/files/bamboo-fitted-sheet-soft-taupe-bedroom-detail.jpg?v=1786183469;https://cdn.shopify.com/s/files/1/0884/0278/8685/files/bamboo-fitted-sheet-soft-taupe-bedroom-full.jpg?v=1786183469;https://cdn.shopify.com/s/files/1/0884/0278/8685/files/bamboo-fitted-sheet-soft-taupe-bedroom-front.jpg?v=1786183469
4444448014050,Boomba Bamboo,"Bambus-Bettwäscheset für 1 Person, „Cuddle Pink“, 400TC",https://www.maisondecocon.com/products/1-person-bamboo-bedding-set-cuddle-pink-400tc?variant=54471596900685,,"Ein warmes, romantisches Bettwäscheset aus Bambus mit einer Fadenzahl von 400TC für eine Person in der Farbe „Cuddle Pink“ – atmungsaktiv, hypoallergen für einen Schlaf wie im Hotel.",483.00,Heimtextilien > Bettwäsche > Bettwäsche-Sets,M — 80×200 + 140×220 + 50×75,Cuddle Pink,9.00,0.00,0.00,4-7 Werktage,https://cdn.shopify.com/s/files/1/0884/0278/8685/files/bamboo-bedding-set-cuddle-pink-1-person-bedroom-lifestyle.jpg?v=1786137986;https://cdn.shopify.com/s/files/1/0884/0278/8685/files/bamboo-bedding-set-cuddle-pink-1-person-button-detail.jpg?v=1786137995;https://cdn.shopify.com/s/files/1/0884/0278/8685/files/bamboo-bedding-set-cuddle-pink-1-person-bed-styled.jpg?v=1786138003;https://cdn.shopify.com/s/files/1/0884/0278/8685/files/bamboo-bedding-set-cuddle-pink-1-person-fabric-drape.jpg?v=1786138012;https://cdn.shopify.com/s/files/1/0884/0278/8685/files/bamboo-bedding-set-cuddle-pink-1-person-bedroom-chair.jpg?v=1786138022;https://cdn.shopify.com/s/files/1/0884/0278/8685/files/bamboo-bedding-set-cuddle-pink-1-person-tie-detail.jpg?v=1786138032;https://cdn.shopify.com/s/files/1/0884/0278/8685/files/bamboo-bedding-set-cuddle-pink-1-person-pillow-detail.jpg?v=1786138040;https://cdn.shopify.com/s/files/1/0884/0278/8685/files/bamboo-bedding-set-cuddle-pink-1-person-fitted-sheet-corner.jpg?v=1786138049;https://cdn.shopify.com/s/files/1/0884/0278/8685/files/bamboo-bedding-set-cuddle-pink-1-person-fabric-fold.jpg?v=1786138075;https://cdn.shopify.com/s/files/1/0884/0278/8685/files/bamboo-bedding-set-cuddle-pink-1-person-bed-wood-frame.jpg?v=1786138083;https://cdn.shopify.com/s/files/1/0884/0278/8685/files/bamboo-bedding-set-cuddle-pink-1-person-bedroom-angle.jpg?v=1786138092
4444449014050,Boomba Bamboo,"Bambus-Bettwäscheset für 1 Person, „Cuddle Pink“, 400TC",https://www.maisondecocon.com/products/1-person-bamboo-bedding-set-cuddle-pink-400tc?variant=54471596933453,,"Ein warmes, romantisches Bettwäscheset aus Bambus mit einer Fadenzahl von 400TC für eine Person in der Farbe „Cuddle Pink“ – atmungsaktiv, hypoallergen für einen Schlaf wie im Hotel.",492.00,Heimtextilien > Bettwäsche > Bettwäsche-Sets,L — 90×200 + 140×220 + 50×75,Cuddle Pink,9.00,0.00,0.00,4-7 Werktage,https://cdn.shopify.com/s/files/1/0884/0278/8685/files/bamboo-bedding-set-cuddle-pink-1-person-bedroom-lifestyle.jpg?v=1786137986;https://cdn.shopify.com/s/files/1/0884/0278/8685/files/bamboo-bedding-set-cuddle-pink-1-person-button-detail.jpg?v=1786137995;https://cdn.shopify.com/s/files/1/0884/0278/8685/files/bamboo-bedding-set-cuddle-pink-1-person-bed-styled.jpg?v=1786138003;https://cdn.shopify.com/s/files/1/0884/0278/8685/files/bamboo-bedding-set-cuddle-pink-1-person-fabric-drape.jpg?v=1786138012;https://cdn.shopify.com/s/files/1/0884/0278/8685/files/bamboo-bedding-set-cuddle-pink-1-person-bedroom-chair.jpg?v=1786138022;https://cdn.shopify.com/s/files/1/0884/0278/8685/files/bamboo-bedding-set-cuddle-pink-1-person-tie-detail.jpg?v=1786138032;https://cdn.shopify.com/s/files/1/0884/0278/8685/files/bamboo-bedding-set-cuddle-pink-1-person-pillow-detail.jpg?v=1786138040;https://cdn.shopify.com/s/files/1/0884/0278/8685/files/bamboo-bedding-set-cuddle-pink-1-person-fitted-sheet-corner.jpg?v=1786138049;https://cdn.shopify.com/s/files/1/0884/0278/8685/files/bamboo-bedding-set-cuddle-pink-1-person-fabric-fold.jpg?v=1786138075;https://cdn.shopify.com/s/files/1/0884/0278/8685/files/bamboo-bedding-set-cuddle-pink-1-person-bed-wood-frame.jpg?v=1786138083;https://cdn.shopify.com/s/files/1/0884/0278/8685/files/bamboo-bedding-set-cuddle-pink-1-person-bedroom-angle.jpg?v=1786138092
8720828225783,Boomba Bamboo,"Bambus-Spannbetttuch, salbeigrün, 400TC",https://www.maisondecocon.com/products/bamboo-fitted-sheet-sage-green-400tc?variant=54471597261133,8720828225783,"Ein seidenweiches Bambus-Spannbetttuch mit einer Fadenzahl von 400TC in zartem Salbeigrün – atmungsaktiv, hypoallergen und angenehm kühl auf der Haut, mit einem passgenauen Gummizug für Matratzen mit einer Höhe von bis zu 30 cm.",126.00,Heimtextilien > Bettwäsche > Spannbettlaken,80x220/210 cm,Sage Green,9.00,0.00,0.00,4-7 Werktage,https://cdn.shopify.com/s/files/1/0884/0278/8685/files/bamboo-fitted-sheet-sage-green-seam-detail.jpg?v=1786181871;https://cdn.shopify.com/s/files/1/0884/0278/8685/files/bamboo-fitted-sheet-sage-green-bedroom-window.jpg?v=1786182101;https://cdn.shopify.com/s/files/1/0884/0278/8685/files/bamboo-fitted-sheet-sage-green-corner-loose.jpg?v=1786182102;https://cdn.shopify.com/s/files/1/0884/0278/8685/files/bamboo-fitted-sheet-sage-green-fabric-drape.jpg?v=1786181871;https://cdn.shopify.com/s/files/1/0884/0278/8685/files/bamboo-fitted-sheet-sage-green-bedroom-front.jpg?v=1786181871;https://cdn.shopify.com/s/files/1/0884/0278/8685/files/bamboo-fitted-sheet-sage-green-bedroom-detail.jpg?v=1786181871;https://cdn.shopify.com/s/files/1/0884/0278/8685/files/bamboo-fitted-sheet-sage-green-bedroom-wide.jpg?v=1786182102;https://cdn.shopify.com/s/files/1/0884/0278/8685/files/bamboo-fitted-sheet-sage-green-packaging.jpg?v=1786181871
8720618860354,Boomba Bamboo,"Bambus-Spannbetttuch, salbeigrün, 400TC",https://www.maisondecocon.com/products/bamboo-fitted-sheet-sage-green-400tc?variant=54471597031757,8720618860354,"Ein seidenweiches Bambus-Spannbetttuch mit einer Fadenzahl von 400TC in zartem Salbeigrün – atmungsaktiv, hypoallergen und angenehm kühl auf der Haut, mit einem passgenauen Gummizug für Matratzen mit einer Höhe von bis zu 30 cm.",147.00,Heimtextilien > Bettwäsche > Spannbettlaken,160x200 cm,Sage Green,9.00,0.00,0.00,4-7 Werktage,https://cdn.shopify.com/s/files/1/0884/0278/8685/files/bamboo-fitted-sheet-sage-green-seam-detail.jpg?v=1786181871;https://cdn.shopify.com/s/files/1/0884/0278/8685/files/bamboo-fitted-sheet-sage-green-bedroom-window.jpg?v=1786182101;https://cdn.shopify.com/s/files/1/0884/0278/8685/files/bamboo-fitted-sheet-sage-green-corner-loose.jpg?v=1786182102;https://cdn.shopify.com/s/files/1/0884/0278/8685/files/bamboo-fitted-sheet-sage-green-fabric-drape.jpg?v=1786181871;https://cdn.shopify.com/s/files/1/0884/0278/8685/files/bamboo-fitted-sheet-sage-green-bedroom-front.jpg?v=1786181871;https://cdn.shopify.com/s/files/1/0884/0278/8685/files/bamboo-fitted-sheet-sage-green-bedroom-detail.jpg?v=1786181871;https://cdn.shopify.com/s/files/1/0884/0278/8685/files/bamboo-fitted-sheet-sage-green-bedroom-wide.jpg?v=1786182102;https://cdn.shopify.com/s/files/1/0884/0278/8685/files/bamboo-fitted-sheet-sage-green-packaging.jpg?v=1786181871
8720618860330,Boomba Bamboo,"Bambus-Spannbetttuch, salbeigrün, 400TC",https://www.maisondecocon.com/products/bamboo-fitted-sheet-sage-green-400tc?variant=54471597326669,8720618860330,"Ein seidenweiches Bambus-Spannbetttuch mit einer Fadenzahl von 400TC in zartem Salbeigrün – atmungsaktiv, hypoallergen und angenehm kühl auf der Haut, mit einem passgenauen Gummizug für Matratzen mit einer Höhe von bis zu 30 cm.",129.00,Heimtextilien > Bettwäsche > Spannbettlaken,90x200 cm,Sage Green,9.00,0.00,0.00,4-7 Werktage,https://cdn.shopify.com/s/files/1/0884/0278/8685/files/bamboo-fitted-sheet-sage-green-seam-detail.jpg?v=1786181871;https://cdn.shopify.com/s/files/1/0884/0278/8685/files/bamboo-fitted-sheet-sage-green-bedroom-window.jpg?v=1786182101;https://cdn.shopify.com/s/files/1/0884/0278/8685/files/bamboo-fitted-sheet-sage-green-corner-loose.jpg?v=1786182102;https://cdn.shopify.com/s/files/1/0884/0278/8685/files/bamboo-fitted-sheet-sage-green-fabric-drape.jpg?v=1786181871;https://cdn.shopify.com/s/files/1/0884/0278/8685/files/bamboo-fitted-sheet-sage-green-bedroom-front.jpg?v=1786181871;https://cdn.shopify.com/s/files/1/0884/0278/8685/files/bamboo-fitted-sheet-sage-green-bedroom-detail.jpg?v=1786181871;https://cdn.shopify.com/s/files/1/0884/0278/8685/files/bamboo-fitted-sheet-sage-green-bedroom-wide.jpg?v=1786182102;https://cdn.shopify.com/s/files/1/0884/0278/8685/files/bamboo-fitted-sheet-sage-green-packaging.jpg?v=1786181871
8720618860323,Boomba Bamboo,"Bambus-Spannbetttuch, salbeigrün, 400TC",https://www.maisondecocon.com/products/bamboo-fitted-sheet-sage-green-400tc?variant=54471597359437,8720618860323,"Ein seidenweiches Bambus-Spannbetttuch mit einer Fadenzahl von 400TC in zartem Salbeigrün – atmungsaktiv, hypoallergen und angenehm kühl auf der Haut, mit einem passgenauen Gummizug für Matratzen mit einer Höhe von bis zu 30 cm.",120.00,Heimtextilien > Bettwäsche > Spannbettlaken,80x200 cm,Sage Green,9.00,0.00,0.00,4-7 Werktage,https://cdn.shopify.com/s/files/1/0884/0278/8685/files/bamboo-fitted-sheet-sage-green-seam-detail.jpg?v=1786181871;https://cdn.shopify.com/s/files/1/0884/0278/8685/files/bamboo-fitted-sheet-sage-green-bedroom-window.jpg?v=1786182101;https://cdn.shopify.com/s/files/1/0884/0278/8685/files/bamboo-fitted-sheet-sage-green-corner-loose.jpg?v=1786182102;https://cdn.shopify.com/s/files/1/0884/0278/8685/files/bamboo-fitted-sheet-sage-green-fabric-drape.jpg?v=1786181871;https://cdn.shopify.com/s/files/1/0884/0278/8685/files/bamboo-fitted-sheet-sage-green-bedroom-front.jpg?v=1786181871;https://cdn.shopify.com/s/files/1/0884/0278/8685/files/bamboo-fitted-sheet-sage-green-bedroom-detail.jpg?v=1786181871;https://cdn.shopify.com/s/files/1/0884/0278/8685/files/bamboo-fitted-sheet-sage-green-bedroom-wide.jpg?v=1786182102;https://cdn.shopify.com/s/files/1/0884/0278/8685/files/bamboo-fitted-sheet-sage-green-packaging.jpg?v=1786181871
8720618860392,Boomba Bamboo,"Bambus-Spannbetttuch, salbeigrün, 400TC",https://www.maisondecocon.com/products/bamboo-fitted-sheet-sage-green-400tc?variant=54471597130061,8720618860392,"Ein seidenweiches Bambus-Spannbetttuch mit einer Fadenzahl von 400TC in zartem Salbeigrün – atmungsaktiv, hypoallergen und angenehm kühl auf der Haut, mit einem passgenauen Gummizug für Matratzen mit einer Höhe von bis zu 30 cm.",168.00,Heimtextilien > Bettwäsche > Spannbettlaken,200x200 cm,Sage Green,9.00,0.00,0.00,4-7 Werktage,https://cdn.shopify.com/s/files/1/0884/0278/8685/files/bamboo-fitted-sheet-sage-green-seam-detail.jpg?v=1786181871;https://cdn.shopify.com/s/files/1/0884/0278/8685/files/bamboo-fitted-sheet-sage-green-bedroom-window.jpg?v=1786182101;https://cdn.shopify.com/s/files/1/0884/0278/8685/files/bamboo-fitted-sheet-sage-green-corner-loose.jpg?v=1786182102;https://cdn.shopify.com/s/files/1/0884/0278/8685/files/bamboo-fitted-sheet-sage-green-fabric-drape.jpg?v=1786181871;https://cdn.shopify.com/s/files/1/0884/0278/8685/files/bamboo-fitted-sheet-sage-green-bedroom-front.jpg?v=1786181871;https://cdn.shopify.com/s/files/1/0884/0278/8685/files/bamboo-fitted-sheet-sage-green-bedroom-detail.jpg?v=1786181871;https://cdn.shopify.com/s/files/1/0884/0278/8685/files/bamboo-fitted-sheet-sage-green-bedroom-wide.jpg?v=1786182102;https://cdn.shopify.com/s/files/1/0884/0278/8685/files/bamboo-fitted-sheet-sage-green-packaging.jpg?v=1786181871
8720828225790,Boomba Bamboo,"Bambus-Spannbetttuch, salbeigrün, 400TC",https://www.maisondecocon.com/products/bamboo-fitted-sheet-sage-green-400tc?variant=54471597228365,8720828225790,"Ein seidenweiches Bambus-Spannbetttuch mit einer Fadenzahl von 400TC in zartem Salbeigrün – atmungsaktiv, hypoallergen und angenehm kühl auf der Haut, mit einem passgenauen Gummizug für Matratzen mit einer Höhe von bis zu 30 cm.",132.00,Heimtextilien > Bettwäsche > Spannbettlaken,90x220/210 cm,Sage Green,9.00,0.00,0.00,4-7 Werktage,https://cdn.shopify.com/s/files/1/0884/0278/8685/files/bamboo-fitted-sheet-sage-green-seam-detail.jpg?v=1786181871;https://cdn.shopify.com/s/files/1/0884/0278/8685/files/bamboo-fitted-sheet-sage-green-bedroom-window.jpg?v=1786182101;https://cdn.shopify.com/s/files/1/0884/0278/8685/files/bamboo-fitted-sheet-sage-green-corner-loose.jpg?v=1786182102;https://cdn.shopify.com/s/files/1/0884/0278/8685/files/bamboo-fitted-sheet-sage-green-fabric-drape.jpg?v=1786181871;https://cdn.shopify.com/s/files/1/0884/0278/8685/files/bamboo-fitted-sheet-sage-green-bedroom-front.jpg?v=1786181871;https://cdn.shopify.com/s/files/1/0884/0278/8685/files/bamboo-fitted-sheet-sage-green-bedroom-detail.jpg?v=1786181871;https://cdn.shopify.com/s/files/1/0884/0278/8685/files/bamboo-fitted-sheet-sage-green-bedroom-wide.jpg?v=1786182102;https://cdn.shopify.com/s/files/1/0884/0278/8685/files/bamboo-fitted-sheet-sage-green-packaging.jpg?v=1786181871
8720828225905,Boomba Bamboo,"Bambus-Spannbetttuch, salbeigrün, 400TC",https://www.maisondecocon.com/products/bamboo-fitted-sheet-sage-green-400tc?variant=54471597293901,8720828225905,"Ein seidenweiches Bambus-Spannbetttuch mit einer Fadenzahl von 400TC in zartem Salbeigrün – atmungsaktiv, hypoallergen und angenehm kühl auf der Haut, mit einem passgenauen Gummizug für Matratzen mit einer Höhe von bis zu 30 cm.",150.00,Heimtextilien > Bettwäsche > Spannbettlaken,160x220/210,Sage Green,9.00,0.00,0.00,4-7 Werktage,https://cdn.shopify.com/s/files/1/0884/0278/8685/files/bamboo-fitted-sheet-sage-green-seam-detail.jpg?v=1786181871;https://cdn.shopify.com/s/files/1/0884/0278/8685/files/bamboo-fitted-sheet-sage-green-bedroom-window.jpg?v=1786182101;https://cdn.shopify.com/s/files/1/0884/0278/8685/files/bamboo-fitted-sheet-sage-green-corner-loose.jpg?v=1786182102;https://cdn.shopify.com/s/files/1/0884/0278/8685/files/bamboo-fitted-sheet-sage-green-fabric-drape.jpg?v=1786181871;https://cdn.shopify.com/s/files/1/0884/0278/8685/files/bamboo-fitted-sheet-sage-green-bedroom-front.jpg?v=1786181871;https://cdn.shopify.com/s/files/1/0884/0278/8685/files/bamboo-fitted-sheet-sage-green-bedroom-detail.jpg?v=1786181871;https://cdn.shopify.com/s/files/1/0884/0278/8685/files/bamboo-fitted-sheet-sage-green-bedroom-wide.jpg?v=1786182102;https://cdn.shopify.com/s/files/1/0884/0278/8685/files/bamboo-fitted-sheet-sage-green-packaging.jpg?v=1786181871
8720618860385,Boomba Bamboo,"Bambus-Spannbetttuch, salbeigrün, 400TC",https://www.maisondecocon.com/products/bamboo-fitted-sheet-sage-green-400tc?variant=54471597097293,8720618860385,"Ein seidenweiches Bambus-Spannbetttuch mit einer Fadenzahl von 400TC in zartem Salbeigrün – atmungsaktiv, hypoallergen und angenehm kühl auf der Haut, mit einem passgenauen Gummizug für Matratzen mit einer Höhe von bis zu 30 cm.",162.00,Heimtextilien > Bettwäsche > Spannbettlaken,180x220/210 cm,Sage Green,9.00,0.00,0.00,4-7 Werktage,https://cdn.shopify.com/s/files/1/0884/0278/8685/files/bamboo-fitted-sheet-sage-green-seam-detail.jpg?v=1786181871;https://cdn.shopify.com/s/files/1/0884/0278/8685/files/bamboo-fitted-sheet-sage-green-bedroom-window.jpg?v=1786182101;https://cdn.shopify.com/s/files/1/0884/0278/8685/files/bamboo-fitted-sheet-sage-green-corner-loose.jpg?v=1786182102;https://cdn.shopify.com/s/files/1/0884/0278/8685/files/bamboo-fitted-sheet-sage-green-fabric-drape.jpg?v=1786181871;https://cdn.shopify.com/s/files/1/0884/0278/8685/files/bamboo-fitted-sheet-sage-green-bedroom-front.jpg?v=1786181871;https://cdn.shopify.com/s/files/1/0884/0278/8685/files/bamboo-fitted-sheet-sage-green-bedroom-detail.jpg?v=1786181871;https://cdn.shopify.com/s/files/1/0884/0278/8685/files/bamboo-fitted-sheet-sage-green-bedroom-wide.jpg?v=1786182102;https://cdn.shopify.com/s/files/1/0884/0278/8685/files/bamboo-fitted-sheet-sage-green-packaging.jpg?v=1786181871
8720618860347,Boomba Bamboo,"Bambus-Spannbetttuch, salbeigrün, 400TC",https://www.maisondecocon.com/products/bamboo-fitted-sheet-sage-green-400tc?variant=54471596998989,8720618860347,"Ein seidenweiches Bambus-Spannbetttuch mit einer Fadenzahl von 400TC in zartem Salbeigrün – atmungsaktiv, hypoallergen und angenehm kühl auf der Haut, mit einem passgenauen Gummizug für Matratzen mit einer Höhe von bis zu 30 cm.",144.00,Heimtextilien > Bettwäsche > Spannbettlaken,140x200 cm,Sage Green,9.00,0.00,0.00,4-7 Werktage,https://cdn.shopify.com/s/files/1/0884/0278/8685/files/bamboo-fitted-sheet-sage-green-seam-detail.jpg?v=1786181871;https://cdn.shopify.com/s/files/1/0884/0278/8685/files/bamboo-fitted-sheet-sage-green-bedroom-window.jpg?v=1786182101;https://cdn.shopify.com/s/files/1/0884/0278/8685/files/bamboo-fitted-sheet-sage-green-corner-loose.jpg?v=1786182102;https://cdn.shopify.com/s/files/1/0884/0278/8685/files/bamboo-fitted-sheet-sage-green-fabric-drape.jpg?v=1786181871;https://cdn.shopify.com/s/files/1/0884/0278/8685/files/bamboo-fitted-sheet-sage-green-bedroom-front.jpg?v=1786181871;https://cdn.shopify.com/s/files/1/0884/0278/8685/files/bamboo-fitted-sheet-sage-green-bedroom-detail.jpg?v=1786181871;https://cdn.shopify.com/s/files/1/0884/0278/8685/files/bamboo-fitted-sheet-sage-green-bedroom-wide.jpg?v=1786182102;https://cdn.shopify.com/s/files/1/0884/0278/8685/files/bamboo-fitted-sheet-sage-green-packaging.jpg?v=1786181871
8720618860415,Boomba Bamboo,"Bambus-Spannbetttuch, salbeigrün, 400TC",https://www.maisondecocon.com/products/bamboo-fitted-sheet-sage-green-400tc?variant=54471597162829,8720618860415,"Ein seidenweiches Bambus-Spannbetttuch mit einer Fadenzahl von 400TC in zartem Salbeigrün – atmungsaktiv, hypoallergen und angenehm kühl auf der Haut, mit einem passgenauen Gummizug für Matratzen mit einer Höhe von bis zu 30 cm.",180.00,Heimtextilien > Bettwäsche > Spannbettlaken,200x220/210 cm,Sage Green,9.00,0.00,0.00,4-7 Werktage,https://cdn.shopify.com/s/files/1/0884/0278/8685/files/bamboo-fitted-sheet-sage-green-seam-detail.jpg?v=1786181871;https://cdn.shopify.com/s/files/1/0884/0278/8685/files/bamboo-fitted-sheet-sage-green-bedroom-window.jpg?v=1786182101;https://cdn.shopify.com/s/files/1/0884/0278/8685/files/bamboo-fitted-sheet-sage-green-corner-loose.jpg?v=1786182102;https://cdn.shopify.com/s/files/1/0884/0278/8685/files/bamboo-fitted-sheet-sage-green-fabric-drape.jpg?v=1786181871;https://cdn.shopify.com/s/files/1/0884/0278/8685/files/bamboo-fitted-sheet-sage-green-bedroom-front.jpg?v=1786181871;https://cdn.shopify.com/s/files/1/0884/0278/8685/files/bamboo-fitted-sheet-sage-green-bedroom-detail.jpg?v=1786181871;https://cdn.shopify.com/s/files/1/0884/0278/8685/files/bamboo-fitted-sheet-sage-green-bedroom-wide.jpg?v=1786182102;https://cdn.shopify.com/s/files/1/0884/0278/8685/files/bamboo-fitted-sheet-sage-green-packaging.jpg?v=1786181871
8720618860361,Boomba Bamboo,"Bambus-Spannbetttuch, salbeigrün, 400TC",https://www.maisondecocon.com/products/bamboo-fitted-sheet-sage-green-400tc?variant=54471597064525,8720618860361,"Ein seidenweiches Bambus-Spannbetttuch mit einer Fadenzahl von 400TC in zartem Salbeigrün – atmungsaktiv, hypoallergen und angenehm kühl auf der Haut, mit einem passgenauen Gummizug für Matratzen mit einer Höhe von bis zu 30 cm.",156.00,Heimtextilien > Bettwäsche > Spannbettlaken,180x200 cm,Sage Green,9.00,0.00,0.00,4-7 Werktage,https://cdn.shopify.com/s/files/1/0884/0278/8685/files/bamboo-fitted-sheet-sage-green-seam-detail.jpg?v=1786181871;https://cdn.shopify.com/s/files/1/0884/0278/8685/files/bamboo-fitted-sheet-sage-green-bedroom-window.jpg?v=1786182101;https://cdn.shopify.com/s/files/1/0884/0278/8685/files/bamboo-fitted-sheet-sage-green-corner-loose.jpg?v=1786182102;https://cdn.shopify.com/s/files/1/0884/0278/8685/files/bamboo-fitted-sheet-sage-green-fabric-drape.jpg?v=1786181871;https://cdn.shopify.com/s/files/1/0884/0278/8685/files/bamboo-fitted-sheet-sage-green-bedroom-front.jpg?v=1786181871;https://cdn.shopify.com/s/files/1/0884/0278/8685/files/bamboo-fitted-sheet-sage-green-bedroom-detail.jpg?v=1786181871;https://cdn.shopify.com/s/files/1/0884/0278/8685/files/bamboo-fitted-sheet-sage-green-bedroom-wide.jpg?v=1786182102;https://cdn.shopify.com/s/files/1/0884/0278/8685/files/bamboo-fitted-sheet-sage-green-packaging.jpg?v=1786181871
8720618860378,Boomba Bamboo,"Bambus-Spannbetttuch, salbeigrün, 400TC",https://www.maisondecocon.com/products/bamboo-fitted-sheet-sage-green-400tc?variant=54471597195597,8720618860378,"Ein seidenweiches Bambus-Spannbetttuch mit einer Fadenzahl von 400TC in zartem Salbeigrün – atmungsaktiv, hypoallergen und angenehm kühl auf der Haut, mit einem passgenauen Gummizug für Matratzen mit einer Höhe von bis zu 30 cm.",159.00,Heimtextilien > Bettwäsche > Spannbettlaken,180x210 cm,Sage Green,9.00,0.00,0.00,4-7 Werktage,https://cdn.shopify.com/s/files/1/0884/0278/8685/files/bamboo-fitted-sheet-sage-green-seam-detail.jpg?v=1786181871;https://cdn.shopify.com/s/files/1/0884/0278/8685/files/bamboo-fitted-sheet-sage-green-bedroom-window.jpg?v=1786182101;https://cdn.shopify.com/s/files/1/0884/0278/8685/files/bamboo-fitted-sheet-sage-green-corner-loose.jpg?v=1786182102;https://cdn.shopify.com/s/files/1/0884/0278/8685/files/bamboo-fitted-sheet-sage-green-fabric-drape.jpg?v=1786181871;https://cdn.shopify.com/s/files/1/0884/0278/8685/files/bamboo-fitted-sheet-sage-green-bedroom-front.jpg?v=1786181871;https://cdn.shopify.com/s/files/1/0884/0278/8685/files/bamboo-fitted-sheet-sage-green-bedroom-detail.jpg?v=1786181871;https://cdn.shopify.com/s/files/1/0884/0278/8685/files/bamboo-fitted-sheet-sage-green-bedroom-wide.jpg?v=1786182102;https://cdn.shopify.com/s/files/1/0884/0278/8685/files/bamboo-fitted-sheet-sage-green-packaging.jpg?v=1786181871
8720828225288,Boomba Bamboo,"Bambus-Spannbetttuch, Himmelblau, 400TC",https://www.maisondecocon.com/products/bamboo-fitted-sheet-sky-blue-400tc?variant=54471597621581,8720828225288,"Ein seidenweiches Bambus-Spannbetttuch mit einer Fadenzahl von 400TC in zartem Himmelblau – atmungsaktiv, hypoallergen und angenehm kühl auf der Haut, mit einem passgenauen Gummizug für Matratzen mit einer Höhe von bis zu 30 cm.",159.00,Heimtextilien > Bettwäsche > Spannbettlaken,180x210 cm,Sky Blue,9.00,0.00,0.00,4-7 Werktage,https://cdn.shopify.com/s/files/1/0884/0278/8685/files/bamboo-fitted-sheet-sky-blue-corner-detail.jpg?v=1786181969;https://cdn.shopify.com/s/files/1/0884/0278/8685/files/bamboo-fitted-sheet-sky-blue-bedroom-lifestyle.jpg?v=1786181969;https://cdn.shopify.com/s/files/1/0884/0278/8685/files/bamboo-fitted-sheet-sky-blue-corner-loose.jpg?v=1786181969;https://cdn.shopify.com/s/files/1/0884/0278/8685/files/bamboo-fitted-sheet-sky-blue-fabric-drape.jpg?v=1786181969;https://cdn.shopify.com/s/files/1/0884/0278/8685/files/bamboo-fitted-sheet-sky-blue-bedroom-window.jpg?v=1786182102;https://cdn.shopify.com/s/files/1/0884/0278/8685/files/bamboo-fitted-sheet-sky-blue-bedroom-detail.jpg?v=1786181969;https://cdn.shopify.com/s/files/1/0884/0278/8685/files/bamboo-fitted-sheet-sky-blue-packaging.jpg?v=1786181969
8720828225868,Boomba Bamboo,"Bambus-Spannbetttuch, Himmelblau, 400TC",https://www.maisondecocon.com/products/bamboo-fitted-sheet-sky-blue-400tc?variant=54471597719885,8720828225868,"Ein seidenweiches Bambus-Spannbetttuch mit einer Fadenzahl von 400TC in zartem Himmelblau – atmungsaktiv, hypoallergen und angenehm kühl auf der Haut, mit einem passgenauen Gummizug für Matratzen mit einer Höhe von bis zu 30 cm.",153.00,Heimtextilien > Bettwäsche > Spannbettlaken,160x220/210,Sky Blue,9.00,0.00,0.00,4-7 Werktage,https://cdn.shopify.com/s/files/1/0884/0278/8685/files/bamboo-fitted-sheet-sky-blue-corner-detail.jpg?v=1786181969;https://cdn.shopify.com/s/files/1/0884/0278/8685/files/bamboo-fitted-sheet-sky-blue-bedroom-lifestyle.jpg?v=1786181969;https://cdn.shopify.com/s/files/1/0884/0278/8685/files/bamboo-fitted-sheet-sky-blue-corner-loose.jpg?v=1786181969;https://cdn.shopify.com/s/files/1/0884/0278/8685/files/bamboo-fitted-sheet-sky-blue-fabric-drape.jpg?v=1786181969;https://cdn.shopify.com/s/files/1/0884/0278/8685/files/bamboo-fitted-sheet-sky-blue-bedroom-window.jpg?v=1786182102;https://cdn.shopify.com/s/files/1/0884/0278/8685/files/bamboo-fitted-sheet-sky-blue-bedroom-detail.jpg?v=1786181969;https://cdn.shopify.com/s/files/1/0884/0278/8685/files/bamboo-fitted-sheet-sky-blue-packaging.jpg?v=1786181969
8720828225530,Boomba Bamboo,"Bambus-Spannbetttuch, Himmelblau, 400TC",https://www.maisondecocon.com/products/bamboo-fitted-sheet-sky-blue-400tc?variant=54471597818189,8720828225530,"Ein seidenweiches Bambus-Spannbetttuch mit einer Fadenzahl von 400TC in zartem Himmelblau – atmungsaktiv, hypoallergen und angenehm kühl auf der Haut, mit einem passgenauen Gummizug für Matratzen mit einer Höhe von bis zu 30 cm.",123.00,Heimtextilien > Bettwäsche > Spannbettlaken,80x210 cm,Sky Blue,9.00,0.00,0.00,4-7 Werktage,https://cdn.shopify.com/s/files/1/0884/0278/8685/files/bamboo-fitted-sheet-sky-blue-corner-detail.jpg?v=1786181969;https://cdn.shopify.com/s/files/1/0884/0278/8685/files/bamboo-fitted-sheet-sky-blue-bedroom-lifestyle.jpg?v=1786181969;https://cdn.shopify.com/s/files/1/0884/0278/8685/files/bamboo-fitted-sheet-sky-blue-corner-loose.jpg?v=1786181969;https://cdn.shopify.com/s/files/1/0884/0278/8685/files/bamboo-fitted-sheet-sky-blue-fabric-drape.jpg?v=1786181969;https://cdn.shopify.com/s/files/1/0884/0278/8685/files/bamboo-fitted-sheet-sky-blue-bedroom-window.jpg?v=1786182102;https://cdn.shopify.com/s/files/1/0884/0278/8685/files/bamboo-fitted-sheet-sky-blue-bedroom-detail.jpg?v=1786181969;https://cdn.shopify.com/s/files/1/0884/0278/8685/files/bamboo-fitted-sheet-sky-blue-packaging.jpg?v=1786181969
8720828225301,Boomba Bamboo,"Bambus-Spannbetttuch, Himmelblau, 400TC",https://www.maisondecocon.com/products/bamboo-fitted-sheet-sky-blue-400tc?variant=54471597556045,8720828225301,"Ein seidenweiches Bambus-Spannbetttuch mit einer Fadenzahl von 400TC in zartem Himmelblau – atmungsaktiv, hypoallergen und angenehm kühl auf der Haut, mit einem passgenauen Gummizug für Matratzen mit einer Höhe von bis zu 30 cm.",168.00,Heimtextilien > Bettwäsche > Spannbettlaken,200x200 cm,Sky Blue,9.00,0.00,0.00,4-7 Werktage,https://cdn.shopify.com/s/files/1/0884/0278/8685/files/bamboo-fitted-sheet-sky-blue-corner-detail.jpg?v=1786181969;https://cdn.shopify.com/s/files/1/0884/0278/8685/files/bamboo-fitted-sheet-sky-blue-bedroom-lifestyle.jpg?v=1786181969;https://cdn.shopify.com/s/files/1/0884/0278/8685/files/bamboo-fitted-sheet-sky-blue-corner-loose.jpg?v=1786181969;https://cdn.shopify.com/s/files/1/0884/0278/8685/files/bamboo-fitted-sheet-sky-blue-fabric-drape.jpg?v=1786181969;https://cdn.shopify.com/s/files/1/0884/0278/8685/files/bamboo-fitted-sheet-sky-blue-bedroom-window.jpg?v=1786182102;https://cdn.shopify.com/s/files/1/0884/0278/8685/files/bamboo-fitted-sheet-sky-blue-bedroom-detail.jpg?v=1786181969;https://cdn.shopify.com/s/files/1/0884/0278/8685/files/bamboo-fitted-sheet-sky-blue-packaging.jpg?v=1786181969
8720828225219,Boomba Bamboo,"Bambus-Spannbetttuch, Himmelblau, 400TC",https://www.maisondecocon.com/products/bamboo-fitted-sheet-sky-blue-400tc?variant=54471597883725,8720828225219,"Ein seidenweiches Bambus-Spannbetttuch mit einer Fadenzahl von 400TC in zartem Himmelblau – atmungsaktiv, hypoallergen und angenehm kühl auf der Haut, mit einem passgenauen Gummizug für Matratzen mit einer Höhe von bis zu 30 cm.",120.00,Heimtextilien > Bettwäsche > Spannbettlaken,80x200 cm,Sky Blue,9.00,0.00,0.00,4-7 Werktage,https://cdn.shopify.com/s/files/1/0884/0278/8685/files/bamboo-fitted-sheet-sky-blue-corner-detail.jpg?v=1786181969;https://cdn.shopify.com/s/files/1/0884/0278/8685/files/bamboo-fitted-sheet-sky-blue-bedroom-lifestyle.jpg?v=1786181969;https://cdn.shopify.com/s/files/1/0884/0278/8685/files/bamboo-fitted-sheet-sky-blue-corner-loose.jpg?v=1786181969;https://cdn.shopify.com/s/files/1/0884/0278/8685/files/bamboo-fitted-sheet-sky-blue-fabric-drape.jpg?v=1786181969;https://cdn.shopify.com/s/files/1/0884/0278/8685/files/bamboo-fitted-sheet-sky-blue-bedroom-window.jpg?v=1786182102;https://cdn.shopify.com/s/files/1/0884/0278/8685/files/bamboo-fitted-sheet-sky-blue-bedroom-detail.jpg?v=1786181969;https://cdn.shopify.com/s/files/1/0884/0278/8685/files/bamboo-fitted-sheet-sky-blue-packaging.jpg?v=1786181969
8720828225295,Boomba Bamboo,"Bambus-Spannbetttuch, Himmelblau, 400TC",https://www.maisondecocon.com/products/bamboo-fitted-sheet-sky-blue-400tc?variant=54471597523277,8720828225295,"Ein seidenweiches Bambus-Spannbetttuch mit einer Fadenzahl von 400TC in zartem Himmelblau – atmungsaktiv, hypoallergen und angenehm kühl auf der Haut, mit einem passgenauen Gummizug für Matratzen mit einer Höhe von bis zu 30 cm.",162.00,Heimtextilien > Bettwäsche > Spannbettlaken,180x220/210 cm,Sky Blue,9.00,0.00,0.00,4-7 Werktage,https://cdn.shopify.com/s/files/1/0884/0278/8685/files/bamboo-fitted-sheet-sky-blue-corner-detail.jpg?v=1786181969;https://cdn.shopify.com/s/files/1/0884/0278/8685/files/bamboo-fitted-sheet-sky-blue-bedroom-lifestyle.jpg?v=1786181969;https://cdn.shopify.com/s/files/1/0884/0278/8685/files/bamboo-fitted-sheet-sky-blue-corner-loose.jpg?v=1786181969;https://cdn.shopify.com/s/files/1/0884/0278/8685/files/bamboo-fitted-sheet-sky-blue-fabric-drape.jpg?v=1786181969;https://cdn.shopify.com/s/files/1/0884/0278/8685/files/bamboo-fitted-sheet-sky-blue-bedroom-window.jpg?v=1786182102;https://cdn.shopify.com/s/files/1/0884/0278/8685/files/bamboo-fitted-sheet-sky-blue-bedroom-detail.jpg?v=1786181969;https://cdn.shopify.com/s/files/1/0884/0278/8685/files/bamboo-fitted-sheet-sky-blue-packaging.jpg?v=1786181969
8720828225264,Boomba Bamboo,"Bambus-Spannbetttuch, Himmelblau, 400TC",https://www.maisondecocon.com/products/bamboo-fitted-sheet-sky-blue-400tc?variant=54471597457741,8720828225264,"Ein seidenweiches Bambus-Spannbetttuch mit einer Fadenzahl von 400TC in zartem Himmelblau – atmungsaktiv, hypoallergen und angenehm kühl auf der Haut, mit einem passgenauen Gummizug für Matratzen mit einer Höhe von bis zu 30 cm.",147.00,Heimtextilien > Bettwäsche > Spannbettlaken,160x200 cm,Sky Blue,9.00,0.00,0.00,4-7 Werktage,https://cdn.shopify.com/s/files/1/0884/0278/8685/files/bamboo-fitted-sheet-sky-blue-corner-detail.jpg?v=1786181969;https://cdn.shopify.com/s/files/1/0884/0278/8685/files/bamboo-fitted-sheet-sky-blue-bedroom-lifestyle.jpg?v=1786181969;https://cdn.shopify.com/s/files/1/0884/0278/8685/files/bamboo-fitted-sheet-sky-blue-corner-loose.jpg?v=1786181969;https://cdn.shopify.com/s/files/1/0884/0278/8685/files/bamboo-fitted-sheet-sky-blue-fabric-drape.jpg?v=1786181969;https://cdn.shopify.com/s/files/1/0884/0278/8685/files/bamboo-fitted-sheet-sky-blue-bedroom-window.jpg?v=1786182102;https://cdn.shopify.com/s/files/1/0884/0278/8685/files/bamboo-fitted-sheet-sky-blue-bedroom-detail.jpg?v=1786181969;https://cdn.shopify.com/s/files/1/0884/0278/8685/files/bamboo-fitted-sheet-sky-blue-packaging.jpg?v=1786181969
8720828225325,Boomba Bamboo,"Bambus-Spannbetttuch, Himmelblau, 400TC",https://www.maisondecocon.com/products/bamboo-fitted-sheet-sky-blue-400tc?variant=54471597588813,8720828225325,"Ein seidenweiches Bambus-Spannbetttuch mit einer Fadenzahl von 400TC in zartem Himmelblau – atmungsaktiv, hypoallergen und angenehm kühl auf der Haut, mit einem passgenauen Gummizug für Matratzen mit einer Höhe von bis zu 30 cm.",180.00,Heimtextilien > Bettwäsche > Spannbettlaken,200x220/210 cm,Sky Blue,9.00,0.00,0.00,4-7 Werktage,https://cdn.shopify.com/s/files/1/0884/0278/8685/files/bamboo-fitted-sheet-sky-blue-corner-detail.jpg?v=1786181969;https://cdn.shopify.com/s/files/1/0884/0278/8685/files/bamboo-fitted-sheet-sky-blue-bedroom-lifestyle.jpg?v=1786181969;https://cdn.shopify.com/s/files/1/0884/0278/8685/files/bamboo-fitted-sheet-sky-blue-corner-loose.jpg?v=1786181969;https://cdn.shopify.com/s/files/1/0884/0278/8685/files/bamboo-fitted-sheet-sky-blue-fabric-drape.jpg?v=1786181969;https://cdn.shopify.com/s/files/1/0884/0278/8685/files/bamboo-fitted-sheet-sky-blue-bedroom-window.jpg?v=1786182102;https://cdn.shopify.com/s/files/1/0884/0278/8685/files/bamboo-fitted-sheet-sky-blue-bedroom-detail.jpg?v=1786181969;https://cdn.shopify.com/s/files/1/0884/0278/8685/files/bamboo-fitted-sheet-sky-blue-packaging.jpg?v=1786181969
8720828225240,Boomba Bamboo,"Bambus-Spannbetttuch, Himmelblau, 400TC",https://www.maisondecocon.com/products/bamboo-fitted-sheet-sky-blue-400tc?variant=54471597785421,8720828225240,"Ein seidenweiches Bambus-Spannbetttuch mit einer Fadenzahl von 400TC in zartem Himmelblau – atmungsaktiv, hypoallergen und angenehm kühl auf der Haut, mit einem passgenauen Gummizug für Matratzen mit einer Höhe von bis zu 30 cm.",135.00,Heimtextilien > Bettwäsche > Spannbettlaken,90x220/210 cm,Sky Blue,9.00,0.00,0.00,4-7 Werktage,https://cdn.shopify.com/s/files/1/0884/0278/8685/files/bamboo-fitted-sheet-sky-blue-corner-detail.jpg?v=1786181969;https://cdn.shopify.com/s/files/1/0884/0278/8685/files/bamboo-fitted-sheet-sky-blue-bedroom-lifestyle.jpg?v=1786181969;https://cdn.shopify.com/s/files/1/0884/0278/8685/files/bamboo-fitted-sheet-sky-blue-corner-loose.jpg?v=1786181969;https://cdn.shopify.com/s/files/1/0884/0278/8685/files/bamboo-fitted-sheet-sky-blue-fabric-drape.jpg?v=1786181969;https://cdn.shopify.com/s/files/1/0884/0278/8685/files/bamboo-fitted-sheet-sky-blue-bedroom-window.jpg?v=1786182102;https://cdn.shopify.com/s/files/1/0884/0278/8685/files/bamboo-fitted-sheet-sky-blue-bedroom-detail.jpg?v=1786181969;https://cdn.shopify.com/s/files/1/0884/0278/8685/files/bamboo-fitted-sheet-sky-blue-packaging.jpg?v=1786181969
8720828225318,Boomba Bamboo,"Bambus-Spannbetttuch, Himmelblau, 400TC",https://www.maisondecocon.com/products/bamboo-fitted-sheet-sky-blue-400tc?variant=54471597654349,8720828225318,"Ein seidenweiches Bambus-Spannbetttuch mit einer Fadenzahl von 400TC in zartem Himmelblau – atmungsaktiv, hypoallergen und angenehm kühl auf der Haut, mit einem passgenauen Gummizug für Matratzen mit einer Höhe von bis zu 30 cm.",174.00,Heimtextilien > Bettwäsche > Spannbettlaken,200x210 cm,Sky Blue,9.00,0.00,0.00,4-7 Werktage,https://cdn.shopify.com/s/files/1/0884/0278/8685/files/bamboo-fitted-sheet-sky-blue-corner-detail.jpg?v=1786181969;https://cdn.shopify.com/s/files/1/0884/0278/8685/files/bamboo-fitted-sheet-sky-blue-bedroom-lifestyle.jpg?v=1786181969;https://cdn.shopify.com/s/files/1/0884/0278/8685/files/bamboo-fitted-sheet-sky-blue-corner-loose.jpg?v=1786181969;https://cdn.shopify.com/s/files/1/0884/0278/8685/files/bamboo-fitted-sheet-sky-blue-fabric-drape.jpg?v=1786181969;https://cdn.shopify.com/s/files/1/0884/0278/8685/files/bamboo-fitted-sheet-sky-blue-bedroom-window.jpg?v=1786182102;https://cdn.shopify.com/s/files/1/0884/0278/8685/files/bamboo-fitted-sheet-sky-blue-bedroom-detail.jpg?v=1786181969;https://cdn.shopify.com/s/files/1/0884/0278/8685/files/bamboo-fitted-sheet-sky-blue-packaging.jpg?v=1786181969
8720828225257,Boomba Bamboo,"Bambus-Spannbetttuch, Himmelblau, 400TC",https://www.maisondecocon.com/products/bamboo-fitted-sheet-sky-blue-400tc?variant=54471597424973,8720828225257,"Ein seidenweiches Bambus-Spannbetttuch mit einer Fadenzahl von 400TC in zartem Himmelblau – atmungsaktiv, hypoallergen und angenehm kühl auf der Haut, mit einem passgenauen Gummizug für Matratzen mit einer Höhe von bis zu 30 cm.",144.00,Heimtextilien > Bettwäsche > Spannbettlaken,140x200 cm,Sky Blue,9.00,0.00,0.00,4-7 Werktage,https://cdn.shopify.com/s/files/1/0884/0278/8685/files/bamboo-fitted-sheet-sky-blue-corner-detail.jpg?v=1786181969;https://cdn.shopify.com/s/files/1/0884/0278/8685/files/bamboo-fitted-sheet-sky-blue-bedroom-lifestyle.jpg?v=1786181969;https://cdn.shopify.com/s/files/1/0884/0278/8685/files/bamboo-fitted-sheet-sky-blue-corner-loose.jpg?v=1786181969;https://cdn.shopify.com/s/files/1/0884/0278/8685/files/bamboo-fitted-sheet-sky-blue-fabric-drape.jpg?v=1786181969;https://cdn.shopify.com/s/files/1/0884/0278/8685/files/bamboo-fitted-sheet-sky-blue-bedroom-window.jpg?v=1786182102;https://cdn.shopify.com/s/files/1/0884/0278/8685/files/bamboo-fitted-sheet-sky-blue-bedroom-detail.jpg?v=1786181969;https://cdn.shopify.com/s/files/1/0884/0278/8685/files/bamboo-fitted-sheet-sky-blue-packaging.jpg?v=1786181969
8720828225226,Boomba Bamboo,"Bambus-Spannbetttuch, Himmelblau, 400TC",https://www.maisondecocon.com/products/bamboo-fitted-sheet-sky-blue-400tc?variant=54471597752653,8720828225226,"Ein seidenweiches Bambus-Spannbetttuch mit einer Fadenzahl von 400TC in zartem Himmelblau – atmungsaktiv, hypoallergen und angenehm kühl auf der Haut, mit einem passgenauen Gummizug für Matratzen mit einer Höhe von bis zu 30 cm.",129.00,Heimtextilien > Bettwäsche > Spannbettlaken,90x200 cm,Sky Blue,9.00,0.00,0.00,4-7 Werktage,https://cdn.shopify.com/s/files/1/0884/0278/8685/files/bamboo-fitted-sheet-sky-blue-corner-detail.jpg?v=1786181969;https://cdn.shopify.com/s/files/1/0884/0278/8685/files/bamboo-fitted-sheet-sky-blue-bedroom-lifestyle.jpg?v=1786181969;https://cdn.shopify.com/s/files/1/0884/0278/8685/files/bamboo-fitted-sheet-sky-blue-corner-loose.jpg?v=1786181969;https://cdn.shopify.com/s/files/1/0884/0278/8685/files/bamboo-fitted-sheet-sky-blue-fabric-drape.jpg?v=1786181969;https://cdn.shopify.com/s/files/1/0884/0278/8685/files/bamboo-fitted-sheet-sky-blue-bedroom-window.jpg?v=1786182102;https://cdn.shopify.com/s/files/1/0884/0278/8685/files/bamboo-fitted-sheet-sky-blue-bedroom-detail.jpg?v=1786181969;https://cdn.shopify.com/s/files/1/0884/0278/8685/files/bamboo-fitted-sheet-sky-blue-packaging.jpg?v=1786181969
8720828225271,Boomba Bamboo,"Bambus-Spannbetttuch, Himmelblau, 400TC",https://www.maisondecocon.com/products/bamboo-fitted-sheet-sky-blue-400tc?variant=54471597490509,8720828225271,"Ein seidenweiches Bambus-Spannbetttuch mit einer Fadenzahl von 400TC in zartem Himmelblau – atmungsaktiv, hypoallergen und angenehm kühl auf der Haut, mit einem passgenauen Gummizug für Matratzen mit einer Höhe von bis zu 30 cm.",156.00,Heimtextilien > Bettwäsche > Spannbettlaken,180x200 cm,Sky Blue,9.00,0.00,0.00,4-7 Werktage,https://cdn.shopify.com/s/files/1/0884/0278/8685/files/bamboo-fitted-sheet-sky-blue-corner-detail.jpg?v=1786181969;https://cdn.shopify.com/s/files/1/0884/0278/8685/files/bamboo-fitted-sheet-sky-blue-bedroom-lifestyle.jpg?v=1786181969;https://cdn.shopify.com/s/files/1/0884/0278/8685/files/bamboo-fitted-sheet-sky-blue-corner-loose.jpg?v=1786181969;https://cdn.shopify.com/s/files/1/0884/0278/8685/files/bamboo-fitted-sheet-sky-blue-fabric-drape.jpg?v=1786181969;https://cdn.shopify.com/s/files/1/0884/0278/8685/files/bamboo-fitted-sheet-sky-blue-bedroom-window.jpg?v=1786182102;https://cdn.shopify.com/s/files/1/0884/0278/8685/files/bamboo-fitted-sheet-sky-blue-bedroom-detail.jpg?v=1786181969;https://cdn.shopify.com/s/files/1/0884/0278/8685/files/bamboo-fitted-sheet-sky-blue-packaging.jpg?v=1786181969
77777720026060,Boomba Bamboo,"Bambus-Bettwäscheset für 2 Personen, Farbe „Moosgrün“, 400TC",https://www.maisondecocon.com/products/2-person-bamboo-bedding-set-deep-moss-400tc?variant=54471598014797,,"Ein hochwertiges, natürliches Bettwäscheset aus Bambus mit einer Fadenzahl von 400TC für zwei Personen in der Farbe „Moosgrün“ – atmungsaktiv, hypoallergen für einen Schlaf wie im Hotel.",669.00,Heimtextilien > Bettwäsche > Bettwäsche-Sets,XXL — 200×200 + 260×240 + 60×70,Deep Moss,9.00,0.00,0.00,4-7 Werktage,https://cdn.shopify.com/s/files/1/0884/0278/8685/files/bamboo-bedding-set-deep-moss-2-person-bedroom-lifestyle.jpg?v=1786137534;https://cdn.shopify.com/s/files/1/0884/0278/8685/files/bamboo-bedding-set-deep-moss-2-person-button-detail.jpg?v=1786137585;https://cdn.shopify.com/s/files/1/0884/0278/8685/files/bamboo-bedding-set-deep-moss-2-person-bedroom-window.jpg?v=1786137597;https://cdn.shopify.com/s/files/1/0884/0278/8685/files/bamboo-bedding-set-deep-moss-2-person-tie-detail.jpg?v=1786137607;https://cdn.shopify.com/s/files/1/0884/0278/8685/files/bamboo-bedding-set-deep-moss-2-person-bed-styled.jpg?v=1786137615;https://cdn.shopify.com/s/files/1/0884/0278/8685/files/bamboo-bedding-set-deep-moss-2-person-fitted-sheet-corner-02.jpg?v=1786137648;https://cdn.shopify.com/s/files/1/0884/0278/8685/files/bamboo-bedding-set-deep-moss-2-person-fabric-swirl.jpg?v=1786137662;https://cdn.shopify.com/s/files/1/0884/0278/8685/files/bamboo-bedding-set-deep-moss-2-person-bedroom-wood-frame.jpg?v=1786137671;https://cdn.shopify.com/s/files/1/0884/0278/8685/files/bamboo-bedding-set-deep-moss-2-person-bed-full.jpg?v=1786137681;https://cdn.shopify.com/s/files/1/0884/0278/8685/files/bamboo-bedding-set-deep-moss-2-person-fitted-sheet-corner.jpg?v=1786137692;https://cdn.shopify.com/s/files/1/0884/0278/8685/files/bamboo-bedding-set-deep-moss-2-person-linen-stack.jpg?v=1786137703
7777776020060,Boomba Bamboo,"Bambus-Bettwäscheset für 2 Personen, Farbe „Moosgrün“, 400TC",https://www.maisondecocon.com/products/2-person-bamboo-bedding-set-deep-moss-400tc?variant=54471597949261,,"Ein hochwertiges, natürliches Bettwäscheset aus Bambus mit einer Fadenzahl von 400TC für zwei Personen in der Farbe „Moosgrün“ – atmungsaktiv, hypoallergen für einen Schlaf wie im Hotel.",564.00,Heimtextilien > Bettwäsche > Bettwäsche-Sets,L — 160×200 + 200×220 + 60×70,Deep Moss,9.00,0.00,0.00,4-7 Werktage,https://cdn.shopify.com/s/files/1/0884/0278/8685/files/bamboo-bedding-set-deep-moss-2-person-bedroom-lifestyle.jpg?v=1786137534;https://cdn.shopify.com/s/files/1/0884/0278/8685/files/bamboo-bedding-set-deep-moss-2-person-button-detail.jpg?v=1786137585;https://cdn.shopify.com/s/files/1/0884/0278/8685/files/bamboo-bedding-set-deep-moss-2-person-bedroom-window.jpg?v=1786137597;https://cdn.shopify.com/s/files/1/0884/0278/8685/files/bamboo-bedding-set-deep-moss-2-person-tie-detail.jpg?v=1786137607;https://cdn.shopify.com/s/files/1/0884/0278/8685/files/bamboo-bedding-set-deep-moss-2-person-bed-styled.jpg?v=1786137615;https://cdn.shopify.com/s/files/1/0884/0278/8685/files/bamboo-bedding-set-deep-moss-2-person-fitted-sheet-corner-02.jpg?v=1786137648;https://cdn.shopify.com/s/files/1/0884/0278/8685/files/bamboo-bedding-set-deep-moss-2-person-fabric-swirl.jpg?v=1786137662;https://cdn.shopify.com/s/files/1/0884/0278/8685/files/bamboo-bedding-set-deep-moss-2-person-bedroom-wood-frame.jpg?v=1786137671;https://cdn.shopify.com/s/files/1/0884/0278/8685/files/bamboo-bedding-set-deep-moss-2-person-bed-full.jpg?v=1786137681;https://cdn.shopify.com/s/files/1/0884/0278/8685/files/bamboo-bedding-set-deep-moss-2-person-fitted-sheet-corner.jpg?v=1786137692;https://cdn.shopify.com/s/files/1/0884/0278/8685/files/bamboo-bedding-set-deep-moss-2-person-linen-stack.jpg?v=1786137703
7777774020060,Boomba Bamboo,"Bambus-Bettwäscheset für 2 Personen, Farbe „Moosgrün“, 400TC",https://www.maisondecocon.com/products/2-person-bamboo-bedding-set-deep-moss-400tc?variant=54471597916493,,"Ein hochwertiges, natürliches Bettwäscheset aus Bambus mit einer Fadenzahl von 400TC für zwei Personen in der Farbe „Moosgrün“ – atmungsaktiv, hypoallergen für einen Schlaf wie im Hotel.",561.00,Heimtextilien > Bettwäsche > Bettwäsche-Sets,M — 140×200 + 200×220 + 60×70,Deep Moss,9.00,0.00,0.00,4-7 Werktage,https://cdn.shopify.com/s/files/1/0884/0278/8685/files/bamboo-bedding-set-deep-moss-2-person-bedroom-lifestyle.jpg?v=1786137534;https://cdn.shopify.com/s/files/1/0884/0278/8685/files/bamboo-bedding-set-deep-moss-2-person-button-detail.jpg?v=1786137585;https://cdn.shopify.com/s/files/1/0884/0278/8685/files/bamboo-bedding-set-deep-moss-2-person-bedroom-window.jpg?v=1786137597;https://cdn.shopify.com/s/files/1/0884/0278/8685/files/bamboo-bedding-set-deep-moss-2-person-tie-detail.jpg?v=1786137607;https://cdn.shopify.com/s/files/1/0884/0278/8685/files/bamboo-bedding-set-deep-moss-2-person-bed-styled.jpg?v=1786137615;https://cdn.shopify.com/s/files/1/0884/0278/8685/files/bamboo-bedding-set-deep-moss-2-person-fitted-sheet-corner-02.jpg?v=1786137648;https://cdn.shopify.com/s/files/1/0884/0278/8685/files/bamboo-bedding-set-deep-moss-2-person-fabric-swirl.jpg?v=1786137662;https://cdn.shopify.com/s/files/1/0884/0278/8685/files/bamboo-bedding-set-deep-moss-2-person-bedroom-wood-frame.jpg?v=1786137671;https://cdn.shopify.com/s/files/1/0884/0278/8685/files/bamboo-bedding-set-deep-moss-2-person-bed-full.jpg?v=1786137681;https://cdn.shopify.com/s/files/1/0884/0278/8685/files/bamboo-bedding-set-deep-moss-2-person-fitted-sheet-corner.jpg?v=1786137692;https://cdn.shopify.com/s/files/1/0884/0278/8685/files/bamboo-bedding-set-deep-moss-2-person-linen-stack.jpg?v=1786137703
7777778024060,Boomba Bamboo,"Bambus-Bettwäscheset für 2 Personen, Farbe „Moosgrün“, 400TC",https://www.maisondecocon.com/products/2-person-bamboo-bedding-set-deep-moss-400tc?variant=54471597982029,,"Ein hochwertiges, natürliches Bettwäscheset aus Bambus mit einer Fadenzahl von 400TC für zwei Personen in der Farbe „Moosgrün“ – atmungsaktiv, hypoallergen für einen Schlaf wie im Hotel.",642.00,Heimtextilien > Bettwäsche > Bettwäsche-Sets,XL — 180×200 + 240×220 + 60×70,Deep Moss,9.00,0.00,0.00,4-7 Werktage,https://cdn.shopify.com/s/files/1/0884/0278/8685/files/bamboo-bedding-set-deep-moss-2-person-bedroom-lifestyle.jpg?v=1786137534;https://cdn.shopify.com/s/files/1/0884/0278/8685/files/bamboo-bedding-set-deep-moss-2-person-button-detail.jpg?v=1786137585;https://cdn.shopify.com/s/files/1/0884/0278/8685/files/bamboo-bedding-set-deep-moss-2-person-bedroom-window.jpg?v=1786137597;https://cdn.shopify.com/s/files/1/0884/0278/8685/files/bamboo-bedding-set-deep-moss-2-person-tie-detail.jpg?v=1786137607;https://cdn.shopify.com/s/files/1/0884/0278/8685/files/bamboo-bedding-set-deep-moss-2-person-bed-styled.jpg?v=1786137615;https://cdn.shopify.com/s/files/1/0884/0278/8685/files/bamboo-bedding-set-deep-moss-2-person-fitted-sheet-corner-02.jpg?v=1786137648;https://cdn.shopify.com/s/files/1/0884/0278/8685/files/bamboo-bedding-set-deep-moss-2-person-fabric-swirl.jpg?v=1786137662;https://cdn.shopify.com/s/files/1/0884/0278/8685/files/bamboo-bedding-set-deep-moss-2-person-bedroom-wood-frame.jpg?v=1786137671;https://cdn.shopify.com/s/files/1/0884/0278/8685/files/bamboo-bedding-set-deep-moss-2-person-bed-full.jpg?v=1786137681;https://cdn.shopify.com/s/files/1/0884/0278/8685/files/bamboo-bedding-set-deep-moss-2-person-fitted-sheet-corner.jpg?v=1786137692;https://cdn.shopify.com/s/files/1/0884/0278/8685/files/bamboo-bedding-set-deep-moss-2-person-linen-stack.jpg?v=1786137703
9999994020060,Boomba Bamboo,"Bambus-Bettwäscheset für 2 Personen, Coffee Brown, 400TC",https://www.maisondecocon.com/products/2-person-bamboo-bedding-set-coffee-brown-400tc?variant=54471598047565,,"Ein warmes, hochwertiges Bettwäscheset aus Bambus mit einer Fadenzahl von 400TC für zwei Personen in der Farbe „Coffee Brown“ – atmungsaktiv, hypoallergen für einen Schlaf wie im Hotel.",561.00,Heimtextilien > Bettwäsche > Bettwäsche-Sets,M — 140×200 + 200×220 + 60×70,Coco Brown,9.00,0.00,0.00,4-7 Werktage,https://cdn.shopify.com/s/files/1/0884/0278/8685/files/bamboo-bedding-set-coffee-brown-2-person-bedroom-chair.jpg?v=1786137332;https://cdn.shopify.com/s/files/1/0884/0278/8685/files/bamboo-bedding-set-coffee-brown-2-person-button-detail.jpg?v=1786137340;https://cdn.shopify.com/s/files/1/0884/0278/8685/files/bamboo-bedding-set-coffee-brown-2-person-bedroom-window.jpg?v=1786137349;https://cdn.shopify.com/s/files/1/0884/0278/8685/files/bamboo-bedding-set-coffee-brown-2-person-tie-detail.jpg?v=1786137367;https://cdn.shopify.com/s/files/1/0884/0278/8685/files/bamboo-bedding-set-coffee-brown-2-person-bed-styled.jpg?v=1786137376;https://cdn.shopify.com/s/files/1/0884/0278/8685/files/bamboo-bedding-set-coffee-brown-2-person-fabric-swirl.jpg?v=1786137385;https://cdn.shopify.com/s/files/1/0884/0278/8685/files/bamboo-bedding-set-coffee-brown-2-person-linen-stack.jpg?v=1786137394;https://cdn.shopify.com/s/files/1/0884/0278/8685/files/bamboo-bedding-set-coffee-brown-2-person-bedroom-wood-frame.jpg?v=1786137403;https://cdn.shopify.com/s/files/1/0884/0278/8685/files/bamboo-bedding-set-coffee-brown-2-person-bedroom-wood-frame-02.jpg?v=1786137426;https://cdn.shopify.com/s/files/1/0884/0278/8685/files/bamboo-bedding-set-coffee-brown-2-person-fitted-sheet-corner.jpg?v=1786137441;https://cdn.shopify.com/s/files/1/0884/0278/8685/files/bamboo-bedding-set-coffee-brown-2-person-fitted-sheet-detail.jpg?v=1786137454
99999920026060,Boomba Bamboo,"Bambus-Bettwäscheset für 2 Personen, Coffee Brown, 400TC",https://www.maisondecocon.com/products/2-person-bamboo-bedding-set-coffee-brown-400tc?variant=54471598145869,,"Ein warmes, hochwertiges Bettwäscheset aus Bambus mit einer Fadenzahl von 400TC für zwei Personen in der Farbe „Coffee Brown“ – atmungsaktiv, hypoallergen für einen Schlaf wie im Hotel.",669.00,Heimtextilien > Bettwäsche > Bettwäsche-Sets,XXL — 200×200 + 260×240 + 60×70,Coco Brown,9.00,0.00,0.00,4-7 Werktage,https://cdn.shopify.com/s/files/1/0884/0278/8685/files/bamboo-bedding-set-coffee-brown-2-person-bedroom-chair.jpg?v=1786137332;https://cdn.shopify.com/s/files/1/0884/0278/8685/files/bamboo-bedding-set-coffee-brown-2-person-button-detail.jpg?v=1786137340;https://cdn.shopify.com/s/files/1/0884/0278/8685/files/bamboo-bedding-set-coffee-brown-2-person-bedroom-window.jpg?v=1786137349;https://cdn.shopify.com/s/files/1/0884/0278/8685/files/bamboo-bedding-set-coffee-brown-2-person-tie-detail.jpg?v=1786137367;https://cdn.shopify.com/s/files/1/0884/0278/8685/files/bamboo-bedding-set-coffee-brown-2-person-bed-styled.jpg?v=1786137376;https://cdn.shopify.com/s/files/1/0884/0278/8685/files/bamboo-bedding-set-coffee-brown-2-person-fabric-swirl.jpg?v=1786137385;https://cdn.shopify.com/s/files/1/0884/0278/8685/files/bamboo-bedding-set-coffee-brown-2-person-linen-stack.jpg?v=1786137394;https://cdn.shopify.com/s/files/1/0884/0278/8685/files/bamboo-bedding-set-coffee-brown-2-person-bedroom-wood-frame.jpg?v=1786137403;https://cdn.shopify.com/s/files/1/0884/0278/8685/files/bamboo-bedding-set-coffee-brown-2-person-bedroom-wood-frame-02.jpg?v=1786137426;https://cdn.shopify.com/s/files/1/0884/0278/8685/files/bamboo-bedding-set-coffee-brown-2-person-fitted-sheet-corner.jpg?v=1786137441;https://cdn.shopify.com/s/files/1/0884/0278/8685/files/bamboo-bedding-set-coffee-brown-2-person-fitted-sheet-detail.jpg?v=1786137454
9999996020060,Boomba Bamboo,"Bambus-Bettwäscheset für 2 Personen, Coffee Brown, 400TC",https://www.maisondecocon.com/products/2-person-bamboo-bedding-set-coffee-brown-400tc?variant=54471598080333,,"Ein warmes, hochwertiges Bettwäscheset aus Bambus mit einer Fadenzahl von 400TC für zwei Personen in der Farbe „Coffee Brown“ – atmungsaktiv, hypoallergen für einen Schlaf wie im Hotel.",564.00,Heimtextilien > Bettwäsche > Bettwäsche-Sets,L — 160×200 + 200×220 + 60×70,Coco Brown,9.00,0.00,0.00,4-7 Werktage,https://cdn.shopify.com/s/files/1/0884/0278/8685/files/bamboo-bedding-set-coffee-brown-2-person-bedroom-chair.jpg?v=1786137332;https://cdn.shopify.com/s/files/1/0884/0278/8685/files/bamboo-bedding-set-coffee-brown-2-person-button-detail.jpg?v=1786137340;https://cdn.shopify.com/s/files/1/0884/0278/8685/files/bamboo-bedding-set-coffee-brown-2-person-bedroom-window.jpg?v=1786137349;https://cdn.shopify.com/s/files/1/0884/0278/8685/files/bamboo-bedding-set-coffee-brown-2-person-tie-detail.jpg?v=1786137367;https://cdn.shopify.com/s/files/1/0884/0278/8685/files/bamboo-bedding-set-coffee-brown-2-person-bed-styled.jpg?v=1786137376;https://cdn.shopify.com/s/files/1/0884/0278/8685/files/bamboo-bedding-set-coffee-brown-2-person-fabric-swirl.jpg?v=1786137385;https://cdn.shopify.com/s/files/1/0884/0278/8685/files/bamboo-bedding-set-coffee-brown-2-person-linen-stack.jpg?v=1786137394;https://cdn.shopify.com/s/files/1/0884/0278/8685/files/bamboo-bedding-set-coffee-brown-2-person-bedroom-wood-frame.jpg?v=1786137403;https://cdn.shopify.com/s/files/1/0884/0278/8685/files/bamboo-bedding-set-coffee-brown-2-person-bedroom-wood-frame-02.jpg?v=1786137426;https://cdn.shopify.com/s/files/1/0884/0278/8685/files/bamboo-bedding-set-coffee-brown-2-person-fitted-sheet-corner.jpg?v=1786137441;https://cdn.shopify.com/s/files/1/0884/0278/8685/files/bamboo-bedding-set-coffee-brown-2-person-fitted-sheet-detail.jpg?v=1786137454
9999998024060,Boomba Bamboo,"Bambus-Bettwäscheset für 2 Personen, Coffee Brown, 400TC",https://www.maisondecocon.com/products/2-person-bamboo-bedding-set-coffee-brown-400tc?variant=54471598113101,,"Ein warmes, hochwertiges Bettwäscheset aus Bambus mit einer Fadenzahl von 400TC für zwei Personen in der Farbe „Coffee Brown“ – atmungsaktiv, hypoallergen für einen Schlaf wie im Hotel.",642.00,Heimtextilien > Bettwäsche > Bettwäsche-Sets,XL — 180×200 + 240×220 + 60×70,Coco Brown,9.00,0.00,0.00,4-7 Werktage,https://cdn.shopify.com/s/files/1/0884/0278/8685/files/bamboo-bedding-set-coffee-brown-2-person-bedroom-chair.jpg?v=1786137332;https://cdn.shopify.com/s/files/1/0884/0278/8685/files/bamboo-bedding-set-coffee-brown-2-person-button-detail.jpg?v=1786137340;https://cdn.shopify.com/s/files/1/0884/0278/8685/files/bamboo-bedding-set-coffee-brown-2-person-bedroom-window.jpg?v=1786137349;https://cdn.shopify.com/s/files/1/0884/0278/8685/files/bamboo-bedding-set-coffee-brown-2-person-tie-detail.jpg?v=1786137367;https://cdn.shopify.com/s/files/1/0884/0278/8685/files/bamboo-bedding-set-coffee-brown-2-person-bed-styled.jpg?v=1786137376;https://cdn.shopify.com/s/files/1/0884/0278/8685/files/bamboo-bedding-set-coffee-brown-2-person-fabric-swirl.jpg?v=1786137385;https://cdn.shopify.com/s/files/1/0884/0278/8685/files/bamboo-bedding-set-coffee-brown-2-person-linen-stack.jpg?v=1786137394;https://cdn.shopify.com/s/files/1/0884/0278/8685/files/bamboo-bedding-set-coffee-brown-2-person-bedroom-wood-frame.jpg?v=1786137403;https://cdn.shopify.com/s/files/1/0884/0278/8685/files/bamboo-bedding-set-coffee-brown-2-person-bedroom-wood-frame-02.jpg?v=1786137426;https://cdn.shopify.com/s/files/1/0884/0278/8685/files/bamboo-bedding-set-coffee-brown-2-person-fitted-sheet-corner.jpg?v=1786137441;https://cdn.shopify.com/s/files/1/0884/0278/8685/files/bamboo-bedding-set-coffee-brown-2-person-fitted-sheet-detail.jpg?v=1786137454
8720648154447,Boomba Bamboo,"Kissenbezüge aus Bambus, Soft Taupe, 400TC – 2er-Set",https://www.maisondecocon.com/products/bamboo-pillowcases-soft-taupe-400tc?variant=54471598604621,8720648154447,"Verleihen Sie Ihrem Schlafzimmer mit diesen Kissenbezügen aus Bambus mit einer Fadenzahl von 400TC in der neutralen Farbe „Soft Taupe“ eine warme, elegante Note – seidig-glatt und hypoallergen.",93.00,Heimtextilien > Bettwäsche > Kissenbezüge,40x80 cm,Soft Taupe,9.00,0.00,0.00,4-7 Werktage,https://cdn.shopify.com/s/files/1/0884/0278/8685/files/bamboo-pillowcases-soft-taupe-bench-lifestyle.jpg?v=1786130269;https://cdn.shopify.com/s/files/1/0884/0278/8685/files/bamboo-pillowcases-soft-taupe-fabric-swirl.jpg?v=1786130280;https://cdn.shopify.com/s/files/1/0884/0278/8685/files/bamboo-pillowcases-soft-taupe-chair-styled.jpg?v=1786130291;https://cdn.shopify.com/s/files/1/0884/0278/8685/files/bamboo-pillowcases-soft-taupe-bed-wood-frame.jpg?v=1786130308;https://cdn.shopify.com/s/files/1/0884/0278/8685/files/bamboo-pillowcases-soft-taupe-pillow-detail.jpg?v=1786130319;https://cdn.shopify.com/s/files/1/0884/0278/8685/files/bamboo-pillowcases-soft-taupe-bed-styled.jpg?v=1786130337;https://cdn.shopify.com/s/files/1/0884/0278/8685/files/bamboo-pillowcases-soft-taupe-packaging.jpg?v=1786130300
8720648154454,Boomba Bamboo,"Kissenbezüge aus Bambus, Soft Taupe, 400TC – 2er-Set",https://www.maisondecocon.com/products/bamboo-pillowcases-soft-taupe-400tc?variant=54471598637389,8720648154454,"Verleihen Sie Ihrem Schlafzimmer mit diesen Kissenbezügen aus Bambus mit einer Fadenzahl von 400TC in der neutralen Farbe „Soft Taupe“ eine warme, elegante Note – seidig-glatt und hypoallergen.",96.00,Heimtextilien > Bettwäsche > Kissenbezüge,50x75 cm,Soft Taupe,9.00,0.00,0.00,4-7 Werktage,https://cdn.shopify.com/s/files/1/0884/0278/8685/files/bamboo-pillowcases-soft-taupe-bench-lifestyle.jpg?v=1786130269;https://cdn.shopify.com/s/files/1/0884/0278/8685/files/bamboo-pillowcases-soft-taupe-fabric-swirl.jpg?v=1786130280;https://cdn.shopify.com/s/files/1/0884/0278/8685/files/bamboo-pillowcases-soft-taupe-chair-styled.jpg?v=1786130291;https://cdn.shopify.com/s/files/1/0884/0278/8685/files/bamboo-pillowcases-soft-taupe-bed-wood-frame.jpg?v=1786130308;https://cdn.shopify.com/s/files/1/0884/0278/8685/files/bamboo-pillowcases-soft-taupe-pillow-detail.jpg?v=1786130319;https://cdn.shopify.com/s/files/1/0884/0278/8685/files/bamboo-pillowcases-soft-taupe-bed-styled.jpg?v=1786130337;https://cdn.shopify.com/s/files/1/0884/0278/8685/files/bamboo-pillowcases-soft-taupe-packaging.jpg?v=1786130300
8720648154461,Boomba Bamboo,"Kissenbezüge aus Bambus, Soft Taupe, 400TC – 2er-Set",https://www.maisondecocon.com/products/bamboo-pillowcases-soft-taupe-400tc?variant=54471598670157,8720648154461,"Verleihen Sie Ihrem Schlafzimmer mit diesen Kissenbezügen aus Bambus mit einer Fadenzahl von 400TC in der neutralen Farbe „Soft Taupe“ eine warme, elegante Note – seidig-glatt und hypoallergen.",99.00,Heimtextilien > Bettwäsche > Kissenbezüge,60x70 cm,Soft Taupe,9.00,0.00,0.00,4-7 Werktage,https://cdn.shopify.com/s/files/1/0884/0278/8685/files/bamboo-pillowcases-soft-taupe-bench-lifestyle.jpg?v=1786130269;https://cdn.shopify.com/s/files/1/0884/0278/8685/files/bamboo-pillowcases-soft-taupe-fabric-swirl.jpg?v=1786130280;https://cdn.shopify.com/s/files/1/0884/0278/8685/files/bamboo-pillowcases-soft-taupe-chair-styled.jpg?v=1786130291;https://cdn.shopify.com/s/files/1/0884/0278/8685/files/bamboo-pillowcases-soft-taupe-bed-wood-frame.jpg?v=1786130308;https://cdn.shopify.com/s/files/1/0884/0278/8685/files/bamboo-pillowcases-soft-taupe-pillow-detail.jpg?v=1786130319;https://cdn.shopify.com/s/files/1/0884/0278/8685/files/bamboo-pillowcases-soft-taupe-bed-styled.jpg?v=1786130337;https://cdn.shopify.com/s/files/1/0884/0278/8685/files/bamboo-pillowcases-soft-taupe-packaging.jpg?v=1786130300
8888889014050,Boomba Bamboo,"Bambus-Bettwäscheset für 1 Person, „Lavender Mist“, 400TC",https://www.maisondecocon.com/products/1-person-bamboo-bedding-set-lavender-mist-400tc?variant=54471598768461,,"Ein weiches, ruhiges Bettwäscheset aus Bambus mit einer Fadenzahl von 400TC für eine Person in der Farbe „Lavender Mist“ – atmungsaktiv, hypoallergen für einen Schlaf wie im Hotel.",492.00,Heimtextilien > Bettwäsche > Bettwäsche-Sets,L — 90×200 + 140×220 + 50×75,Lavender Mist,9.00,0.00,0.00,4-7 Werktage,https://cdn.shopify.com/s/files/1/0884/0278/8685/files/bamboo-bedding-set-lavender-mist-1-person-bedroom-lifestyle.jpg?v=1786136942;https://cdn.shopify.com/s/files/1/0884/0278/8685/files/bamboo-bedding-set-lavender-mist-1-person-button-detail.jpg?v=1786136956;https://cdn.shopify.com/s/files/1/0884/0278/8685/files/bamboo-bedding-set-lavender-mist-1-person-bed-styled.jpg?v=1786136970;https://cdn.shopify.com/s/files/1/0884/0278/8685/files/bamboo-bedding-set-lavender-mist-1-person-fabric-swirl.jpg?v=1786137110;https://cdn.shopify.com/s/files/1/0884/0278/8685/files/bamboo-bedding-set-lavender-mist-1-person-bedroom-wood-frame.jpg?v=1786137120;https://cdn.shopify.com/s/files/1/0884/0278/8685/files/bamboo-bedding-set-lavender-mist-1-person-tie-detail.jpg?v=1786137131;https://cdn.shopify.com/s/files/1/0884/0278/8685/files/bamboo-bedding-set-lavender-mist-1-person-pillow-detail.jpg?v=1786137140;https://cdn.shopify.com/s/files/1/0884/0278/8685/files/bamboo-bedding-set-lavender-mist-1-person-fitted-sheet-corner.jpg?v=1786137149;https://cdn.shopify.com/s/files/1/0884/0278/8685/files/bamboo-bedding-set-lavender-mist-1-person-bedroom-window.jpg?v=1786137164;https://cdn.shopify.com/s/files/1/0884/0278/8685/files/bamboo-bedding-set-lavender-mist-1-person-bed-full.jpg?v=1786137172;https://cdn.shopify.com/s/files/1/0884/0278/8685/files/bamboo-bedding-set-lavender-mist-1-person-fitted-sheet-detail.jpg?v=1786137184
8888888014050,Boomba Bamboo,"Bambus-Bettwäscheset für 1 Person, „Lavender Mist“, 400TC",https://www.maisondecocon.com/products/1-person-bamboo-bedding-set-lavender-mist-400tc?variant=54471598735693,,"Ein weiches, ruhiges Bettwäscheset aus Bambus mit einer Fadenzahl von 400TC für eine Person in der Farbe „Lavender Mist“ – atmungsaktiv, hypoallergen für einen Schlaf wie im Hotel.",483.00,Heimtextilien > Bettwäsche > Bettwäsche-Sets,M — 80×200 + 140×220 + 50×75,Lavender Mist,9.00,0.00,0.00,4-7 Werktage,https://cdn.shopify.com/s/files/1/0884/0278/8685/files/bamboo-bedding-set-lavender-mist-1-person-bedroom-lifestyle.jpg?v=1786136942;https://cdn.shopify.com/s/files/1/0884/0278/8685/files/bamboo-bedding-set-lavender-mist-1-person-button-detail.jpg?v=1786136956;https://cdn.shopify.com/s/files/1/0884/0278/8685/files/bamboo-bedding-set-lavender-mist-1-person-bed-styled.jpg?v=1786136970;https://cdn.shopify.com/s/files/1/0884/0278/8685/files/bamboo-bedding-set-lavender-mist-1-person-fabric-swirl.jpg?v=1786137110;https://cdn.shopify.com/s/files/1/0884/0278/8685/files/bamboo-bedding-set-lavender-mist-1-person-bedroom-wood-frame.jpg?v=1786137120;https://cdn.shopify.com/s/files/1/0884/0278/8685/files/bamboo-bedding-set-lavender-mist-1-person-tie-detail.jpg?v=1786137131;https://cdn.shopify.com/s/files/1/0884/0278/8685/files/bamboo-bedding-set-lavender-mist-1-person-pillow-detail.jpg?v=1786137140;https://cdn.shopify.com/s/files/1/0884/0278/8685/files/bamboo-bedding-set-lavender-mist-1-person-fitted-sheet-corner.jpg?v=1786137149;https://cdn.shopify.com/s/files/1/0884/0278/8685/files/bamboo-bedding-set-lavender-mist-1-person-bedroom-window.jpg?v=1786137164;https://cdn.shopify.com/s/files/1/0884/0278/8685/files/bamboo-bedding-set-lavender-mist-1-person-bed-full.jpg?v=1786137172;https://cdn.shopify.com/s/files/1/0884/0278/8685/files/bamboo-bedding-set-lavender-mist-1-person-fitted-sheet-detail.jpg?v=1786137184
8721161968030,Boomba Bamboo,"Bambus-Spannbetttuch „Cuddle Pink“, 400TC",https://www.maisondecocon.com/products/bamboo-fitted-sheet-cuddle-pink-400tc?variant=54471599292749,8721161968030,"Ein seidenweiches Bambus-Spannbetttuch mit einer Fadenzahl von 400TC in zartem Cuddle Pink – atmungsaktiv, hypoallergen und angenehm kühl auf der Haut, mit einem passgenauen Gummizug für Matratzen mit einer Höhe von bis zu 30 cm.",141.00,Heimtextilien > Bettwäsche > Spannbettlaken,100x220/210 cm,Cuddle Pink,9.00,0.00,0.00,4-7 Werktage,https://cdn.shopify.com/s/files/1/0884/0278/8685/files/bamboo-fitted-sheet-cuddle-pink-corner-detail.jpg?v=1786182085;https://cdn.shopify.com/s/files/1/0884/0278/8685/files/bamboo-fitted-sheet-cuddle-pink-bedroom-lifestyle.jpg?v=1786182085;https://cdn.shopify.com/s/files/1/0884/0278/8685/files/bamboo-fitted-sheet-cuddle-pink-corner-loose.jpg?v=1786182085;https://cdn.shopify.com/s/files/1/0884/0278/8685/files/bamboo-fitted-sheet-cuddle-pink-fabric-drape.jpg?v=1786182085;https://cdn.shopify.com/s/files/1/0884/0278/8685/files/bamboo-fitted-sheet-cuddle-pink-bedroom-front.jpg?v=1786182085;https://cdn.shopify.com/s/files/1/0884/0278/8685/files/bamboo-fitted-sheet-cuddle-pink-bedroom-detail.jpg?v=1786182085;https://cdn.shopify.com/s/files/1/0884/0278/8685/files/bamboo-fitted-sheet-cuddle-pink-bedroom-full.jpg?v=1786182085;https://cdn.shopify.com/s/files/1/0884/0278/8685/files/bamboo-fitted-sheet-cuddle-pink-packaging.jpg?v=1786182085
8720618860088,Boomba Bamboo,"Bambus-Spannbetttuch „Cuddle Pink“, 400TC",https://www.maisondecocon.com/products/bamboo-fitted-sheet-cuddle-pink-400tc?variant=54471599522125,8720618860088,"Ein seidenweiches Bambus-Spannbetttuch mit einer Fadenzahl von 400TC in zartem Cuddle Pink – atmungsaktiv, hypoallergen und angenehm kühl auf der Haut, mit einem passgenauen Gummizug für Matratzen mit einer Höhe von bis zu 30 cm.",144.00,Heimtextilien > Bettwäsche > Spannbettlaken,140x200 cm,Cuddle Pink,9.00,0.00,0.00,4-7 Werktage,https://cdn.shopify.com/s/files/1/0884/0278/8685/files/bamboo-fitted-sheet-cuddle-pink-corner-detail.jpg?v=1786182085;https://cdn.shopify.com/s/files/1/0884/0278/8685/files/bamboo-fitted-sheet-cuddle-pink-bedroom-lifestyle.jpg?v=1786182085;https://cdn.shopify.com/s/files/1/0884/0278/8685/files/bamboo-fitted-sheet-cuddle-pink-corner-loose.jpg?v=1786182085;https://cdn.shopify.com/s/files/1/0884/0278/8685/files/bamboo-fitted-sheet-cuddle-pink-fabric-drape.jpg?v=1786182085;https://cdn.shopify.com/s/files/1/0884/0278/8685/files/bamboo-fitted-sheet-cuddle-pink-bedroom-front.jpg?v=1786182085;https://cdn.shopify.com/s/files/1/0884/0278/8685/files/bamboo-fitted-sheet-cuddle-pink-bedroom-detail.jpg?v=1786182085;https://cdn.shopify.com/s/files/1/0884/0278/8685/files/bamboo-fitted-sheet-cuddle-pink-bedroom-full.jpg?v=1786182085;https://cdn.shopify.com/s/files/1/0884/0278/8685/files/bamboo-fitted-sheet-cuddle-pink-packaging.jpg?v=1786182085
8720618860156,Boomba Bamboo,"Bambus-Spannbetttuch „Cuddle Pink“, 400TC",https://www.maisondecocon.com/products/bamboo-fitted-sheet-cuddle-pink-400tc?variant=54471599194445,8720618860156,"Ein seidenweiches Bambus-Spannbetttuch mit einer Fadenzahl von 400TC in zartem Cuddle Pink – atmungsaktiv, hypoallergen und angenehm kühl auf der Haut, mit einem passgenauen Gummizug für Matratzen mit einer Höhe von bis zu 30 cm.",180.00,Heimtextilien > Bettwäsche > Spannbettlaken,200x220/210 cm,Cuddle Pink,9.00,0.00,0.00,4-7 Werktage,https://cdn.shopify.com/s/files/1/0884/0278/8685/files/bamboo-fitted-sheet-cuddle-pink-corner-detail.jpg?v=1786182085;https://cdn.shopify.com/s/files/1/0884/0278/8685/files/bamboo-fitted-sheet-cuddle-pink-bedroom-lifestyle.jpg?v=1786182085;https://cdn.shopify.com/s/files/1/0884/0278/8685/files/bamboo-fitted-sheet-cuddle-pink-corner-loose.jpg?v=1786182085;https://cdn.shopify.com/s/files/1/0884/0278/8685/files/bamboo-fitted-sheet-cuddle-pink-fabric-drape.jpg?v=1786182085;https://cdn.shopify.com/s/files/1/0884/0278/8685/files/bamboo-fitted-sheet-cuddle-pink-bedroom-front.jpg?v=1786182085;https://cdn.shopify.com/s/files/1/0884/0278/8685/files/bamboo-fitted-sheet-cuddle-pink-bedroom-detail.jpg?v=1786182085;https://cdn.shopify.com/s/files/1/0884/0278/8685/files/bamboo-fitted-sheet-cuddle-pink-bedroom-full.jpg?v=1786182085;https://cdn.shopify.com/s/files/1/0884/0278/8685/files/bamboo-fitted-sheet-cuddle-pink-packaging.jpg?v=1786182085
8721161968009,Boomba Bamboo,"Bambus-Spannbetttuch „Cuddle Pink“, 400TC",https://www.maisondecocon.com/products/bamboo-fitted-sheet-cuddle-pink-400tc?variant=54471599358285,8721161968009,"Ein seidenweiches Bambus-Spannbetttuch mit einer Fadenzahl von 400TC in zartem Cuddle Pink – atmungsaktiv, hypoallergen und angenehm kühl auf der Haut, mit einem passgenauen Gummizug für Matratzen mit einer Höhe von bis zu 30 cm.",126.00,Heimtextilien > Bettwäsche > Spannbettlaken,80x220/210 cm,Cuddle Pink,9.00,0.00,0.00,4-7 Werktage,https://cdn.shopify.com/s/files/1/0884/0278/8685/files/bamboo-fitted-sheet-cuddle-pink-corner-detail.jpg?v=1786182085;https://cdn.shopify.com/s/files/1/0884/0278/8685/files/bamboo-fitted-sheet-cuddle-pink-bedroom-lifestyle.jpg?v=1786182085;https://cdn.shopify.com/s/files/1/0884/0278/8685/files/bamboo-fitted-sheet-cuddle-pink-corner-loose.jpg?v=1786182085;https://cdn.shopify.com/s/files/1/0884/0278/8685/files/bamboo-fitted-sheet-cuddle-pink-fabric-drape.jpg?v=1786182085;https://cdn.shopify.com/s/files/1/0884/0278/8685/files/bamboo-fitted-sheet-cuddle-pink-bedroom-front.jpg?v=1786182085;https://cdn.shopify.com/s/files/1/0884/0278/8685/files/bamboo-fitted-sheet-cuddle-pink-bedroom-detail.jpg?v=1786182085;https://cdn.shopify.com/s/files/1/0884/0278/8685/files/bamboo-fitted-sheet-cuddle-pink-bedroom-full.jpg?v=1786182085;https://cdn.shopify.com/s/files/1/0884/0278/8685/files/bamboo-fitted-sheet-cuddle-pink-packaging.jpg?v=1786182085
8721161968016,Boomba Bamboo,"Bambus-Spannbetttuch „Cuddle Pink“, 400TC",https://www.maisondecocon.com/products/bamboo-fitted-sheet-cuddle-pink-400tc?variant=54471599391053,8721161968016,"Ein seidenweiches Bambus-Spannbetttuch mit einer Fadenzahl von 400TC in zartem Cuddle Pink – atmungsaktiv, hypoallergen und angenehm kühl auf der Haut, mit einem passgenauen Gummizug für Matratzen mit einer Höhe von bis zu 30 cm.",135.00,Heimtextilien > Bettwäsche > Spannbettlaken,90x220/210 cm,Cuddle Pink,9.00,0.00,0.00,4-7 Werktage,https://cdn.shopify.com/s/files/1/0884/0278/8685/files/bamboo-fitted-sheet-cuddle-pink-corner-detail.jpg?v=1786182085;https://cdn.shopify.com/s/files/1/0884/0278/8685/files/bamboo-fitted-sheet-cuddle-pink-bedroom-lifestyle.jpg?v=1786182085;https://cdn.shopify.com/s/files/1/0884/0278/8685/files/bamboo-fitted-sheet-cuddle-pink-corner-loose.jpg?v=1786182085;https://cdn.shopify.com/s/files/1/0884/0278/8685/files/bamboo-fitted-sheet-cuddle-pink-fabric-drape.jpg?v=1786182085;https://cdn.shopify.com/s/files/1/0884/0278/8685/files/bamboo-fitted-sheet-cuddle-pink-bedroom-front.jpg?v=1786182085;https://cdn.shopify.com/s/files/1/0884/0278/8685/files/bamboo-fitted-sheet-cuddle-pink-bedroom-detail.jpg?v=1786182085;https://cdn.shopify.com/s/files/1/0884/0278/8685/files/bamboo-fitted-sheet-cuddle-pink-bedroom-full.jpg?v=1786182085;https://cdn.shopify.com/s/files/1/0884/0278/8685/files/bamboo-fitted-sheet-cuddle-pink-packaging.jpg?v=1786182085
8720618860064,Boomba Bamboo,"Bambus-Spannbetttuch „Cuddle Pink“, 400TC",https://www.maisondecocon.com/products/bamboo-fitted-sheet-cuddle-pink-400tc?variant=54471599161677,8720618860064,"Ein seidenweiches Bambus-Spannbetttuch mit einer Fadenzahl von 400TC in zartem Cuddle Pink – atmungsaktiv, hypoallergen und angenehm kühl auf der Haut, mit einem passgenauen Gummizug für Matratzen mit einer Höhe von bis zu 30 cm.",120.00,Heimtextilien > Bettwäsche > Spannbettlaken,80x200 cm,Cuddle Pink,9.00,0.00,0.00,4-7 Werktage,https://cdn.shopify.com/s/files/1/0884/0278/8685/files/bamboo-fitted-sheet-cuddle-pink-corner-detail.jpg?v=1786182085;https://cdn.shopify.com/s/files/1/0884/0278/8685/files/bamboo-fitted-sheet-cuddle-pink-bedroom-lifestyle.jpg?v=1786182085;https://cdn.shopify.com/s/files/1/0884/0278/8685/files/bamboo-fitted-sheet-cuddle-pink-corner-loose.jpg?v=1786182085;https://cdn.shopify.com/s/files/1/0884/0278/8685/files/bamboo-fitted-sheet-cuddle-pink-fabric-drape.jpg?v=1786182085;https://cdn.shopify.com/s/files/1/0884/0278/8685/files/bamboo-fitted-sheet-cuddle-pink-bedroom-front.jpg?v=1786182085;https://cdn.shopify.com/s/files/1/0884/0278/8685/files/bamboo-fitted-sheet-cuddle-pink-bedroom-detail.jpg?v=1786182085;https://cdn.shopify.com/s/files/1/0884/0278/8685/files/bamboo-fitted-sheet-cuddle-pink-bedroom-full.jpg?v=1786182085;https://cdn.shopify.com/s/files/1/0884/0278/8685/files/bamboo-fitted-sheet-cuddle-pink-packaging.jpg?v=1786182085
8720618860101,Boomba Bamboo,"Bambus-Spannbetttuch „Cuddle Pink“, 400TC",https://www.maisondecocon.com/products/bamboo-fitted-sheet-cuddle-pink-400tc?variant=54471599456589,8720618860101,"Ein seidenweiches Bambus-Spannbetttuch mit einer Fadenzahl von 400TC in zartem Cuddle Pink – atmungsaktiv, hypoallergen und angenehm kühl auf der Haut, mit einem passgenauen Gummizug für Matratzen mit einer Höhe von bis zu 30 cm.",156.00,Heimtextilien > Bettwäsche > Spannbettlaken,180x200 cm,Cuddle Pink,9.00,0.00,0.00,4-7 Werktage,https://cdn.shopify.com/s/files/1/0884/0278/8685/files/bamboo-fitted-sheet-cuddle-pink-corner-detail.jpg?v=1786182085;https://cdn.shopify.com/s/files/1/0884/0278/8685/files/bamboo-fitted-sheet-cuddle-pink-bedroom-lifestyle.jpg?v=1786182085;https://cdn.shopify.com/s/files/1/0884/0278/8685/files/bamboo-fitted-sheet-cuddle-pink-corner-loose.jpg?v=1786182085;https://cdn.shopify.com/s/files/1/0884/0278/8685/files/bamboo-fitted-sheet-cuddle-pink-fabric-drape.jpg?v=1786182085;https://cdn.shopify.com/s/files/1/0884/0278/8685/files/bamboo-fitted-sheet-cuddle-pink-bedroom-front.jpg?v=1786182085;https://cdn.shopify.com/s/files/1/0884/0278/8685/files/bamboo-fitted-sheet-cuddle-pink-bedroom-detail.jpg?v=1786182085;https://cdn.shopify.com/s/files/1/0884/0278/8685/files/bamboo-fitted-sheet-cuddle-pink-bedroom-full.jpg?v=1786182085;https://cdn.shopify.com/s/files/1/0884/0278/8685/files/bamboo-fitted-sheet-cuddle-pink-packaging.jpg?v=1786182085
8721161968023,Boomba Bamboo,"Bambus-Spannbetttuch „Cuddle Pink“, 400TC",https://www.maisondecocon.com/products/bamboo-fitted-sheet-cuddle-pink-400tc?variant=54471599325517,8721161968023,"Ein seidenweiches Bambus-Spannbetttuch mit einer Fadenzahl von 400TC in zartem Cuddle Pink – atmungsaktiv, hypoallergen und angenehm kühl auf der Haut, mit einem passgenauen Gummizug für Matratzen mit einer Höhe von bis zu 30 cm.",138.00,Heimtextilien > Bettwäsche > Spannbettlaken,100x200,Cuddle Pink,9.00,0.00,0.00,4-7 Werktage,https://cdn.shopify.com/s/files/1/0884/0278/8685/files/bamboo-fitted-sheet-cuddle-pink-corner-detail.jpg?v=1786182085;https://cdn.shopify.com/s/files/1/0884/0278/8685/files/bamboo-fitted-sheet-cuddle-pink-bedroom-lifestyle.jpg?v=1786182085;https://cdn.shopify.com/s/files/1/0884/0278/8685/files/bamboo-fitted-sheet-cuddle-pink-corner-loose.jpg?v=1786182085;https://cdn.shopify.com/s/files/1/0884/0278/8685/files/bamboo-fitted-sheet-cuddle-pink-fabric-drape.jpg?v=1786182085;https://cdn.shopify.com/s/files/1/0884/0278/8685/files/bamboo-fitted-sheet-cuddle-pink-bedroom-front.jpg?v=1786182085;https://cdn.shopify.com/s/files/1/0884/0278/8685/files/bamboo-fitted-sheet-cuddle-pink-bedroom-detail.jpg?v=1786182085;https://cdn.shopify.com/s/files/1/0884/0278/8685/files/bamboo-fitted-sheet-cuddle-pink-bedroom-full.jpg?v=1786182085;https://cdn.shopify.com/s/files/1/0884/0278/8685/files/bamboo-fitted-sheet-cuddle-pink-packaging.jpg?v=1786182085
8720618860071,Boomba Bamboo,"Bambus-Spannbetttuch „Cuddle Pink“, 400TC",https://www.maisondecocon.com/products/bamboo-fitted-sheet-cuddle-pink-400tc?variant=54471599128909,8720618860071,"Ein seidenweiches Bambus-Spannbetttuch mit einer Fadenzahl von 400TC in zartem Cuddle Pink – atmungsaktiv, hypoallergen und angenehm kühl auf der Haut, mit einem passgenauen Gummizug für Matratzen mit einer Höhe von bis zu 30 cm.",129.00,Heimtextilien > Bettwäsche > Spannbettlaken,90x200 cm,Cuddle Pink,9.00,0.00,0.00,4-7 Werktage,https://cdn.shopify.com/s/files/1/0884/0278/8685/files/bamboo-fitted-sheet-cuddle-pink-corner-detail.jpg?v=1786182085;https://cdn.shopify.com/s/files/1/0884/0278/8685/files/bamboo-fitted-sheet-cuddle-pink-bedroom-lifestyle.jpg?v=1786182085;https://cdn.shopify.com/s/files/1/0884/0278/8685/files/bamboo-fitted-sheet-cuddle-pink-corner-loose.jpg?v=1786182085;https://cdn.shopify.com/s/files/1/0884/0278/8685/files/bamboo-fitted-sheet-cuddle-pink-fabric-drape.jpg?v=1786182085;https://cdn.shopify.com/s/files/1/0884/0278/8685/files/bamboo-fitted-sheet-cuddle-pink-bedroom-front.jpg?v=1786182085;https://cdn.shopify.com/s/files/1/0884/0278/8685/files/bamboo-fitted-sheet-cuddle-pink-bedroom-detail.jpg?v=1786182085;https://cdn.shopify.com/s/files/1/0884/0278/8685/files/bamboo-fitted-sheet-cuddle-pink-bedroom-full.jpg?v=1786182085;https://cdn.shopify.com/s/files/1/0884/0278/8685/files/bamboo-fitted-sheet-cuddle-pink-packaging.jpg?v=1786182085
8721161968047,Boomba Bamboo,"Bambus-Spannbetttuch „Cuddle Pink“, 400TC",https://www.maisondecocon.com/products/bamboo-fitted-sheet-cuddle-pink-400tc?variant=54471599423821,8721161968047,"Ein seidenweiches Bambus-Spannbetttuch mit einer Fadenzahl von 400TC in zartem Cuddle Pink – atmungsaktiv, hypoallergen und angenehm kühl auf der Haut, mit einem passgenauen Gummizug für Matratzen mit einer Höhe von bis zu 30 cm.",153.00,Heimtextilien > Bettwäsche > Spannbettlaken,160x220/210,Cuddle Pink,9.00,0.00,0.00,4-7 Werktage,https://cdn.shopify.com/s/files/1/0884/0278/8685/files/bamboo-fitted-sheet-cuddle-pink-corner-detail.jpg?v=1786182085;https://cdn.shopify.com/s/files/1/0884/0278/8685/files/bamboo-fitted-sheet-cuddle-pink-bedroom-lifestyle.jpg?v=1786182085;https://cdn.shopify.com/s/files/1/0884/0278/8685/files/bamboo-fitted-sheet-cuddle-pink-corner-loose.jpg?v=1786182085;https://cdn.shopify.com/s/files/1/0884/0278/8685/files/bamboo-fitted-sheet-cuddle-pink-fabric-drape.jpg?v=1786182085;https://cdn.shopify.com/s/files/1/0884/0278/8685/files/bamboo-fitted-sheet-cuddle-pink-bedroom-front.jpg?v=1786182085;https://cdn.shopify.com/s/files/1/0884/0278/8685/files/bamboo-fitted-sheet-cuddle-pink-bedroom-detail.jpg?v=1786182085;https://cdn.shopify.com/s/files/1/0884/0278/8685/files/bamboo-fitted-sheet-cuddle-pink-bedroom-full.jpg?v=1786182085;https://cdn.shopify.com/s/files/1/0884/0278/8685/files/bamboo-fitted-sheet-cuddle-pink-packaging.jpg?v=1786182085
8720618860149,Boomba Bamboo,"Bambus-Spannbetttuch „Cuddle Pink“, 400TC",https://www.maisondecocon.com/products/bamboo-fitted-sheet-cuddle-pink-400tc?variant=54471599227213,8720618860149,"Ein seidenweiches Bambus-Spannbetttuch mit einer Fadenzahl von 400TC in zartem Cuddle Pink – atmungsaktiv, hypoallergen und angenehm kühl auf der Haut, mit einem passgenauen Gummizug für Matratzen mit einer Höhe von bis zu 30 cm.",174.00,Heimtextilien > Bettwäsche > Spannbettlaken,200x210 cm,Cuddle Pink,9.00,0.00,0.00,4-7 Werktage,https://cdn.shopify.com/s/files/1/0884/0278/8685/files/bamboo-fitted-sheet-cuddle-pink-corner-detail.jpg?v=1786182085;https://cdn.shopify.com/s/files/1/0884/0278/8685/files/bamboo-fitted-sheet-cuddle-pink-bedroom-lifestyle.jpg?v=1786182085;https://cdn.shopify.com/s/files/1/0884/0278/8685/files/bamboo-fitted-sheet-cuddle-pink-corner-loose.jpg?v=1786182085;https://cdn.shopify.com/s/files/1/0884/0278/8685/files/bamboo-fitted-sheet-cuddle-pink-fabric-drape.jpg?v=1786182085;https://cdn.shopify.com/s/files/1/0884/0278/8685/files/bamboo-fitted-sheet-cuddle-pink-bedroom-front.jpg?v=1786182085;https://cdn.shopify.com/s/files/1/0884/0278/8685/files/bamboo-fitted-sheet-cuddle-pink-bedroom-detail.jpg?v=1786182085;https://cdn.shopify.com/s/files/1/0884/0278/8685/files/bamboo-fitted-sheet-cuddle-pink-bedroom-full.jpg?v=1786182085;https://cdn.shopify.com/s/files/1/0884/0278/8685/files/bamboo-fitted-sheet-cuddle-pink-packaging.jpg?v=1786182085
8720618860132,Boomba Bamboo,"Bambus-Spannbetttuch „Cuddle Pink“, 400TC",https://www.maisondecocon.com/products/bamboo-fitted-sheet-cuddle-pink-400tc?variant=54471599259981,8720618860132,"Ein seidenweiches Bambus-Spannbetttuch mit einer Fadenzahl von 400TC in zartem Cuddle Pink – atmungsaktiv, hypoallergen und angenehm kühl auf der Haut, mit einem passgenauen Gummizug für Matratzen mit einer Höhe von bis zu 30 cm.",162.00,Heimtextilien > Bettwäsche > Spannbettlaken,200x200 cm,Cuddle Pink,9.00,0.00,0.00,4-7 Werktage,https://cdn.shopify.com/s/files/1/0884/0278/8685/files/bamboo-fitted-sheet-cuddle-pink-corner-detail.jpg?v=1786182085;https://cdn.shopify.com/s/files/1/0884/0278/8685/files/bamboo-fitted-sheet-cuddle-pink-bedroom-lifestyle.jpg?v=1786182085;https://cdn.shopify.com/s/files/1/0884/0278/8685/files/bamboo-fitted-sheet-cuddle-pink-corner-loose.jpg?v=1786182085;https://cdn.shopify.com/s/files/1/0884/0278/8685/files/bamboo-fitted-sheet-cuddle-pink-fabric-drape.jpg?v=1786182085;https://cdn.shopify.com/s/files/1/0884/0278/8685/files/bamboo-fitted-sheet-cuddle-pink-bedroom-front.jpg?v=1786182085;https://cdn.shopify.com/s/files/1/0884/0278/8685/files/bamboo-fitted-sheet-cuddle-pink-bedroom-detail.jpg?v=1786182085;https://cdn.shopify.com/s/files/1/0884/0278/8685/files/bamboo-fitted-sheet-cuddle-pink-bedroom-full.jpg?v=1786182085;https://cdn.shopify.com/s/files/1/0884/0278/8685/files/bamboo-fitted-sheet-cuddle-pink-packaging.jpg?v=1786182085
8720618860125,Boomba Bamboo,"Bambus-Spannbetttuch „Cuddle Pink“, 400TC",https://www.maisondecocon.com/products/bamboo-fitted-sheet-cuddle-pink-400tc?variant=54471599096141,8720618860125,"Ein seidenweiches Bambus-Spannbetttuch mit einer Fadenzahl von 400TC in zartem Cuddle Pink – atmungsaktiv, hypoallergen und angenehm kühl auf der Haut, mit einem passgenauen Gummizug für Matratzen mit einer Höhe von bis zu 30 cm.",159.00,Heimtextilien > Bettwäsche > Spannbettlaken,180x220/210 cm,Cuddle Pink,9.00,0.00,0.00,4-7 Werktage,https://cdn.shopify.com/s/files/1/0884/0278/8685/files/bamboo-fitted-sheet-cuddle-pink-corner-detail.jpg?v=1786182085;https://cdn.shopify.com/s/files/1/0884/0278/8685/files/bamboo-fitted-sheet-cuddle-pink-bedroom-lifestyle.jpg?v=1786182085;https://cdn.shopify.com/s/files/1/0884/0278/8685/files/bamboo-fitted-sheet-cuddle-pink-corner-loose.jpg?v=1786182085;https://cdn.shopify.com/s/files/1/0884/0278/8685/files/bamboo-fitted-sheet-cuddle-pink-fabric-drape.jpg?v=1786182085;https://cdn.shopify.com/s/files/1/0884/0278/8685/files/bamboo-fitted-sheet-cuddle-pink-bedroom-front.jpg?v=1786182085;https://cdn.shopify.com/s/files/1/0884/0278/8685/files/bamboo-fitted-sheet-cuddle-pink-bedroom-detail.jpg?v=1786182085;https://cdn.shopify.com/s/files/1/0884/0278/8685/files/bamboo-fitted-sheet-cuddle-pink-bedroom-full.jpg?v=1786182085;https://cdn.shopify.com/s/files/1/0884/0278/8685/files/bamboo-fitted-sheet-cuddle-pink-packaging.jpg?v=1786182085
8720618860095,Boomba Bamboo,"Bambus-Spannbetttuch „Cuddle Pink“, 400TC",https://www.maisondecocon.com/products/bamboo-fitted-sheet-cuddle-pink-400tc?variant=54471599489357,8720618860095,"Ein seidenweiches Bambus-Spannbetttuch mit einer Fadenzahl von 400TC in zartem Cuddle Pink – atmungsaktiv, hypoallergen und angenehm kühl auf der Haut, mit einem passgenauen Gummizug für Matratzen mit einer Höhe von bis zu 30 cm.",147.00,Heimtextilien > Bettwäsche > Spannbettlaken,160x200 cm,Cuddle Pink,9.00,0.00,0.00,4-7 Werktage,https://cdn.shopify.com/s/files/1/0884/0278/8685/files/bamboo-fitted-sheet-cuddle-pink-corner-detail.jpg?v=1786182085;https://cdn.shopify.com/s/files/1/0884/0278/8685/files/bamboo-fitted-sheet-cuddle-pink-bedroom-lifestyle.jpg?v=1786182085;https://cdn.shopify.com/s/files/1/0884/0278/8685/files/bamboo-fitted-sheet-cuddle-pink-corner-loose.jpg?v=1786182085;https://cdn.shopify.com/s/files/1/0884/0278/8685/files/bamboo-fitted-sheet-cuddle-pink-fabric-drape.jpg?v=1786182085;https://cdn.shopify.com/s/files/1/0884/0278/8685/files/bamboo-fitted-sheet-cuddle-pink-bedroom-front.jpg?v=1786182085;https://cdn.shopify.com/s/files/1/0884/0278/8685/files/bamboo-fitted-sheet-cuddle-pink-bedroom-detail.jpg?v=1786182085;https://cdn.shopify.com/s/files/1/0884/0278/8685/files/bamboo-fitted-sheet-cuddle-pink-bedroom-full.jpg?v=1786182085;https://cdn.shopify.com/s/files/1/0884/0278/8685/files/bamboo-fitted-sheet-cuddle-pink-packaging.jpg?v=1786182085
8720648154829,Boomba Bamboo,"Bambus-Spannbetttuch, Space Blue, 400TC",https://www.maisondecocon.com/products/bamboo-fitted-sheet-space-blue-400tc?variant=54471599948109,8720648154829,"Ein seidenweiches Bambus-Spannbetttuch mit einer Fadenzahl von 400TC in tiefem Space Blue – atmungsaktiv, hypoallergen und angenehm kühl auf der Haut, mit einem passgenauen Gummizug für Matratzen mit einer Höhe von bis zu 30 cm.",156.00,Heimtextilien > Bettwäsche > Spannbettlaken,180x200 cm,Space Blue,9.00,0.00,0.00,4-7 Werktage,https://cdn.shopify.com/s/files/1/0884/0278/8685/files/bamboo-fitted-sheet-space-blue-corner-detail.jpg?v=1786182178;https://cdn.shopify.com/s/files/1/0884/0278/8685/files/bamboo-fitted-sheet-space-blue-bedroom-lifestyle.jpg?v=1786182178;https://cdn.shopify.com/s/files/1/0884/0278/8685/files/bamboo-fitted-sheet-space-blue-fabric-drape.jpg?v=1786182102;https://cdn.shopify.com/s/files/1/0884/0278/8685/files/bamboo-fitted-sheet-space-blue-bedroom-front.jpg?v=1786182102;https://cdn.shopify.com/s/files/1/0884/0278/8685/files/bamboo-fitted-sheet-space-blue-corner-loose.jpg?v=1786182102;https://cdn.shopify.com/s/files/1/0884/0278/8685/files/bamboo-fitted-sheet-space-blue-bedroom-detail.jpg?v=1786182102;https://cdn.shopify.com/s/files/1/0884/0278/8685/files/bamboo-fitted-sheet-space-blue-bedroom-full.jpg?v=1786182178;https://cdn.shopify.com/s/files/1/0884/0278/8685/files/bamboo-fitted-sheet-space-blue-packaging.jpg?v=1786182102
8720648154874,Boomba Bamboo,"Bambus-Spannbetttuch, Space Blue, 400TC",https://www.maisondecocon.com/products/bamboo-fitted-sheet-space-blue-400tc?variant=54471599817037,8720648154874,"Ein seidenweiches Bambus-Spannbetttuch mit einer Fadenzahl von 400TC in tiefem Space Blue – atmungsaktiv, hypoallergen und angenehm kühl auf der Haut, mit einem passgenauen Gummizug für Matratzen mit einer Höhe von bis zu 30 cm.",180.00,Heimtextilien > Bettwäsche > Spannbettlaken,200x220/210 cm,Space Blue,9.00,0.00,0.00,4-7 Werktage,https://cdn.shopify.com/s/files/1/0884/0278/8685/files/bamboo-fitted-sheet-space-blue-corner-detail.jpg?v=1786182178;https://cdn.shopify.com/s/files/1/0884/0278/8685/files/bamboo-fitted-sheet-space-blue-bedroom-lifestyle.jpg?v=1786182178;https://cdn.shopify.com/s/files/1/0884/0278/8685/files/bamboo-fitted-sheet-space-blue-fabric-drape.jpg?v=1786182102;https://cdn.shopify.com/s/files/1/0884/0278/8685/files/bamboo-fitted-sheet-space-blue-bedroom-front.jpg?v=1786182102;https://cdn.shopify.com/s/files/1/0884/0278/8685/files/bamboo-fitted-sheet-space-blue-corner-loose.jpg?v=1786182102;https://cdn.shopify.com/s/files/1/0884/0278/8685/files/bamboo-fitted-sheet-space-blue-bedroom-detail.jpg?v=1786182102;https://cdn.shopify.com/s/files/1/0884/0278/8685/files/bamboo-fitted-sheet-space-blue-bedroom-full.jpg?v=1786182178;https://cdn.shopify.com/s/files/1/0884/0278/8685/files/bamboo-fitted-sheet-space-blue-packaging.jpg?v=1786182102
8720648154843,Boomba Bamboo,"Bambus-Spannbetttuch, Space Blue, 400TC",https://www.maisondecocon.com/products/bamboo-fitted-sheet-space-blue-400tc?variant=54471599915341,8720648154843,"Ein seidenweiches Bambus-Spannbetttuch mit einer Fadenzahl von 400TC in tiefem Space Blue – atmungsaktiv, hypoallergen und angenehm kühl auf der Haut, mit einem passgenauen Gummizug für Matratzen mit einer Höhe von bis zu 30 cm.",162.00,Heimtextilien > Bettwäsche > Spannbettlaken,180x220/210 cm,Space Blue,9.00,0.00,0.00,4-7 Werktage,https://cdn.shopify.com/s/files/1/0884/0278/8685/files/bamboo-fitted-sheet-space-blue-corner-detail.jpg?v=1786182178;https://cdn.shopify.com/s/files/1/0884/0278/8685/files/bamboo-fitted-sheet-space-blue-bedroom-lifestyle.jpg?v=1786182178;https://cdn.shopify.com/s/files/1/0884/0278/8685/files/bamboo-fitted-sheet-space-blue-fabric-drape.jpg?v=1786182102;https://cdn.shopify.com/s/files/1/0884/0278/8685/files/bamboo-fitted-sheet-space-blue-bedroom-front.jpg?v=1786182102;https://cdn.shopify.com/s/files/1/0884/0278/8685/files/bamboo-fitted-sheet-space-blue-corner-loose.jpg?v=1786182102;https://cdn.shopify.com/s/files/1/0884/0278/8685/files/bamboo-fitted-sheet-space-blue-bedroom-detail.jpg?v=1786182102;https://cdn.shopify.com/s/files/1/0884/0278/8685/files/bamboo-fitted-sheet-space-blue-bedroom-full.jpg?v=1786182178;https://cdn.shopify.com/s/files/1/0884/0278/8685/files/bamboo-fitted-sheet-space-blue-packaging.jpg?v=1786182102
8720648154799,Boomba Bamboo,"Bambus-Spannbetttuch, Space Blue, 400TC",https://www.maisondecocon.com/products/bamboo-fitted-sheet-space-blue-400tc?variant=54471599751501,8720648154799,"Ein seidenweiches Bambus-Spannbetttuch mit einer Fadenzahl von 400TC in tiefem Space Blue – atmungsaktiv, hypoallergen und angenehm kühl auf der Haut, mit einem passgenauen Gummizug für Matratzen mit einer Höhe von bis zu 30 cm.",129.00,Heimtextilien > Bettwäsche > Spannbettlaken,90x200 cm,Space Blue,9.00,0.00,0.00,4-7 Werktage,https://cdn.shopify.com/s/files/1/0884/0278/8685/files/bamboo-fitted-sheet-space-blue-corner-detail.jpg?v=1786182178;https://cdn.shopify.com/s/files/1/0884/0278/8685/files/bamboo-fitted-sheet-space-blue-bedroom-lifestyle.jpg?v=1786182178;https://cdn.shopify.com/s/files/1/0884/0278/8685/files/bamboo-fitted-sheet-space-blue-fabric-drape.jpg?v=1786182102;https://cdn.shopify.com/s/files/1/0884/0278/8685/files/bamboo-fitted-sheet-space-blue-bedroom-front.jpg?v=1786182102;https://cdn.shopify.com/s/files/1/0884/0278/8685/files/bamboo-fitted-sheet-space-blue-corner-loose.jpg?v=1786182102;https://cdn.shopify.com/s/files/1/0884/0278/8685/files/bamboo-fitted-sheet-space-blue-bedroom-detail.jpg?v=1786182102;https://cdn.shopify.com/s/files/1/0884/0278/8685/files/bamboo-fitted-sheet-space-blue-bedroom-full.jpg?v=1786182178;https://cdn.shopify.com/s/files/1/0884/0278/8685/files/bamboo-fitted-sheet-space-blue-packaging.jpg?v=1786182102
8720618860774,Boomba Bamboo,"Bambus-Spannbetttuch, Space Blue, 400TC",https://www.maisondecocon.com/products/bamboo-fitted-sheet-space-blue-400tc?variant=54471600013645,8720618860774,"Ein seidenweiches Bambus-Spannbetttuch mit einer Fadenzahl von 400TC in tiefem Space Blue – atmungsaktiv, hypoallergen und angenehm kühl auf der Haut, mit einem passgenauen Gummizug für Matratzen mit einer Höhe von bis zu 30 cm.",135.00,Heimtextilien > Bettwäsche > Spannbettlaken,90x220/210 cm,Space Blue,9.00,0.00,0.00,4-7 Werktage,https://cdn.shopify.com/s/files/1/0884/0278/8685/files/bamboo-fitted-sheet-space-blue-corner-detail.jpg?v=1786182178;https://cdn.shopify.com/s/files/1/0884/0278/8685/files/bamboo-fitted-sheet-space-blue-bedroom-lifestyle.jpg?v=1786182178;https://cdn.shopify.com/s/files/1/0884/0278/8685/files/bamboo-fitted-sheet-space-blue-fabric-drape.jpg?v=1786182102;https://cdn.shopify.com/s/files/1/0884/0278/8685/files/bamboo-fitted-sheet-space-blue-bedroom-front.jpg?v=1786182102;https://cdn.shopify.com/s/files/1/0884/0278/8685/files/bamboo-fitted-sheet-space-blue-corner-loose.jpg?v=1786182102;https://cdn.shopify.com/s/files/1/0884/0278/8685/files/bamboo-fitted-sheet-space-blue-bedroom-detail.jpg?v=1786182102;https://cdn.shopify.com/s/files/1/0884/0278/8685/files/bamboo-fitted-sheet-space-blue-bedroom-full.jpg?v=1786182178;https://cdn.shopify.com/s/files/1/0884/0278/8685/files/bamboo-fitted-sheet-space-blue-packaging.jpg?v=1786182102
8720648154850,Boomba Bamboo,"Bambus-Spannbetttuch, Space Blue, 400TC",https://www.maisondecocon.com/products/bamboo-fitted-sheet-space-blue-400tc?variant=54471599882573,8720648154850,"Ein seidenweiches Bambus-Spannbetttuch mit einer Fadenzahl von 400TC in tiefem Space Blue – atmungsaktiv, hypoallergen und angenehm kühl auf der Haut, mit einem passgenauen Gummizug für Matratzen mit einer Höhe von bis zu 30 cm.",168.00,Heimtextilien > Bettwäsche > Spannbettlaken,200x200 cm,Space Blue,9.00,0.00,0.00,4-7 Werktage,https://cdn.shopify.com/s/files/1/0884/0278/8685/files/bamboo-fitted-sheet-space-blue-corner-detail.jpg?v=1786182178;https://cdn.shopify.com/s/files/1/0884/0278/8685/files/bamboo-fitted-sheet-space-blue-bedroom-lifestyle.jpg?v=1786182178;https://cdn.shopify.com/s/files/1/0884/0278/8685/files/bamboo-fitted-sheet-space-blue-fabric-drape.jpg?v=1786182102;https://cdn.shopify.com/s/files/1/0884/0278/8685/files/bamboo-fitted-sheet-space-blue-bedroom-front.jpg?v=1786182102;https://cdn.shopify.com/s/files/1/0884/0278/8685/files/bamboo-fitted-sheet-space-blue-corner-loose.jpg?v=1786182102;https://cdn.shopify.com/s/files/1/0884/0278/8685/files/bamboo-fitted-sheet-space-blue-bedroom-detail.jpg?v=1786182102;https://cdn.shopify.com/s/files/1/0884/0278/8685/files/bamboo-fitted-sheet-space-blue-bedroom-full.jpg?v=1786182178;https://cdn.shopify.com/s/files/1/0884/0278/8685/files/bamboo-fitted-sheet-space-blue-packaging.jpg?v=1786182102
8720648154812,Boomba Bamboo,"Bambus-Spannbetttuch, Space Blue, 400TC",https://www.maisondecocon.com/products/bamboo-fitted-sheet-space-blue-400tc?variant=54471599980877,8720648154812,"Ein seidenweiches Bambus-Spannbetttuch mit einer Fadenzahl von 400TC in tiefem Space Blue – atmungsaktiv, hypoallergen und angenehm kühl auf der Haut, mit einem passgenauen Gummizug für Matratzen mit einer Höhe von bis zu 30 cm.",147.00,Heimtextilien > Bettwäsche > Spannbettlaken,160x200 cm,Space Blue,9.00,0.00,0.00,4-7 Werktage,https://cdn.shopify.com/s/files/1/0884/0278/8685/files/bamboo-fitted-sheet-space-blue-corner-detail.jpg?v=1786182178;https://cdn.shopify.com/s/files/1/0884/0278/8685/files/bamboo-fitted-sheet-space-blue-bedroom-lifestyle.jpg?v=1786182178;https://cdn.shopify.com/s/files/1/0884/0278/8685/files/bamboo-fitted-sheet-space-blue-fabric-drape.jpg?v=1786182102;https://cdn.shopify.com/s/files/1/0884/0278/8685/files/bamboo-fitted-sheet-space-blue-bedroom-front.jpg?v=1786182102;https://cdn.shopify.com/s/files/1/0884/0278/8685/files/bamboo-fitted-sheet-space-blue-corner-loose.jpg?v=1786182102;https://cdn.shopify.com/s/files/1/0884/0278/8685/files/bamboo-fitted-sheet-space-blue-bedroom-detail.jpg?v=1786182102;https://cdn.shopify.com/s/files/1/0884/0278/8685/files/bamboo-fitted-sheet-space-blue-bedroom-full.jpg?v=1786182178;https://cdn.shopify.com/s/files/1/0884/0278/8685/files/bamboo-fitted-sheet-space-blue-packaging.jpg?v=1786182102
8720828225523,Boomba Bamboo,"Bambus-Spannbetttuch, Space Blue, 400TC",https://www.maisondecocon.com/products/bamboo-fitted-sheet-space-blue-400tc?variant=54471599718733,8720828225523,"Ein seidenweiches Bambus-Spannbetttuch mit einer Fadenzahl von 400TC in tiefem Space Blue – atmungsaktiv, hypoallergen und angenehm kühl auf der Haut, mit einem passgenauen Gummizug für Matratzen mit einer Höhe von bis zu 30 cm.",123.00,Heimtextilien > Bettwäsche > Spannbettlaken,80x210 cm,Space Blue,9.00,0.00,0.00,4-7 Werktage,https://cdn.shopify.com/s/files/1/0884/0278/8685/files/bamboo-fitted-sheet-space-blue-corner-detail.jpg?v=1786182178;https://cdn.shopify.com/s/files/1/0884/0278/8685/files/bamboo-fitted-sheet-space-blue-bedroom-lifestyle.jpg?v=1786182178;https://cdn.shopify.com/s/files/1/0884/0278/8685/files/bamboo-fitted-sheet-space-blue-fabric-drape.jpg?v=1786182102;https://cdn.shopify.com/s/files/1/0884/0278/8685/files/bamboo-fitted-sheet-space-blue-bedroom-front.jpg?v=1786182102;https://cdn.shopify.com/s/files/1/0884/0278/8685/files/bamboo-fitted-sheet-space-blue-corner-loose.jpg?v=1786182102;https://cdn.shopify.com/s/files/1/0884/0278/8685/files/bamboo-fitted-sheet-space-blue-bedroom-detail.jpg?v=1786182102;https://cdn.shopify.com/s/files/1/0884/0278/8685/files/bamboo-fitted-sheet-space-blue-bedroom-full.jpg?v=1786182178;https://cdn.shopify.com/s/files/1/0884/0278/8685/files/bamboo-fitted-sheet-space-blue-packaging.jpg?v=1786182102
8720648154782,Boomba Bamboo,"Bambus-Spannbetttuch, Space Blue, 400TC",https://www.maisondecocon.com/products/bamboo-fitted-sheet-space-blue-400tc?variant=54471599784269,8720648154782,"Ein seidenweiches Bambus-Spannbetttuch mit einer Fadenzahl von 400TC in tiefem Space Blue – atmungsaktiv, hypoallergen und angenehm kühl auf der Haut, mit einem passgenauen Gummizug für Matratzen mit einer Höhe von bis zu 30 cm.",120.00,Heimtextilien > Bettwäsche > Spannbettlaken,80x200 cm,Space Blue,9.00,0.00,0.00,4-7 Werktage,https://cdn.shopify.com/s/files/1/0884/0278/8685/files/bamboo-fitted-sheet-space-blue-corner-detail.jpg?v=1786182178;https://cdn.shopify.com/s/files/1/0884/0278/8685/files/bamboo-fitted-sheet-space-blue-bedroom-lifestyle.jpg?v=1786182178;https://cdn.shopify.com/s/files/1/0884/0278/8685/files/bamboo-fitted-sheet-space-blue-fabric-drape.jpg?v=1786182102;https://cdn.shopify.com/s/files/1/0884/0278/8685/files/bamboo-fitted-sheet-space-blue-bedroom-front.jpg?v=1786182102;https://cdn.shopify.com/s/files/1/0884/0278/8685/files/bamboo-fitted-sheet-space-blue-corner-loose.jpg?v=1786182102;https://cdn.shopify.com/s/files/1/0884/0278/8685/files/bamboo-fitted-sheet-space-blue-bedroom-detail.jpg?v=1786182102;https://cdn.shopify.com/s/files/1/0884/0278/8685/files/bamboo-fitted-sheet-space-blue-bedroom-full.jpg?v=1786182178;https://cdn.shopify.com/s/files/1/0884/0278/8685/files/bamboo-fitted-sheet-space-blue-packaging.jpg?v=1786182102
8720648154867,Boomba Bamboo,"Bambus-Spannbetttuch, Space Blue, 400TC",https://www.maisondecocon.com/products/bamboo-fitted-sheet-space-blue-400tc?variant=54471599849805,8720648154867,"Ein seidenweiches Bambus-Spannbetttuch mit einer Fadenzahl von 400TC in tiefem Space Blue – atmungsaktiv, hypoallergen und angenehm kühl auf der Haut, mit einem passgenauen Gummizug für Matratzen mit einer Höhe von bis zu 30 cm.",174.00,Heimtextilien > Bettwäsche > Spannbettlaken,200x210 cm,Space Blue,9.00,0.00,0.00,4-7 Werktage,https://cdn.shopify.com/s/files/1/0884/0278/8685/files/bamboo-fitted-sheet-space-blue-corner-detail.jpg?v=1786182178;https://cdn.shopify.com/s/files/1/0884/0278/8685/files/bamboo-fitted-sheet-space-blue-bedroom-lifestyle.jpg?v=1786182178;https://cdn.shopify.com/s/files/1/0884/0278/8685/files/bamboo-fitted-sheet-space-blue-fabric-drape.jpg?v=1786182102;https://cdn.shopify.com/s/files/1/0884/0278/8685/files/bamboo-fitted-sheet-space-blue-bedroom-front.jpg?v=1786182102;https://cdn.shopify.com/s/files/1/0884/0278/8685/files/bamboo-fitted-sheet-space-blue-corner-loose.jpg?v=1786182102;https://cdn.shopify.com/s/files/1/0884/0278/8685/files/bamboo-fitted-sheet-space-blue-bedroom-detail.jpg?v=1786182102;https://cdn.shopify.com/s/files/1/0884/0278/8685/files/bamboo-fitted-sheet-space-blue-bedroom-full.jpg?v=1786182178;https://cdn.shopify.com/s/files/1/0884/0278/8685/files/bamboo-fitted-sheet-space-blue-packaging.jpg?v=1786182102
8720648154805,Boomba Bamboo,"Bambus-Spannbetttuch, Space Blue, 400TC",https://www.maisondecocon.com/products/bamboo-fitted-sheet-space-blue-400tc?variant=54471600046413,8720648154805,"Ein seidenweiches Bambus-Spannbetttuch mit einer Fadenzahl von 400TC in tiefem Space Blue – atmungsaktiv, hypoallergen und angenehm kühl auf der Haut, mit einem passgenauen Gummizug für Matratzen mit einer Höhe von bis zu 30 cm.",144.00,Heimtextilien > Bettwäsche > Spannbettlaken,140x200 cm,Space Blue,9.00,0.00,0.00,4-7 Werktage,https://cdn.shopify.com/s/files/1/0884/0278/8685/files/bamboo-fitted-sheet-space-blue-corner-detail.jpg?v=1786182178;https://cdn.shopify.com/s/files/1/0884/0278/8685/files/bamboo-fitted-sheet-space-blue-bedroom-lifestyle.jpg?v=1786182178;https://cdn.shopify.com/s/files/1/0884/0278/8685/files/bamboo-fitted-sheet-space-blue-fabric-drape.jpg?v=1786182102;https://cdn.shopify.com/s/files/1/0884/0278/8685/files/bamboo-fitted-sheet-space-blue-bedroom-front.jpg?v=1786182102;https://cdn.shopify.com/s/files/1/0884/0278/8685/files/bamboo-fitted-sheet-space-blue-corner-loose.jpg?v=1786182102;https://cdn.shopify.com/s/files/1/0884/0278/8685/files/bamboo-fitted-sheet-space-blue-bedroom-detail.jpg?v=1786182102;https://cdn.shopify.com/s/files/1/0884/0278/8685/files/bamboo-fitted-sheet-space-blue-bedroom-full.jpg?v=1786182178;https://cdn.shopify.com/s/files/1/0884/0278/8685/files/bamboo-fitted-sheet-space-blue-packaging.jpg?v=1786182102
6154515743779,Boomba Bamboo,"Bambus-Spannbetttuch für Matratzenauflage „Lavender Mist“, 400TC",https://www.maisondecocon.com/products/bamboo-fitted-sheet-for-mattress-topper-lavender-mist-400tc?variant=54471600308557,6154515743779,"Ein hochwertiges Spannbetttuch aus 100 % Bambus für Matratzenauflagen mit einer Dicke von bis zu 10 cm in der Farbe „Lavender Mist“ – aus seidenweichem Tanboocel™-Gewebe mit einer Fadenzahl von 400TC, das atmungsaktiv ist und die Temperatur reguliert, sodass Sie das ganze Jahr über einen kühlen Schlaf genießen können.",168.00,Heimtextilien > Bettwäsche > Spannbettlaken,200x200 cm,Lavender Mist,9.00,0.00,0.00,4-7 Werktage,https://cdn.shopify.com/s/files/1/0884/0278/8685/files/bamboo-fitted-sheet-mattress-topper-lavender-mist-seam-detail.jpg?v=1786182117;https://cdn.shopify.com/s/files/1/0884/0278/8685/files/bamboo-fitted-sheet-mattress-topper-lavender-mist-corner-detail.jpg?v=1786182117;https://cdn.shopify.com/s/files/1/0884/0278/8685/files/bamboo-fitted-sheet-mattress-topper-lavender-mist-fabric-drape-1.jpg?v=1786182117;https://cdn.shopify.com/s/files/1/0884/0278/8685/files/bamboo-fitted-sheet-mattress-topper-lavender-mist-corner-loose.jpg?v=1786182117;https://cdn.shopify.com/s/files/1/0884/0278/8685/files/bamboo-fitted-sheet-mattress-topper-lavender-mist-fabric-drape-2.jpg?v=1786182117;https://cdn.shopify.com/s/files/1/0884/0278/8685/files/bamboo-fitted-sheet-mattress-topper-lavender-mist-packaging.jpg?v=1786182117
6154515584518,Boomba Bamboo,"Bambus-Spannbetttuch für Matratzenauflage „Lavender Mist“, 400TC",https://www.maisondecocon.com/products/bamboo-fitted-sheet-for-mattress-topper-lavender-mist-400tc?variant=54471600144717,6154515584518,"Ein hochwertiges Spannbetttuch aus 100 % Bambus für Matratzenauflagen mit einer Dicke von bis zu 10 cm in der Farbe „Lavender Mist“ – aus seidenweichem Tanboocel™-Gewebe mit einer Fadenzahl von 400TC, das atmungsaktiv ist und die Temperatur reguliert, sodass Sie das ganze Jahr über einen kühlen Schlaf genießen können.",156.00,Heimtextilien > Bettwäsche > Spannbettlaken,180x200 cm,Lavender Mist,9.00,0.00,0.00,4-7 Werktage,https://cdn.shopify.com/s/files/1/0884/0278/8685/files/bamboo-fitted-sheet-mattress-topper-lavender-mist-seam-detail.jpg?v=1786182117;https://cdn.shopify.com/s/files/1/0884/0278/8685/files/bamboo-fitted-sheet-mattress-topper-lavender-mist-corner-detail.jpg?v=1786182117;https://cdn.shopify.com/s/files/1/0884/0278/8685/files/bamboo-fitted-sheet-mattress-topper-lavender-mist-fabric-drape-1.jpg?v=1786182117;https://cdn.shopify.com/s/files/1/0884/0278/8685/files/bamboo-fitted-sheet-mattress-topper-lavender-mist-corner-loose.jpg?v=1786182117;https://cdn.shopify.com/s/files/1/0884/0278/8685/files/bamboo-fitted-sheet-mattress-topper-lavender-mist-fabric-drape-2.jpg?v=1786182117;https://cdn.shopify.com/s/files/1/0884/0278/8685/files/bamboo-fitted-sheet-mattress-topper-lavender-mist-packaging.jpg?v=1786182117
6154515470408,Boomba Bamboo,"Bambus-Spannbetttuch für Matratzenauflage „Lavender Mist“, 400TC",https://www.maisondecocon.com/products/bamboo-fitted-sheet-for-mattress-topper-lavender-mist-400tc?variant=54471600243021,6154515470408,"Ein hochwertiges Spannbetttuch aus 100 % Bambus für Matratzenauflagen mit einer Dicke von bis zu 10 cm in der Farbe „Lavender Mist“ – aus seidenweichem Tanboocel™-Gewebe mit einer Fadenzahl von 400TC, das atmungsaktiv ist und die Temperatur reguliert, sodass Sie das ganze Jahr über einen kühlen Schlaf genießen können.",153.00,Heimtextilien > Bettwäsche > Spannbettlaken,160x220/210,Lavender Mist,9.00,0.00,0.00,4-7 Werktage,https://cdn.shopify.com/s/files/1/0884/0278/8685/files/bamboo-fitted-sheet-mattress-topper-lavender-mist-seam-detail.jpg?v=1786182117;https://cdn.shopify.com/s/files/1/0884/0278/8685/files/bamboo-fitted-sheet-mattress-topper-lavender-mist-corner-detail.jpg?v=1786182117;https://cdn.shopify.com/s/files/1/0884/0278/8685/files/bamboo-fitted-sheet-mattress-topper-lavender-mist-fabric-drape-1.jpg?v=1786182117;https://cdn.shopify.com/s/files/1/0884/0278/8685/files/bamboo-fitted-sheet-mattress-topper-lavender-mist-corner-loose.jpg?v=1786182117;https://cdn.shopify.com/s/files/1/0884/0278/8685/files/bamboo-fitted-sheet-mattress-topper-lavender-mist-fabric-drape-2.jpg?v=1786182117;https://cdn.shopify.com/s/files/1/0884/0278/8685/files/bamboo-fitted-sheet-mattress-topper-lavender-mist-packaging.jpg?v=1786182117
6154515764743,Boomba Bamboo,"Bambus-Spannbetttuch für Matratzenauflage „Lavender Mist“, 400TC",https://www.maisondecocon.com/products/bamboo-fitted-sheet-for-mattress-topper-lavender-mist-400tc?variant=54471600275789,6154515764743,"Ein hochwertiges Spannbetttuch aus 100 % Bambus für Matratzenauflagen mit einer Dicke von bis zu 10 cm in der Farbe „Lavender Mist“ – aus seidenweichem Tanboocel™-Gewebe mit einer Fadenzahl von 400TC, das atmungsaktiv ist und die Temperatur reguliert, sodass Sie das ganze Jahr über einen kühlen Schlaf genießen können.",180.00,Heimtextilien > Bettwäsche > Spannbettlaken,200x220/210 cm,Lavender Mist,9.00,0.00,0.00,4-7 Werktage,https://cdn.shopify.com/s/files/1/0884/0278/8685/files/bamboo-fitted-sheet-mattress-topper-lavender-mist-seam-detail.jpg?v=1786182117;https://cdn.shopify.com/s/files/1/0884/0278/8685/files/bamboo-fitted-sheet-mattress-topper-lavender-mist-corner-detail.jpg?v=1786182117;https://cdn.shopify.com/s/files/1/0884/0278/8685/files/bamboo-fitted-sheet-mattress-topper-lavender-mist-fabric-drape-1.jpg?v=1786182117;https://cdn.shopify.com/s/files/1/0884/0278/8685/files/bamboo-fitted-sheet-mattress-topper-lavender-mist-corner-loose.jpg?v=1786182117;https://cdn.shopify.com/s/files/1/0884/0278/8685/files/bamboo-fitted-sheet-mattress-topper-lavender-mist-fabric-drape-2.jpg?v=1786182117;https://cdn.shopify.com/s/files/1/0884/0278/8685/files/bamboo-fitted-sheet-mattress-topper-lavender-mist-packaging.jpg?v=1786182117
6154515066045,Boomba Bamboo,"Bambus-Spannbetttuch für Matratzenauflage „Lavender Mist“, 400TC",https://www.maisondecocon.com/products/bamboo-fitted-sheet-for-mattress-topper-lavender-mist-400tc?variant=54471600177485,6154515066045,"Ein hochwertiges Spannbetttuch aus 100 % Bambus für Matratzenauflagen mit einer Dicke von bis zu 10 cm in der Farbe „Lavender Mist“ – aus seidenweichem Tanboocel™-Gewebe mit einer Fadenzahl von 400TC, das atmungsaktiv ist und die Temperatur reguliert, sodass Sie das ganze Jahr über einen kühlen Schlaf genießen können.",147.00,Heimtextilien > Bettwäsche > Spannbettlaken,160x200 cm,Lavender Mist,9.00,0.00,0.00,4-7 Werktage,https://cdn.shopify.com/s/files/1/0884/0278/8685/files/bamboo-fitted-sheet-mattress-topper-lavender-mist-seam-detail.jpg?v=1786182117;https://cdn.shopify.com/s/files/1/0884/0278/8685/files/bamboo-fitted-sheet-mattress-topper-lavender-mist-corner-detail.jpg?v=1786182117;https://cdn.shopify.com/s/files/1/0884/0278/8685/files/bamboo-fitted-sheet-mattress-topper-lavender-mist-fabric-drape-1.jpg?v=1786182117;https://cdn.shopify.com/s/files/1/0884/0278/8685/files/bamboo-fitted-sheet-mattress-topper-lavender-mist-corner-loose.jpg?v=1786182117;https://cdn.shopify.com/s/files/1/0884/0278/8685/files/bamboo-fitted-sheet-mattress-topper-lavender-mist-fabric-drape-2.jpg?v=1786182117;https://cdn.shopify.com/s/files/1/0884/0278/8685/files/bamboo-fitted-sheet-mattress-topper-lavender-mist-packaging.jpg?v=1786182117
6154515711761,Boomba Bamboo,"Bambus-Spannbetttuch für Matratzenauflage „Lavender Mist“, 400TC",https://www.maisondecocon.com/products/bamboo-fitted-sheet-for-mattress-topper-lavender-mist-400tc?variant=54471600341325,6154515711761,"Ein hochwertiges Spannbetttuch aus 100 % Bambus für Matratzenauflagen mit einer Dicke von bis zu 10 cm in der Farbe „Lavender Mist“ – aus seidenweichem Tanboocel™-Gewebe mit einer Fadenzahl von 400TC, das atmungsaktiv ist und die Temperatur reguliert, sodass Sie das ganze Jahr über einen kühlen Schlaf genießen können.",162.00,Heimtextilien > Bettwäsche > Spannbettlaken,180x220/210 cm,Lavender Mist,9.00,0.00,0.00,4-7 Werktage,https://cdn.shopify.com/s/files/1/0884/0278/8685/files/bamboo-fitted-sheet-mattress-topper-lavender-mist-seam-detail.jpg?v=1786182117;https://cdn.shopify.com/s/files/1/0884/0278/8685/files/bamboo-fitted-sheet-mattress-topper-lavender-mist-corner-detail.jpg?v=1786182117;https://cdn.shopify.com/s/files/1/0884/0278/8685/files/bamboo-fitted-sheet-mattress-topper-lavender-mist-fabric-drape-1.jpg?v=1786182117;https://cdn.shopify.com/s/files/1/0884/0278/8685/files/bamboo-fitted-sheet-mattress-topper-lavender-mist-corner-loose.jpg?v=1786182117;https://cdn.shopify.com/s/files/1/0884/0278/8685/files/bamboo-fitted-sheet-mattress-topper-lavender-mist-fabric-drape-2.jpg?v=1786182117;https://cdn.shopify.com/s/files/1/0884/0278/8685/files/bamboo-fitted-sheet-mattress-topper-lavender-mist-packaging.jpg?v=1786182117
6154514951960,Boomba Bamboo,"Bambus-Spannbetttuch für Matratzenauflage „Lavender Mist“, 400TC",https://www.maisondecocon.com/products/bamboo-fitted-sheet-for-mattress-topper-lavender-mist-400tc?variant=54471600210253,6154514951960,"Ein hochwertiges Spannbetttuch aus 100 % Bambus für Matratzenauflagen mit einer Dicke von bis zu 10 cm in der Farbe „Lavender Mist“ – aus seidenweichem Tanboocel™-Gewebe mit einer Fadenzahl von 400TC, das atmungsaktiv ist und die Temperatur reguliert, sodass Sie das ganze Jahr über einen kühlen Schlaf genießen können.",144.00,Heimtextilien > Bettwäsche > Spannbettlaken,140x200 cm,Lavender Mist,9.00,0.00,0.00,4-7 Werktage,https://cdn.shopify.com/s/files/1/0884/0278/8685/files/bamboo-fitted-sheet-mattress-topper-lavender-mist-seam-detail.jpg?v=1786182117;https://cdn.shopify.com/s/files/1/0884/0278/8685/files/bamboo-fitted-sheet-mattress-topper-lavender-mist-corner-detail.jpg?v=1786182117;https://cdn.shopify.com/s/files/1/0884/0278/8685/files/bamboo-fitted-sheet-mattress-topper-lavender-mist-fabric-drape-1.jpg?v=1786182117;https://cdn.shopify.com/s/files/1/0884/0278/8685/files/bamboo-fitted-sheet-mattress-topper-lavender-mist-corner-loose.jpg?v=1786182117;https://cdn.shopify.com/s/files/1/0884/0278/8685/files/bamboo-fitted-sheet-mattress-topper-lavender-mist-fabric-drape-2.jpg?v=1786182117;https://cdn.shopify.com/s/files/1/0884/0278/8685/files/bamboo-fitted-sheet-mattress-topper-lavender-mist-packaging.jpg?v=1786182117
8720828225165,Boomba Bamboo,"Bettbezug aus Bambus, himmelblau, 400TC",https://www.maisondecocon.com/products/bamboo-duvet-cover-sky-blue-400tc?variant=54471600636237,8720828225165,"Ein seidenweicher Bettbezug aus Bambus mit einer Fadenzahl von 400TC in frischem Himmelblau – atmungsaktiv, hypoallergen und wahlweise mit Bambus-Knopfverschluss oder Einsteckstreifen erhältlich.",297.00,Heimtextilien > Bettwäsche > Bettbezüge,140x220 cm,Sky Blue,9.00,0.00,0.00,4-7 Werktage,https://cdn.shopify.com/s/files/1/0884/0278/8685/files/bamboo-duvet-cover-sky-blue-bedroom-lifestyle-1.jpg?v=1786136909;https://cdn.shopify.com/s/files/1/0884/0278/8685/files/bamboo-duvet-cover-sky-blue-bamboo-button-detail.jpg?v=1786136909;https://cdn.shopify.com/s/files/1/0884/0278/8685/files/bamboo-duvet-cover-sky-blue-bedroom-lifestyle-2.jpg?v=1786136909;https://cdn.shopify.com/s/files/1/0884/0278/8685/files/bamboo-duvet-cover-sky-blue-fabric-detail.jpg?v=1786136909;https://cdn.shopify.com/s/files/1/0884/0278/8685/files/bamboo-duvet-cover-sky-blue-bedroom-lifestyle-3.jpg?v=1786136909;https://cdn.shopify.com/s/files/1/0884/0278/8685/files/bamboo-duvet-cover-sky-blue-tuck-in-strip-detail.jpg?v=1786136909;https://cdn.shopify.com/s/files/1/0884/0278/8685/files/bamboo-duvet-cover-sky-blue-packaging.jpg?v=1786136909
8720828225097,Boomba Bamboo,"Bettbezug aus Bambus, himmelblau, 400TC",https://www.maisondecocon.com/products/bamboo-duvet-cover-sky-blue-400tc?variant=54471600734541,8720828225097,"Ein seidenweicher Bettbezug aus Bambus mit einer Fadenzahl von 400TC in frischem Himmelblau – atmungsaktiv, hypoallergen und wahlweise mit Bambus-Knopfverschluss oder Einsteckstreifen erhältlich.",258.00,Heimtextilien > Bettwäsche > Bettbezüge,140x200 cm,Sky Blue,9.00,0.00,0.00,4-7 Werktage,https://cdn.shopify.com/s/files/1/0884/0278/8685/files/bamboo-duvet-cover-sky-blue-bedroom-lifestyle-1.jpg?v=1786136909;https://cdn.shopify.com/s/files/1/0884/0278/8685/files/bamboo-duvet-cover-sky-blue-bamboo-button-detail.jpg?v=1786136909;https://cdn.shopify.com/s/files/1/0884/0278/8685/files/bamboo-duvet-cover-sky-blue-bedroom-lifestyle-2.jpg?v=1786136909;https://cdn.shopify.com/s/files/1/0884/0278/8685/files/bamboo-duvet-cover-sky-blue-fabric-detail.jpg?v=1786136909;https://cdn.shopify.com/s/files/1/0884/0278/8685/files/bamboo-duvet-cover-sky-blue-bedroom-lifestyle-3.jpg?v=1786136909;https://cdn.shopify.com/s/files/1/0884/0278/8685/files/bamboo-duvet-cover-sky-blue-tuck-in-strip-detail.jpg?v=1786136909;https://cdn.shopify.com/s/files/1/0884/0278/8685/files/bamboo-duvet-cover-sky-blue-packaging.jpg?v=1786136909
8720828225141,Boomba Bamboo,"Bettbezug aus Bambus, himmelblau, 400TC",https://www.maisondecocon.com/products/bamboo-duvet-cover-sky-blue-400tc?variant=54471600406861,8720828225141,"Ein seidenweicher Bettbezug aus Bambus mit einer Fadenzahl von 400TC in frischem Himmelblau – atmungsaktiv, hypoallergen und wahlweise mit Bambus-Knopfverschluss oder Einsteckstreifen erhältlich.",402.00,Heimtextilien > Bettwäsche > Bettbezüge,260x240/220 cm,Sky Blue,9.00,0.00,0.00,4-7 Werktage,https://cdn.shopify.com/s/files/1/0884/0278/8685/files/bamboo-duvet-cover-sky-blue-bedroom-lifestyle-1.jpg?v=1786136909;https://cdn.shopify.com/s/files/1/0884/0278/8685/files/bamboo-duvet-cover-sky-blue-bamboo-button-detail.jpg?v=1786136909;https://cdn.shopify.com/s/files/1/0884/0278/8685/files/bamboo-duvet-cover-sky-blue-bedroom-lifestyle-2.jpg?v=1786136909;https://cdn.shopify.com/s/files/1/0884/0278/8685/files/bamboo-duvet-cover-sky-blue-fabric-detail.jpg?v=1786136909;https://cdn.shopify.com/s/files/1/0884/0278/8685/files/bamboo-duvet-cover-sky-blue-bedroom-lifestyle-3.jpg?v=1786136909;https://cdn.shopify.com/s/files/1/0884/0278/8685/files/bamboo-duvet-cover-sky-blue-tuck-in-strip-detail.jpg?v=1786136909;https://cdn.shopify.com/s/files/1/0884/0278/8685/files/bamboo-duvet-cover-sky-blue-packaging.jpg?v=1786136909
8720828225134,Boomba Bamboo,"Bettbezug aus Bambus, himmelblau, 400TC",https://www.maisondecocon.com/products/bamboo-duvet-cover-sky-blue-400tc?variant=54471600472397,8720828225134,"Ein seidenweicher Bettbezug aus Bambus mit einer Fadenzahl von 400TC in frischem Himmelblau – atmungsaktiv, hypoallergen und wahlweise mit Bambus-Knopfverschluss oder Einsteckstreifen erhältlich.",369.00,Heimtextilien > Bettwäsche > Bettbezüge,240x220 cm,Sky Blue,9.00,0.00,0.00,4-7 Werktage,https://cdn.shopify.com/s/files/1/0884/0278/8685/files/bamboo-duvet-cover-sky-blue-bedroom-lifestyle-1.jpg?v=1786136909;https://cdn.shopify.com/s/files/1/0884/0278/8685/files/bamboo-duvet-cover-sky-blue-bamboo-button-detail.jpg?v=1786136909;https://cdn.shopify.com/s/files/1/0884/0278/8685/files/bamboo-duvet-cover-sky-blue-bedroom-lifestyle-2.jpg?v=1786136909;https://cdn.shopify.com/s/files/1/0884/0278/8685/files/bamboo-duvet-cover-sky-blue-fabric-detail.jpg?v=1786136909;https://cdn.shopify.com/s/files/1/0884/0278/8685/files/bamboo-duvet-cover-sky-blue-bedroom-lifestyle-3.jpg?v=1786136909;https://cdn.shopify.com/s/files/1/0884/0278/8685/files/bamboo-duvet-cover-sky-blue-tuck-in-strip-detail.jpg?v=1786136909;https://cdn.shopify.com/s/files/1/0884/0278/8685/files/bamboo-duvet-cover-sky-blue-packaging.jpg?v=1786136909
8720828225196,Boomba Bamboo,"Bettbezug aus Bambus, himmelblau, 400TC",https://www.maisondecocon.com/products/bamboo-duvet-cover-sky-blue-400tc?variant=54471600439629,8720828225196,"Ein seidenweicher Bettbezug aus Bambus mit einer Fadenzahl von 400TC in frischem Himmelblau – atmungsaktiv, hypoallergen und wahlweise mit Bambus-Knopfverschluss oder Einsteckstreifen erhältlich.",387.00,Heimtextilien > Bettwäsche > Bettbezüge,240x220 cm,Sky Blue,9.00,0.00,0.00,4-7 Werktage,https://cdn.shopify.com/s/files/1/0884/0278/8685/files/bamboo-duvet-cover-sky-blue-bedroom-lifestyle-1.jpg?v=1786136909;https://cdn.shopify.com/s/files/1/0884/0278/8685/files/bamboo-duvet-cover-sky-blue-bamboo-button-detail.jpg?v=1786136909;https://cdn.shopify.com/s/files/1/0884/0278/8685/files/bamboo-duvet-cover-sky-blue-bedroom-lifestyle-2.jpg?v=1786136909;https://cdn.shopify.com/s/files/1/0884/0278/8685/files/bamboo-duvet-cover-sky-blue-fabric-detail.jpg?v=1786136909;https://cdn.shopify.com/s/files/1/0884/0278/8685/files/bamboo-duvet-cover-sky-blue-bedroom-lifestyle-3.jpg?v=1786136909;https://cdn.shopify.com/s/files/1/0884/0278/8685/files/bamboo-duvet-cover-sky-blue-tuck-in-strip-detail.jpg?v=1786136909;https://cdn.shopify.com/s/files/1/0884/0278/8685/files/bamboo-duvet-cover-sky-blue-packaging.jpg?v=1786136909
8720828225158,Boomba Bamboo,"Bettbezug aus Bambus, himmelblau, 400TC",https://www.maisondecocon.com/products/bamboo-duvet-cover-sky-blue-400tc?variant=54471600669005,8720828225158,"Ein seidenweicher Bettbezug aus Bambus mit einer Fadenzahl von 400TC in frischem Himmelblau – atmungsaktiv, hypoallergen und wahlweise mit Bambus-Knopfverschluss oder Einsteckstreifen erhältlich.",282.00,Heimtextilien > Bettwäsche > Bettbezüge,140x200 cm,Sky Blue,9.00,0.00,0.00,4-7 Werktage,https://cdn.shopify.com/s/files/1/0884/0278/8685/files/bamboo-duvet-cover-sky-blue-bedroom-lifestyle-1.jpg?v=1786136909;https://cdn.shopify.com/s/files/1/0884/0278/8685/files/bamboo-duvet-cover-sky-blue-bamboo-button-detail.jpg?v=1786136909;https://cdn.shopify.com/s/files/1/0884/0278/8685/files/bamboo-duvet-cover-sky-blue-bedroom-lifestyle-2.jpg?v=1786136909;https://cdn.shopify.com/s/files/1/0884/0278/8685/files/bamboo-duvet-cover-sky-blue-fabric-detail.jpg?v=1786136909;https://cdn.shopify.com/s/files/1/0884/0278/8685/files/bamboo-duvet-cover-sky-blue-bedroom-lifestyle-3.jpg?v=1786136909;https://cdn.shopify.com/s/files/1/0884/0278/8685/files/bamboo-duvet-cover-sky-blue-tuck-in-strip-detail.jpg?v=1786136909;https://cdn.shopify.com/s/files/1/0884/0278/8685/files/bamboo-duvet-cover-sky-blue-packaging.jpg?v=1786136909
8720828225202,Boomba Bamboo,"Bettbezug aus Bambus, himmelblau, 400TC",https://www.maisondecocon.com/products/bamboo-duvet-cover-sky-blue-400tc?variant=54471600374093,8720828225202,"Ein seidenweicher Bettbezug aus Bambus mit einer Fadenzahl von 400TC in frischem Himmelblau – atmungsaktiv, hypoallergen und wahlweise mit Bambus-Knopfverschluss oder Einsteckstreifen erhältlich.",420.00,Heimtextilien > Bettwäsche > Bettbezüge,260x240/220 cm,Sky Blue,9.00,0.00,0.00,4-7 Werktage,https://cdn.shopify.com/s/files/1/0884/0278/8685/files/bamboo-duvet-cover-sky-blue-bedroom-lifestyle-1.jpg?v=1786136909;https://cdn.shopify.com/s/files/1/0884/0278/8685/files/bamboo-duvet-cover-sky-blue-bamboo-button-detail.jpg?v=1786136909;https://cdn.shopify.com/s/files/1/0884/0278/8685/files/bamboo-duvet-cover-sky-blue-bedroom-lifestyle-2.jpg?v=1786136909;https://cdn.shopify.com/s/files/1/0884/0278/8685/files/bamboo-duvet-cover-sky-blue-fabric-detail.jpg?v=1786136909;https://cdn.shopify.com/s/files/1/0884/0278/8685/files/bamboo-duvet-cover-sky-blue-bedroom-lifestyle-3.jpg?v=1786136909;https://cdn.shopify.com/s/files/1/0884/0278/8685/files/bamboo-duvet-cover-sky-blue-tuck-in-strip-detail.jpg?v=1786136909;https://cdn.shopify.com/s/files/1/0884/0278/8685/files/bamboo-duvet-cover-sky-blue-packaging.jpg?v=1786136909
8720828225110,Boomba Bamboo,"Bettbezug aus Bambus, himmelblau, 400TC",https://www.maisondecocon.com/products/bamboo-duvet-cover-sky-blue-400tc?variant=54471600603469,8720828225110,"Ein seidenweicher Bettbezug aus Bambus mit einer Fadenzahl von 400TC in frischem Himmelblau – atmungsaktiv, hypoallergen und wahlweise mit Bambus-Knopfverschluss oder Einsteckstreifen erhältlich.",300.00,Heimtextilien > Bettwäsche > Bettbezüge,200x200 cm,Sky Blue,9.00,0.00,0.00,4-7 Werktage,https://cdn.shopify.com/s/files/1/0884/0278/8685/files/bamboo-duvet-cover-sky-blue-bedroom-lifestyle-1.jpg?v=1786136909;https://cdn.shopify.com/s/files/1/0884/0278/8685/files/bamboo-duvet-cover-sky-blue-bamboo-button-detail.jpg?v=1786136909;https://cdn.shopify.com/s/files/1/0884/0278/8685/files/bamboo-duvet-cover-sky-blue-bedroom-lifestyle-2.jpg?v=1786136909;https://cdn.shopify.com/s/files/1/0884/0278/8685/files/bamboo-duvet-cover-sky-blue-fabric-detail.jpg?v=1786136909;https://cdn.shopify.com/s/files/1/0884/0278/8685/files/bamboo-duvet-cover-sky-blue-bedroom-lifestyle-3.jpg?v=1786136909;https://cdn.shopify.com/s/files/1/0884/0278/8685/files/bamboo-duvet-cover-sky-blue-tuck-in-strip-detail.jpg?v=1786136909;https://cdn.shopify.com/s/files/1/0884/0278/8685/files/bamboo-duvet-cover-sky-blue-packaging.jpg?v=1786136909
8720828225103,Boomba Bamboo,"Bettbezug aus Bambus, himmelblau, 400TC",https://www.maisondecocon.com/products/bamboo-duvet-cover-sky-blue-400tc?variant=54471600701773,8720828225103,"Ein seidenweicher Bettbezug aus Bambus mit einer Fadenzahl von 400TC in frischem Himmelblau – atmungsaktiv, hypoallergen und wahlweise mit Bambus-Knopfverschluss oder Einsteckstreifen erhältlich.",267.00,Heimtextilien > Bettwäsche > Bettbezüge,140x220 cm,Sky Blue,9.00,0.00,0.00,4-7 Werktage,https://cdn.shopify.com/s/files/1/0884/0278/8685/files/bamboo-duvet-cover-sky-blue-bedroom-lifestyle-1.jpg?v=1786136909;https://cdn.shopify.com/s/files/1/0884/0278/8685/files/bamboo-duvet-cover-sky-blue-bamboo-button-detail.jpg?v=1786136909;https://cdn.shopify.com/s/files/1/0884/0278/8685/files/bamboo-duvet-cover-sky-blue-bedroom-lifestyle-2.jpg?v=1786136909;https://cdn.shopify.com/s/files/1/0884/0278/8685/files/bamboo-duvet-cover-sky-blue-fabric-detail.jpg?v=1786136909;https://cdn.shopify.com/s/files/1/0884/0278/8685/files/bamboo-duvet-cover-sky-blue-bedroom-lifestyle-3.jpg?v=1786136909;https://cdn.shopify.com/s/files/1/0884/0278/8685/files/bamboo-duvet-cover-sky-blue-tuck-in-strip-detail.jpg?v=1786136909;https://cdn.shopify.com/s/files/1/0884/0278/8685/files/bamboo-duvet-cover-sky-blue-packaging.jpg?v=1786136909
8720828225172,Boomba Bamboo,"Bettbezug aus Bambus, himmelblau, 400TC",https://www.maisondecocon.com/products/bamboo-duvet-cover-sky-blue-400tc?variant=54471600570701,8720828225172,"Ein seidenweicher Bettbezug aus Bambus mit einer Fadenzahl von 400TC in frischem Himmelblau – atmungsaktiv, hypoallergen und wahlweise mit Bambus-Knopfverschluss oder Einsteckstreifen erhältlich.",318.00,Heimtextilien > Bettwäsche > Bettbezüge,200x200 cm,Sky Blue,9.00,0.00,0.00,4-7 Werktage,https://cdn.shopify.com/s/files/1/0884/0278/8685/files/bamboo-duvet-cover-sky-blue-bedroom-lifestyle-1.jpg?v=1786136909;https://cdn.shopify.com/s/files/1/0884/0278/8685/files/bamboo-duvet-cover-sky-blue-bamboo-button-detail.jpg?v=1786136909;https://cdn.shopify.com/s/files/1/0884/0278/8685/files/bamboo-duvet-cover-sky-blue-bedroom-lifestyle-2.jpg?v=1786136909;https://cdn.shopify.com/s/files/1/0884/0278/8685/files/bamboo-duvet-cover-sky-blue-fabric-detail.jpg?v=1786136909;https://cdn.shopify.com/s/files/1/0884/0278/8685/files/bamboo-duvet-cover-sky-blue-bedroom-lifestyle-3.jpg?v=1786136909;https://cdn.shopify.com/s/files/1/0884/0278/8685/files/bamboo-duvet-cover-sky-blue-tuck-in-strip-detail.jpg?v=1786136909;https://cdn.shopify.com/s/files/1/0884/0278/8685/files/bamboo-duvet-cover-sky-blue-packaging.jpg?v=1786136909
8720828225189,Boomba Bamboo,"Bettbezug aus Bambus, himmelblau, 400TC",https://www.maisondecocon.com/products/bamboo-duvet-cover-sky-blue-400tc?variant=54471600505165,8720828225189,"Ein seidenweicher Bettbezug aus Bambus mit einer Fadenzahl von 400TC in frischem Himmelblau – atmungsaktiv, hypoallergen und wahlweise mit Bambus-Knopfverschluss oder Einsteckstreifen erhältlich.",336.00,Heimtextilien > Bettwäsche > Bettbezüge,200x220/210 cm,Sky Blue,9.00,0.00,0.00,4-7 Werktage,https://cdn.shopify.com/s/files/1/0884/0278/8685/files/bamboo-duvet-cover-sky-blue-bedroom-lifestyle-1.jpg?v=1786136909;https://cdn.shopify.com/s/files/1/0884/0278/8685/files/bamboo-duvet-cover-sky-blue-bamboo-button-detail.jpg?v=1786136909;https://cdn.shopify.com/s/files/1/0884/0278/8685/files/bamboo-duvet-cover-sky-blue-bedroom-lifestyle-2.jpg?v=1786136909;https://cdn.shopify.com/s/files/1/0884/0278/8685/files/bamboo-duvet-cover-sky-blue-fabric-detail.jpg?v=1786136909;https://cdn.shopify.com/s/files/1/0884/0278/8685/files/bamboo-duvet-cover-sky-blue-bedroom-lifestyle-3.jpg?v=1786136909;https://cdn.shopify.com/s/files/1/0884/0278/8685/files/bamboo-duvet-cover-sky-blue-tuck-in-strip-detail.jpg?v=1786136909;https://cdn.shopify.com/s/files/1/0884/0278/8685/files/bamboo-duvet-cover-sky-blue-packaging.jpg?v=1786136909
8720828225127,Boomba Bamboo,"Bettbezug aus Bambus, himmelblau, 400TC",https://www.maisondecocon.com/products/bamboo-duvet-cover-sky-blue-400tc?variant=54471600537933,8720828225127,"Ein seidenweicher Bettbezug aus Bambus mit einer Fadenzahl von 400TC in frischem Himmelblau – atmungsaktiv, hypoallergen und wahlweise mit Bambus-Knopfverschluss oder Einsteckstreifen erhältlich.",318.00,Heimtextilien > Bettwäsche > Bettbezüge,200x220/210 cm,Sky Blue,9.00,0.00,0.00,4-7 Werktage,https://cdn.shopify.com/s/files/1/0884/0278/8685/files/bamboo-duvet-cover-sky-blue-bedroom-lifestyle-1.jpg?v=1786136909;https://cdn.shopify.com/s/files/1/0884/0278/8685/files/bamboo-duvet-cover-sky-blue-bamboo-button-detail.jpg?v=1786136909;https://cdn.shopify.com/s/files/1/0884/0278/8685/files/bamboo-duvet-cover-sky-blue-bedroom-lifestyle-2.jpg?v=1786136909;https://cdn.shopify.com/s/files/1/0884/0278/8685/files/bamboo-duvet-cover-sky-blue-fabric-detail.jpg?v=1786136909;https://cdn.shopify.com/s/files/1/0884/0278/8685/files/bamboo-duvet-cover-sky-blue-bedroom-lifestyle-3.jpg?v=1786136909;https://cdn.shopify.com/s/files/1/0884/0278/8685/files/bamboo-duvet-cover-sky-blue-tuck-in-strip-detail.jpg?v=1786136909;https://cdn.shopify.com/s/files/1/0884/0278/8685/files/bamboo-duvet-cover-sky-blue-packaging.jpg?v=1786136909
8720618860057,Boomba Bamboo,"Bettbezug aus Bambus, „Cuddle Pink“, 400TC",https://www.maisondecocon.com/products/bamboo-duvet-cover-cuddle-pink-400tc?variant=54471600800077,8720618860057,"Ein seidenweicher Bettbezug aus Bambus mit einer Fadenzahl von 400TC in zartem „Cuddle Pink“ – atmungsaktiv, hypoallergen und wahlweise mit Bambus-Knopfverschluss oder Einsteckstreifen erhältlich.",402.00,Heimtextilien > Bettwäsche > Bettbezüge,260x240/220 cm,Cuddle Pink,9.00,0.00,0.00,4-7 Werktage,https://cdn.shopify.com/s/files/1/0884/0278/8685/files/bamboo-duvet-cover-cuddle-pink-bedroom-lifestyle-3.jpg?v=1786137069;https://cdn.shopify.com/s/files/1/0884/0278/8685/files/bamboo-duvet-cover-cuddle-pink-bamboo-button-detail.jpg?v=1786137069;https://cdn.shopify.com/s/files/1/0884/0278/8685/files/bamboo-duvet-cover-cuddle-pink-bedroom-lifestyle-2.jpg?v=1786137069;https://cdn.shopify.com/s/files/1/0884/0278/8685/files/bamboo-duvet-cover-cuddle-pink-fabric-detail.jpg?v=1786137069;https://cdn.shopify.com/s/files/1/0884/0278/8685/files/bamboo-duvet-cover-cuddle-pink-bedroom-lifestyle-1.jpg?v=1786137069;https://cdn.shopify.com/s/files/1/0884/0278/8685/files/bamboo-duvet-cover-cuddle-pink-tuck-in-strip-detail.jpg?v=1786137069;https://cdn.shopify.com/s/files/1/0884/0278/8685/files/bamboo-duvet-cover-cuddle-pink-packaging.jpg?v=1786137069
8720828225950,Boomba Bamboo,"Bettbezug aus Bambus, „Cuddle Pink“, 400TC",https://www.maisondecocon.com/products/bamboo-duvet-cover-cuddle-pink-400tc?variant=54471601029453,8720828225950,"Ein seidenweicher Bettbezug aus Bambus mit einer Fadenzahl von 400TC in zartem „Cuddle Pink“ – atmungsaktiv, hypoallergen und wahlweise mit Bambus-Knopfverschluss oder Einsteckstreifen erhältlich.",297.00,Heimtextilien > Bettwäsche > Bettbezüge,140x220 cm,Cuddle Pink,9.00,0.00,0.00,4-7 Werktage,https://cdn.shopify.com/s/files/1/0884/0278/8685/files/bamboo-duvet-cover-cuddle-pink-bedroom-lifestyle-3.jpg?v=1786137069;https://cdn.shopify.com/s/files/1/0884/0278/8685/files/bamboo-duvet-cover-cuddle-pink-bamboo-button-detail.jpg?v=1786137069;https://cdn.shopify.com/s/files/1/0884/0278/8685/files/bamboo-duvet-cover-cuddle-pink-bedroom-lifestyle-2.jpg?v=1786137069;https://cdn.shopify.com/s/files/1/0884/0278/8685/files/bamboo-duvet-cover-cuddle-pink-fabric-detail.jpg?v=1786137069;https://cdn.shopify.com/s/files/1/0884/0278/8685/files/bamboo-duvet-cover-cuddle-pink-bedroom-lifestyle-1.jpg?v=1786137069;https://cdn.shopify.com/s/files/1/0884/0278/8685/files/bamboo-duvet-cover-cuddle-pink-tuck-in-strip-detail.jpg?v=1786137069;https://cdn.shopify.com/s/files/1/0884/0278/8685/files/bamboo-duvet-cover-cuddle-pink-packaging.jpg?v=1786137069
8720618860019,Boomba Bamboo,"Bettbezug aus Bambus, „Cuddle Pink“, 400TC",https://www.maisondecocon.com/products/bamboo-duvet-cover-cuddle-pink-400tc?variant=54471601127757,8720618860019,"Ein seidenweicher Bettbezug aus Bambus mit einer Fadenzahl von 400TC in zartem „Cuddle Pink“ – atmungsaktiv, hypoallergen und wahlweise mit Bambus-Knopfverschluss oder Einsteckstreifen erhältlich.",258.00,Heimtextilien > Bettwäsche > Bettbezüge,140x200 cm,Cuddle Pink,9.00,0.00,0.00,4-7 Werktage,https://cdn.shopify.com/s/files/1/0884/0278/8685/files/bamboo-duvet-cover-cuddle-pink-bedroom-lifestyle-3.jpg?v=1786137069;https://cdn.shopify.com/s/files/1/0884/0278/8685/files/bamboo-duvet-cover-cuddle-pink-bamboo-button-detail.jpg?v=1786137069;https://cdn.shopify.com/s/files/1/0884/0278/8685/files/bamboo-duvet-cover-cuddle-pink-bedroom-lifestyle-2.jpg?v=1786137069;https://cdn.shopify.com/s/files/1/0884/0278/8685/files/bamboo-duvet-cover-cuddle-pink-fabric-detail.jpg?v=1786137069;https://cdn.shopify.com/s/files/1/0884/0278/8685/files/bamboo-duvet-cover-cuddle-pink-bedroom-lifestyle-1.jpg?v=1786137069;https://cdn.shopify.com/s/files/1/0884/0278/8685/files/bamboo-duvet-cover-cuddle-pink-tuck-in-strip-detail.jpg?v=1786137069;https://cdn.shopify.com/s/files/1/0884/0278/8685/files/bamboo-duvet-cover-cuddle-pink-packaging.jpg?v=1786137069
8720828225967,Boomba Bamboo,"Bettbezug aus Bambus, „Cuddle Pink“, 400TC",https://www.maisondecocon.com/products/bamboo-duvet-cover-cuddle-pink-400tc?variant=54471600963917,8720828225967,"Ein seidenweicher Bettbezug aus Bambus mit einer Fadenzahl von 400TC in zartem „Cuddle Pink“ – atmungsaktiv, hypoallergen und wahlweise mit Bambus-Knopfverschluss oder Einsteckstreifen erhältlich.",318.00,Heimtextilien > Bettwäsche > Bettbezüge,200x200 cm,Cuddle Pink,9.00,0.00,0.00,4-7 Werktage,https://cdn.shopify.com/s/files/1/0884/0278/8685/files/bamboo-duvet-cover-cuddle-pink-bedroom-lifestyle-3.jpg?v=1786137069;https://cdn.shopify.com/s/files/1/0884/0278/8685/files/bamboo-duvet-cover-cuddle-pink-bamboo-button-detail.jpg?v=1786137069;https://cdn.shopify.com/s/files/1/0884/0278/8685/files/bamboo-duvet-cover-cuddle-pink-bedroom-lifestyle-2.jpg?v=1786137069;https://cdn.shopify.com/s/files/1/0884/0278/8685/files/bamboo-duvet-cover-cuddle-pink-fabric-detail.jpg?v=1786137069;https://cdn.shopify.com/s/files/1/0884/0278/8685/files/bamboo-duvet-cover-cuddle-pink-bedroom-lifestyle-1.jpg?v=1786137069;https://cdn.shopify.com/s/files/1/0884/0278/8685/files/bamboo-duvet-cover-cuddle-pink-tuck-in-strip-detail.jpg?v=1786137069;https://cdn.shopify.com/s/files/1/0884/0278/8685/files/bamboo-duvet-cover-cuddle-pink-packaging.jpg?v=1786137069
8720618860040,Boomba Bamboo,"Bettbezug aus Bambus, „Cuddle Pink“, 400TC",https://www.maisondecocon.com/products/bamboo-duvet-cover-cuddle-pink-400tc?variant=54471600865613,8720618860040,"Ein seidenweicher Bettbezug aus Bambus mit einer Fadenzahl von 400TC in zartem „Cuddle Pink“ – atmungsaktiv, hypoallergen und wahlweise mit Bambus-Knopfverschluss oder Einsteckstreifen erhältlich.",369.00,Heimtextilien > Bettwäsche > Bettbezüge,240x220 cm,Cuddle Pink,9.00,0.00,0.00,4-7 Werktage,https://cdn.shopify.com/s/files/1/0884/0278/8685/files/bamboo-duvet-cover-cuddle-pink-bedroom-lifestyle-3.jpg?v=1786137069;https://cdn.shopify.com/s/files/1/0884/0278/8685/files/bamboo-duvet-cover-cuddle-pink-bamboo-button-detail.jpg?v=1786137069;https://cdn.shopify.com/s/files/1/0884/0278/8685/files/bamboo-duvet-cover-cuddle-pink-bedroom-lifestyle-2.jpg?v=1786137069;https://cdn.shopify.com/s/files/1/0884/0278/8685/files/bamboo-duvet-cover-cuddle-pink-fabric-detail.jpg?v=1786137069;https://cdn.shopify.com/s/files/1/0884/0278/8685/files/bamboo-duvet-cover-cuddle-pink-bedroom-lifestyle-1.jpg?v=1786137069;https://cdn.shopify.com/s/files/1/0884/0278/8685/files/bamboo-duvet-cover-cuddle-pink-tuck-in-strip-detail.jpg?v=1786137069;https://cdn.shopify.com/s/files/1/0884/0278/8685/files/bamboo-duvet-cover-cuddle-pink-packaging.jpg?v=1786137069
8720828225974,Boomba Bamboo,"Bettbezug aus Bambus, „Cuddle Pink“, 400TC",https://www.maisondecocon.com/products/bamboo-duvet-cover-cuddle-pink-400tc?variant=54471600898381,8720828225974,"Ein seidenweicher Bettbezug aus Bambus mit einer Fadenzahl von 400TC in zartem „Cuddle Pink“ – atmungsaktiv, hypoallergen und wahlweise mit Bambus-Knopfverschluss oder Einsteckstreifen erhältlich.",336.00,Heimtextilien > Bettwäsche > Bettbezüge,200x220/210 cm,Cuddle Pink,9.00,0.00,0.00,4-7 Werktage,https://cdn.shopify.com/s/files/1/0884/0278/8685/files/bamboo-duvet-cover-cuddle-pink-bedroom-lifestyle-3.jpg?v=1786137069;https://cdn.shopify.com/s/files/1/0884/0278/8685/files/bamboo-duvet-cover-cuddle-pink-bamboo-button-detail.jpg?v=1786137069;https://cdn.shopify.com/s/files/1/0884/0278/8685/files/bamboo-duvet-cover-cuddle-pink-bedroom-lifestyle-2.jpg?v=1786137069;https://cdn.shopify.com/s/files/1/0884/0278/8685/files/bamboo-duvet-cover-cuddle-pink-fabric-detail.jpg?v=1786137069;https://cdn.shopify.com/s/files/1/0884/0278/8685/files/bamboo-duvet-cover-cuddle-pink-bedroom-lifestyle-1.jpg?v=1786137069;https://cdn.shopify.com/s/files/1/0884/0278/8685/files/bamboo-duvet-cover-cuddle-pink-tuck-in-strip-detail.jpg?v=1786137069;https://cdn.shopify.com/s/files/1/0884/0278/8685/files/bamboo-duvet-cover-cuddle-pink-packaging.jpg?v=1786137069
8720618860033,Boomba Bamboo,"Bettbezug aus Bambus, „Cuddle Pink“, 400TC",https://www.maisondecocon.com/products/bamboo-duvet-cover-cuddle-pink-400tc?variant=54471600931149,8720618860033,"Ein seidenweicher Bettbezug aus Bambus mit einer Fadenzahl von 400TC in zartem „Cuddle Pink“ – atmungsaktiv, hypoallergen und wahlweise mit Bambus-Knopfverschluss oder Einsteckstreifen erhältlich.",318.00,Heimtextilien > Bettwäsche > Bettbezüge,200x220/210 cm,Cuddle Pink,9.00,0.00,0.00,4-7 Werktage,https://cdn.shopify.com/s/files/1/0884/0278/8685/files/bamboo-duvet-cover-cuddle-pink-bedroom-lifestyle-3.jpg?v=1786137069;https://cdn.shopify.com/s/files/1/0884/0278/8685/files/bamboo-duvet-cover-cuddle-pink-bamboo-button-detail.jpg?v=1786137069;https://cdn.shopify.com/s/files/1/0884/0278/8685/files/bamboo-duvet-cover-cuddle-pink-bedroom-lifestyle-2.jpg?v=1786137069;https://cdn.shopify.com/s/files/1/0884/0278/8685/files/bamboo-duvet-cover-cuddle-pink-fabric-detail.jpg?v=1786137069;https://cdn.shopify.com/s/files/1/0884/0278/8685/files/bamboo-duvet-cover-cuddle-pink-bedroom-lifestyle-1.jpg?v=1786137069;https://cdn.shopify.com/s/files/1/0884/0278/8685/files/bamboo-duvet-cover-cuddle-pink-tuck-in-strip-detail.jpg?v=1786137069;https://cdn.shopify.com/s/files/1/0884/0278/8685/files/bamboo-duvet-cover-cuddle-pink-packaging.jpg?v=1786137069
8720828225981,Boomba Bamboo,"Bettbezug aus Bambus, „Cuddle Pink“, 400TC",https://www.maisondecocon.com/products/bamboo-duvet-cover-cuddle-pink-400tc?variant=54471600832845,8720828225981,"Ein seidenweicher Bettbezug aus Bambus mit einer Fadenzahl von 400TC in zartem „Cuddle Pink“ – atmungsaktiv, hypoallergen und wahlweise mit Bambus-Knopfverschluss oder Einsteckstreifen erhältlich.",387.00,Heimtextilien > Bettwäsche > Bettbezüge,240x220 cm,Cuddle Pink,9.00,0.00,0.00,4-7 Werktage,https://cdn.shopify.com/s/files/1/0884/0278/8685/files/bamboo-duvet-cover-cuddle-pink-bedroom-lifestyle-3.jpg?v=1786137069;https://cdn.shopify.com/s/files/1/0884/0278/8685/files/bamboo-duvet-cover-cuddle-pink-bamboo-button-detail.jpg?v=1786137069;https://cdn.shopify.com/s/files/1/0884/0278/8685/files/bamboo-duvet-cover-cuddle-pink-bedroom-lifestyle-2.jpg?v=1786137069;https://cdn.shopify.com/s/files/1/0884/0278/8685/files/bamboo-duvet-cover-cuddle-pink-fabric-detail.jpg?v=1786137069;https://cdn.shopify.com/s/files/1/0884/0278/8685/files/bamboo-duvet-cover-cuddle-pink-bedroom-lifestyle-1.jpg?v=1786137069;https://cdn.shopify.com/s/files/1/0884/0278/8685/files/bamboo-duvet-cover-cuddle-pink-tuck-in-strip-detail.jpg?v=1786137069;https://cdn.shopify.com/s/files/1/0884/0278/8685/files/bamboo-duvet-cover-cuddle-pink-packaging.jpg?v=1786137069
8720828225998,Boomba Bamboo,"Bettbezug aus Bambus, „Cuddle Pink“, 400TC",https://www.maisondecocon.com/products/bamboo-duvet-cover-cuddle-pink-400tc?variant=54471600767309,8720828225998,"Ein seidenweicher Bettbezug aus Bambus mit einer Fadenzahl von 400TC in zartem „Cuddle Pink“ – atmungsaktiv, hypoallergen und wahlweise mit Bambus-Knopfverschluss oder Einsteckstreifen erhältlich.",420.00,Heimtextilien > Bettwäsche > Bettbezüge,260x240/220 cm,Cuddle Pink,9.00,0.00,0.00,4-7 Werktage,https://cdn.shopify.com/s/files/1/0884/0278/8685/files/bamboo-duvet-cover-cuddle-pink-bedroom-lifestyle-3.jpg?v=1786137069;https://cdn.shopify.com/s/files/1/0884/0278/8685/files/bamboo-duvet-cover-cuddle-pink-bamboo-button-detail.jpg?v=1786137069;https://cdn.shopify.com/s/files/1/0884/0278/8685/files/bamboo-duvet-cover-cuddle-pink-bedroom-lifestyle-2.jpg?v=1786137069;https://cdn.shopify.com/s/files/1/0884/0278/8685/files/bamboo-duvet-cover-cuddle-pink-fabric-detail.jpg?v=1786137069;https://cdn.shopify.com/s/files/1/0884/0278/8685/files/bamboo-duvet-cover-cuddle-pink-bedroom-lifestyle-1.jpg?v=1786137069;https://cdn.shopify.com/s/files/1/0884/0278/8685/files/bamboo-duvet-cover-cuddle-pink-tuck-in-strip-detail.jpg?v=1786137069;https://cdn.shopify.com/s/files/1/0884/0278/8685/files/bamboo-duvet-cover-cuddle-pink-packaging.jpg?v=1786137069
8720828225943,Boomba Bamboo,"Bettbezug aus Bambus, „Cuddle Pink“, 400TC",https://www.maisondecocon.com/products/bamboo-duvet-cover-cuddle-pink-400tc?variant=54471601094989,8720828225943,"Ein seidenweicher Bettbezug aus Bambus mit einer Fadenzahl von 400TC in zartem „Cuddle Pink“ – atmungsaktiv, hypoallergen und wahlweise mit Bambus-Knopfverschluss oder Einsteckstreifen erhältlich.",282.00,Heimtextilien > Bettwäsche > Bettbezüge,140x200 cm,Cuddle Pink,9.00,0.00,0.00,4-7 Werktage,https://cdn.shopify.com/s/files/1/0884/0278/8685/files/bamboo-duvet-cover-cuddle-pink-bedroom-lifestyle-3.jpg?v=1786137069;https://cdn.shopify.com/s/files/1/0884/0278/8685/files/bamboo-duvet-cover-cuddle-pink-bamboo-button-detail.jpg?v=1786137069;https://cdn.shopify.com/s/files/1/0884/0278/8685/files/bamboo-duvet-cover-cuddle-pink-bedroom-lifestyle-2.jpg?v=1786137069;https://cdn.shopify.com/s/files/1/0884/0278/8685/files/bamboo-duvet-cover-cuddle-pink-fabric-detail.jpg?v=1786137069;https://cdn.shopify.com/s/files/1/0884/0278/8685/files/bamboo-duvet-cover-cuddle-pink-bedroom-lifestyle-1.jpg?v=1786137069;https://cdn.shopify.com/s/files/1/0884/0278/8685/files/bamboo-duvet-cover-cuddle-pink-tuck-in-strip-detail.jpg?v=1786137069;https://cdn.shopify.com/s/files/1/0884/0278/8685/files/bamboo-duvet-cover-cuddle-pink-packaging.jpg?v=1786137069
8720618860026,Boomba Bamboo,"Bettbezug aus Bambus, „Cuddle Pink“, 400TC",https://www.maisondecocon.com/products/bamboo-duvet-cover-cuddle-pink-400tc?variant=54471600996685,8720618860026,"Ein seidenweicher Bettbezug aus Bambus mit einer Fadenzahl von 400TC in zartem „Cuddle Pink“ – atmungsaktiv, hypoallergen und wahlweise mit Bambus-Knopfverschluss oder Einsteckstreifen erhältlich.",300.00,Heimtextilien > Bettwäsche > Bettbezüge,200x200 cm,Cuddle Pink,9.00,0.00,0.00,4-7 Werktage,https://cdn.shopify.com/s/files/1/0884/0278/8685/files/bamboo-duvet-cover-cuddle-pink-bedroom-lifestyle-3.jpg?v=1786137069;https://cdn.shopify.com/s/files/1/0884/0278/8685/files/bamboo-duvet-cover-cuddle-pink-bamboo-button-detail.jpg?v=1786137069;https://cdn.shopify.com/s/files/1/0884/0278/8685/files/bamboo-duvet-cover-cuddle-pink-bedroom-lifestyle-2.jpg?v=1786137069;https://cdn.shopify.com/s/files/1/0884/0278/8685/files/bamboo-duvet-cover-cuddle-pink-fabric-detail.jpg?v=1786137069;https://cdn.shopify.com/s/files/1/0884/0278/8685/files/bamboo-duvet-cover-cuddle-pink-bedroom-lifestyle-1.jpg?v=1786137069;https://cdn.shopify.com/s/files/1/0884/0278/8685/files/bamboo-duvet-cover-cuddle-pink-tuck-in-strip-detail.jpg?v=1786137069;https://cdn.shopify.com/s/files/1/0884/0278/8685/files/bamboo-duvet-cover-cuddle-pink-packaging.jpg?v=1786137069
8720828225714,Boomba Bamboo,"Bettbezug aus Bambus, „Cuddle Pink“, 400TC",https://www.maisondecocon.com/products/bamboo-duvet-cover-cuddle-pink-400tc?variant=54471601062221,8720828225714,"Ein seidenweicher Bettbezug aus Bambus mit einer Fadenzahl von 400TC in zartem „Cuddle Pink“ – atmungsaktiv, hypoallergen und wahlweise mit Bambus-Knopfverschluss oder Einsteckstreifen erhältlich.",267.00,Heimtextilien > Bettwäsche > Bettbezüge,140x220 cm,Cuddle Pink,9.00,0.00,0.00,4-7 Werktage,https://cdn.shopify.com/s/files/1/0884/0278/8685/files/bamboo-duvet-cover-cuddle-pink-bedroom-lifestyle-3.jpg?v=1786137069;https://cdn.shopify.com/s/files/1/0884/0278/8685/files/bamboo-duvet-cover-cuddle-pink-bamboo-button-detail.jpg?v=1786137069;https://cdn.shopify.com/s/files/1/0884/0278/8685/files/bamboo-duvet-cover-cuddle-pink-bedroom-lifestyle-2.jpg?v=1786137069;https://cdn.shopify.com/s/files/1/0884/0278/8685/files/bamboo-duvet-cover-cuddle-pink-fabric-detail.jpg?v=1786137069;https://cdn.shopify.com/s/files/1/0884/0278/8685/files/bamboo-duvet-cover-cuddle-pink-bedroom-lifestyle-1.jpg?v=1786137069;https://cdn.shopify.com/s/files/1/0884/0278/8685/files/bamboo-duvet-cover-cuddle-pink-tuck-in-strip-detail.jpg?v=1786137069;https://cdn.shopify.com/s/files/1/0884/0278/8685/files/bamboo-duvet-cover-cuddle-pink-packaging.jpg?v=1786137069
6154524176131,Boomba Bamboo,"Bettbezug aus Bambus, Coffee Brown, 400TC",https://www.maisondecocon.com/products/bamboo-duvet-cover-coffee-brown-400tc?variant=54471601979725,6154524176131,"Ein seidenweicher Bettbezug aus Bambus mit einer Fadenzahl von 400TC in Coffee Brown – atmungsaktiv, hypoallergen und wahlweise mit Bambusknopfverschluss oder Einsteckstreifen erhältlich.",300.00,Heimtextilien > Bettwäsche > Bettbezüge,200x200 cm,Coco Brown,9.00,0.00,0.00,4-7 Werktage,https://cdn.shopify.com/s/files/1/0884/0278/8685/files/bamboo-duvet-cover-coffee-brown-bedroom-lifestyle-1.jpg?v=1786173283;https://cdn.shopify.com/s/files/1/0884/0278/8685/files/bamboo-duvet-cover-coffee-brown-fabric-detail-1.jpg?v=1786173283;https://cdn.shopify.com/s/files/1/0884/0278/8685/files/bamboo-duvet-cover-coffee-brown-bedroom-lifestyle-2.jpg?v=1786173283;https://cdn.shopify.com/s/files/1/0884/0278/8685/files/bamboo-duvet-cover-coffee-brown-fabric-detail-2.jpg?v=1786173283;https://cdn.shopify.com/s/files/1/0884/0278/8685/files/bamboo-duvet-cover-coffee-brown-bedroom-lifestyle-3.jpg?v=1786173283;https://cdn.shopify.com/s/files/1/0884/0278/8685/files/bamboo-duvet-cover-coffee-brown-bedroom-lifestyle-4.jpg?v=1786173283;https://cdn.shopify.com/s/files/1/0884/0278/8685/files/bamboo-duvet-cover-coffee-brown-bedroom-lifestyle-5.jpg?v=1786173283;https://cdn.shopify.com/s/files/1/0884/0278/8685/files/bamboo-duvet-cover-coffee-brown-bedroom-lifestyle-6.jpg?v=1786173283;https://cdn.shopify.com/s/files/1/0884/0278/8685/files/bamboo-duvet-cover-coffee-brown-packaging.jpg?v=1786173283
6154524020052,Boomba Bamboo,"Bettbezug aus Bambus, Coffee Brown, 400TC",https://www.maisondecocon.com/products/bamboo-duvet-cover-coffee-brown-400tc?variant=54471602110797,6154524020052,"Ein seidenweicher Bettbezug aus Bambus mit einer Fadenzahl von 400TC in Coffee Brown – atmungsaktiv, hypoallergen und wahlweise mit Bambusknopfverschluss oder Einsteckstreifen erhältlich.",267.00,Heimtextilien > Bettwäsche > Bettbezüge,140x220 cm,Coco Brown,9.00,0.00,0.00,4-7 Werktage,https://cdn.shopify.com/s/files/1/0884/0278/8685/files/bamboo-duvet-cover-coffee-brown-bedroom-lifestyle-1.jpg?v=1786173283;https://cdn.shopify.com/s/files/1/0884/0278/8685/files/bamboo-duvet-cover-coffee-brown-fabric-detail-1.jpg?v=1786173283;https://cdn.shopify.com/s/files/1/0884/0278/8685/files/bamboo-duvet-cover-coffee-brown-bedroom-lifestyle-2.jpg?v=1786173283;https://cdn.shopify.com/s/files/1/0884/0278/8685/files/bamboo-duvet-cover-coffee-brown-fabric-detail-2.jpg?v=1786173283;https://cdn.shopify.com/s/files/1/0884/0278/8685/files/bamboo-duvet-cover-coffee-brown-bedroom-lifestyle-3.jpg?v=1786173283;https://cdn.shopify.com/s/files/1/0884/0278/8685/files/bamboo-duvet-cover-coffee-brown-bedroom-lifestyle-4.jpg?v=1786173283;https://cdn.shopify.com/s/files/1/0884/0278/8685/files/bamboo-duvet-cover-coffee-brown-bedroom-lifestyle-5.jpg?v=1786173283;https://cdn.shopify.com/s/files/1/0884/0278/8685/files/bamboo-duvet-cover-coffee-brown-bedroom-lifestyle-6.jpg?v=1786173283;https://cdn.shopify.com/s/files/1/0884/0278/8685/files/bamboo-duvet-cover-coffee-brown-packaging.jpg?v=1786173283
6154524493443,Boomba Bamboo,"Bettbezug aus Bambus, Coffee Brown, 400TC",https://www.maisondecocon.com/products/bamboo-duvet-cover-coffee-brown-400tc?variant=54471601848653,6154524493443,"Ein seidenweicher Bettbezug aus Bambus mit einer Fadenzahl von 400TC in Coffee Brown – atmungsaktiv, hypoallergen und wahlweise mit Bambusknopfverschluss oder Einsteckstreifen erhältlich.",369.00,Heimtextilien > Bettwäsche > Bettbezüge,240x220 cm,Coco Brown,9.00,0.00,0.00,4-7 Werktage,https://cdn.shopify.com/s/files/1/0884/0278/8685/files/bamboo-duvet-cover-coffee-brown-bedroom-lifestyle-1.jpg?v=1786173283;https://cdn.shopify.com/s/files/1/0884/0278/8685/files/bamboo-duvet-cover-coffee-brown-fabric-detail-1.jpg?v=1786173283;https://cdn.shopify.com/s/files/1/0884/0278/8685/files/bamboo-duvet-cover-coffee-brown-bedroom-lifestyle-2.jpg?v=1786173283;https://cdn.shopify.com/s/files/1/0884/0278/8685/files/bamboo-duvet-cover-coffee-brown-fabric-detail-2.jpg?v=1786173283;https://cdn.shopify.com/s/files/1/0884/0278/8685/files/bamboo-duvet-cover-coffee-brown-bedroom-lifestyle-3.jpg?v=1786173283;https://cdn.shopify.com/s/files/1/0884/0278/8685/files/bamboo-duvet-cover-coffee-brown-bedroom-lifestyle-4.jpg?v=1786173283;https://cdn.shopify.com/s/files/1/0884/0278/8685/files/bamboo-duvet-cover-coffee-brown-bedroom-lifestyle-5.jpg?v=1786173283;https://cdn.shopify.com/s/files/1/0884/0278/8685/files/bamboo-duvet-cover-coffee-brown-bedroom-lifestyle-6.jpg?v=1786173283;https://cdn.shopify.com/s/files/1/0884/0278/8685/files/bamboo-duvet-cover-coffee-brown-packaging.jpg?v=1786173283
6154523922968,Boomba Bamboo,"Bettbezug aus Bambus, Coffee Brown, 400TC",https://www.maisondecocon.com/products/bamboo-duvet-cover-coffee-brown-400tc?variant=54471602045261,6154523922968,"Ein seidenweicher Bettbezug aus Bambus mit einer Fadenzahl von 400TC in Coffee Brown – atmungsaktiv, hypoallergen und wahlweise mit Bambusknopfverschluss oder Einsteckstreifen erhältlich.",258.00,Heimtextilien > Bettwäsche > Bettbezüge,140x200 cm,Coco Brown,9.00,0.00,0.00,4-7 Werktage,https://cdn.shopify.com/s/files/1/0884/0278/8685/files/bamboo-duvet-cover-coffee-brown-bedroom-lifestyle-1.jpg?v=1786173283;https://cdn.shopify.com/s/files/1/0884/0278/8685/files/bamboo-duvet-cover-coffee-brown-fabric-detail-1.jpg?v=1786173283;https://cdn.shopify.com/s/files/1/0884/0278/8685/files/bamboo-duvet-cover-coffee-brown-bedroom-lifestyle-2.jpg?v=1786173283;https://cdn.shopify.com/s/files/1/0884/0278/8685/files/bamboo-duvet-cover-coffee-brown-fabric-detail-2.jpg?v=1786173283;https://cdn.shopify.com/s/files/1/0884/0278/8685/files/bamboo-duvet-cover-coffee-brown-bedroom-lifestyle-3.jpg?v=1786173283;https://cdn.shopify.com/s/files/1/0884/0278/8685/files/bamboo-duvet-cover-coffee-brown-bedroom-lifestyle-4.jpg?v=1786173283;https://cdn.shopify.com/s/files/1/0884/0278/8685/files/bamboo-duvet-cover-coffee-brown-bedroom-lifestyle-5.jpg?v=1786173283;https://cdn.shopify.com/s/files/1/0884/0278/8685/files/bamboo-duvet-cover-coffee-brown-bedroom-lifestyle-6.jpg?v=1786173283;https://cdn.shopify.com/s/files/1/0884/0278/8685/files/bamboo-duvet-cover-coffee-brown-packaging.jpg?v=1786173283
6154525616674,Boomba Bamboo,"Bettbezug aus Bambus, Coffee Brown, 400TC",https://www.maisondecocon.com/products/bamboo-duvet-cover-coffee-brown-400tc?variant=54471602012493,6154525616674,"Ein seidenweicher Bettbezug aus Bambus mit einer Fadenzahl von 400TC in Coffee Brown – atmungsaktiv, hypoallergen und wahlweise mit Bambusknopfverschluss oder Einsteckstreifen erhältlich.",282.00,Heimtextilien > Bettwäsche > Bettbezüge,140x200 cm,Coco Brown,9.00,0.00,0.00,4-7 Werktage,https://cdn.shopify.com/s/files/1/0884/0278/8685/files/bamboo-duvet-cover-coffee-brown-bedroom-lifestyle-1.jpg?v=1786173283;https://cdn.shopify.com/s/files/1/0884/0278/8685/files/bamboo-duvet-cover-coffee-brown-fabric-detail-1.jpg?v=1786173283;https://cdn.shopify.com/s/files/1/0884/0278/8685/files/bamboo-duvet-cover-coffee-brown-bedroom-lifestyle-2.jpg?v=1786173283;https://cdn.shopify.com/s/files/1/0884/0278/8685/files/bamboo-duvet-cover-coffee-brown-fabric-detail-2.jpg?v=1786173283;https://cdn.shopify.com/s/files/1/0884/0278/8685/files/bamboo-duvet-cover-coffee-brown-bedroom-lifestyle-3.jpg?v=1786173283;https://cdn.shopify.com/s/files/1/0884/0278/8685/files/bamboo-duvet-cover-coffee-brown-bedroom-lifestyle-4.jpg?v=1786173283;https://cdn.shopify.com/s/files/1/0884/0278/8685/files/bamboo-duvet-cover-coffee-brown-bedroom-lifestyle-5.jpg?v=1786173283;https://cdn.shopify.com/s/files/1/0884/0278/8685/files/bamboo-duvet-cover-coffee-brown-bedroom-lifestyle-6.jpg?v=1786173283;https://cdn.shopify.com/s/files/1/0884/0278/8685/files/bamboo-duvet-cover-coffee-brown-packaging.jpg?v=1786173283
6154528590551,Boomba Bamboo,"Bettbezug aus Bambus, Coffee Brown, 400TC",https://www.maisondecocon.com/products/bamboo-duvet-cover-coffee-brown-400tc?variant=54471601750349,6154528590551,"Ein seidenweicher Bettbezug aus Bambus mit einer Fadenzahl von 400TC in Coffee Brown – atmungsaktiv, hypoallergen und wahlweise mit Bambusknopfverschluss oder Einsteckstreifen erhältlich.",420.00,Heimtextilien > Bettwäsche > Bettbezüge,260x240/220 cm,Coco Brown,9.00,0.00,0.00,4-7 Werktage,https://cdn.shopify.com/s/files/1/0884/0278/8685/files/bamboo-duvet-cover-coffee-brown-bedroom-lifestyle-1.jpg?v=1786173283;https://cdn.shopify.com/s/files/1/0884/0278/8685/files/bamboo-duvet-cover-coffee-brown-fabric-detail-1.jpg?v=1786173283;https://cdn.shopify.com/s/files/1/0884/0278/8685/files/bamboo-duvet-cover-coffee-brown-bedroom-lifestyle-2.jpg?v=1786173283;https://cdn.shopify.com/s/files/1/0884/0278/8685/files/bamboo-duvet-cover-coffee-brown-fabric-detail-2.jpg?v=1786173283;https://cdn.shopify.com/s/files/1/0884/0278/8685/files/bamboo-duvet-cover-coffee-brown-bedroom-lifestyle-3.jpg?v=1786173283;https://cdn.shopify.com/s/files/1/0884/0278/8685/files/bamboo-duvet-cover-coffee-brown-bedroom-lifestyle-4.jpg?v=1786173283;https://cdn.shopify.com/s/files/1/0884/0278/8685/files/bamboo-duvet-cover-coffee-brown-bedroom-lifestyle-5.jpg?v=1786173283;https://cdn.shopify.com/s/files/1/0884/0278/8685/files/bamboo-duvet-cover-coffee-brown-bedroom-lifestyle-6.jpg?v=1786173283;https://cdn.shopify.com/s/files/1/0884/0278/8685/files/bamboo-duvet-cover-coffee-brown-packaging.jpg?v=1786173283
6154526598511,Boomba Bamboo,"Bettbezug aus Bambus, Coffee Brown, 400TC",https://www.maisondecocon.com/products/bamboo-duvet-cover-coffee-brown-400tc?variant=54471602078029,6154526598511,"Ein seidenweicher Bettbezug aus Bambus mit einer Fadenzahl von 400TC in Coffee Brown – atmungsaktiv, hypoallergen und wahlweise mit Bambusknopfverschluss oder Einsteckstreifen erhältlich.",297.00,Heimtextilien > Bettwäsche > Bettbezüge,140x220 cm,Coco Brown,9.00,0.00,0.00,4-7 Werktage,https://cdn.shopify.com/s/files/1/0884/0278/8685/files/bamboo-duvet-cover-coffee-brown-bedroom-lifestyle-1.jpg?v=1786173283;https://cdn.shopify.com/s/files/1/0884/0278/8685/files/bamboo-duvet-cover-coffee-brown-fabric-detail-1.jpg?v=1786173283;https://cdn.shopify.com/s/files/1/0884/0278/8685/files/bamboo-duvet-cover-coffee-brown-bedroom-lifestyle-2.jpg?v=1786173283;https://cdn.shopify.com/s/files/1/0884/0278/8685/files/bamboo-duvet-cover-coffee-brown-fabric-detail-2.jpg?v=1786173283;https://cdn.shopify.com/s/files/1/0884/0278/8685/files/bamboo-duvet-cover-coffee-brown-bedroom-lifestyle-3.jpg?v=1786173283;https://cdn.shopify.com/s/files/1/0884/0278/8685/files/bamboo-duvet-cover-coffee-brown-bedroom-lifestyle-4.jpg?v=1786173283;https://cdn.shopify.com/s/files/1/0884/0278/8685/files/bamboo-duvet-cover-coffee-brown-bedroom-lifestyle-5.jpg?v=1786173283;https://cdn.shopify.com/s/files/1/0884/0278/8685/files/bamboo-duvet-cover-coffee-brown-bedroom-lifestyle-6.jpg?v=1786173283;https://cdn.shopify.com/s/files/1/0884/0278/8685/files/bamboo-duvet-cover-coffee-brown-packaging.jpg?v=1786173283
6154527839897,Boomba Bamboo,"Bettbezug aus Bambus, Coffee Brown, 400TC",https://www.maisondecocon.com/products/bamboo-duvet-cover-coffee-brown-400tc?variant=54471601881421,6154527839897,"Ein seidenweicher Bettbezug aus Bambus mit einer Fadenzahl von 400TC in Coffee Brown – atmungsaktiv, hypoallergen und wahlweise mit Bambusknopfverschluss oder Einsteckstreifen erhältlich.",336.00,Heimtextilien > Bettwäsche > Bettbezüge,200x220/210 cm,Coco Brown,9.00,0.00,0.00,4-7 Werktage,https://cdn.shopify.com/s/files/1/0884/0278/8685/files/bamboo-duvet-cover-coffee-brown-bedroom-lifestyle-1.jpg?v=1786173283;https://cdn.shopify.com/s/files/1/0884/0278/8685/files/bamboo-duvet-cover-coffee-brown-fabric-detail-1.jpg?v=1786173283;https://cdn.shopify.com/s/files/1/0884/0278/8685/files/bamboo-duvet-cover-coffee-brown-bedroom-lifestyle-2.jpg?v=1786173283;https://cdn.shopify.com/s/files/1/0884/0278/8685/files/bamboo-duvet-cover-coffee-brown-fabric-detail-2.jpg?v=1786173283;https://cdn.shopify.com/s/files/1/0884/0278/8685/files/bamboo-duvet-cover-coffee-brown-bedroom-lifestyle-3.jpg?v=1786173283;https://cdn.shopify.com/s/files/1/0884/0278/8685/files/bamboo-duvet-cover-coffee-brown-bedroom-lifestyle-4.jpg?v=1786173283;https://cdn.shopify.com/s/files/1/0884/0278/8685/files/bamboo-duvet-cover-coffee-brown-bedroom-lifestyle-5.jpg?v=1786173283;https://cdn.shopify.com/s/files/1/0884/0278/8685/files/bamboo-duvet-cover-coffee-brown-bedroom-lifestyle-6.jpg?v=1786173283;https://cdn.shopify.com/s/files/1/0884/0278/8685/files/bamboo-duvet-cover-coffee-brown-packaging.jpg?v=1786173283
6154528330300,Boomba Bamboo,"Bettbezug aus Bambus, Coffee Brown, 400TC",https://www.maisondecocon.com/products/bamboo-duvet-cover-coffee-brown-400tc?variant=54471601815885,6154528330300,"Ein seidenweicher Bettbezug aus Bambus mit einer Fadenzahl von 400TC in Coffee Brown – atmungsaktiv, hypoallergen und wahlweise mit Bambusknopfverschluss oder Einsteckstreifen erhältlich.",387.00,Heimtextilien > Bettwäsche > Bettbezüge,240x220 cm,Coco Brown,9.00,0.00,0.00,4-7 Werktage,https://cdn.shopify.com/s/files/1/0884/0278/8685/files/bamboo-duvet-cover-coffee-brown-bedroom-lifestyle-1.jpg?v=1786173283;https://cdn.shopify.com/s/files/1/0884/0278/8685/files/bamboo-duvet-cover-coffee-brown-fabric-detail-1.jpg?v=1786173283;https://cdn.shopify.com/s/files/1/0884/0278/8685/files/bamboo-duvet-cover-coffee-brown-bedroom-lifestyle-2.jpg?v=1786173283;https://cdn.shopify.com/s/files/1/0884/0278/8685/files/bamboo-duvet-cover-coffee-brown-fabric-detail-2.jpg?v=1786173283;https://cdn.shopify.com/s/files/1/0884/0278/8685/files/bamboo-duvet-cover-coffee-brown-bedroom-lifestyle-3.jpg?v=1786173283;https://cdn.shopify.com/s/files/1/0884/0278/8685/files/bamboo-duvet-cover-coffee-brown-bedroom-lifestyle-4.jpg?v=1786173283;https://cdn.shopify.com/s/files/1/0884/0278/8685/files/bamboo-duvet-cover-coffee-brown-bedroom-lifestyle-5.jpg?v=1786173283;https://cdn.shopify.com/s/files/1/0884/0278/8685/files/bamboo-duvet-cover-coffee-brown-bedroom-lifestyle-6.jpg?v=1786173283;https://cdn.shopify.com/s/files/1/0884/0278/8685/files/bamboo-duvet-cover-coffee-brown-packaging.jpg?v=1786173283
6154524942958,Boomba Bamboo,"Bettbezug aus Bambus, Coffee Brown, 400TC",https://www.maisondecocon.com/products/bamboo-duvet-cover-coffee-brown-400tc?variant=54471601783117,6154524942958,"Ein seidenweicher Bettbezug aus Bambus mit einer Fadenzahl von 400TC in Coffee Brown – atmungsaktiv, hypoallergen und wahlweise mit Bambusknopfverschluss oder Einsteckstreifen erhältlich.",402.00,Heimtextilien > Bettwäsche > Bettbezüge,260x240/220 cm,Coco Brown,9.00,0.00,0.00,4-7 Werktage,https://cdn.shopify.com/s/files/1/0884/0278/8685/files/bamboo-duvet-cover-coffee-brown-bedroom-lifestyle-1.jpg?v=1786173283;https://cdn.shopify.com/s/files/1/0884/0278/8685/files/bamboo-duvet-cover-coffee-brown-fabric-detail-1.jpg?v=1786173283;https://cdn.shopify.com/s/files/1/0884/0278/8685/files/bamboo-duvet-cover-coffee-brown-bedroom-lifestyle-2.jpg?v=1786173283;https://cdn.shopify.com/s/files/1/0884/0278/8685/files/bamboo-duvet-cover-coffee-brown-fabric-detail-2.jpg?v=1786173283;https://cdn.shopify.com/s/files/1/0884/0278/8685/files/bamboo-duvet-cover-coffee-brown-bedroom-lifestyle-3.jpg?v=1786173283;https://cdn.shopify.com/s/files/1/0884/0278/8685/files/bamboo-duvet-cover-coffee-brown-bedroom-lifestyle-4.jpg?v=1786173283;https://cdn.shopify.com/s/files/1/0884/0278/8685/files/bamboo-duvet-cover-coffee-brown-bedroom-lifestyle-5.jpg?v=1786173283;https://cdn.shopify.com/s/files/1/0884/0278/8685/files/bamboo-duvet-cover-coffee-brown-bedroom-lifestyle-6.jpg?v=1786173283;https://cdn.shopify.com/s/files/1/0884/0278/8685/files/bamboo-duvet-cover-coffee-brown-packaging.jpg?v=1786173283
6154526759790,Boomba Bamboo,"Bettbezug aus Bambus, Coffee Brown, 400TC",https://www.maisondecocon.com/products/bamboo-duvet-cover-coffee-brown-400tc?variant=54471601946957,6154526759790,"Ein seidenweicher Bettbezug aus Bambus mit einer Fadenzahl von 400TC in Coffee Brown – atmungsaktiv, hypoallergen und wahlweise mit Bambusknopfverschluss oder Einsteckstreifen erhältlich.",318.00,Heimtextilien > Bettwäsche > Bettbezüge,200x200 cm,Coco Brown,9.00,0.00,0.00,4-7 Werktage,https://cdn.shopify.com/s/files/1/0884/0278/8685/files/bamboo-duvet-cover-coffee-brown-bedroom-lifestyle-1.jpg?v=1786173283;https://cdn.shopify.com/s/files/1/0884/0278/8685/files/bamboo-duvet-cover-coffee-brown-fabric-detail-1.jpg?v=1786173283;https://cdn.shopify.com/s/files/1/0884/0278/8685/files/bamboo-duvet-cover-coffee-brown-bedroom-lifestyle-2.jpg?v=1786173283;https://cdn.shopify.com/s/files/1/0884/0278/8685/files/bamboo-duvet-cover-coffee-brown-fabric-detail-2.jpg?v=1786173283;https://cdn.shopify.com/s/files/1/0884/0278/8685/files/bamboo-duvet-cover-coffee-brown-bedroom-lifestyle-3.jpg?v=1786173283;https://cdn.shopify.com/s/files/1/0884/0278/8685/files/bamboo-duvet-cover-coffee-brown-bedroom-lifestyle-4.jpg?v=1786173283;https://cdn.shopify.com/s/files/1/0884/0278/8685/files/bamboo-duvet-cover-coffee-brown-bedroom-lifestyle-5.jpg?v=1786173283;https://cdn.shopify.com/s/files/1/0884/0278/8685/files/bamboo-duvet-cover-coffee-brown-bedroom-lifestyle-6.jpg?v=1786173283;https://cdn.shopify.com/s/files/1/0884/0278/8685/files/bamboo-duvet-cover-coffee-brown-packaging.jpg?v=1786173283
6154524268232,Boomba Bamboo,"Bettbezug aus Bambus, Coffee Brown, 400TC",https://www.maisondecocon.com/products/bamboo-duvet-cover-coffee-brown-400tc?variant=54471601914189,6154524268232,"Ein seidenweicher Bettbezug aus Bambus mit einer Fadenzahl von 400TC in Coffee Brown – atmungsaktiv, hypoallergen und wahlweise mit Bambusknopfverschluss oder Einsteckstreifen erhältlich.",318.00,Heimtextilien > Bettwäsche > Bettbezüge,200x220/210 cm,Coco Brown,9.00,0.00,0.00,4-7 Werktage,https://cdn.shopify.com/s/files/1/0884/0278/8685/files/bamboo-duvet-cover-coffee-brown-bedroom-lifestyle-1.jpg?v=1786173283;https://cdn.shopify.com/s/files/1/0884/0278/8685/files/bamboo-duvet-cover-coffee-brown-fabric-detail-1.jpg?v=1786173283;https://cdn.shopify.com/s/files/1/0884/0278/8685/files/bamboo-duvet-cover-coffee-brown-bedroom-lifestyle-2.jpg?v=1786173283;https://cdn.shopify.com/s/files/1/0884/0278/8685/files/bamboo-duvet-cover-coffee-brown-fabric-detail-2.jpg?v=1786173283;https://cdn.shopify.com/s/files/1/0884/0278/8685/files/bamboo-duvet-cover-coffee-brown-bedroom-lifestyle-3.jpg?v=1786173283;https://cdn.shopify.com/s/files/1/0884/0278/8685/files/bamboo-duvet-cover-coffee-brown-bedroom-lifestyle-4.jpg?v=1786173283;https://cdn.shopify.com/s/files/1/0884/0278/8685/files/bamboo-duvet-cover-coffee-brown-bedroom-lifestyle-5.jpg?v=1786173283;https://cdn.shopify.com/s/files/1/0884/0278/8685/files/bamboo-duvet-cover-coffee-brown-bedroom-lifestyle-6.jpg?v=1786173283;https://cdn.shopify.com/s/files/1/0884/0278/8685/files/bamboo-duvet-cover-coffee-brown-packaging.jpg?v=1786173283
6154523652667,Boomba Bamboo,"Kissenbezüge aus Bambus, Coffee Brown, 400TC – 2er-Set",https://www.maisondecocon.com/products/bamboo-pillowcases-coffee-brown-400tc?variant=54471602635085,6154523652667,"Verleihen Sie Ihrem Schlafzimmer mit diesen Kissenbezügen aus Bambus mit einer Fadenzahl von 400TC in Coffee Brown eine warme, gemütliche Note – seidig weich und hypoallergen.",93.00,Heimtextilien > Bettwäsche > Kissenbezüge,50x75 cm,Coco Brown,9.00,0.00,0.00,4-7 Werktage,https://cdn.shopify.com/s/files/1/0884/0278/8685/files/bamboo-pillowcases-coffee-brown-bedroom-lifestyle.jpg?v=1786130014;https://cdn.shopify.com/s/files/1/0884/0278/8685/files/bamboo-pillowcases-coffee-brown-fabric-drape.jpg?v=1786130036;https://cdn.shopify.com/s/files/1/0884/0278/8685/files/bamboo-pillowcases-coffee-brown-bed-styled.jpg?v=1786130045;https://cdn.shopify.com/s/files/1/0884/0278/8685/files/bamboo-pillowcases-coffee-brown-bed-wide.jpg?v=1786130077;https://cdn.shopify.com/s/files/1/0884/0278/8685/files/bamboo-pillowcases-coffee-brown-pair-flat-lay.jpg?v=1786130143;https://cdn.shopify.com/s/files/1/0884/0278/8685/files/bamboo-pillowcases-coffee-brown-packaging.jpg?v=1786130153
6154523886840,Boomba Bamboo,"Kissenbezüge aus Bambus, Coffee Brown, 400TC – 2er-Set",https://www.maisondecocon.com/products/bamboo-pillowcases-coffee-brown-400tc?variant=54471602667853,6154523886840,"Verleihen Sie Ihrem Schlafzimmer mit diesen Kissenbezügen aus Bambus mit einer Fadenzahl von 400TC in Coffee Brown eine warme, gemütliche Note – seidig weich und hypoallergen.",99.00,Heimtextilien > Bettwäsche > Kissenbezüge,60x70 cm,Coco Brown,9.00,0.00,0.00,4-7 Werktage,https://cdn.shopify.com/s/files/1/0884/0278/8685/files/bamboo-pillowcases-coffee-brown-bedroom-lifestyle.jpg?v=1786130014;https://cdn.shopify.com/s/files/1/0884/0278/8685/files/bamboo-pillowcases-coffee-brown-fabric-drape.jpg?v=1786130036;https://cdn.shopify.com/s/files/1/0884/0278/8685/files/bamboo-pillowcases-coffee-brown-bed-styled.jpg?v=1786130045;https://cdn.shopify.com/s/files/1/0884/0278/8685/files/bamboo-pillowcases-coffee-brown-bed-wide.jpg?v=1786130077;https://cdn.shopify.com/s/files/1/0884/0278/8685/files/bamboo-pillowcases-coffee-brown-pair-flat-lay.jpg?v=1786130143;https://cdn.shopify.com/s/files/1/0884/0278/8685/files/bamboo-pillowcases-coffee-brown-packaging.jpg?v=1786130153
6154523589574,Boomba Bamboo,"Kissenbezüge aus Bambus, Coffee Brown, 400TC – 2er-Set",https://www.maisondecocon.com/products/bamboo-pillowcases-coffee-brown-400tc?variant=54471602602317,6154523589574,"Verleihen Sie Ihrem Schlafzimmer mit diesen Kissenbezügen aus Bambus mit einer Fadenzahl von 400TC in Coffee Brown eine warme, gemütliche Note – seidig weich und hypoallergen.",90.00,Heimtextilien > Bettwäsche > Kissenbezüge,40x80 cm,Coco Brown,9.00,0.00,0.00,4-7 Werktage,https://cdn.shopify.com/s/files/1/0884/0278/8685/files/bamboo-pillowcases-coffee-brown-bedroom-lifestyle.jpg?v=1786130014;https://cdn.shopify.com/s/files/1/0884/0278/8685/files/bamboo-pillowcases-coffee-brown-fabric-drape.jpg?v=1786130036;https://cdn.shopify.com/s/files/1/0884/0278/8685/files/bamboo-pillowcases-coffee-brown-bed-styled.jpg?v=1786130045;https://cdn.shopify.com/s/files/1/0884/0278/8685/files/bamboo-pillowcases-coffee-brown-bed-wide.jpg?v=1786130077;https://cdn.shopify.com/s/files/1/0884/0278/8685/files/bamboo-pillowcases-coffee-brown-pair-flat-lay.jpg?v=1786130143;https://cdn.shopify.com/s/files/1/0884/0278/8685/files/bamboo-pillowcases-coffee-brown-packaging.jpg?v=1786130153
8720648154904,Boomba Bamboo,"Bambus-Spannbetttuch für Matratzenauflage, Space Blue, 400TC",https://www.maisondecocon.com/products/bamboo-fitted-sheet-for-mattress-topper-space-blue-400tc?variant=54471604633933,8720648154904,"Ein hochwertiges Spannbetttuch aus 100 % Bambus für Matratzenauflagen mit einer Dicke von bis zu 10 cm in der Farbe „Space Blue“ – aus seidenweichem Tanboocel™-Gewebe mit einer Fadenzahl von 400TC, das atmungsaktiv ist und die Temperatur reguliert, sodass Sie das ganze Jahr über einen kühlen Schlaf genießen können.",156.00,Heimtextilien > Bettwäsche > Spannbettlaken,180x200 cm,Space Blue,9.00,0.00,0.00,4-7 Werktage,https://cdn.shopify.com/s/files/1/0884/0278/8685/files/bamboo-fitted-sheet-mattress-topper-space-blue-corner-fit.jpg?v=1786182719;https://cdn.shopify.com/s/files/1/0884/0278/8685/files/bamboo-fitted-sheet-mattress-topper-space-blue-corner-loose.jpg?v=1786182117;https://cdn.shopify.com/s/files/1/0884/0278/8685/files/bamboo-fitted-sheet-mattress-topper-space-blue-fabric-drape-1.jpg?v=1786182117;https://cdn.shopify.com/s/files/1/0884/0278/8685/files/bamboo-fitted-sheet-mattress-topper-space-blue-fabric-drape-2.jpg?v=1786182117;https://cdn.shopify.com/s/files/1/0884/0278/8685/files/bamboo-fitted-sheet-mattress-topper-space-blue-fabric-drape-3.jpg?v=1786182117;https://cdn.shopify.com/s/files/1/0884/0278/8685/files/bamboo-fitted-sheet-mattress-topper-space-blue-packaging.jpg?v=1786182117
8720648154942,Boomba Bamboo,"Bambus-Spannbetttuch für Matratzenauflage, Space Blue, 400TC",https://www.maisondecocon.com/products/bamboo-fitted-sheet-for-mattress-topper-space-blue-400tc?variant=54471604797773,8720648154942,"Ein hochwertiges Spannbetttuch aus 100 % Bambus für Matratzenauflagen mit einer Dicke von bis zu 10 cm in der Farbe „Space Blue“ – aus seidenweichem Tanboocel™-Gewebe mit einer Fadenzahl von 400TC, das atmungsaktiv ist und die Temperatur reguliert, sodass Sie das ganze Jahr über einen kühlen Schlaf genießen können.",174.00,Heimtextilien > Bettwäsche > Spannbettlaken,200x210 cm,Space Blue,9.00,0.00,0.00,4-7 Werktage,https://cdn.shopify.com/s/files/1/0884/0278/8685/files/bamboo-fitted-sheet-mattress-topper-space-blue-corner-fit.jpg?v=1786182719;https://cdn.shopify.com/s/files/1/0884/0278/8685/files/bamboo-fitted-sheet-mattress-topper-space-blue-corner-loose.jpg?v=1786182117;https://cdn.shopify.com/s/files/1/0884/0278/8685/files/bamboo-fitted-sheet-mattress-topper-space-blue-fabric-drape-1.jpg?v=1786182117;https://cdn.shopify.com/s/files/1/0884/0278/8685/files/bamboo-fitted-sheet-mattress-topper-space-blue-fabric-drape-2.jpg?v=1786182117;https://cdn.shopify.com/s/files/1/0884/0278/8685/files/bamboo-fitted-sheet-mattress-topper-space-blue-fabric-drape-3.jpg?v=1786182117;https://cdn.shopify.com/s/files/1/0884/0278/8685/files/bamboo-fitted-sheet-mattress-topper-space-blue-packaging.jpg?v=1786182117
8720648154928,Boomba Bamboo,"Bambus-Spannbetttuch für Matratzenauflage, Space Blue, 400TC",https://www.maisondecocon.com/products/bamboo-fitted-sheet-for-mattress-topper-space-blue-400tc?variant=54471604666701,8720648154928,"Ein hochwertiges Spannbetttuch aus 100 % Bambus für Matratzenauflagen mit einer Dicke von bis zu 10 cm in der Farbe „Space Blue“ – aus seidenweichem Tanboocel™-Gewebe mit einer Fadenzahl von 400TC, das atmungsaktiv ist und die Temperatur reguliert, sodass Sie das ganze Jahr über einen kühlen Schlaf genießen können.",162.00,Heimtextilien > Bettwäsche > Spannbettlaken,180x220/210 cm,Space Blue,9.00,0.00,0.00,4-7 Werktage,https://cdn.shopify.com/s/files/1/0884/0278/8685/files/bamboo-fitted-sheet-mattress-topper-space-blue-corner-fit.jpg?v=1786182719;https://cdn.shopify.com/s/files/1/0884/0278/8685/files/bamboo-fitted-sheet-mattress-topper-space-blue-corner-loose.jpg?v=1786182117;https://cdn.shopify.com/s/files/1/0884/0278/8685/files/bamboo-fitted-sheet-mattress-topper-space-blue-fabric-drape-1.jpg?v=1786182117;https://cdn.shopify.com/s/files/1/0884/0278/8685/files/bamboo-fitted-sheet-mattress-topper-space-blue-fabric-drape-2.jpg?v=1786182117;https://cdn.shopify.com/s/files/1/0884/0278/8685/files/bamboo-fitted-sheet-mattress-topper-space-blue-fabric-drape-3.jpg?v=1786182117;https://cdn.shopify.com/s/files/1/0884/0278/8685/files/bamboo-fitted-sheet-mattress-topper-space-blue-packaging.jpg?v=1786182117
8720648154881,Boomba Bamboo,"Bambus-Spannbetttuch für Matratzenauflage, Space Blue, 400TC",https://www.maisondecocon.com/products/bamboo-fitted-sheet-for-mattress-topper-space-blue-400tc?variant=54471604765005,8720648154881,"Ein hochwertiges Spannbetttuch aus 100 % Bambus für Matratzenauflagen mit einer Dicke von bis zu 10 cm in der Farbe „Space Blue“ – aus seidenweichem Tanboocel™-Gewebe mit einer Fadenzahl von 400TC, das atmungsaktiv ist und die Temperatur reguliert, sodass Sie das ganze Jahr über einen kühlen Schlaf genießen können.",144.00,Heimtextilien > Bettwäsche > Spannbettlaken,140x200 cm,Space Blue,9.00,0.00,0.00,4-7 Werktage,https://cdn.shopify.com/s/files/1/0884/0278/8685/files/bamboo-fitted-sheet-mattress-topper-space-blue-corner-fit.jpg?v=1786182719;https://cdn.shopify.com/s/files/1/0884/0278/8685/files/bamboo-fitted-sheet-mattress-topper-space-blue-corner-loose.jpg?v=1786182117;https://cdn.shopify.com/s/files/1/0884/0278/8685/files/bamboo-fitted-sheet-mattress-topper-space-blue-fabric-drape-1.jpg?v=1786182117;https://cdn.shopify.com/s/files/1/0884/0278/8685/files/bamboo-fitted-sheet-mattress-topper-space-blue-fabric-drape-2.jpg?v=1786182117;https://cdn.shopify.com/s/files/1/0884/0278/8685/files/bamboo-fitted-sheet-mattress-topper-space-blue-fabric-drape-3.jpg?v=1786182117;https://cdn.shopify.com/s/files/1/0884/0278/8685/files/bamboo-fitted-sheet-mattress-topper-space-blue-packaging.jpg?v=1786182117
8720648154898,Boomba Bamboo,"Bambus-Spannbetttuch für Matratzenauflage, Space Blue, 400TC",https://www.maisondecocon.com/products/bamboo-fitted-sheet-for-mattress-topper-space-blue-400tc?variant=54471604601165,8720648154898,"Ein hochwertiges Spannbetttuch aus 100 % Bambus für Matratzenauflagen mit einer Dicke von bis zu 10 cm in der Farbe „Space Blue“ – aus seidenweichem Tanboocel™-Gewebe mit einer Fadenzahl von 400TC, das atmungsaktiv ist und die Temperatur reguliert, sodass Sie das ganze Jahr über einen kühlen Schlaf genießen können.",147.00,Heimtextilien > Bettwäsche > Spannbettlaken,160x200 cm,Space Blue,9.00,0.00,0.00,4-7 Werktage,https://cdn.shopify.com/s/files/1/0884/0278/8685/files/bamboo-fitted-sheet-mattress-topper-space-blue-corner-fit.jpg?v=1786182719;https://cdn.shopify.com/s/files/1/0884/0278/8685/files/bamboo-fitted-sheet-mattress-topper-space-blue-corner-loose.jpg?v=1786182117;https://cdn.shopify.com/s/files/1/0884/0278/8685/files/bamboo-fitted-sheet-mattress-topper-space-blue-fabric-drape-1.jpg?v=1786182117;https://cdn.shopify.com/s/files/1/0884/0278/8685/files/bamboo-fitted-sheet-mattress-topper-space-blue-fabric-drape-2.jpg?v=1786182117;https://cdn.shopify.com/s/files/1/0884/0278/8685/files/bamboo-fitted-sheet-mattress-topper-space-blue-fabric-drape-3.jpg?v=1786182117;https://cdn.shopify.com/s/files/1/0884/0278/8685/files/bamboo-fitted-sheet-mattress-topper-space-blue-packaging.jpg?v=1786182117
8720648154935,Boomba Bamboo,"Bambus-Spannbetttuch für Matratzenauflage, Space Blue, 400TC",https://www.maisondecocon.com/products/bamboo-fitted-sheet-for-mattress-topper-space-blue-400tc?variant=54471604699469,8720648154935,"Ein hochwertiges Spannbetttuch aus 100 % Bambus für Matratzenauflagen mit einer Dicke von bis zu 10 cm in der Farbe „Space Blue“ – aus seidenweichem Tanboocel™-Gewebe mit einer Fadenzahl von 400TC, das atmungsaktiv ist und die Temperatur reguliert, sodass Sie das ganze Jahr über einen kühlen Schlaf genießen können.",168.00,Heimtextilien > Bettwäsche > Spannbettlaken,200x200 cm,Space Blue,9.00,0.00,0.00,4-7 Werktage,https://cdn.shopify.com/s/files/1/0884/0278/8685/files/bamboo-fitted-sheet-mattress-topper-space-blue-corner-fit.jpg?v=1786182719;https://cdn.shopify.com/s/files/1/0884/0278/8685/files/bamboo-fitted-sheet-mattress-topper-space-blue-corner-loose.jpg?v=1786182117;https://cdn.shopify.com/s/files/1/0884/0278/8685/files/bamboo-fitted-sheet-mattress-topper-space-blue-fabric-drape-1.jpg?v=1786182117;https://cdn.shopify.com/s/files/1/0884/0278/8685/files/bamboo-fitted-sheet-mattress-topper-space-blue-fabric-drape-2.jpg?v=1786182117;https://cdn.shopify.com/s/files/1/0884/0278/8685/files/bamboo-fitted-sheet-mattress-topper-space-blue-fabric-drape-3.jpg?v=1786182117;https://cdn.shopify.com/s/files/1/0884/0278/8685/files/bamboo-fitted-sheet-mattress-topper-space-blue-packaging.jpg?v=1786182117
8720648154959,Boomba Bamboo,"Bambus-Spannbetttuch für Matratzenauflage, Space Blue, 400TC",https://www.maisondecocon.com/products/bamboo-fitted-sheet-for-mattress-topper-space-blue-400tc?variant=54471604732237,8720648154959,"Ein hochwertiges Spannbetttuch aus 100 % Bambus für Matratzenauflagen mit einer Dicke von bis zu 10 cm in der Farbe „Space Blue“ – aus seidenweichem Tanboocel™-Gewebe mit einer Fadenzahl von 400TC, das atmungsaktiv ist und die Temperatur reguliert, sodass Sie das ganze Jahr über einen kühlen Schlaf genießen können.",180.00,Heimtextilien > Bettwäsche > Spannbettlaken,200x220/210 cm,Space Blue,9.00,0.00,0.00,4-7 Werktage,https://cdn.shopify.com/s/files/1/0884/0278/8685/files/bamboo-fitted-sheet-mattress-topper-space-blue-corner-fit.jpg?v=1786182719;https://cdn.shopify.com/s/files/1/0884/0278/8685/files/bamboo-fitted-sheet-mattress-topper-space-blue-corner-loose.jpg?v=1786182117;https://cdn.shopify.com/s/files/1/0884/0278/8685/files/bamboo-fitted-sheet-mattress-topper-space-blue-fabric-drape-1.jpg?v=1786182117;https://cdn.shopify.com/s/files/1/0884/0278/8685/files/bamboo-fitted-sheet-mattress-topper-space-blue-fabric-drape-2.jpg?v=1786182117;https://cdn.shopify.com/s/files/1/0884/0278/8685/files/bamboo-fitted-sheet-mattress-topper-space-blue-fabric-drape-3.jpg?v=1786182117;https://cdn.shopify.com/s/files/1/0884/0278/8685/files/bamboo-fitted-sheet-mattress-topper-space-blue-packaging.jpg?v=1786182117
8720648154911,Boomba Bamboo,"Bambus-Spannbetttuch für Matratzenauflage, Space Blue, 400TC",https://www.maisondecocon.com/products/bamboo-fitted-sheet-for-mattress-topper-space-blue-400tc?variant=54471604830541,8720648154911,"Ein hochwertiges Spannbetttuch aus 100 % Bambus für Matratzenauflagen mit einer Dicke von bis zu 10 cm in der Farbe „Space Blue“ – aus seidenweichem Tanboocel™-Gewebe mit einer Fadenzahl von 400TC, das atmungsaktiv ist und die Temperatur reguliert, sodass Sie das ganze Jahr über einen kühlen Schlaf genießen können.",159.00,Heimtextilien > Bettwäsche > Spannbettlaken,180x210 cm,Space Blue,9.00,0.00,0.00,4-7 Werktage,https://cdn.shopify.com/s/files/1/0884/0278/8685/files/bamboo-fitted-sheet-mattress-topper-space-blue-corner-fit.jpg?v=1786182719;https://cdn.shopify.com/s/files/1/0884/0278/8685/files/bamboo-fitted-sheet-mattress-topper-space-blue-corner-loose.jpg?v=1786182117;https://cdn.shopify.com/s/files/1/0884/0278/8685/files/bamboo-fitted-sheet-mattress-topper-space-blue-fabric-drape-1.jpg?v=1786182117;https://cdn.shopify.com/s/files/1/0884/0278/8685/files/bamboo-fitted-sheet-mattress-topper-space-blue-fabric-drape-2.jpg?v=1786182117;https://cdn.shopify.com/s/files/1/0884/0278/8685/files/bamboo-fitted-sheet-mattress-topper-space-blue-fabric-drape-3.jpg?v=1786182117;https://cdn.shopify.com/s/files/1/0884/0278/8685/files/bamboo-fitted-sheet-mattress-topper-space-blue-packaging.jpg?v=1786182117
8720618860194,Boomba Bamboo,"Bambus-Spannbetttuch für Matratzenauflage, „Cuddle Pink“, 400TC",https://www.maisondecocon.com/products/bamboo-fitted-sheet-for-mattress-topper-cuddle-pink-400tc?variant=54471605092685,8720618860194,"Ein hochwertiges Spannbetttuch aus 100 % Bambus für Matratzenauflagen mit einer Dicke von bis zu 10 cm in der Farbe „Cuddle Pink“ – aus seidenweichem Tanboocel™-Gewebe mit einer Fadenzahl von 400TC, das atmungsaktiv ist und die Temperatur reguliert, sodass Sie das ganze Jahr über einen kühlen Schlaf genießen können.",159.00,Heimtextilien > Bettwäsche > Spannbettlaken,180x210 cm,Cuddle Pink,9.00,0.00,0.00,4-7 Werktage,https://cdn.shopify.com/s/files/1/0884/0278/8685/files/bamboo-fitted-sheet-mattress-topper-cuddle-pink-corner-detail.jpg?v=1786133940;https://cdn.shopify.com/s/files/1/0884/0278/8685/files/bamboo-fitted-sheet-mattress-topper-cuddle-pink-fabric-drape-1.jpg?v=1786182117;https://cdn.shopify.com/s/files/1/0884/0278/8685/files/bamboo-fitted-sheet-mattress-topper-cuddle-pink-fabric-drape-2.jpg?v=1786182117;https://cdn.shopify.com/s/files/1/0884/0278/8685/files/bamboo-fitted-sheet-mattress-topper-cuddle-pink-corner-loose.jpg?v=1786182117;https://cdn.shopify.com/s/files/1/0884/0278/8685/files/bamboo-fitted-sheet-mattress-topper-cuddle-pink-packaging.jpg?v=1786182117
8720618860200,Boomba Bamboo,"Bambus-Spannbetttuch für Matratzenauflage, „Cuddle Pink“, 400TC",https://www.maisondecocon.com/products/bamboo-fitted-sheet-for-mattress-topper-cuddle-pink-400tc?variant=54471604928845,8720618860200,"Ein hochwertiges Spannbetttuch aus 100 % Bambus für Matratzenauflagen mit einer Dicke von bis zu 10 cm in der Farbe „Cuddle Pink“ – aus seidenweichem Tanboocel™-Gewebe mit einer Fadenzahl von 400TC, das atmungsaktiv ist und die Temperatur reguliert, sodass Sie das ganze Jahr über einen kühlen Schlaf genießen können.",162.00,Heimtextilien > Bettwäsche > Spannbettlaken,180x220/210 cm,Cuddle Pink,9.00,0.00,0.00,4-7 Werktage,https://cdn.shopify.com/s/files/1/0884/0278/8685/files/bamboo-fitted-sheet-mattress-topper-cuddle-pink-corner-detail.jpg?v=1786133940;https://cdn.shopify.com/s/files/1/0884/0278/8685/files/bamboo-fitted-sheet-mattress-topper-cuddle-pink-fabric-drape-1.jpg?v=1786182117;https://cdn.shopify.com/s/files/1/0884/0278/8685/files/bamboo-fitted-sheet-mattress-topper-cuddle-pink-fabric-drape-2.jpg?v=1786182117;https://cdn.shopify.com/s/files/1/0884/0278/8685/files/bamboo-fitted-sheet-mattress-topper-cuddle-pink-corner-loose.jpg?v=1786182117;https://cdn.shopify.com/s/files/1/0884/0278/8685/files/bamboo-fitted-sheet-mattress-topper-cuddle-pink-packaging.jpg?v=1786182117
8720618860231,Boomba Bamboo,"Bambus-Spannbetttuch für Matratzenauflage, „Cuddle Pink“, 400TC",https://www.maisondecocon.com/products/bamboo-fitted-sheet-for-mattress-topper-cuddle-pink-400tc?variant=54471604994381,8720618860231,"Ein hochwertiges Spannbetttuch aus 100 % Bambus für Matratzenauflagen mit einer Dicke von bis zu 10 cm in der Farbe „Cuddle Pink“ – aus seidenweichem Tanboocel™-Gewebe mit einer Fadenzahl von 400TC, das atmungsaktiv ist und die Temperatur reguliert, sodass Sie das ganze Jahr über einen kühlen Schlaf genießen können.",180.00,Heimtextilien > Bettwäsche > Spannbettlaken,200x220/210 cm,Cuddle Pink,9.00,0.00,0.00,4-7 Werktage,https://cdn.shopify.com/s/files/1/0884/0278/8685/files/bamboo-fitted-sheet-mattress-topper-cuddle-pink-corner-detail.jpg?v=1786133940;https://cdn.shopify.com/s/files/1/0884/0278/8685/files/bamboo-fitted-sheet-mattress-topper-cuddle-pink-fabric-drape-1.jpg?v=1786182117;https://cdn.shopify.com/s/files/1/0884/0278/8685/files/bamboo-fitted-sheet-mattress-topper-cuddle-pink-fabric-drape-2.jpg?v=1786182117;https://cdn.shopify.com/s/files/1/0884/0278/8685/files/bamboo-fitted-sheet-mattress-topper-cuddle-pink-corner-loose.jpg?v=1786182117;https://cdn.shopify.com/s/files/1/0884/0278/8685/files/bamboo-fitted-sheet-mattress-topper-cuddle-pink-packaging.jpg?v=1786182117
8720618860217,Boomba Bamboo,"Bambus-Spannbetttuch für Matratzenauflage, „Cuddle Pink“, 400TC",https://www.maisondecocon.com/products/bamboo-fitted-sheet-for-mattress-topper-cuddle-pink-400tc?variant=54471604961613,8720618860217,"Ein hochwertiges Spannbetttuch aus 100 % Bambus für Matratzenauflagen mit einer Dicke von bis zu 10 cm in der Farbe „Cuddle Pink“ – aus seidenweichem Tanboocel™-Gewebe mit einer Fadenzahl von 400TC, das atmungsaktiv ist und die Temperatur reguliert, sodass Sie das ganze Jahr über einen kühlen Schlaf genießen können.",168.00,Heimtextilien > Bettwäsche > Spannbettlaken,200x200 cm,Cuddle Pink,9.00,0.00,0.00,4-7 Werktage,https://cdn.shopify.com/s/files/1/0884/0278/8685/files/bamboo-fitted-sheet-mattress-topper-cuddle-pink-corner-detail.jpg?v=1786133940;https://cdn.shopify.com/s/files/1/0884/0278/8685/files/bamboo-fitted-sheet-mattress-topper-cuddle-pink-fabric-drape-1.jpg?v=1786182117;https://cdn.shopify.com/s/files/1/0884/0278/8685/files/bamboo-fitted-sheet-mattress-topper-cuddle-pink-fabric-drape-2.jpg?v=1786182117;https://cdn.shopify.com/s/files/1/0884/0278/8685/files/bamboo-fitted-sheet-mattress-topper-cuddle-pink-corner-loose.jpg?v=1786182117;https://cdn.shopify.com/s/files/1/0884/0278/8685/files/bamboo-fitted-sheet-mattress-topper-cuddle-pink-packaging.jpg?v=1786182117
8720618860170,Boomba Bamboo,"Bambus-Spannbetttuch für Matratzenauflage, „Cuddle Pink“, 400TC",https://www.maisondecocon.com/products/bamboo-fitted-sheet-for-mattress-topper-cuddle-pink-400tc?variant=54471604863309,8720618860170,"Ein hochwertiges Spannbetttuch aus 100 % Bambus für Matratzenauflagen mit einer Dicke von bis zu 10 cm in der Farbe „Cuddle Pink“ – aus seidenweichem Tanboocel™-Gewebe mit einer Fadenzahl von 400TC, das atmungsaktiv ist und die Temperatur reguliert, sodass Sie das ganze Jahr über einen kühlen Schlaf genießen können.",147.00,Heimtextilien > Bettwäsche > Spannbettlaken,160x200 cm,Cuddle Pink,9.00,0.00,0.00,4-7 Werktage,https://cdn.shopify.com/s/files/1/0884/0278/8685/files/bamboo-fitted-sheet-mattress-topper-cuddle-pink-corner-detail.jpg?v=1786133940;https://cdn.shopify.com/s/files/1/0884/0278/8685/files/bamboo-fitted-sheet-mattress-topper-cuddle-pink-fabric-drape-1.jpg?v=1786182117;https://cdn.shopify.com/s/files/1/0884/0278/8685/files/bamboo-fitted-sheet-mattress-topper-cuddle-pink-fabric-drape-2.jpg?v=1786182117;https://cdn.shopify.com/s/files/1/0884/0278/8685/files/bamboo-fitted-sheet-mattress-topper-cuddle-pink-corner-loose.jpg?v=1786182117;https://cdn.shopify.com/s/files/1/0884/0278/8685/files/bamboo-fitted-sheet-mattress-topper-cuddle-pink-packaging.jpg?v=1786182117
8720618860187,Boomba Bamboo,"Bambus-Spannbetttuch für Matratzenauflage, „Cuddle Pink“, 400TC",https://www.maisondecocon.com/products/bamboo-fitted-sheet-for-mattress-topper-cuddle-pink-400tc?variant=54471604896077,8720618860187,"Ein hochwertiges Spannbetttuch aus 100 % Bambus für Matratzenauflagen mit einer Dicke von bis zu 10 cm in der Farbe „Cuddle Pink“ – aus seidenweichem Tanboocel™-Gewebe mit einer Fadenzahl von 400TC, das atmungsaktiv ist und die Temperatur reguliert, sodass Sie das ganze Jahr über einen kühlen Schlaf genießen können.",156.00,Heimtextilien > Bettwäsche > Spannbettlaken,180x200 cm,Cuddle Pink,9.00,0.00,0.00,4-7 Werktage,https://cdn.shopify.com/s/files/1/0884/0278/8685/files/bamboo-fitted-sheet-mattress-topper-cuddle-pink-corner-detail.jpg?v=1786133940;https://cdn.shopify.com/s/files/1/0884/0278/8685/files/bamboo-fitted-sheet-mattress-topper-cuddle-pink-fabric-drape-1.jpg?v=1786182117;https://cdn.shopify.com/s/files/1/0884/0278/8685/files/bamboo-fitted-sheet-mattress-topper-cuddle-pink-fabric-drape-2.jpg?v=1786182117;https://cdn.shopify.com/s/files/1/0884/0278/8685/files/bamboo-fitted-sheet-mattress-topper-cuddle-pink-corner-loose.jpg?v=1786182117;https://cdn.shopify.com/s/files/1/0884/0278/8685/files/bamboo-fitted-sheet-mattress-topper-cuddle-pink-packaging.jpg?v=1786182117
8720618860163,Boomba Bamboo,"Bambus-Spannbetttuch für Matratzenauflage, „Cuddle Pink“, 400TC",https://www.maisondecocon.com/products/bamboo-fitted-sheet-for-mattress-topper-cuddle-pink-400tc?variant=54471605027149,8720618860163,"Ein hochwertiges Spannbetttuch aus 100 % Bambus für Matratzenauflagen mit einer Dicke von bis zu 10 cm in der Farbe „Cuddle Pink“ – aus seidenweichem Tanboocel™-Gewebe mit einer Fadenzahl von 400TC, das atmungsaktiv ist und die Temperatur reguliert, sodass Sie das ganze Jahr über einen kühlen Schlaf genießen können.",144.00,Heimtextilien > Bettwäsche > Spannbettlaken,140x200 cm,Cuddle Pink,9.00,0.00,0.00,4-7 Werktage,https://cdn.shopify.com/s/files/1/0884/0278/8685/files/bamboo-fitted-sheet-mattress-topper-cuddle-pink-corner-detail.jpg?v=1786133940;https://cdn.shopify.com/s/files/1/0884/0278/8685/files/bamboo-fitted-sheet-mattress-topper-cuddle-pink-fabric-drape-1.jpg?v=1786182117;https://cdn.shopify.com/s/files/1/0884/0278/8685/files/bamboo-fitted-sheet-mattress-topper-cuddle-pink-fabric-drape-2.jpg?v=1786182117;https://cdn.shopify.com/s/files/1/0884/0278/8685/files/bamboo-fitted-sheet-mattress-topper-cuddle-pink-corner-loose.jpg?v=1786182117;https://cdn.shopify.com/s/files/1/0884/0278/8685/files/bamboo-fitted-sheet-mattress-topper-cuddle-pink-packaging.jpg?v=1786182117
8720618860224,Boomba Bamboo,"Bambus-Spannbetttuch für Matratzenauflage, „Cuddle Pink“, 400TC",https://www.maisondecocon.com/products/bamboo-fitted-sheet-for-mattress-topper-cuddle-pink-400tc?variant=54471605059917,8720618860224,"Ein hochwertiges Spannbetttuch aus 100 % Bambus für Matratzenauflagen mit einer Dicke von bis zu 10 cm in der Farbe „Cuddle Pink“ – aus seidenweichem Tanboocel™-Gewebe mit einer Fadenzahl von 400TC, das atmungsaktiv ist und die Temperatur reguliert, sodass Sie das ganze Jahr über einen kühlen Schlaf genießen können.",174.00,Heimtextilien > Bettwäsche > Spannbettlaken,200x210 cm,Cuddle Pink,9.00,0.00,0.00,4-7 Werktage,https://cdn.shopify.com/s/files/1/0884/0278/8685/files/bamboo-fitted-sheet-mattress-topper-cuddle-pink-corner-detail.jpg?v=1786133940;https://cdn.shopify.com/s/files/1/0884/0278/8685/files/bamboo-fitted-sheet-mattress-topper-cuddle-pink-fabric-drape-1.jpg?v=1786182117;https://cdn.shopify.com/s/files/1/0884/0278/8685/files/bamboo-fitted-sheet-mattress-topper-cuddle-pink-fabric-drape-2.jpg?v=1786182117;https://cdn.shopify.com/s/files/1/0884/0278/8685/files/bamboo-fitted-sheet-mattress-topper-cuddle-pink-corner-loose.jpg?v=1786182117;https://cdn.shopify.com/s/files/1/0884/0278/8685/files/bamboo-fitted-sheet-mattress-topper-cuddle-pink-packaging.jpg?v=1786182117
6666668014050,Boomba Bamboo,"Bambus-Bettwäscheset für 1 Person, himmelblau, 400TC",https://www.maisondecocon.com/products/1-person-bamboo-bedding-set-sky-blue-400tc?variant=54471605125453,,"Ein frisches, leichtes Bettwäscheset aus Bambus mit einer Fadenzahl von 400TC für eine Person in der Farbe Himmelblau – atmungsaktiv, hypoallergen für einen Schlaf wie im Hotel.",483.00,Heimtextilien > Bettwäsche > Bettwäsche-Sets,M — 80×200 + 140×220 + 50×75,Sky Blue,9.00,0.00,0.00,4-7 Werktage,https://cdn.shopify.com/s/files/1/0884/0278/8685/files/bamboo-bedding-set-sky-blue-1-person-bedroom-lifestyle.jpg?v=1786136328;https://cdn.shopify.com/s/files/1/0884/0278/8685/files/bamboo-bedding-set-sky-blue-1-person-button-detail.jpg?v=1786136338;https://cdn.shopify.com/s/files/1/0884/0278/8685/files/bamboo-bedding-set-sky-blue-1-person-bed-styled.jpg?v=1786136348;https://cdn.shopify.com/s/files/1/0884/0278/8685/files/bamboo-bedding-set-sky-blue-1-person-fabric-fold.jpg?v=1786136357;https://cdn.shopify.com/s/files/1/0884/0278/8685/files/bamboo-bedding-set-sky-blue-1-person-fitted-sheet-detail.jpg?v=1786136367;https://cdn.shopify.com/s/files/1/0884/0278/8685/files/bamboo-bedding-set-sky-blue-1-person-fitted-sheet-corner.jpg?v=1786136377;https://cdn.shopify.com/s/files/1/0884/0278/8685/files/bamboo-bedding-set-sky-blue-1-person-bedroom-wood-frame.jpg?v=1786136386;https://cdn.shopify.com/s/files/1/0884/0278/8685/files/bamboo-bedding-set-sky-blue-1-person-bed-full.jpg?v=1786136394;https://cdn.shopify.com/s/files/1/0884/0278/8685/files/bamboo-bedding-set-sky-blue-1-person-pillow-detail.jpg?v=1786136408;https://cdn.shopify.com/s/files/1/0884/0278/8685/files/bamboo-bedding-set-sky-blue-1-person-packaging-set.jpg?v=1786136419
6666669014050,Boomba Bamboo,"Bambus-Bettwäscheset für 1 Person, himmelblau, 400TC",https://www.maisondecocon.com/products/1-person-bamboo-bedding-set-sky-blue-400tc?variant=54471605158221,,"Ein frisches, leichtes Bettwäscheset aus Bambus mit einer Fadenzahl von 400TC für eine Person in der Farbe Himmelblau – atmungsaktiv, hypoallergen für einen Schlaf wie im Hotel.",492.00,Heimtextilien > Bettwäsche > Bettwäsche-Sets,L — 90×200 + 140×220 + 50×75,Sky Blue,9.00,0.00,0.00,4-7 Werktage,https://cdn.shopify.com/s/files/1/0884/0278/8685/files/bamboo-bedding-set-sky-blue-1-person-bedroom-lifestyle.jpg?v=1786136328;https://cdn.shopify.com/s/files/1/0884/0278/8685/files/bamboo-bedding-set-sky-blue-1-person-button-detail.jpg?v=1786136338;https://cdn.shopify.com/s/files/1/0884/0278/8685/files/bamboo-bedding-set-sky-blue-1-person-bed-styled.jpg?v=1786136348;https://cdn.shopify.com/s/files/1/0884/0278/8685/files/bamboo-bedding-set-sky-blue-1-person-fabric-fold.jpg?v=1786136357;https://cdn.shopify.com/s/files/1/0884/0278/8685/files/bamboo-bedding-set-sky-blue-1-person-fitted-sheet-detail.jpg?v=1786136367;https://cdn.shopify.com/s/files/1/0884/0278/8685/files/bamboo-bedding-set-sky-blue-1-person-fitted-sheet-corner.jpg?v=1786136377;https://cdn.shopify.com/s/files/1/0884/0278/8685/files/bamboo-bedding-set-sky-blue-1-person-bedroom-wood-frame.jpg?v=1786136386;https://cdn.shopify.com/s/files/1/0884/0278/8685/files/bamboo-bedding-set-sky-blue-1-person-bed-full.jpg?v=1786136394;https://cdn.shopify.com/s/files/1/0884/0278/8685/files/bamboo-bedding-set-sky-blue-1-person-pillow-detail.jpg?v=1786136408;https://cdn.shopify.com/s/files/1/0884/0278/8685/files/bamboo-bedding-set-sky-blue-1-person-packaging-set.jpg?v=1786136419
1111118014050,Boomba Bamboo,"Bambus-Bettwäscheset für 1 Person, Soft Taupe, 400TC",https://www.maisondecocon.com/products/1-person-bamboo-bedding-set-soft-taupe-400tc?variant=54471605190989,,"Ein warmes, elegantes Bettwäscheset aus Bambus mit einer Fadenzahl von 400TC für eine Person in der Farbe „Soft Taupe“ – atmungsaktiv, hypoallergen für einen Schlaf wie im Hotel.",483.00,Heimtextilien > Bettwäsche > Bettwäsche-Sets,M — 80×200 + 140×220 + 50×75,Soft Taupe,9.00,0.00,0.00,4-7 Werktage,https://cdn.shopify.com/s/files/1/0884/0278/8685/files/bamboo-bedding-set-soft-taupe-1-person-bedroom-lifestyle.jpg?v=1786109315;https://cdn.shopify.com/s/files/1/0884/0278/8685/files/bamboo-bedding-set-soft-taupe-1-person-button-detail.jpg?v=1786109324;https://cdn.shopify.com/s/files/1/0884/0278/8685/files/bamboo-bedding-set-soft-taupe-1-person-bed-styled.jpg?v=1786109332;https://cdn.shopify.com/s/files/1/0884/0278/8685/files/bamboo-bedding-set-soft-taupe-1-person-fabric-drape.jpg?v=1786109341;https://cdn.shopify.com/s/files/1/0884/0278/8685/files/bamboo-bedding-set-soft-taupe-1-person-bed-wood-frame.jpg?v=1786109348;https://cdn.shopify.com/s/files/1/0884/0278/8685/files/bamboo-bedding-set-soft-taupe-1-person-fabric-gather.jpg?v=1786109357;https://cdn.shopify.com/s/files/1/0884/0278/8685/files/bamboo-bedding-set-soft-taupe-1-person-bedroom-window.jpg?v=1786109367;https://cdn.shopify.com/s/files/1/0884/0278/8685/files/bamboo-bedding-set-soft-taupe-1-person-fabric-detail-02.jpg?v=1786109418;https://cdn.shopify.com/s/files/1/0884/0278/8685/files/bamboo-bedding-set-soft-taupe-1-person-fitted-sheet-detail.jpg?v=1786109435;https://cdn.shopify.com/s/files/1/0884/0278/8685/files/bamboo-bedding-set-soft-taupe-1-person-tie-detail-02.jpg?v=1786109482;https://cdn.shopify.com/s/files/1/0884/0278/8685/files/bamboo-bedding-set-soft-taupe-1-person-bedroom-angle.jpg?v=1786109493
1111119014050,Boomba Bamboo,"Bambus-Bettwäscheset für 1 Person, Soft Taupe, 400TC",https://www.maisondecocon.com/products/1-person-bamboo-bedding-set-soft-taupe-400tc?variant=54471605223757,,"Ein warmes, elegantes Bettwäscheset aus Bambus mit einer Fadenzahl von 400TC für eine Person in der Farbe „Soft Taupe“ – atmungsaktiv, hypoallergen für einen Schlaf wie im Hotel.",492.00,Heimtextilien > Bettwäsche > Bettwäsche-Sets,L — 90×200 + 140×220 + 50×75,Soft Taupe,9.00,0.00,0.00,4-7 Werktage,https://cdn.shopify.com/s/files/1/0884/0278/8685/files/bamboo-bedding-set-soft-taupe-1-person-bedroom-lifestyle.jpg?v=1786109315;https://cdn.shopify.com/s/files/1/0884/0278/8685/files/bamboo-bedding-set-soft-taupe-1-person-button-detail.jpg?v=1786109324;https://cdn.shopify.com/s/files/1/0884/0278/8685/files/bamboo-bedding-set-soft-taupe-1-person-bed-styled.jpg?v=1786109332;https://cdn.shopify.com/s/files/1/0884/0278/8685/files/bamboo-bedding-set-soft-taupe-1-person-fabric-drape.jpg?v=1786109341;https://cdn.shopify.com/s/files/1/0884/0278/8685/files/bamboo-bedding-set-soft-taupe-1-person-bed-wood-frame.jpg?v=1786109348;https://cdn.shopify.com/s/files/1/0884/0278/8685/files/bamboo-bedding-set-soft-taupe-1-person-fabric-gather.jpg?v=1786109357;https://cdn.shopify.com/s/files/1/0884/0278/8685/files/bamboo-bedding-set-soft-taupe-1-person-bedroom-window.jpg?v=1786109367;https://cdn.shopify.com/s/files/1/0884/0278/8685/files/bamboo-bedding-set-soft-taupe-1-person-fabric-detail-02.jpg?v=1786109418;https://cdn.shopify.com/s/files/1/0884/0278/8685/files/bamboo-bedding-set-soft-taupe-1-person-fitted-sheet-detail.jpg?v=1786109435;https://cdn.shopify.com/s/files/1/0884/0278/8685/files/bamboo-bedding-set-soft-taupe-1-person-tie-detail-02.jpg?v=1786109482;https://cdn.shopify.com/s/files/1/0884/0278/8685/files/bamboo-bedding-set-soft-taupe-1-person-bedroom-angle.jpg?v=1786109493
2222228014050,Boomba Bamboo,"Bambus-Bettwäscheset für 1 Person, Space Blue, 400TC",https://www.maisondecocon.com/products/1-person-bamboo-bedding-set-space-blue-400tc?variant=54471605387597,,"Ein hochwertiges, modernes Bettwäscheset aus Bambus mit einer Fadenzahl von 400TC für eine Person in der Farbe „Space Blue“ – atmungsaktiv, hypoallergen für einen Schlaf wie im Hotel.",483.00,Heimtextilien > Bettwäsche > Bettwäsche-Sets,M — 80×200 + 140×220 + 50×75,Space Blue,9.00,0.00,0.00,4-7 Werktage,https://cdn.shopify.com/s/files/1/0884/0278/8685/files/bamboo-bedding-set-space-blue-1-person-bedroom-lifestyle.jpg?v=1786108831;https://cdn.shopify.com/s/files/1/0884/0278/8685/files/bamboo-bedding-set-space-blue-1-person-button-detail.jpg?v=1786108839;https://cdn.shopify.com/s/files/1/0884/0278/8685/files/bamboo-bedding-set-space-blue-1-person-bed-styled.jpg?v=1786108847;https://cdn.shopify.com/s/files/1/0884/0278/8685/files/bamboo-bedding-set-space-blue-1-person-fabric-drape.jpg?v=1786108861;https://cdn.shopify.com/s/files/1/0884/0278/8685/files/bamboo-bedding-set-space-blue-1-person-bedroom-window.jpg?v=1786108869;https://cdn.shopify.com/s/files/1/0884/0278/8685/files/bamboo-bedding-set-space-blue-1-person-fitted-sheet-detail.jpg?v=1786108876;https://cdn.shopify.com/s/files/1/0884/0278/8685/files/bamboo-bedding-set-space-blue-1-person-bed-wood-frame.jpg?v=1786108890;https://cdn.shopify.com/s/files/1/0884/0278/8685/files/bamboo-bedding-set-space-blue-1-person-fitted-sheet-corner.jpg?v=1786108899;https://cdn.shopify.com/s/files/1/0884/0278/8685/files/bamboo-bedding-set-space-blue-1-person-pillow-window.jpg?v=1786108913;https://cdn.shopify.com/s/files/1/0884/0278/8685/files/bamboo-bedding-set-space-blue-1-person-fabric-fold.jpg?v=1786108922;https://cdn.shopify.com/s/files/1/0884/0278/8685/files/bamboo-bedding-set-space-blue-1-person-bed-full.jpg?v=1786108982
2222229014050,Boomba Bamboo,"Bambus-Bettwäscheset für 1 Person, Space Blue, 400TC",https://www.maisondecocon.com/products/1-person-bamboo-bedding-set-space-blue-400tc?variant=54471605420365,,"Ein hochwertiges, modernes Bettwäscheset aus Bambus mit einer Fadenzahl von 400TC für eine Person in der Farbe „Space Blue“ – atmungsaktiv, hypoallergen für einen Schlaf wie im Hotel.",492.00,Heimtextilien > Bettwäsche > Bettwäsche-Sets,L — 90×200 + 140×220 + 50×75,Space Blue,9.00,0.00,0.00,4-7 Werktage,https://cdn.shopify.com/s/files/1/0884/0278/8685/files/bamboo-bedding-set-space-blue-1-person-bedroom-lifestyle.jpg?v=1786108831;https://cdn.shopify.com/s/files/1/0884/0278/8685/files/bamboo-bedding-set-space-blue-1-person-button-detail.jpg?v=1786108839;https://cdn.shopify.com/s/files/1/0884/0278/8685/files/bamboo-bedding-set-space-blue-1-person-bed-styled.jpg?v=1786108847;https://cdn.shopify.com/s/files/1/0884/0278/8685/files/bamboo-bedding-set-space-blue-1-person-fabric-drape.jpg?v=1786108861;https://cdn.shopify.com/s/files/1/0884/0278/8685/files/bamboo-bedding-set-space-blue-1-person-bedroom-window.jpg?v=1786108869;https://cdn.shopify.com/s/files/1/0884/0278/8685/files/bamboo-bedding-set-space-blue-1-person-fitted-sheet-detail.jpg?v=1786108876;https://cdn.shopify.com/s/files/1/0884/0278/8685/files/bamboo-bedding-set-space-blue-1-person-bed-wood-frame.jpg?v=1786108890;https://cdn.shopify.com/s/files/1/0884/0278/8685/files/bamboo-bedding-set-space-blue-1-person-fitted-sheet-corner.jpg?v=1786108899;https://cdn.shopify.com/s/files/1/0884/0278/8685/files/bamboo-bedding-set-space-blue-1-person-pillow-window.jpg?v=1786108913;https://cdn.shopify.com/s/files/1/0884/0278/8685/files/bamboo-bedding-set-space-blue-1-person-fabric-fold.jpg?v=1786108922;https://cdn.shopify.com/s/files/1/0884/0278/8685/files/bamboo-bedding-set-space-blue-1-person-bed-full.jpg?v=1786108982
7777778014050,Boomba Bamboo,"Bambus-Bettwäscheset für 1 Person, „Moosgrün“, 400TC",https://www.maisondecocon.com/products/1-person-bamboo-bedding-set-deep-moss-400tc?variant=54471605485901,,"Ein hochwertiges, luxuriös weiches Bambus-Bettwäscheset mit einer Fadenzahl von 400TC für eine Person in dem satten, natürlichen Farbton „Moosgrün“ – atmungsaktiv, hypoallergen für einen Schlaf wie im Hotel.",483.00,Heimtextilien > Bettwäsche > Bettwäsche-Sets,M — 80×200 + 140×220 + 50×75,Deep Moss,9.00,0.00,0.00,4-7 Werktage,https://cdn.shopify.com/s/files/1/0884/0278/8685/files/bamboo-bedding-set-deep-moss-1-person-bedroom-lifestyle.jpg?v=1786108261;https://cdn.shopify.com/s/files/1/0884/0278/8685/files/bamboo-bedding-set-deep-moss-1-person-fabric-drape.jpg?v=1786108270;https://cdn.shopify.com/s/files/1/0884/0278/8685/files/bamboo-bedding-set-deep-moss-1-person-bedroom-window.jpg?v=1786108279;https://cdn.shopify.com/s/files/1/0884/0278/8685/files/bamboo-bedding-set-deep-moss-1-person-fitted-sheet-detail.jpg?v=1786108287;https://cdn.shopify.com/s/files/1/0884/0278/8685/files/bamboo-bedding-set-deep-moss-1-person-bed-frame.jpg?v=1786108295;https://cdn.shopify.com/s/files/1/0884/0278/8685/files/bamboo-bedding-set-deep-moss-1-person-fitted-sheet-corner.jpg?v=1786108315;https://cdn.shopify.com/s/files/1/0884/0278/8685/files/bamboo-bedding-set-deep-moss-1-person-pillow-window.jpg?v=1786108342;https://cdn.shopify.com/s/files/1/0884/0278/8685/files/bamboo-bedding-set-deep-moss-1-person-pillow-detail.jpg?v=1786108353;https://cdn.shopify.com/s/files/1/0884/0278/8685/files/bamboo-bedding-set-deep-moss-1-person-pillow-detail-02.jpg?v=1786108404;https://cdn.shopify.com/s/files/1/0884/0278/8685/files/bamboo-bedding-set-deep-moss-1-person-pillow-detail-03.jpg?v=1786108425;https://cdn.shopify.com/s/files/1/0884/0278/8685/files/bamboo-bedding-set-deep-moss-1-person-fabric-fold.jpg?v=1786108442
77777719014050,Boomba Bamboo,"Bambus-Bettwäscheset für 1 Person, „Moosgrün“, 400TC",https://www.maisondecocon.com/products/1-person-bamboo-bedding-set-deep-moss-400tc?variant=54471605518669,,"Ein hochwertiges, luxuriös weiches Bambus-Bettwäscheset mit einer Fadenzahl von 400TC für eine Person in dem satten, natürlichen Farbton „Moosgrün“ – atmungsaktiv, hypoallergen für einen Schlaf wie im Hotel.",492.00,Heimtextilien > Bettwäsche > Bettwäsche-Sets,L — 90×200 + 140×220 + 50×75,Deep Moss,9.00,0.00,0.00,4-7 Werktage,https://cdn.shopify.com/s/files/1/0884/0278/8685/files/bamboo-bedding-set-deep-moss-1-person-bedroom-lifestyle.jpg?v=1786108261;https://cdn.shopify.com/s/files/1/0884/0278/8685/files/bamboo-bedding-set-deep-moss-1-person-fabric-drape.jpg?v=1786108270;https://cdn.shopify.com/s/files/1/0884/0278/8685/files/bamboo-bedding-set-deep-moss-1-person-bedroom-window.jpg?v=1786108279;https://cdn.shopify.com/s/files/1/0884/0278/8685/files/bamboo-bedding-set-deep-moss-1-person-fitted-sheet-detail.jpg?v=1786108287;https://cdn.shopify.com/s/files/1/0884/0278/8685/files/bamboo-bedding-set-deep-moss-1-person-bed-frame.jpg?v=1786108295;https://cdn.shopify.com/s/files/1/0884/0278/8685/files/bamboo-bedding-set-deep-moss-1-person-fitted-sheet-corner.jpg?v=1786108315;https://cdn.shopify.com/s/files/1/0884/0278/8685/files/bamboo-bedding-set-deep-moss-1-person-pillow-window.jpg?v=1786108342;https://cdn.shopify.com/s/files/1/0884/0278/8685/files/bamboo-bedding-set-deep-moss-1-person-pillow-detail.jpg?v=1786108353;https://cdn.shopify.com/s/files/1/0884/0278/8685/files/bamboo-bedding-set-deep-moss-1-person-pillow-detail-02.jpg?v=1786108404;https://cdn.shopify.com/s/files/1/0884/0278/8685/files/bamboo-bedding-set-deep-moss-1-person-pillow-detail-03.jpg?v=1786108425;https://cdn.shopify.com/s/files/1/0884/0278/8685/files/bamboo-bedding-set-deep-moss-1-person-fabric-fold.jpg?v=1786108442
6666614020060,Boomba Bamboo,"Bambus-Bettwäscheset für 2 Personen, Himmelblau, 400TC",https://www.maisondecocon.com/products/2-person-bamboo-bedding-set-sky-blue-400tc?variant=54471605551437,,"Ein frisches, leichtes Bettwäscheset aus Bambus mit einer Fadenzahl von 400TC für zwei Personen in der Farbe „Sky Blue“ – atmungsaktiv, hypoallergen für einen Schlaf wie im Hotel.",561.00,Heimtextilien > Bettwäsche > Bettwäsche-Sets,M — 140×200 + 200×220 + 60×70,Sky Blue,9.00,0.00,0.00,4-7 Werktage,https://cdn.shopify.com/s/files/1/0884/0278/8685/files/bamboo-bedding-set-sky-blue-2-person-bedroom-lifestyle.jpg?v=1786106661;https://cdn.shopify.com/s/files/1/0884/0278/8685/files/bamboo-bedding-set-sky-blue-2-person-button-detail.jpg?v=1786106669;https://cdn.shopify.com/s/files/1/0884/0278/8685/files/bamboo-bedding-set-sky-blue-2-person-bedroom-wood-frame.jpg?v=1786106677;https://cdn.shopify.com/s/files/1/0884/0278/8685/files/bamboo-bedding-set-sky-blue-2-person-fabric-drape.jpg?v=1786106685;https://cdn.shopify.com/s/files/1/0884/0278/8685/files/bamboo-bedding-set-sky-blue-2-person-pillows-detail.jpg?v=1786106693;https://cdn.shopify.com/s/files/1/0884/0278/8685/files/bamboo-bedding-set-sky-blue-2-person-tie-detail.jpg?v=1786106702;https://cdn.shopify.com/s/files/1/0884/0278/8685/files/bamboo-bedding-set-sky-blue-2-person-bed-full.jpg?v=1786106710;https://cdn.shopify.com/s/files/1/0884/0278/8685/files/bamboo-bedding-set-sky-blue-2-person-fitted-sheet-corner.jpg?v=1786106716;https://cdn.shopify.com/s/files/1/0884/0278/8685/files/bamboo-bedding-set-sky-blue-2-person-bedroom-window.jpg?v=1786106724;https://cdn.shopify.com/s/files/1/0884/0278/8685/files/bamboo-bedding-set-sky-blue-2-person-fabric-fold.jpg?v=1786106735;https://cdn.shopify.com/s/files/1/0884/0278/8685/files/bamboo-bedding-set-sky-blue-2-person-bedroom-nightstand.jpg?v=1786106747
6666618024060,Boomba Bamboo,"Bambus-Bettwäscheset für 2 Personen, Himmelblau, 400TC",https://www.maisondecocon.com/products/2-person-bamboo-bedding-set-sky-blue-400tc?variant=54471605616973,,"Ein frisches, leichtes Bettwäscheset aus Bambus mit einer Fadenzahl von 400TC für zwei Personen in der Farbe „Sky Blue“ – atmungsaktiv, hypoallergen für einen Schlaf wie im Hotel.",642.00,Heimtextilien > Bettwäsche > Bettwäsche-Sets,XL — 180×200 + 240×220 + 60×70,Sky Blue,9.00,0.00,0.00,4-7 Werktage,https://cdn.shopify.com/s/files/1/0884/0278/8685/files/bamboo-bedding-set-sky-blue-2-person-bedroom-lifestyle.jpg?v=1786106661;https://cdn.shopify.com/s/files/1/0884/0278/8685/files/bamboo-bedding-set-sky-blue-2-person-button-detail.jpg?v=1786106669;https://cdn.shopify.com/s/files/1/0884/0278/8685/files/bamboo-bedding-set-sky-blue-2-person-bedroom-wood-frame.jpg?v=1786106677;https://cdn.shopify.com/s/files/1/0884/0278/8685/files/bamboo-bedding-set-sky-blue-2-person-fabric-drape.jpg?v=1786106685;https://cdn.shopify.com/s/files/1/0884/0278/8685/files/bamboo-bedding-set-sky-blue-2-person-pillows-detail.jpg?v=1786106693;https://cdn.shopify.com/s/files/1/0884/0278/8685/files/bamboo-bedding-set-sky-blue-2-person-tie-detail.jpg?v=1786106702;https://cdn.shopify.com/s/files/1/0884/0278/8685/files/bamboo-bedding-set-sky-blue-2-person-bed-full.jpg?v=1786106710;https://cdn.shopify.com/s/files/1/0884/0278/8685/files/bamboo-bedding-set-sky-blue-2-person-fitted-sheet-corner.jpg?v=1786106716;https://cdn.shopify.com/s/files/1/0884/0278/8685/files/bamboo-bedding-set-sky-blue-2-person-bedroom-window.jpg?v=1786106724;https://cdn.shopify.com/s/files/1/0884/0278/8685/files/bamboo-bedding-set-sky-blue-2-person-fabric-fold.jpg?v=1786106735;https://cdn.shopify.com/s/files/1/0884/0278/8685/files/bamboo-bedding-set-sky-blue-2-person-bedroom-nightstand.jpg?v=1786106747
6666620026060,Boomba Bamboo,"Bambus-Bettwäscheset für 2 Personen, Himmelblau, 400TC",https://www.maisondecocon.com/products/2-person-bamboo-bedding-set-sky-blue-400tc?variant=54471605649741,,"Ein frisches, leichtes Bettwäscheset aus Bambus mit einer Fadenzahl von 400TC für zwei Personen in der Farbe „Sky Blue“ – atmungsaktiv, hypoallergen für einen Schlaf wie im Hotel.",669.00,Heimtextilien > Bettwäsche > Bettwäsche-Sets,XXL — 200×200 + 260×240 + 60×70,Sky Blue,9.00,0.00,0.00,4-7 Werktage,https://cdn.shopify.com/s/files/1/0884/0278/8685/files/bamboo-bedding-set-sky-blue-2-person-bedroom-lifestyle.jpg?v=1786106661;https://cdn.shopify.com/s/files/1/0884/0278/8685/files/bamboo-bedding-set-sky-blue-2-person-button-detail.jpg?v=1786106669;https://cdn.shopify.com/s/files/1/0884/0278/8685/files/bamboo-bedding-set-sky-blue-2-person-bedroom-wood-frame.jpg?v=1786106677;https://cdn.shopify.com/s/files/1/0884/0278/8685/files/bamboo-bedding-set-sky-blue-2-person-fabric-drape.jpg?v=1786106685;https://cdn.shopify.com/s/files/1/0884/0278/8685/files/bamboo-bedding-set-sky-blue-2-person-pillows-detail.jpg?v=1786106693;https://cdn.shopify.com/s/files/1/0884/0278/8685/files/bamboo-bedding-set-sky-blue-2-person-tie-detail.jpg?v=1786106702;https://cdn.shopify.com/s/files/1/0884/0278/8685/files/bamboo-bedding-set-sky-blue-2-person-bed-full.jpg?v=1786106710;https://cdn.shopify.com/s/files/1/0884/0278/8685/files/bamboo-bedding-set-sky-blue-2-person-fitted-sheet-corner.jpg?v=1786106716;https://cdn.shopify.com/s/files/1/0884/0278/8685/files/bamboo-bedding-set-sky-blue-2-person-bedroom-window.jpg?v=1786106724;https://cdn.shopify.com/s/files/1/0884/0278/8685/files/bamboo-bedding-set-sky-blue-2-person-fabric-fold.jpg?v=1786106735;https://cdn.shopify.com/s/files/1/0884/0278/8685/files/bamboo-bedding-set-sky-blue-2-person-bedroom-nightstand.jpg?v=1786106747
6666616020060,Boomba Bamboo,"Bambus-Bettwäscheset für 2 Personen, Himmelblau, 400TC",https://www.maisondecocon.com/products/2-person-bamboo-bedding-set-sky-blue-400tc?variant=54471605584205,,"Ein frisches, leichtes Bettwäscheset aus Bambus mit einer Fadenzahl von 400TC für zwei Personen in der Farbe „Sky Blue“ – atmungsaktiv, hypoallergen für einen Schlaf wie im Hotel.",564.00,Heimtextilien > Bettwäsche > Bettwäsche-Sets,L — 160×200 + 200×220 + 60×70,Sky Blue,9.00,0.00,0.00,4-7 Werktage,https://cdn.shopify.com/s/files/1/0884/0278/8685/files/bamboo-bedding-set-sky-blue-2-person-bedroom-lifestyle.jpg?v=1786106661;https://cdn.shopify.com/s/files/1/0884/0278/8685/files/bamboo-bedding-set-sky-blue-2-person-button-detail.jpg?v=1786106669;https://cdn.shopify.com/s/files/1/0884/0278/8685/files/bamboo-bedding-set-sky-blue-2-person-bedroom-wood-frame.jpg?v=1786106677;https://cdn.shopify.com/s/files/1/0884/0278/8685/files/bamboo-bedding-set-sky-blue-2-person-fabric-drape.jpg?v=1786106685;https://cdn.shopify.com/s/files/1/0884/0278/8685/files/bamboo-bedding-set-sky-blue-2-person-pillows-detail.jpg?v=1786106693;https://cdn.shopify.com/s/files/1/0884/0278/8685/files/bamboo-bedding-set-sky-blue-2-person-tie-detail.jpg?v=1786106702;https://cdn.shopify.com/s/files/1/0884/0278/8685/files/bamboo-bedding-set-sky-blue-2-person-bed-full.jpg?v=1786106710;https://cdn.shopify.com/s/files/1/0884/0278/8685/files/bamboo-bedding-set-sky-blue-2-person-fitted-sheet-corner.jpg?v=1786106716;https://cdn.shopify.com/s/files/1/0884/0278/8685/files/bamboo-bedding-set-sky-blue-2-person-bedroom-window.jpg?v=1786106724;https://cdn.shopify.com/s/files/1/0884/0278/8685/files/bamboo-bedding-set-sky-blue-2-person-fabric-fold.jpg?v=1786106735;https://cdn.shopify.com/s/files/1/0884/0278/8685/files/bamboo-bedding-set-sky-blue-2-person-bedroom-nightstand.jpg?v=1786106747
4444416020060,Boomba Bamboo,"Bambus-Bettwäscheset für 2 Personen, „Cuddle Pink“, 400TC",https://www.maisondecocon.com/products/2-person-bamboo-bedding-set-cuddle-pink-400tc?variant=54471605748045,,"Ein warmes, gemütliches Bettwäscheset aus Bambus mit einer Fadenzahl von 400TC für zwei Personen in der Farbe „Cuddle Pink“ – atmungsaktiv, hypoallergen für einen Schlaf wie im Hotel.",564.00,Heimtextilien > Bettwäsche > Bettwäsche-Sets,L — 160×200 + 200×220 + 60×70,Cuddle Pink,9.00,0.00,0.00,4-7 Werktage,https://cdn.shopify.com/s/files/1/0884/0278/8685/files/bamboo-bedding-set-cuddle-pink-2-person-bedroom-lifestyle.jpg?v=1786105518;https://cdn.shopify.com/s/files/1/0884/0278/8685/files/bamboo-bedding-set-cuddle-pink-2-person-button-detail.jpg?v=1786105527;https://cdn.shopify.com/s/files/1/0884/0278/8685/files/bamboo-bedding-set-cuddle-pink-2-person-bed-styled.jpg?v=1786105537;https://cdn.shopify.com/s/files/1/0884/0278/8685/files/bamboo-bedding-set-cuddle-pink-2-person-fabric-fold.jpg?v=1786105543;https://cdn.shopify.com/s/files/1/0884/0278/8685/files/bamboo-bedding-set-cuddle-pink-2-person-bedroom-mirror.jpg?v=1786105551;https://cdn.shopify.com/s/files/1/0884/0278/8685/files/bamboo-bedding-set-cuddle-pink-2-person-fabric-drape.jpg?v=1786105558;https://cdn.shopify.com/s/files/1/0884/0278/8685/files/bamboo-bedding-set-cuddle-pink-2-person-tie-detail.jpg?v=1786105565;https://cdn.shopify.com/s/files/1/0884/0278/8685/files/bamboo-bedding-set-cuddle-pink-2-person-bedroom-wide.jpg?v=1786105572;https://cdn.shopify.com/s/files/1/0884/0278/8685/files/bamboo-bedding-set-cuddle-pink-2-person-bedroom-chair.jpg?v=1786105581;https://cdn.shopify.com/s/files/1/0884/0278/8685/files/bamboo-bedding-set-cuddle-pink-2-person-bed-full.jpg?v=1786105588;https://cdn.shopify.com/s/files/1/0884/0278/8685/files/bamboo-bedding-set-cuddle-pink-2-person-fitted-sheet-detail.jpg?v=1786105595
4444414020060,Boomba Bamboo,"Bambus-Bettwäscheset für 2 Personen, „Cuddle Pink“, 400TC",https://www.maisondecocon.com/products/2-person-bamboo-bedding-set-cuddle-pink-400tc?variant=54471605715277,,"Ein warmes, gemütliches Bettwäscheset aus Bambus mit einer Fadenzahl von 400TC für zwei Personen in der Farbe „Cuddle Pink“ – atmungsaktiv, hypoallergen für einen Schlaf wie im Hotel.",561.00,Heimtextilien > Bettwäsche > Bettwäsche-Sets,M — 140×200 + 200×220 + 60×70,Cuddle Pink,9.00,0.00,0.00,4-7 Werktage,https://cdn.shopify.com/s/files/1/0884/0278/8685/files/bamboo-bedding-set-cuddle-pink-2-person-bedroom-lifestyle.jpg?v=1786105518;https://cdn.shopify.com/s/files/1/0884/0278/8685/files/bamboo-bedding-set-cuddle-pink-2-person-button-detail.jpg?v=1786105527;https://cdn.shopify.com/s/files/1/0884/0278/8685/files/bamboo-bedding-set-cuddle-pink-2-person-bed-styled.jpg?v=1786105537;https://cdn.shopify.com/s/files/1/0884/0278/8685/files/bamboo-bedding-set-cuddle-pink-2-person-fabric-fold.jpg?v=1786105543;https://cdn.shopify.com/s/files/1/0884/0278/8685/files/bamboo-bedding-set-cuddle-pink-2-person-bedroom-mirror.jpg?v=1786105551;https://cdn.shopify.com/s/files/1/0884/0278/8685/files/bamboo-bedding-set-cuddle-pink-2-person-fabric-drape.jpg?v=1786105558;https://cdn.shopify.com/s/files/1/0884/0278/8685/files/bamboo-bedding-set-cuddle-pink-2-person-tie-detail.jpg?v=1786105565;https://cdn.shopify.com/s/files/1/0884/0278/8685/files/bamboo-bedding-set-cuddle-pink-2-person-bedroom-wide.jpg?v=1786105572;https://cdn.shopify.com/s/files/1/0884/0278/8685/files/bamboo-bedding-set-cuddle-pink-2-person-bedroom-chair.jpg?v=1786105581;https://cdn.shopify.com/s/files/1/0884/0278/8685/files/bamboo-bedding-set-cuddle-pink-2-person-bed-full.jpg?v=1786105588;https://cdn.shopify.com/s/files/1/0884/0278/8685/files/bamboo-bedding-set-cuddle-pink-2-person-fitted-sheet-detail.jpg?v=1786105595
4444418024060,Boomba Bamboo,"Bambus-Bettwäscheset für 2 Personen, „Cuddle Pink“, 400TC",https://www.maisondecocon.com/products/2-person-bamboo-bedding-set-cuddle-pink-400tc?variant=54471605780813,,"Ein warmes, gemütliches Bettwäscheset aus Bambus mit einer Fadenzahl von 400TC für zwei Personen in der Farbe „Cuddle Pink“ – atmungsaktiv, hypoallergen für einen Schlaf wie im Hotel.",642.00,Heimtextilien > Bettwäsche > Bettwäsche-Sets,XL — 180×200 + 240×220 + 60×70,Cuddle Pink,9.00,0.00,0.00,4-7 Werktage,https://cdn.shopify.com/s/files/1/0884/0278/8685/files/bamboo-bedding-set-cuddle-pink-2-person-bedroom-lifestyle.jpg?v=1786105518;https://cdn.shopify.com/s/files/1/0884/0278/8685/files/bamboo-bedding-set-cuddle-pink-2-person-button-detail.jpg?v=1786105527;https://cdn.shopify.com/s/files/1/0884/0278/8685/files/bamboo-bedding-set-cuddle-pink-2-person-bed-styled.jpg?v=1786105537;https://cdn.shopify.com/s/files/1/0884/0278/8685/files/bamboo-bedding-set-cuddle-pink-2-person-fabric-fold.jpg?v=1786105543;https://cdn.shopify.com/s/files/1/0884/0278/8685/files/bamboo-bedding-set-cuddle-pink-2-person-bedroom-mirror.jpg?v=1786105551;https://cdn.shopify.com/s/files/1/0884/0278/8685/files/bamboo-bedding-set-cuddle-pink-2-person-fabric-drape.jpg?v=1786105558;https://cdn.shopify.com/s/files/1/0884/0278/8685/files/bamboo-bedding-set-cuddle-pink-2-person-tie-detail.jpg?v=1786105565;https://cdn.shopify.com/s/files/1/0884/0278/8685/files/bamboo-bedding-set-cuddle-pink-2-person-bedroom-wide.jpg?v=1786105572;https://cdn.shopify.com/s/files/1/0884/0278/8685/files/bamboo-bedding-set-cuddle-pink-2-person-bedroom-chair.jpg?v=1786105581;https://cdn.shopify.com/s/files/1/0884/0278/8685/files/bamboo-bedding-set-cuddle-pink-2-person-bed-full.jpg?v=1786105588;https://cdn.shopify.com/s/files/1/0884/0278/8685/files/bamboo-bedding-set-cuddle-pink-2-person-fitted-sheet-detail.jpg?v=1786105595
4444420026060,Boomba Bamboo,"Bambus-Bettwäscheset für 2 Personen, „Cuddle Pink“, 400TC",https://www.maisondecocon.com/products/2-person-bamboo-bedding-set-cuddle-pink-400tc?variant=54471605813581,,"Ein warmes, gemütliches Bettwäscheset aus Bambus mit einer Fadenzahl von 400TC für zwei Personen in der Farbe „Cuddle Pink“ – atmungsaktiv, hypoallergen für einen Schlaf wie im Hotel.",669.00,Heimtextilien > Bettwäsche > Bettwäsche-Sets,XXL — 200×200 + 260×240 + 60×70,Cuddle Pink,9.00,0.00,0.00,4-7 Werktage,https://cdn.shopify.com/s/files/1/0884/0278/8685/files/bamboo-bedding-set-cuddle-pink-2-person-bedroom-lifestyle.jpg?v=1786105518;https://cdn.shopify.com/s/files/1/0884/0278/8685/files/bamboo-bedding-set-cuddle-pink-2-person-button-detail.jpg?v=1786105527;https://cdn.shopify.com/s/files/1/0884/0278/8685/files/bamboo-bedding-set-cuddle-pink-2-person-bed-styled.jpg?v=1786105537;https://cdn.shopify.com/s/files/1/0884/0278/8685/files/bamboo-bedding-set-cuddle-pink-2-person-fabric-fold.jpg?v=1786105543;https://cdn.shopify.com/s/files/1/0884/0278/8685/files/bamboo-bedding-set-cuddle-pink-2-person-bedroom-mirror.jpg?v=1786105551;https://cdn.shopify.com/s/files/1/0884/0278/8685/files/bamboo-bedding-set-cuddle-pink-2-person-fabric-drape.jpg?v=1786105558;https://cdn.shopify.com/s/files/1/0884/0278/8685/files/bamboo-bedding-set-cuddle-pink-2-person-tie-detail.jpg?v=1786105565;https://cdn.shopify.com/s/files/1/0884/0278/8685/files/bamboo-bedding-set-cuddle-pink-2-person-bedroom-wide.jpg?v=1786105572;https://cdn.shopify.com/s/files/1/0884/0278/8685/files/bamboo-bedding-set-cuddle-pink-2-person-bedroom-chair.jpg?v=1786105581;https://cdn.shopify.com/s/files/1/0884/0278/8685/files/bamboo-bedding-set-cuddle-pink-2-person-bed-full.jpg?v=1786105588;https://cdn.shopify.com/s/files/1/0884/0278/8685/files/bamboo-bedding-set-cuddle-pink-2-person-fitted-sheet-detail.jpg?v=1786105595
3333200026060,Boomba Bamboo,"Bambus-Bettwäscheset für 2 Personen, salbeigrün, 400TC",https://www.maisondecocon.com/products/2-person-bamboo-bedding-set-sage-green-400tc?variant=54471605944653,,"Ein natürliches, erholsames Bettwäscheset aus Bambus mit einer Fadenzahl von 400TC für zwei Personen in der Farbe „Sage Green“ – atmungsaktiv, hypoallergen für einen Schlaf wie im Hotel.",669.00,Heimtextilien > Bettwäsche > Bettwäsche-Sets,XXL — 200×200 + 260×240 + 60×70,Sage Green,9.00,0.00,0.00,4-7 Werktage,https://cdn.shopify.com/s/files/1/0884/0278/8685/files/bamboo-bedding-set-sage-green-2-person-bedroom-lifestyle.jpg?v=1786105890;https://cdn.shopify.com/s/files/1/0884/0278/8685/files/bamboo-bedding-set-sage-green-2-person-button-detail.jpg?v=1786105898;https://cdn.shopify.com/s/files/1/0884/0278/8685/files/bamboo-bedding-set-sage-green-2-person-bedroom-wood-frame.jpg?v=1786106198;https://cdn.shopify.com/s/files/1/0884/0278/8685/files/bamboo-bedding-set-sage-green-2-person-tie-detail.jpg?v=1786106207;https://cdn.shopify.com/s/files/1/0884/0278/8685/files/bamboo-bedding-set-sage-green-2-person-fabric-drape.jpg?v=1786106216;https://cdn.shopify.com/s/files/1/0884/0278/8685/files/bamboo-bedding-set-sage-green-2-person-bedroom-chair.jpg?v=1786106224;https://cdn.shopify.com/s/files/1/0884/0278/8685/files/bamboo-bedding-set-sage-green-2-person-bedroom-window.jpg?v=1786106240;https://cdn.shopify.com/s/files/1/0884/0278/8685/files/bamboo-bedding-set-sage-green-2-person-fitted-sheet-detail.jpg?v=1786106249;https://cdn.shopify.com/s/files/1/0884/0278/8685/files/bamboo-bedding-set-sage-green-2-person-bedroom-window-02.jpg?v=1786106285;https://cdn.shopify.com/s/files/1/0884/0278/8685/files/bamboo-bedding-set-sage-green-2-person-bed-corner.jpg?v=1786106294;https://cdn.shopify.com/s/files/1/0884/0278/8685/files/bamboo-bedding-set-sage-green-2-person-bedroom-front.jpg?v=1786106321
3333314020060,Boomba Bamboo,"Bambus-Bettwäscheset für 2 Personen, salbeigrün, 400TC",https://www.maisondecocon.com/products/2-person-bamboo-bedding-set-sage-green-400tc?variant=54471605846349,,"Ein natürliches, erholsames Bettwäscheset aus Bambus mit einer Fadenzahl von 400TC für zwei Personen in der Farbe „Sage Green“ – atmungsaktiv, hypoallergen für einen Schlaf wie im Hotel.",561.00,Heimtextilien > Bettwäsche > Bettwäsche-Sets,M — 140×200 + 200×220 + 60×70,Sage Green,9.00,0.00,0.00,4-7 Werktage,https://cdn.shopify.com/s/files/1/0884/0278/8685/files/bamboo-bedding-set-sage-green-2-person-bedroom-lifestyle.jpg?v=1786105890;https://cdn.shopify.com/s/files/1/0884/0278/8685/files/bamboo-bedding-set-sage-green-2-person-button-detail.jpg?v=1786105898;https://cdn.shopify.com/s/files/1/0884/0278/8685/files/bamboo-bedding-set-sage-green-2-person-bedroom-wood-frame.jpg?v=1786106198;https://cdn.shopify.com/s/files/1/0884/0278/8685/files/bamboo-bedding-set-sage-green-2-person-tie-detail.jpg?v=1786106207;https://cdn.shopify.com/s/files/1/0884/0278/8685/files/bamboo-bedding-set-sage-green-2-person-fabric-drape.jpg?v=1786106216;https://cdn.shopify.com/s/files/1/0884/0278/8685/files/bamboo-bedding-set-sage-green-2-person-bedroom-chair.jpg?v=1786106224;https://cdn.shopify.com/s/files/1/0884/0278/8685/files/bamboo-bedding-set-sage-green-2-person-bedroom-window.jpg?v=1786106240;https://cdn.shopify.com/s/files/1/0884/0278/8685/files/bamboo-bedding-set-sage-green-2-person-fitted-sheet-detail.jpg?v=1786106249;https://cdn.shopify.com/s/files/1/0884/0278/8685/files/bamboo-bedding-set-sage-green-2-person-bedroom-window-02.jpg?v=1786106285;https://cdn.shopify.com/s/files/1/0884/0278/8685/files/bamboo-bedding-set-sage-green-2-person-bed-corner.jpg?v=1786106294;https://cdn.shopify.com/s/files/1/0884/0278/8685/files/bamboo-bedding-set-sage-green-2-person-bedroom-front.jpg?v=1786106321
3333316020060,Boomba Bamboo,"Bambus-Bettwäscheset für 2 Personen, salbeigrün, 400TC",https://www.maisondecocon.com/products/2-person-bamboo-bedding-set-sage-green-400tc?variant=54471605879117,,"Ein natürliches, erholsames Bettwäscheset aus Bambus mit einer Fadenzahl von 400TC für zwei Personen in der Farbe „Sage Green“ – atmungsaktiv, hypoallergen für einen Schlaf wie im Hotel.",564.00,Heimtextilien > Bettwäsche > Bettwäsche-Sets,L — 160×200 + 200×220 + 60×70,Sage Green,9.00,0.00,0.00,4-7 Werktage,https://cdn.shopify.com/s/files/1/0884/0278/8685/files/bamboo-bedding-set-sage-green-2-person-bedroom-lifestyle.jpg?v=1786105890;https://cdn.shopify.com/s/files/1/0884/0278/8685/files/bamboo-bedding-set-sage-green-2-person-button-detail.jpg?v=1786105898;https://cdn.shopify.com/s/files/1/0884/0278/8685/files/bamboo-bedding-set-sage-green-2-person-bedroom-wood-frame.jpg?v=1786106198;https://cdn.shopify.com/s/files/1/0884/0278/8685/files/bamboo-bedding-set-sage-green-2-person-tie-detail.jpg?v=1786106207;https://cdn.shopify.com/s/files/1/0884/0278/8685/files/bamboo-bedding-set-sage-green-2-person-fabric-drape.jpg?v=1786106216;https://cdn.shopify.com/s/files/1/0884/0278/8685/files/bamboo-bedding-set-sage-green-2-person-bedroom-chair.jpg?v=1786106224;https://cdn.shopify.com/s/files/1/0884/0278/8685/files/bamboo-bedding-set-sage-green-2-person-bedroom-window.jpg?v=1786106240;https://cdn.shopify.com/s/files/1/0884/0278/8685/files/bamboo-bedding-set-sage-green-2-person-fitted-sheet-detail.jpg?v=1786106249;https://cdn.shopify.com/s/files/1/0884/0278/8685/files/bamboo-bedding-set-sage-green-2-person-bedroom-window-02.jpg?v=1786106285;https://cdn.shopify.com/s/files/1/0884/0278/8685/files/bamboo-bedding-set-sage-green-2-person-bed-corner.jpg?v=1786106294;https://cdn.shopify.com/s/files/1/0884/0278/8685/files/bamboo-bedding-set-sage-green-2-person-bedroom-front.jpg?v=1786106321
3333318024060,Boomba Bamboo,"Bambus-Bettwäscheset für 2 Personen, salbeigrün, 400TC",https://www.maisondecocon.com/products/2-person-bamboo-bedding-set-sage-green-400tc?variant=54471605911885,,"Ein natürliches, erholsames Bettwäscheset aus Bambus mit einer Fadenzahl von 400TC für zwei Personen in der Farbe „Sage Green“ – atmungsaktiv, hypoallergen für einen Schlaf wie im Hotel.",642.00,Heimtextilien > Bettwäsche > Bettwäsche-Sets,XL — 180×200 + 240×220 + 60×70,Sage Green,9.00,0.00,0.00,4-7 Werktage,https://cdn.shopify.com/s/files/1/0884/0278/8685/files/bamboo-bedding-set-sage-green-2-person-bedroom-lifestyle.jpg?v=1786105890;https://cdn.shopify.com/s/files/1/0884/0278/8685/files/bamboo-bedding-set-sage-green-2-person-button-detail.jpg?v=1786105898;https://cdn.shopify.com/s/files/1/0884/0278/8685/files/bamboo-bedding-set-sage-green-2-person-bedroom-wood-frame.jpg?v=1786106198;https://cdn.shopify.com/s/files/1/0884/0278/8685/files/bamboo-bedding-set-sage-green-2-person-tie-detail.jpg?v=1786106207;https://cdn.shopify.com/s/files/1/0884/0278/8685/files/bamboo-bedding-set-sage-green-2-person-fabric-drape.jpg?v=1786106216;https://cdn.shopify.com/s/files/1/0884/0278/8685/files/bamboo-bedding-set-sage-green-2-person-bedroom-chair.jpg?v=1786106224;https://cdn.shopify.com/s/files/1/0884/0278/8685/files/bamboo-bedding-set-sage-green-2-person-bedroom-window.jpg?v=1786106240;https://cdn.shopify.com/s/files/1/0884/0278/8685/files/bamboo-bedding-set-sage-green-2-person-fitted-sheet-detail.jpg?v=1786106249;https://cdn.shopify.com/s/files/1/0884/0278/8685/files/bamboo-bedding-set-sage-green-2-person-bedroom-window-02.jpg?v=1786106285;https://cdn.shopify.com/s/files/1/0884/0278/8685/files/bamboo-bedding-set-sage-green-2-person-bed-corner.jpg?v=1786106294;https://cdn.shopify.com/s/files/1/0884/0278/8685/files/bamboo-bedding-set-sage-green-2-person-bedroom-front.jpg?v=1786106321
8888886020060,Boomba Bamboo,"Bambus-Bettwäscheset für 2 Personen, „Lavender Mist“, 400TC",https://www.maisondecocon.com/products/2-person-bamboo-bedding-set-lavender-mist-400tc?variant=54471606075725,,"Ein weiches, ruhiges Bettwäscheset aus Bambus mit einer Fadenzahl von 400TC für zwei Personen in der Farbe „Lavender Mist“ – atmungsaktiv, hypoallergen für einen Schlaf wie im Hotel.",564.00,Heimtextilien > Bettwäsche > Bettwäsche-Sets,L — 160×200 + 200×220 + 60×70,Lavender Mist,9.00,0.00,0.00,4-7 Werktage,https://cdn.shopify.com/s/files/1/0884/0278/8685/files/bamboo-bedding-set-lavender-mist-2-person-bedroom-lifestyle.jpg?v=1786104978;https://cdn.shopify.com/s/files/1/0884/0278/8685/files/bamboo-bedding-set-lavender-mist-2-person-button-detail.jpg?v=1786104989;https://cdn.shopify.com/s/files/1/0884/0278/8685/files/bamboo-bedding-set-lavender-mist-2-person-bedroom-wood-frame.jpg?v=1786105000;https://cdn.shopify.com/s/files/1/0884/0278/8685/files/bamboo-bedding-set-lavender-mist-2-person-fabric-drape.jpg?v=1786105009;https://cdn.shopify.com/s/files/1/0884/0278/8685/files/bamboo-bedding-set-lavender-mist-2-person-tie-detail.jpg?v=1786105031;https://cdn.shopify.com/s/files/1/0884/0278/8685/files/bamboo-bedding-set-lavender-mist-2-person-bedroom-plant.jpg?v=1786105040;https://cdn.shopify.com/s/files/1/0884/0278/8685/files/bamboo-bedding-set-lavender-mist-2-person-bed-styled.jpg?v=1786105049;https://cdn.shopify.com/s/files/1/0884/0278/8685/files/bamboo-bedding-set-lavender-mist-2-person-bedroom-wide.jpg?v=1786105058;https://cdn.shopify.com/s/files/1/0884/0278/8685/files/bamboo-bedding-set-lavender-mist-2-person-fabric-fold.jpg?v=1786105067;https://cdn.shopify.com/s/files/1/0884/0278/8685/files/bamboo-bedding-set-lavender-mist-2-person-fitted-sheet-corner.jpg?v=1786105077;https://cdn.shopify.com/s/files/1/0884/0278/8685/files/bamboo-bedding-set-lavender-mist-2-person-pillows-chair.jpg?v=1786105105
8888884020060,Boomba Bamboo,"Bambus-Bettwäscheset für 2 Personen, „Lavender Mist“, 400TC",https://www.maisondecocon.com/products/2-person-bamboo-bedding-set-lavender-mist-400tc?variant=54471606042957,,"Ein weiches, ruhiges Bettwäscheset aus Bambus mit einer Fadenzahl von 400TC für zwei Personen in der Farbe „Lavender Mist“ – atmungsaktiv, hypoallergen für einen Schlaf wie im Hotel.",561.00,Heimtextilien > Bettwäsche > Bettwäsche-Sets,M — 140×200 + 200×220 + 60×70,Lavender Mist,9.00,0.00,0.00,4-7 Werktage,https://cdn.shopify.com/s/files/1/0884/0278/8685/files/bamboo-bedding-set-lavender-mist-2-person-bedroom-lifestyle.jpg?v=1786104978;https://cdn.shopify.com/s/files/1/0884/0278/8685/files/bamboo-bedding-set-lavender-mist-2-person-button-detail.jpg?v=1786104989;https://cdn.shopify.com/s/files/1/0884/0278/8685/files/bamboo-bedding-set-lavender-mist-2-person-bedroom-wood-frame.jpg?v=1786105000;https://cdn.shopify.com/s/files/1/0884/0278/8685/files/bamboo-bedding-set-lavender-mist-2-person-fabric-drape.jpg?v=1786105009;https://cdn.shopify.com/s/files/1/0884/0278/8685/files/bamboo-bedding-set-lavender-mist-2-person-tie-detail.jpg?v=1786105031;https://cdn.shopify.com/s/files/1/0884/0278/8685/files/bamboo-bedding-set-lavender-mist-2-person-bedroom-plant.jpg?v=1786105040;https://cdn.shopify.com/s/files/1/0884/0278/8685/files/bamboo-bedding-set-lavender-mist-2-person-bed-styled.jpg?v=1786105049;https://cdn.shopify.com/s/files/1/0884/0278/8685/files/bamboo-bedding-set-lavender-mist-2-person-bedroom-wide.jpg?v=1786105058;https://cdn.shopify.com/s/files/1/0884/0278/8685/files/bamboo-bedding-set-lavender-mist-2-person-fabric-fold.jpg?v=1786105067;https://cdn.shopify.com/s/files/1/0884/0278/8685/files/bamboo-bedding-set-lavender-mist-2-person-fitted-sheet-corner.jpg?v=1786105077;https://cdn.shopify.com/s/files/1/0884/0278/8685/files/bamboo-bedding-set-lavender-mist-2-person-pillows-chair.jpg?v=1786105105
8888888024060,Boomba Bamboo,"Bambus-Bettwäscheset für 2 Personen, „Lavender Mist“, 400TC",https://www.maisondecocon.com/products/2-person-bamboo-bedding-set-lavender-mist-400tc?variant=54471606108493,,"Ein weiches, ruhiges Bettwäscheset aus Bambus mit einer Fadenzahl von 400TC für zwei Personen in der Farbe „Lavender Mist“ – atmungsaktiv, hypoallergen für einen Schlaf wie im Hotel.",642.00,Heimtextilien > Bettwäsche > Bettwäsche-Sets,XL — 180×200 + 240×220 + 60×70,Lavender Mist,9.00,0.00,0.00,4-7 Werktage,https://cdn.shopify.com/s/files/1/0884/0278/8685/files/bamboo-bedding-set-lavender-mist-2-person-bedroom-lifestyle.jpg?v=1786104978;https://cdn.shopify.com/s/files/1/0884/0278/8685/files/bamboo-bedding-set-lavender-mist-2-person-button-detail.jpg?v=1786104989;https://cdn.shopify.com/s/files/1/0884/0278/8685/files/bamboo-bedding-set-lavender-mist-2-person-bedroom-wood-frame.jpg?v=1786105000;https://cdn.shopify.com/s/files/1/0884/0278/8685/files/bamboo-bedding-set-lavender-mist-2-person-fabric-drape.jpg?v=1786105009;https://cdn.shopify.com/s/files/1/0884/0278/8685/files/bamboo-bedding-set-lavender-mist-2-person-tie-detail.jpg?v=1786105031;https://cdn.shopify.com/s/files/1/0884/0278/8685/files/bamboo-bedding-set-lavender-mist-2-person-bedroom-plant.jpg?v=1786105040;https://cdn.shopify.com/s/files/1/0884/0278/8685/files/bamboo-bedding-set-lavender-mist-2-person-bed-styled.jpg?v=1786105049;https://cdn.shopify.com/s/files/1/0884/0278/8685/files/bamboo-bedding-set-lavender-mist-2-person-bedroom-wide.jpg?v=1786105058;https://cdn.shopify.com/s/files/1/0884/0278/8685/files/bamboo-bedding-set-lavender-mist-2-person-fabric-fold.jpg?v=1786105067;https://cdn.shopify.com/s/files/1/0884/0278/8685/files/bamboo-bedding-set-lavender-mist-2-person-fitted-sheet-corner.jpg?v=1786105077;https://cdn.shopify.com/s/files/1/0884/0278/8685/files/bamboo-bedding-set-lavender-mist-2-person-pillows-chair.jpg?v=1786105105
88888820026060,Boomba Bamboo,"Bambus-Bettwäscheset für 2 Personen, „Lavender Mist“, 400TC",https://www.maisondecocon.com/products/2-person-bamboo-bedding-set-lavender-mist-400tc?variant=54471606141261,,"Ein weiches, ruhiges Bettwäscheset aus Bambus mit einer Fadenzahl von 400TC für zwei Personen in der Farbe „Lavender Mist“ – atmungsaktiv, hypoallergen für einen Schlaf wie im Hotel.",669.00,Heimtextilien > Bettwäsche > Bettwäsche-Sets,XXL — 200×200 + 260×240 + 60×70,Lavender Mist,9.00,0.00,0.00,4-7 Werktage,https://cdn.shopify.com/s/files/1/0884/0278/8685/files/bamboo-bedding-set-lavender-mist-2-person-bedroom-lifestyle.jpg?v=1786104978;https://cdn.shopify.com/s/files/1/0884/0278/8685/files/bamboo-bedding-set-lavender-mist-2-person-button-detail.jpg?v=1786104989;https://cdn.shopify.com/s/files/1/0884/0278/8685/files/bamboo-bedding-set-lavender-mist-2-person-bedroom-wood-frame.jpg?v=1786105000;https://cdn.shopify.com/s/files/1/0884/0278/8685/files/bamboo-bedding-set-lavender-mist-2-person-fabric-drape.jpg?v=1786105009;https://cdn.shopify.com/s/files/1/0884/0278/8685/files/bamboo-bedding-set-lavender-mist-2-person-tie-detail.jpg?v=1786105031;https://cdn.shopify.com/s/files/1/0884/0278/8685/files/bamboo-bedding-set-lavender-mist-2-person-bedroom-plant.jpg?v=1786105040;https://cdn.shopify.com/s/files/1/0884/0278/8685/files/bamboo-bedding-set-lavender-mist-2-person-bed-styled.jpg?v=1786105049;https://cdn.shopify.com/s/files/1/0884/0278/8685/files/bamboo-bedding-set-lavender-mist-2-person-bedroom-wide.jpg?v=1786105058;https://cdn.shopify.com/s/files/1/0884/0278/8685/files/bamboo-bedding-set-lavender-mist-2-person-fabric-fold.jpg?v=1786105067;https://cdn.shopify.com/s/files/1/0884/0278/8685/files/bamboo-bedding-set-lavender-mist-2-person-fitted-sheet-corner.jpg?v=1786105077;https://cdn.shopify.com/s/files/1/0884/0278/8685/files/bamboo-bedding-set-lavender-mist-2-person-pillows-chair.jpg?v=1786105105
2222216020060,Boomba Bamboo,"Bambus-Bettwäscheset für 2 Personen, Space Blue, 400TC",https://www.maisondecocon.com/products/2-person-bamboo-bedding-set-space-blue-400tc?variant=54471606206797,,"Ein hochwertiges, modernes Bettwäscheset aus Bambus mit einer Fadenzahl von 400TC für zwei Personen in der Farbe „Space Blue“ – atmungsaktiv, hypoallergen für einen Schlaf wie im Hotel.",564.00,Heimtextilien > Bettwäsche > Bettwäsche-Sets,L — 160×200 + 200×220 + 60×70,Space Blue,9.00,0.00,0.00,4-7 Werktage,https://cdn.shopify.com/s/files/1/0884/0278/8685/files/bamboo-bedding-set-space-blue-2-person-bedroom-lifestyle.jpg?v=1786104405;https://cdn.shopify.com/s/files/1/0884/0278/8685/files/bamboo-bedding-set-space-blue-2-person-button-detail.jpg?v=1786104413;https://cdn.shopify.com/s/files/1/0884/0278/8685/files/bamboo-bedding-set-space-blue-2-person-bed-styled.jpg?v=1786104422;https://cdn.shopify.com/s/files/1/0884/0278/8685/files/bamboo-bedding-set-space-blue-2-person-linen-stack.jpg?v=1786104430;https://cdn.shopify.com/s/files/1/0884/0278/8685/files/bamboo-bedding-set-space-blue-2-person-bedroom-window.jpg?v=1786104438;https://cdn.shopify.com/s/files/1/0884/0278/8685/files/bamboo-bedding-set-space-blue-2-person-bedroom-wood-frame.jpg?v=1786104447;https://cdn.shopify.com/s/files/1/0884/0278/8685/files/bamboo-bedding-set-space-blue-2-person-bedroom-chairs.jpg?v=1786104455;https://cdn.shopify.com/s/files/1/0884/0278/8685/files/bamboo-bedding-set-space-blue-2-person-pillows-detail.jpg?v=1786104465;https://cdn.shopify.com/s/files/1/0884/0278/8685/files/bamboo-bedding-set-space-blue-2-person-pillow-single.jpg?v=1786104475;https://cdn.shopify.com/s/files/1/0884/0278/8685/files/bamboo-bedding-set-space-blue-2-person-fabric-drape.jpg?v=1786104484;https://cdn.shopify.com/s/files/1/0884/0278/8685/files/bamboo-bedding-set-space-blue-2-person-tie-detail.jpg?v=1786104492
2222214020060,Boomba Bamboo,"Bambus-Bettwäscheset für 2 Personen, Space Blue, 400TC",https://www.maisondecocon.com/products/2-person-bamboo-bedding-set-space-blue-400tc?variant=54471606174029,,"Ein hochwertiges, modernes Bettwäscheset aus Bambus mit einer Fadenzahl von 400TC für zwei Personen in der Farbe „Space Blue“ – atmungsaktiv, hypoallergen für einen Schlaf wie im Hotel.",561.00,Heimtextilien > Bettwäsche > Bettwäsche-Sets,M — 140×200 + 200×220 + 60×70,Space Blue,9.00,0.00,0.00,4-7 Werktage,https://cdn.shopify.com/s/files/1/0884/0278/8685/files/bamboo-bedding-set-space-blue-2-person-bedroom-lifestyle.jpg?v=1786104405;https://cdn.shopify.com/s/files/1/0884/0278/8685/files/bamboo-bedding-set-space-blue-2-person-button-detail.jpg?v=1786104413;https://cdn.shopify.com/s/files/1/0884/0278/8685/files/bamboo-bedding-set-space-blue-2-person-bed-styled.jpg?v=1786104422;https://cdn.shopify.com/s/files/1/0884/0278/8685/files/bamboo-bedding-set-space-blue-2-person-linen-stack.jpg?v=1786104430;https://cdn.shopify.com/s/files/1/0884/0278/8685/files/bamboo-bedding-set-space-blue-2-person-bedroom-window.jpg?v=1786104438;https://cdn.shopify.com/s/files/1/0884/0278/8685/files/bamboo-bedding-set-space-blue-2-person-bedroom-wood-frame.jpg?v=1786104447;https://cdn.shopify.com/s/files/1/0884/0278/8685/files/bamboo-bedding-set-space-blue-2-person-bedroom-chairs.jpg?v=1786104455;https://cdn.shopify.com/s/files/1/0884/0278/8685/files/bamboo-bedding-set-space-blue-2-person-pillows-detail.jpg?v=1786104465;https://cdn.shopify.com/s/files/1/0884/0278/8685/files/bamboo-bedding-set-space-blue-2-person-pillow-single.jpg?v=1786104475;https://cdn.shopify.com/s/files/1/0884/0278/8685/files/bamboo-bedding-set-space-blue-2-person-fabric-drape.jpg?v=1786104484;https://cdn.shopify.com/s/files/1/0884/0278/8685/files/bamboo-bedding-set-space-blue-2-person-tie-detail.jpg?v=1786104492
2222218024060,Boomba Bamboo,"Bambus-Bettwäscheset für 2 Personen, Space Blue, 400TC",https://www.maisondecocon.com/products/2-person-bamboo-bedding-set-space-blue-400tc?variant=54471606239565,,"Ein hochwertiges, modernes Bettwäscheset aus Bambus mit einer Fadenzahl von 400TC für zwei Personen in der Farbe „Space Blue“ – atmungsaktiv, hypoallergen für einen Schlaf wie im Hotel.",642.00,Heimtextilien > Bettwäsche > Bettwäsche-Sets,XL — 180×200 + 240×220 + 60×70,Space Blue,9.00,0.00,0.00,4-7 Werktage,https://cdn.shopify.com/s/files/1/0884/0278/8685/files/bamboo-bedding-set-space-blue-2-person-bedroom-lifestyle.jpg?v=1786104405;https://cdn.shopify.com/s/files/1/0884/0278/8685/files/bamboo-bedding-set-space-blue-2-person-button-detail.jpg?v=1786104413;https://cdn.shopify.com/s/files/1/0884/0278/8685/files/bamboo-bedding-set-space-blue-2-person-bed-styled.jpg?v=1786104422;https://cdn.shopify.com/s/files/1/0884/0278/8685/files/bamboo-bedding-set-space-blue-2-person-linen-stack.jpg?v=1786104430;https://cdn.shopify.com/s/files/1/0884/0278/8685/files/bamboo-bedding-set-space-blue-2-person-bedroom-window.jpg?v=1786104438;https://cdn.shopify.com/s/files/1/0884/0278/8685/files/bamboo-bedding-set-space-blue-2-person-bedroom-wood-frame.jpg?v=1786104447;https://cdn.shopify.com/s/files/1/0884/0278/8685/files/bamboo-bedding-set-space-blue-2-person-bedroom-chairs.jpg?v=1786104455;https://cdn.shopify.com/s/files/1/0884/0278/8685/files/bamboo-bedding-set-space-blue-2-person-pillows-detail.jpg?v=1786104465;https://cdn.shopify.com/s/files/1/0884/0278/8685/files/bamboo-bedding-set-space-blue-2-person-pillow-single.jpg?v=1786104475;https://cdn.shopify.com/s/files/1/0884/0278/8685/files/bamboo-bedding-set-space-blue-2-person-fabric-drape.jpg?v=1786104484;https://cdn.shopify.com/s/files/1/0884/0278/8685/files/bamboo-bedding-set-space-blue-2-person-tie-detail.jpg?v=1786104492
2222220026060,Boomba Bamboo,"Bambus-Bettwäscheset für 2 Personen, Space Blue, 400TC",https://www.maisondecocon.com/products/2-person-bamboo-bedding-set-space-blue-400tc?variant=54471606272333,,"Ein hochwertiges, modernes Bettwäscheset aus Bambus mit einer Fadenzahl von 400TC für zwei Personen in der Farbe „Space Blue“ – atmungsaktiv, hypoallergen für einen Schlaf wie im Hotel.",669.00,Heimtextilien > Bettwäsche > Bettwäsche-Sets,XXL — 200×200 + 260×240 + 60×70,Space Blue,9.00,0.00,0.00,4-7 Werktage,https://cdn.shopify.com/s/files/1/0884/0278/8685/files/bamboo-bedding-set-space-blue-2-person-bedroom-lifestyle.jpg?v=1786104405;https://cdn.shopify.com/s/files/1/0884/0278/8685/files/bamboo-bedding-set-space-blue-2-person-button-detail.jpg?v=1786104413;https://cdn.shopify.com/s/files/1/0884/0278/8685/files/bamboo-bedding-set-space-blue-2-person-bed-styled.jpg?v=1786104422;https://cdn.shopify.com/s/files/1/0884/0278/8685/files/bamboo-bedding-set-space-blue-2-person-linen-stack.jpg?v=1786104430;https://cdn.shopify.com/s/files/1/0884/0278/8685/files/bamboo-bedding-set-space-blue-2-person-bedroom-window.jpg?v=1786104438;https://cdn.shopify.com/s/files/1/0884/0278/8685/files/bamboo-bedding-set-space-blue-2-person-bedroom-wood-frame.jpg?v=1786104447;https://cdn.shopify.com/s/files/1/0884/0278/8685/files/bamboo-bedding-set-space-blue-2-person-bedroom-chairs.jpg?v=1786104455;https://cdn.shopify.com/s/files/1/0884/0278/8685/files/bamboo-bedding-set-space-blue-2-person-pillows-detail.jpg?v=1786104465;https://cdn.shopify.com/s/files/1/0884/0278/8685/files/bamboo-bedding-set-space-blue-2-person-pillow-single.jpg?v=1786104475;https://cdn.shopify.com/s/files/1/0884/0278/8685/files/bamboo-bedding-set-space-blue-2-person-fabric-drape.jpg?v=1786104484;https://cdn.shopify.com/s/files/1/0884/0278/8685/files/bamboo-bedding-set-space-blue-2-person-tie-detail.jpg?v=1786104492
1111120026060,Boomba Bamboo,"Bambus-Bettwäscheset für 2 Personen, Soft Taupe, 400TC",https://www.maisondecocon.com/products/2-person-bamboo-bedding-set-soft-taupe-400tc?variant=54471606403405,,"Ein warmes, elegantes Bettwäscheset aus Bambus mit einer Fadenzahl von 400TC für zwei Personen in der Farbe „Soft Taupe“ – atmungsaktiv, hypoallergen für einen Schlaf wie im Hotel.",669.00,Heimtextilien > Bettwäsche > Bettwäsche-Sets,XXL — 200×200 + 260×240 + 60×70,Soft Taupe,9.00,0.00,0.00,4-7 Werktage,https://cdn.shopify.com/s/files/1/0884/0278/8685/files/bamboo-bedding-set-soft-taupe-2-person-bedroom-lifestyle.jpg?v=1786103879;https://cdn.shopify.com/s/files/1/0884/0278/8685/files/bamboo-bedding-set-soft-taupe-2-person-button-detail.jpg?v=1786103935;https://cdn.shopify.com/s/files/1/0884/0278/8685/files/bamboo-bedding-set-soft-taupe-2-person-fabric-drape.jpg?v=1786103888;https://cdn.shopify.com/s/files/1/0884/0278/8685/files/bamboo-bedding-set-soft-taupe-2-person-fitted-sheet-detail.jpg?v=1786103896;https://cdn.shopify.com/s/files/1/0884/0278/8685/files/bamboo-bedding-set-soft-taupe-2-person-fabric-fold.jpg?v=1786103904;https://cdn.shopify.com/s/files/1/0884/0278/8685/files/bamboo-bedding-set-soft-taupe-2-person-bedroom-chair.jpg?v=1786103912;https://cdn.shopify.com/s/files/1/0884/0278/8685/files/bamboo-bedding-set-soft-taupe-2-person-bedroom-wide.jpg?v=1786103919;https://cdn.shopify.com/s/files/1/0884/0278/8685/files/bamboo-bedding-set-soft-taupe-2-person-bedroom-wood-frame.jpg?v=1786103927;https://cdn.shopify.com/s/files/1/0884/0278/8685/files/bamboo-bedding-set-soft-taupe-2-person-tie-detail.jpg?v=1786103944;https://cdn.shopify.com/s/files/1/0884/0278/8685/files/bamboo-bedding-set-soft-taupe-2-person-bed-full.jpg?v=1786103953;https://cdn.shopify.com/s/files/1/0884/0278/8685/files/bamboo-bedding-set-soft-taupe-2-person-pillows-detail.jpg?v=1786103960
1111118024060,Boomba Bamboo,"Bambus-Bettwäscheset für 2 Personen, Soft Taupe, 400TC",https://www.maisondecocon.com/products/2-person-bamboo-bedding-set-soft-taupe-400tc?variant=54471606370637,,"Ein warmes, elegantes Bettwäscheset aus Bambus mit einer Fadenzahl von 400TC für zwei Personen in der Farbe „Soft Taupe“ – atmungsaktiv, hypoallergen für einen Schlaf wie im Hotel.",642.00,Heimtextilien > Bettwäsche > Bettwäsche-Sets,XL — 180×200 + 240×220 + 60×70,Soft Taupe,9.00,0.00,0.00,4-7 Werktage,https://cdn.shopify.com/s/files/1/0884/0278/8685/files/bamboo-bedding-set-soft-taupe-2-person-bedroom-lifestyle.jpg?v=1786103879;https://cdn.shopify.com/s/files/1/0884/0278/8685/files/bamboo-bedding-set-soft-taupe-2-person-button-detail.jpg?v=1786103935;https://cdn.shopify.com/s/files/1/0884/0278/8685/files/bamboo-bedding-set-soft-taupe-2-person-fabric-drape.jpg?v=1786103888;https://cdn.shopify.com/s/files/1/0884/0278/8685/files/bamboo-bedding-set-soft-taupe-2-person-fitted-sheet-detail.jpg?v=1786103896;https://cdn.shopify.com/s/files/1/0884/0278/8685/files/bamboo-bedding-set-soft-taupe-2-person-fabric-fold.jpg?v=1786103904;https://cdn.shopify.com/s/files/1/0884/0278/8685/files/bamboo-bedding-set-soft-taupe-2-person-bedroom-chair.jpg?v=1786103912;https://cdn.shopify.com/s/files/1/0884/0278/8685/files/bamboo-bedding-set-soft-taupe-2-person-bedroom-wide.jpg?v=1786103919;https://cdn.shopify.com/s/files/1/0884/0278/8685/files/bamboo-bedding-set-soft-taupe-2-person-bedroom-wood-frame.jpg?v=1786103927;https://cdn.shopify.com/s/files/1/0884/0278/8685/files/bamboo-bedding-set-soft-taupe-2-person-tie-detail.jpg?v=1786103944;https://cdn.shopify.com/s/files/1/0884/0278/8685/files/bamboo-bedding-set-soft-taupe-2-person-bed-full.jpg?v=1786103953;https://cdn.shopify.com/s/files/1/0884/0278/8685/files/bamboo-bedding-set-soft-taupe-2-person-pillows-detail.jpg?v=1786103960
1111116020060,Boomba Bamboo,"Bambus-Bettwäscheset für 2 Personen, Soft Taupe, 400TC",https://www.maisondecocon.com/products/2-person-bamboo-bedding-set-soft-taupe-400tc?variant=54471606337869,,"Ein warmes, elegantes Bettwäscheset aus Bambus mit einer Fadenzahl von 400TC für zwei Personen in der Farbe „Soft Taupe“ – atmungsaktiv, hypoallergen für einen Schlaf wie im Hotel.",564.00,Heimtextilien > Bettwäsche > Bettwäsche-Sets,L — 160×200 + 200×220 + 60×70,Soft Taupe,9.00,0.00,0.00,4-7 Werktage,https://cdn.shopify.com/s/files/1/0884/0278/8685/files/bamboo-bedding-set-soft-taupe-2-person-bedroom-lifestyle.jpg?v=1786103879;https://cdn.shopify.com/s/files/1/0884/0278/8685/files/bamboo-bedding-set-soft-taupe-2-person-button-detail.jpg?v=1786103935;https://cdn.shopify.com/s/files/1/0884/0278/8685/files/bamboo-bedding-set-soft-taupe-2-person-fabric-drape.jpg?v=1786103888;https://cdn.shopify.com/s/files/1/0884/0278/8685/files/bamboo-bedding-set-soft-taupe-2-person-fitted-sheet-detail.jpg?v=1786103896;https://cdn.shopify.com/s/files/1/0884/0278/8685/files/bamboo-bedding-set-soft-taupe-2-person-fabric-fold.jpg?v=1786103904;https://cdn.shopify.com/s/files/1/0884/0278/8685/files/bamboo-bedding-set-soft-taupe-2-person-bedroom-chair.jpg?v=1786103912;https://cdn.shopify.com/s/files/1/0884/0278/8685/files/bamboo-bedding-set-soft-taupe-2-person-bedroom-wide.jpg?v=1786103919;https://cdn.shopify.com/s/files/1/0884/0278/8685/files/bamboo-bedding-set-soft-taupe-2-person-bedroom-wood-frame.jpg?v=1786103927;https://cdn.shopify.com/s/files/1/0884/0278/8685/files/bamboo-bedding-set-soft-taupe-2-person-tie-detail.jpg?v=1786103944;https://cdn.shopify.com/s/files/1/0884/0278/8685/files/bamboo-bedding-set-soft-taupe-2-person-bed-full.jpg?v=1786103953;https://cdn.shopify.com/s/files/1/0884/0278/8685/files/bamboo-bedding-set-soft-taupe-2-person-pillows-detail.jpg?v=1786103960
1111114020060,Boomba Bamboo,"Bambus-Bettwäscheset für 2 Personen, Soft Taupe, 400TC",https://www.maisondecocon.com/products/2-person-bamboo-bedding-set-soft-taupe-400tc?variant=54471606305101,,"Ein warmes, elegantes Bettwäscheset aus Bambus mit einer Fadenzahl von 400TC für zwei Personen in der Farbe „Soft Taupe“ – atmungsaktiv, hypoallergen für einen Schlaf wie im Hotel.",561.00,Heimtextilien > Bettwäsche > Bettwäsche-Sets,M — 140×200 + 200×220 + 60×70,Soft Taupe,9.00,0.00,0.00,4-7 Werktage,https://cdn.shopify.com/s/files/1/0884/0278/8685/files/bamboo-bedding-set-soft-taupe-2-person-bedroom-lifestyle.jpg?v=1786103879;https://cdn.shopify.com/s/files/1/0884/0278/8685/files/bamboo-bedding-set-soft-taupe-2-person-button-detail.jpg?v=1786103935;https://cdn.shopify.com/s/files/1/0884/0278/8685/files/bamboo-bedding-set-soft-taupe-2-person-fabric-drape.jpg?v=1786103888;https://cdn.shopify.com/s/files/1/0884/0278/8685/files/bamboo-bedding-set-soft-taupe-2-person-fitted-sheet-detail.jpg?v=1786103896;https://cdn.shopify.com/s/files/1/0884/0278/8685/files/bamboo-bedding-set-soft-taupe-2-person-fabric-fold.jpg?v=1786103904;https://cdn.shopify.com/s/files/1/0884/0278/8685/files/bamboo-bedding-set-soft-taupe-2-person-bedroom-chair.jpg?v=1786103912;https://cdn.shopify.com/s/files/1/0884/0278/8685/files/bamboo-bedding-set-soft-taupe-2-person-bedroom-wide.jpg?v=1786103919;https://cdn.shopify.com/s/files/1/0884/0278/8685/files/bamboo-bedding-set-soft-taupe-2-person-bedroom-wood-frame.jpg?v=1786103927;https://cdn.shopify.com/s/files/1/0884/0278/8685/files/bamboo-bedding-set-soft-taupe-2-person-tie-detail.jpg?v=1786103944;https://cdn.shopify.com/s/files/1/0884/0278/8685/files/bamboo-bedding-set-soft-taupe-2-person-bed-full.jpg?v=1786103953;https://cdn.shopify.com/s/files/1/0884/0278/8685/files/bamboo-bedding-set-soft-taupe-2-person-pillows-detail.jpg?v=1786103960
5555518024060,Boomba Bamboo,"Bambus-Bettwäscheset für 2 Personen, „Coco White“, 400TC",https://www.maisondecocon.com/products/white-bamboo-bedding-set-2-person-400tc-tanboocel-coco-white?variant=54471607157069,,"Ein luxuriös weiches Bettwäscheset aus Bambus mit einer Fadenzahl von 400TC für zwei Personen im frischen, zeitlosen Farbton „Coco White“ – atmungsaktiv, hypoallergen für einen Schlaf wie im Hotel.",642.00,Heimtextilien > Bettwäsche > Bettwäsche-Sets,XL — 180×200 + 240×220 + 60×70,Coco White,9.00,0.00,0.00,4-7 Werktage,https://cdn.shopify.com/s/files/1/0884/0278/8685/files/bamboo-bedding-set-coco-white-2-person-window-lifestyle.jpg?v=1786099507;https://cdn.shopify.com/s/files/1/0884/0278/8685/files/bamboo-bedding-set-coco-white-2-person-wall-art-lifestyle.jpg?v=1786099516;https://cdn.shopify.com/s/files/1/0884/0278/8685/files/bamboo-bedding-set-coco-white-2-person-fitted-sheet-detail.jpg?v=1786099524;https://cdn.shopify.com/s/files/1/0884/0278/8685/files/bamboo-bedding-set-coco-white-2-person-fabric-gather.jpg?v=1786099532;https://cdn.shopify.com/s/files/1/0884/0278/8685/files/bamboo-bedding-set-coco-white-2-person-fabric-texture.jpg?v=1786099545;https://cdn.shopify.com/s/files/1/0884/0278/8685/files/bamboo-bedding-set-coco-white-2-person-bedroom-wood-frame.jpg?v=1786100067;https://cdn.shopify.com/s/files/1/0884/0278/8685/files/bamboo-bedding-set-coco-white-2-person-bedroom-angle.jpg?v=1786100078;https://cdn.shopify.com/s/files/1/0884/0278/8685/files/bamboo-bedding-set-coco-white-2-person-pillows-detail.jpg?v=1786100087;https://cdn.shopify.com/s/files/1/0884/0278/8685/files/bamboo-bedding-set-coco-white-2-person-linen-stack.jpg?v=1786100096;https://cdn.shopify.com/s/files/1/0884/0278/8685/files/bamboo-bedding-set-coco-white-2-person-pillow-close-up.jpg?v=1786100105;https://cdn.shopify.com/s/files/1/0884/0278/8685/files/bamboo-bedding-set-coco-white-2-person-button-detail.jpg?v=1786100114
5555516020060,Boomba Bamboo,"Bambus-Bettwäscheset für 2 Personen, „Coco White“, 400TC",https://www.maisondecocon.com/products/white-bamboo-bedding-set-2-person-400tc-tanboocel-coco-white?variant=54471607124301,,"Ein luxuriös weiches Bettwäscheset aus Bambus mit einer Fadenzahl von 400TC für zwei Personen im frischen, zeitlosen Farbton „Coco White“ – atmungsaktiv, hypoallergen für einen Schlaf wie im Hotel.",564.00,Heimtextilien > Bettwäsche > Bettwäsche-Sets,L — 160×200 + 200×220 + 60×70,Coco White,9.00,0.00,0.00,4-7 Werktage,https://cdn.shopify.com/s/files/1/0884/0278/8685/files/bamboo-bedding-set-coco-white-2-person-window-lifestyle.jpg?v=1786099507;https://cdn.shopify.com/s/files/1/0884/0278/8685/files/bamboo-bedding-set-coco-white-2-person-wall-art-lifestyle.jpg?v=1786099516;https://cdn.shopify.com/s/files/1/0884/0278/8685/files/bamboo-bedding-set-coco-white-2-person-fitted-sheet-detail.jpg?v=1786099524;https://cdn.shopify.com/s/files/1/0884/0278/8685/files/bamboo-bedding-set-coco-white-2-person-fabric-gather.jpg?v=1786099532;https://cdn.shopify.com/s/files/1/0884/0278/8685/files/bamboo-bedding-set-coco-white-2-person-fabric-texture.jpg?v=1786099545;https://cdn.shopify.com/s/files/1/0884/0278/8685/files/bamboo-bedding-set-coco-white-2-person-bedroom-wood-frame.jpg?v=1786100067;https://cdn.shopify.com/s/files/1/0884/0278/8685/files/bamboo-bedding-set-coco-white-2-person-bedroom-angle.jpg?v=1786100078;https://cdn.shopify.com/s/files/1/0884/0278/8685/files/bamboo-bedding-set-coco-white-2-person-pillows-detail.jpg?v=1786100087;https://cdn.shopify.com/s/files/1/0884/0278/8685/files/bamboo-bedding-set-coco-white-2-person-linen-stack.jpg?v=1786100096;https://cdn.shopify.com/s/files/1/0884/0278/8685/files/bamboo-bedding-set-coco-white-2-person-pillow-close-up.jpg?v=1786100105;https://cdn.shopify.com/s/files/1/0884/0278/8685/files/bamboo-bedding-set-coco-white-2-person-button-detail.jpg?v=1786100114
5555520026060,Boomba Bamboo,"Bambus-Bettwäscheset für 2 Personen, „Coco White“, 400TC",https://www.maisondecocon.com/products/white-bamboo-bedding-set-2-person-400tc-tanboocel-coco-white?variant=54471607189837,,"Ein luxuriös weiches Bettwäscheset aus Bambus mit einer Fadenzahl von 400TC für zwei Personen im frischen, zeitlosen Farbton „Coco White“ – atmungsaktiv, hypoallergen für einen Schlaf wie im Hotel.",669.00,Heimtextilien > Bettwäsche > Bettwäsche-Sets,XXL — 200×200 + 260×240 + 60×70,Coco White,9.00,0.00,0.00,4-7 Werktage,https://cdn.shopify.com/s/files/1/0884/0278/8685/files/bamboo-bedding-set-coco-white-2-person-window-lifestyle.jpg?v=1786099507;https://cdn.shopify.com/s/files/1/0884/0278/8685/files/bamboo-bedding-set-coco-white-2-person-wall-art-lifestyle.jpg?v=1786099516;https://cdn.shopify.com/s/files/1/0884/0278/8685/files/bamboo-bedding-set-coco-white-2-person-fitted-sheet-detail.jpg?v=1786099524;https://cdn.shopify.com/s/files/1/0884/0278/8685/files/bamboo-bedding-set-coco-white-2-person-fabric-gather.jpg?v=1786099532;https://cdn.shopify.com/s/files/1/0884/0278/8685/files/bamboo-bedding-set-coco-white-2-person-fabric-texture.jpg?v=1786099545;https://cdn.shopify.com/s/files/1/0884/0278/8685/files/bamboo-bedding-set-coco-white-2-person-bedroom-wood-frame.jpg?v=1786100067;https://cdn.shopify.com/s/files/1/0884/0278/8685/files/bamboo-bedding-set-coco-white-2-person-bedroom-angle.jpg?v=1786100078;https://cdn.shopify.com/s/files/1/0884/0278/8685/files/bamboo-bedding-set-coco-white-2-person-pillows-detail.jpg?v=1786100087;https://cdn.shopify.com/s/files/1/0884/0278/8685/files/bamboo-bedding-set-coco-white-2-person-linen-stack.jpg?v=1786100096;https://cdn.shopify.com/s/files/1/0884/0278/8685/files/bamboo-bedding-set-coco-white-2-person-pillow-close-up.jpg?v=1786100105;https://cdn.shopify.com/s/files/1/0884/0278/8685/files/bamboo-bedding-set-coco-white-2-person-button-detail.jpg?v=1786100114
5555514020060,Boomba Bamboo,"Bambus-Bettwäscheset für 2 Personen, „Coco White“, 400TC",https://www.maisondecocon.com/products/white-bamboo-bedding-set-2-person-400tc-tanboocel-coco-white?variant=54471607091533,,"Ein luxuriös weiches Bettwäscheset aus Bambus mit einer Fadenzahl von 400TC für zwei Personen im frischen, zeitlosen Farbton „Coco White“ – atmungsaktiv, hypoallergen für einen Schlaf wie im Hotel.",561.00,Heimtextilien > Bettwäsche > Bettwäsche-Sets,M — 140×200 + 200×220 + 60×70,Coco White,9.00,0.00,0.00,4-7 Werktage,https://cdn.shopify.com/s/files/1/0884/0278/8685/files/bamboo-bedding-set-coco-white-2-person-window-lifestyle.jpg?v=1786099507;https://cdn.shopify.com/s/files/1/0884/0278/8685/files/bamboo-bedding-set-coco-white-2-person-wall-art-lifestyle.jpg?v=1786099516;https://cdn.shopify.com/s/files/1/0884/0278/8685/files/bamboo-bedding-set-coco-white-2-person-fitted-sheet-detail.jpg?v=1786099524;https://cdn.shopify.com/s/files/1/0884/0278/8685/files/bamboo-bedding-set-coco-white-2-person-fabric-gather.jpg?v=1786099532;https://cdn.shopify.com/s/files/1/0884/0278/8685/files/bamboo-bedding-set-coco-white-2-person-fabric-texture.jpg?v=1786099545;https://cdn.shopify.com/s/files/1/0884/0278/8685/files/bamboo-bedding-set-coco-white-2-person-bedroom-wood-frame.jpg?v=1786100067;https://cdn.shopify.com/s/files/1/0884/0278/8685/files/bamboo-bedding-set-coco-white-2-person-bedroom-angle.jpg?v=1786100078;https://cdn.shopify.com/s/files/1/0884/0278/8685/files/bamboo-bedding-set-coco-white-2-person-pillows-detail.jpg?v=1786100087;https://cdn.shopify.com/s/files/1/0884/0278/8685/files/bamboo-bedding-set-coco-white-2-person-linen-stack.jpg?v=1786100096;https://cdn.shopify.com/s/files/1/0884/0278/8685/files/bamboo-bedding-set-coco-white-2-person-pillow-close-up.jpg?v=1786100105;https://cdn.shopify.com/s/files/1/0884/0278/8685/files/bamboo-bedding-set-coco-white-2-person-button-detail.jpg?v=1786100114
3333339014050,Boomba Bamboo,"Bambus-Bettwäscheset für 1 Person, salbeigrün, 400TC",https://www.maisondecocon.com/products/light-green-bamboo-bedding-set-1-person-400tc-tanboocel-sage-green?variant=54471607255373,,"Ein luxuriös weiches Bettwäscheset aus Bambus mit einer Fadenzahl von 400TC für eine Person in beruhigendem Salbeigrün – atmungsaktiv, hypoallergen für einen Schlaf wie im Hotel.",492.00,Heimtextilien > Bettwäsche > Bettwäsche-Sets,L — 90×200 + 140×220 + 50×75,Sage Green,9.00,0.00,0.00,4-7 Werktage,https://cdn.shopify.com/s/files/1/0884/0278/8685/files/bamboo-bedding-set-sage-green-1-person-bedroom-lifestyle.jpg?v=1786098283;https://cdn.shopify.com/s/files/1/0884/0278/8685/files/bamboo-bedding-set-sage-green-1-person-button-detail.jpg?v=1786098321;https://cdn.shopify.com/s/files/1/0884/0278/8685/files/bamboo-bedding-set-sage-green-1-person-bedroom-wall.jpg?v=1786098330;https://cdn.shopify.com/s/files/1/0884/0278/8685/files/bamboo-bedding-set-sage-green-1-person-fabric-drape.jpg?v=1786098340;https://cdn.shopify.com/s/files/1/0884/0278/8685/files/bamboo-bedding-set-sage-green-1-person-fabric-fold.jpg?v=1786098350;https://cdn.shopify.com/s/files/1/0884/0278/8685/files/bamboo-bedding-set-sage-green-1-person-flat-lay.jpg?v=1786098363;https://cdn.shopify.com/s/files/1/0884/0278/8685/files/bamboo-bedding-set-sage-green-1-person-fabric-texture.jpg?v=1786098373;https://cdn.shopify.com/s/files/1/0884/0278/8685/files/bamboo-bedding-set-sage-green-1-person-chair-styled.jpg?v=1786098385;https://cdn.shopify.com/s/files/1/0884/0278/8685/files/bamboo-bedding-set-sage-green-1-person-bed-foot.jpg?v=1786098395;https://cdn.shopify.com/s/files/1/0884/0278/8685/files/bamboo-bedding-set-sage-green-1-person-packaging-set.jpg?v=1786098404
3333338014050,Boomba Bamboo,"Bambus-Bettwäscheset für 1 Person, salbeigrün, 400TC",https://www.maisondecocon.com/products/light-green-bamboo-bedding-set-1-person-400tc-tanboocel-sage-green?variant=54471607222605,,"Ein luxuriös weiches Bettwäscheset aus Bambus mit einer Fadenzahl von 400TC für eine Person in beruhigendem Salbeigrün – atmungsaktiv, hypoallergen für einen Schlaf wie im Hotel.",483.00,Heimtextilien > Bettwäsche > Bettwäsche-Sets,M — 80×200 + 140×220 + 50×75,Sage Green,9.00,0.00,0.00,4-7 Werktage,https://cdn.shopify.com/s/files/1/0884/0278/8685/files/bamboo-bedding-set-sage-green-1-person-bedroom-lifestyle.jpg?v=1786098283;https://cdn.shopify.com/s/files/1/0884/0278/8685/files/bamboo-bedding-set-sage-green-1-person-button-detail.jpg?v=1786098321;https://cdn.shopify.com/s/files/1/0884/0278/8685/files/bamboo-bedding-set-sage-green-1-person-bedroom-wall.jpg?v=1786098330;https://cdn.shopify.com/s/files/1/0884/0278/8685/files/bamboo-bedding-set-sage-green-1-person-fabric-drape.jpg?v=1786098340;https://cdn.shopify.com/s/files/1/0884/0278/8685/files/bamboo-bedding-set-sage-green-1-person-fabric-fold.jpg?v=1786098350;https://cdn.shopify.com/s/files/1/0884/0278/8685/files/bamboo-bedding-set-sage-green-1-person-flat-lay.jpg?v=1786098363;https://cdn.shopify.com/s/files/1/0884/0278/8685/files/bamboo-bedding-set-sage-green-1-person-fabric-texture.jpg?v=1786098373;https://cdn.shopify.com/s/files/1/0884/0278/8685/files/bamboo-bedding-set-sage-green-1-person-chair-styled.jpg?v=1786098385;https://cdn.shopify.com/s/files/1/0884/0278/8685/files/bamboo-bedding-set-sage-green-1-person-bed-foot.jpg?v=1786098395;https://cdn.shopify.com/s/files/1/0884/0278/8685/files/bamboo-bedding-set-sage-green-1-person-packaging-set.jpg?v=1786098404
8720828225356,Boomba Bamboo,"Bambus-Spannbetttuch für Matratzenauflage, himmelblau, 400TC",https://www.maisondecocon.com/products/bamboo-fitted-sheet-for-mattress-topper-sky-blue-400tc?variant=54471607451981,8720828225356,"Ein hochwertiges Spannbetttuch aus 100 % Bambus für Matratzenauflagen mit einer Dicke von bis zu 10 cm in der Farbe „Sky Blue“ – aus seidenweichem Tanboocel™-Gewebe mit einer Fadenzahl von 400TC, das atmungsaktiv und temperaturregulierend ist und Ihnen das ganze Jahr über einen kühlen Schlaf beschert.",156.00,Heimtextilien > Bettwäsche > Spannbettlaken,180x200 cm,Sky Blue,9.00,0.00,0.00,4-7 Werktage,https://cdn.shopify.com/s/files/1/0884/0278/8685/files/bamboo-fitted-sheet-mattress-topper-sky-blue-seam-detail.jpg?v=1786097156;https://cdn.shopify.com/s/files/1/0884/0278/8685/files/bamboo-fitted-sheet-mattress-topper-sky-blue-corner-detail.jpg?v=1786097143;https://cdn.shopify.com/s/files/1/0884/0278/8685/files/bamboo-fitted-sheet-mattress-topper-sky-blue-fabric-texture.jpg?v=1786097166;https://cdn.shopify.com/s/files/1/0884/0278/8685/files/bamboo-fitted-sheet-mattress-topper-sky-blue-fabric-drape.jpg?v=1786097175;https://cdn.shopify.com/s/files/1/0884/0278/8685/files/bamboo-fitted-sheet-mattress-topper-sky-blue-packaging.jpg?v=1786097187
8720828225349,Boomba Bamboo,"Bambus-Spannbetttuch für Matratzenauflage, himmelblau, 400TC",https://www.maisondecocon.com/products/bamboo-fitted-sheet-for-mattress-topper-sky-blue-400tc?variant=54471607484749,8720828225349,"Ein hochwertiges Spannbetttuch aus 100 % Bambus für Matratzenauflagen mit einer Dicke von bis zu 10 cm in der Farbe „Sky Blue“ – aus seidenweichem Tanboocel™-Gewebe mit einer Fadenzahl von 400TC, das atmungsaktiv und temperaturregulierend ist und Ihnen das ganze Jahr über einen kühlen Schlaf beschert.",147.00,Heimtextilien > Bettwäsche > Spannbettlaken,160x200 cm,Sky Blue,9.00,0.00,0.00,4-7 Werktage,https://cdn.shopify.com/s/files/1/0884/0278/8685/files/bamboo-fitted-sheet-mattress-topper-sky-blue-seam-detail.jpg?v=1786097156;https://cdn.shopify.com/s/files/1/0884/0278/8685/files/bamboo-fitted-sheet-mattress-topper-sky-blue-corner-detail.jpg?v=1786097143;https://cdn.shopify.com/s/files/1/0884/0278/8685/files/bamboo-fitted-sheet-mattress-topper-sky-blue-fabric-texture.jpg?v=1786097166;https://cdn.shopify.com/s/files/1/0884/0278/8685/files/bamboo-fitted-sheet-mattress-topper-sky-blue-fabric-drape.jpg?v=1786097175;https://cdn.shopify.com/s/files/1/0884/0278/8685/files/bamboo-fitted-sheet-mattress-topper-sky-blue-packaging.jpg?v=1786097187
8720828225400,Boomba Bamboo,"Bambus-Spannbetttuch für Matratzenauflage, himmelblau, 400TC",https://www.maisondecocon.com/products/bamboo-fitted-sheet-for-mattress-topper-sky-blue-400tc?variant=54471607288141,8720828225400,"Ein hochwertiges Spannbetttuch aus 100 % Bambus für Matratzenauflagen mit einer Dicke von bis zu 10 cm in der Farbe „Sky Blue“ – aus seidenweichem Tanboocel™-Gewebe mit einer Fadenzahl von 400TC, das atmungsaktiv und temperaturregulierend ist und Ihnen das ganze Jahr über einen kühlen Schlaf beschert.",180.00,Heimtextilien > Bettwäsche > Spannbettlaken,200x220/210 cm,Sky Blue,9.00,0.00,0.00,4-7 Werktage,https://cdn.shopify.com/s/files/1/0884/0278/8685/files/bamboo-fitted-sheet-mattress-topper-sky-blue-seam-detail.jpg?v=1786097156;https://cdn.shopify.com/s/files/1/0884/0278/8685/files/bamboo-fitted-sheet-mattress-topper-sky-blue-corner-detail.jpg?v=1786097143;https://cdn.shopify.com/s/files/1/0884/0278/8685/files/bamboo-fitted-sheet-mattress-topper-sky-blue-fabric-texture.jpg?v=1786097166;https://cdn.shopify.com/s/files/1/0884/0278/8685/files/bamboo-fitted-sheet-mattress-topper-sky-blue-fabric-drape.jpg?v=1786097175;https://cdn.shopify.com/s/files/1/0884/0278/8685/files/bamboo-fitted-sheet-mattress-topper-sky-blue-packaging.jpg?v=1786097187
8720828225332,Boomba Bamboo,"Bambus-Spannbetttuch für Matratzenauflage, himmelblau, 400TC",https://www.maisondecocon.com/products/bamboo-fitted-sheet-for-mattress-topper-sky-blue-400tc?variant=54471607517517,8720828225332,"Ein hochwertiges Spannbetttuch aus 100 % Bambus für Matratzenauflagen mit einer Dicke von bis zu 10 cm in der Farbe „Sky Blue“ – aus seidenweichem Tanboocel™-Gewebe mit einer Fadenzahl von 400TC, das atmungsaktiv und temperaturregulierend ist und Ihnen das ganze Jahr über einen kühlen Schlaf beschert.",144.00,Heimtextilien > Bettwäsche > Spannbettlaken,140x200 cm,Sky Blue,9.00,0.00,0.00,4-7 Werktage,https://cdn.shopify.com/s/files/1/0884/0278/8685/files/bamboo-fitted-sheet-mattress-topper-sky-blue-seam-detail.jpg?v=1786097156;https://cdn.shopify.com/s/files/1/0884/0278/8685/files/bamboo-fitted-sheet-mattress-topper-sky-blue-corner-detail.jpg?v=1786097143;https://cdn.shopify.com/s/files/1/0884/0278/8685/files/bamboo-fitted-sheet-mattress-topper-sky-blue-fabric-texture.jpg?v=1786097166;https://cdn.shopify.com/s/files/1/0884/0278/8685/files/bamboo-fitted-sheet-mattress-topper-sky-blue-fabric-drape.jpg?v=1786097175;https://cdn.shopify.com/s/files/1/0884/0278/8685/files/bamboo-fitted-sheet-mattress-topper-sky-blue-packaging.jpg?v=1786097187
8720828225370,Boomba Bamboo,"Bambus-Spannbetttuch für Matratzenauflage, himmelblau, 400TC",https://www.maisondecocon.com/products/bamboo-fitted-sheet-for-mattress-topper-sky-blue-400tc?variant=54471607386445,8720828225370,"Ein hochwertiges Spannbetttuch aus 100 % Bambus für Matratzenauflagen mit einer Dicke von bis zu 10 cm in der Farbe „Sky Blue“ – aus seidenweichem Tanboocel™-Gewebe mit einer Fadenzahl von 400TC, das atmungsaktiv und temperaturregulierend ist und Ihnen das ganze Jahr über einen kühlen Schlaf beschert.",162.00,Heimtextilien > Bettwäsche > Spannbettlaken,180x220/210 cm,Sky Blue,9.00,0.00,0.00,4-7 Werktage,https://cdn.shopify.com/s/files/1/0884/0278/8685/files/bamboo-fitted-sheet-mattress-topper-sky-blue-seam-detail.jpg?v=1786097156;https://cdn.shopify.com/s/files/1/0884/0278/8685/files/bamboo-fitted-sheet-mattress-topper-sky-blue-corner-detail.jpg?v=1786097143;https://cdn.shopify.com/s/files/1/0884/0278/8685/files/bamboo-fitted-sheet-mattress-topper-sky-blue-fabric-texture.jpg?v=1786097166;https://cdn.shopify.com/s/files/1/0884/0278/8685/files/bamboo-fitted-sheet-mattress-topper-sky-blue-fabric-drape.jpg?v=1786097175;https://cdn.shopify.com/s/files/1/0884/0278/8685/files/bamboo-fitted-sheet-mattress-topper-sky-blue-packaging.jpg?v=1786097187
8720828225387,Boomba Bamboo,"Bambus-Spannbetttuch für Matratzenauflage, himmelblau, 400TC",https://www.maisondecocon.com/products/bamboo-fitted-sheet-for-mattress-topper-sky-blue-400tc?variant=54471607353677,8720828225387,"Ein hochwertiges Spannbetttuch aus 100 % Bambus für Matratzenauflagen mit einer Dicke von bis zu 10 cm in der Farbe „Sky Blue“ – aus seidenweichem Tanboocel™-Gewebe mit einer Fadenzahl von 400TC, das atmungsaktiv und temperaturregulierend ist und Ihnen das ganze Jahr über einen kühlen Schlaf beschert.",168.00,Heimtextilien > Bettwäsche > Spannbettlaken,200x200 cm,Sky Blue,9.00,0.00,0.00,4-7 Werktage,https://cdn.shopify.com/s/files/1/0884/0278/8685/files/bamboo-fitted-sheet-mattress-topper-sky-blue-seam-detail.jpg?v=1786097156;https://cdn.shopify.com/s/files/1/0884/0278/8685/files/bamboo-fitted-sheet-mattress-topper-sky-blue-corner-detail.jpg?v=1786097143;https://cdn.shopify.com/s/files/1/0884/0278/8685/files/bamboo-fitted-sheet-mattress-topper-sky-blue-fabric-texture.jpg?v=1786097166;https://cdn.shopify.com/s/files/1/0884/0278/8685/files/bamboo-fitted-sheet-mattress-topper-sky-blue-fabric-drape.jpg?v=1786097175;https://cdn.shopify.com/s/files/1/0884/0278/8685/files/bamboo-fitted-sheet-mattress-topper-sky-blue-packaging.jpg?v=1786097187
8720828225363,Boomba Bamboo,"Bambus-Spannbetttuch für Matratzenauflage, himmelblau, 400TC",https://www.maisondecocon.com/products/bamboo-fitted-sheet-for-mattress-topper-sky-blue-400tc?variant=54471607419213,8720828225363,"Ein hochwertiges Spannbetttuch aus 100 % Bambus für Matratzenauflagen mit einer Dicke von bis zu 10 cm in der Farbe „Sky Blue“ – aus seidenweichem Tanboocel™-Gewebe mit einer Fadenzahl von 400TC, das atmungsaktiv und temperaturregulierend ist und Ihnen das ganze Jahr über einen kühlen Schlaf beschert.",159.00,Heimtextilien > Bettwäsche > Spannbettlaken,180x210 cm,Sky Blue,9.00,0.00,0.00,4-7 Werktage,https://cdn.shopify.com/s/files/1/0884/0278/8685/files/bamboo-fitted-sheet-mattress-topper-sky-blue-seam-detail.jpg?v=1786097156;https://cdn.shopify.com/s/files/1/0884/0278/8685/files/bamboo-fitted-sheet-mattress-topper-sky-blue-corner-detail.jpg?v=1786097143;https://cdn.shopify.com/s/files/1/0884/0278/8685/files/bamboo-fitted-sheet-mattress-topper-sky-blue-fabric-texture.jpg?v=1786097166;https://cdn.shopify.com/s/files/1/0884/0278/8685/files/bamboo-fitted-sheet-mattress-topper-sky-blue-fabric-drape.jpg?v=1786097175;https://cdn.shopify.com/s/files/1/0884/0278/8685/files/bamboo-fitted-sheet-mattress-topper-sky-blue-packaging.jpg?v=1786097187
8720828225394,Boomba Bamboo,"Bambus-Spannbetttuch für Matratzenauflage, himmelblau, 400TC",https://www.maisondecocon.com/products/bamboo-fitted-sheet-for-mattress-topper-sky-blue-400tc?variant=54471607320909,8720828225394,"Ein hochwertiges Spannbetttuch aus 100 % Bambus für Matratzenauflagen mit einer Dicke von bis zu 10 cm in der Farbe „Sky Blue“ – aus seidenweichem Tanboocel™-Gewebe mit einer Fadenzahl von 400TC, das atmungsaktiv und temperaturregulierend ist und Ihnen das ganze Jahr über einen kühlen Schlaf beschert.",174.00,Heimtextilien > Bettwäsche > Spannbettlaken,200x210 cm,Sky Blue,9.00,0.00,0.00,4-7 Werktage,https://cdn.shopify.com/s/files/1/0884/0278/8685/files/bamboo-fitted-sheet-mattress-topper-sky-blue-seam-detail.jpg?v=1786097156;https://cdn.shopify.com/s/files/1/0884/0278/8685/files/bamboo-fitted-sheet-mattress-topper-sky-blue-corner-detail.jpg?v=1786097143;https://cdn.shopify.com/s/files/1/0884/0278/8685/files/bamboo-fitted-sheet-mattress-topper-sky-blue-fabric-texture.jpg?v=1786097166;https://cdn.shopify.com/s/files/1/0884/0278/8685/files/bamboo-fitted-sheet-mattress-topper-sky-blue-fabric-drape.jpg?v=1786097175;https://cdn.shopify.com/s/files/1/0884/0278/8685/files/bamboo-fitted-sheet-mattress-topper-sky-blue-packaging.jpg?v=1786097187
B265655,Coco & Cici,Eco Bamboo Kissenbezug Hazel,https://www.maisondecocon.com/products/eco-bamboo-pillowcase-hazel?variant=54522565329229,8721184400494,"Unser Kissenbezug Eco Bamboo in Hazel: weich, atmungsaktiv und für jede Jahreszeit geeignet, mit einer 2 cm breiten Rüsche.",50.31,Heimtextilien > Bettwäsche > Kissenbezüge,65x65,Hazel,10.00,0.00,0.00,4-7 Werktage,https://cdn.shopify.com/s/files/1/0884/0278/8685/files/eco-bamboo-pillowcase-hazel-styled-01.png?v=1790431534
B280805,Coco & Cici,Eco Bamboo Kissenbezug Hazel,https://www.maisondecocon.com/products/eco-bamboo-pillowcase-hazel?variant=54522565361997,8721184400500,"Unser Kissenbezug Eco Bamboo in Hazel: weich, atmungsaktiv und für jede Jahreszeit geeignet, mit einer 2 cm breiten Rüsche.",59.31,Heimtextilien > Bettwäsche > Kissenbezüge,80x80,Hazel,10.00,0.00,0.00,4-7 Werktage,https://cdn.shopify.com/s/files/1/0884/0278/8685/files/eco-bamboo-pillowcase-hazel-styled-01.png?v=1790431534
B260705,Coco & Cici,Eco Bamboo Kissenbezug Hazel,https://www.maisondecocon.com/products/eco-bamboo-pillowcase-hazel?variant=54522565165389,8721184400432,"Unser Kissenbezug Eco Bamboo in Hazel: weich, atmungsaktiv und für jede Jahreszeit geeignet, mit einer 2 cm breiten Rüsche.",50.31,Heimtextilien > Bettwäsche > Kissenbezüge,60x70,Hazel,10.00,0.00,0.00,4-7 Werktage,https://cdn.shopify.com/s/files/1/0884/0278/8685/files/eco-bamboo-pillowcase-hazel-styled-01.png?v=1790431534
B250905,Coco & Cici,Eco Bamboo Kissenbezug Hazel,https://www.maisondecocon.com/products/eco-bamboo-pillowcase-hazel?variant=54522565296461,8721184400487,"Unser Kissenbezug Eco Bamboo in Hazel: weich, atmungsaktiv und für jede Jahreszeit geeignet, mit einer 2 cm breiten Rüsche.",55.71,Heimtextilien > Bettwäsche > Kissenbezüge,50x90,Hazel,10.00,0.00,0.00,4-7 Werktage,https://cdn.shopify.com/s/files/1/0884/0278/8685/files/eco-bamboo-pillowcase-hazel-styled-01.png?v=1790431534
B250605,Coco & Cici,Eco Bamboo Kissenbezug Hazel,https://www.maisondecocon.com/products/eco-bamboo-pillowcase-hazel?variant=54522565198157,8721184400449,"Unser Kissenbezug Eco Bamboo in Hazel: weich, atmungsaktiv und für jede Jahreszeit geeignet, mit einer 2 cm breiten Rüsche.",44.91,Heimtextilien > Bettwäsche > Kissenbezüge,50x60,Hazel,10.00,0.00,0.00,4-7 Werktage,https://cdn.shopify.com/s/files/1/0884/0278/8685/files/eco-bamboo-pillowcase-hazel-styled-01.png?v=1790431534
B250755,Coco & Cici,Eco Bamboo Kissenbezug Hazel,https://www.maisondecocon.com/products/eco-bamboo-pillowcase-hazel?variant=54522565263693,8721184400470,"Unser Kissenbezug Eco Bamboo in Hazel: weich, atmungsaktiv und für jede Jahreszeit geeignet, mit einer 2 cm breiten Rüsche.",50.31,Heimtextilien > Bettwäsche > Kissenbezüge,50x75,Hazel,10.00,0.00,0.00,4-7 Werktage,https://cdn.shopify.com/s/files/1/0884/0278/8685/files/eco-bamboo-pillowcase-hazel-styled-01.png?v=1790431534
B240805,Coco & Cici,Eco Bamboo Kissenbezug Hazel,https://www.maisondecocon.com/products/eco-bamboo-pillowcase-hazel?variant=54522565230925,8721184400456,"Unser Kissenbezug Eco Bamboo in Hazel: weich, atmungsaktiv und für jede Jahreszeit geeignet, mit einer 2 cm breiten Rüsche.",46.71,Heimtextilien > Bettwäsche > Kissenbezüge,40x80,Hazel,10.00,0.00,0.00,4-7 Werktage,https://cdn.shopify.com/s/files/1/0884/0278/8685/files/eco-bamboo-pillowcase-hazel-styled-01.png?v=1790431534
TMNDM05,Coco & Cici,TENCEL™ Nachthemd Damen Off White,https://www.maisondecocon.com/products/tencel-nightgown-ladies-off-white?variant=54522568212813,8721184400838,"Ein locker sitzendes Nachthemd im Boyfriend-Stil in der Farbe Off White, gefertigt aus TENCEL™. Ultraweich, mit Perlmuttknöpfen und einem gestickten Logo.",119.95,Bekleidung > Damenbekleidung > Nachtwäsche > Nachthemden,M / L,Off White,10.00,0.00,0.00,4-7 Werktage,https://cdn.shopify.com/s/files/1/0884/0278/8685/files/tencel-nightgown-ladies-off-white-styled-01.jpg?v=1790432418;https://cdn.shopify.com/s/files/1/0884/0278/8685/files/tencel-nightgown-ladies-off-white-styled-02.jpg?v=1790432418;https://cdn.shopify.com/s/files/1/0884/0278/8685/files/tencel-nightgown-ladies-off-white-styled-03.jpg?v=1790432418;https://cdn.shopify.com/s/files/1/0884/0278/8685/files/tencel-nightgown-ladies-off-white-styled-04.jpg?v=1790432418;https://cdn.shopify.com/s/files/1/0884/0278/8685/files/tencel-nightgown-ladies-off-white-lifestyle-01.jpg?v=1790432418;https://cdn.shopify.com/s/files/1/0884/0278/8685/files/tencel-nightgown-ladies-off-white-lifestyle-02.jpg?v=1790432418
TMNDL05,Coco & Cici,TENCEL™ Nachthemd Damen Off White,https://www.maisondecocon.com/products/tencel-nightgown-ladies-off-white?variant=54522568245581,8721184400845,"Ein locker sitzendes Nachthemd im Boyfriend-Stil in der Farbe Off White, gefertigt aus TENCEL™. Ultraweich, mit Perlmuttknöpfen und einem gestickten Logo.",119.95,Bekleidung > Damenbekleidung > Nachtwäsche > Nachthemden,L / XL,Off White,10.00,0.00,0.00,4-7 Werktage,https://cdn.shopify.com/s/files/1/0884/0278/8685/files/tencel-nightgown-ladies-off-white-styled-01.jpg?v=1790432418;https://cdn.shopify.com/s/files/1/0884/0278/8685/files/tencel-nightgown-ladies-off-white-styled-02.jpg?v=1790432418;https://cdn.shopify.com/s/files/1/0884/0278/8685/files/tencel-nightgown-ladies-off-white-styled-03.jpg?v=1790432418;https://cdn.shopify.com/s/files/1/0884/0278/8685/files/tencel-nightgown-ladies-off-white-styled-04.jpg?v=1790432418;https://cdn.shopify.com/s/files/1/0884/0278/8685/files/tencel-nightgown-ladies-off-white-lifestyle-01.jpg?v=1790432418;https://cdn.shopify.com/s/files/1/0884/0278/8685/files/tencel-nightgown-ladies-off-white-lifestyle-02.jpg?v=1790432418
TMNDEL05,Coco & Cici,TENCEL™ Nachthemd Damen Off White,https://www.maisondecocon.com/products/tencel-nightgown-ladies-off-white?variant=54522568278349,8721184401019,"Ein locker sitzendes Nachthemd im Boyfriend-Stil in der Farbe Off White, gefertigt aus TENCEL™. Ultraweich, mit Perlmuttknöpfen und einem gestickten Logo.",119.95,Bekleidung > Damenbekleidung > Nachtwäsche > Nachthemden,XL / XXL,Off White,10.00,0.00,0.00,4-7 Werktage,https://cdn.shopify.com/s/files/1/0884/0278/8685/files/tencel-nightgown-ladies-off-white-styled-01.jpg?v=1790432418;https://cdn.shopify.com/s/files/1/0884/0278/8685/files/tencel-nightgown-ladies-off-white-styled-02.jpg?v=1790432418;https://cdn.shopify.com/s/files/1/0884/0278/8685/files/tencel-nightgown-ladies-off-white-styled-03.jpg?v=1790432418;https://cdn.shopify.com/s/files/1/0884/0278/8685/files/tencel-nightgown-ladies-off-white-styled-04.jpg?v=1790432418;https://cdn.shopify.com/s/files/1/0884/0278/8685/files/tencel-nightgown-ladies-off-white-lifestyle-01.jpg?v=1790432418;https://cdn.shopify.com/s/files/1/0884/0278/8685/files/tencel-nightgown-ladies-off-white-lifestyle-02.jpg?v=1790432418
TMNDS08,Coco & Cici,TENCEL™ Nachthemd Damen Dunkelblau,https://www.maisondecocon.com/products/tencel-nightgown-ladies-dark-blue?variant=54522568311117,8721184400883,"Ein locker sitzendes Nachthemd im Boyfriend-Stil in Dunkelblau, aus TENCEL™. Ultraweich, mit Perlmuttknöpfen und einem gestickten Logo.",119.95,Bekleidung > Damenbekleidung > Nachtwäsche > Nachthemden,S / M,Dark Blue,10.00,0.00,0.00,4-7 Werktage,https://cdn.shopify.com/s/files/1/0884/0278/8685/files/tencel-nightgown-ladies-dark-blue-styled-01.jpg?v=1790432419;https://cdn.shopify.com/s/files/1/0884/0278/8685/files/tencel-nightgown-ladies-dark-blue-styled-02.jpg?v=1790432419;https://cdn.shopify.com/s/files/1/0884/0278/8685/files/tencel-nightgown-ladies-dark-blue-styled-03.jpg?v=1790432419;https://cdn.shopify.com/s/files/1/0884/0278/8685/files/tencel-nightgown-ladies-dark-blue-styled-04.jpg?v=1790432419;https://cdn.shopify.com/s/files/1/0884/0278/8685/files/tencel-nightgown-ladies-dark-blue-lifestyle-01.jpg?v=1790432419;https://cdn.shopify.com/s/files/1/0884/0278/8685/files/tencel-nightgown-ladies-dark-blue-lifestyle-02.jpg?v=1790432419;https://cdn.shopify.com/s/files/1/0884/0278/8685/files/tencel-nightgown-ladies-dark-blue-detail-01.png?v=1790432419;https://cdn.shopify.com/s/files/1/0884/0278/8685/files/tencel-nightgown-ladies-dark-blue-packshot-01.png?v=1790432419;https://cdn.shopify.com/s/files/1/0884/0278/8685/files/tencel-nightgown-ladies-dark-blue-packshot-02.png?v=1790432419
TMNDM08,Coco & Cici,TENCEL™ Nachthemd Damen Dunkelblau,https://www.maisondecocon.com/products/tencel-nightgown-ladies-dark-blue?variant=54522568343885,8721184400890,"Ein locker sitzendes Nachthemd im Boyfriend-Stil in Dunkelblau, aus TENCEL™. Ultraweich, mit Perlmuttknöpfen und einem gestickten Logo.",119.95,Bekleidung > Damenbekleidung > Nachtwäsche > Nachthemden,M/L,Dark Blue,10.00,0.00,0.00,4-7 Werktage,https://cdn.shopify.com/s/files/1/0884/0278/8685/files/tencel-nightgown-ladies-dark-blue-styled-01.jpg?v=1790432419;https://cdn.shopify.com/s/files/1/0884/0278/8685/files/tencel-nightgown-ladies-dark-blue-styled-02.jpg?v=1790432419;https://cdn.shopify.com/s/files/1/0884/0278/8685/files/tencel-nightgown-ladies-dark-blue-styled-03.jpg?v=1790432419;https://cdn.shopify.com/s/files/1/0884/0278/8685/files/tencel-nightgown-ladies-dark-blue-styled-04.jpg?v=1790432419;https://cdn.shopify.com/s/files/1/0884/0278/8685/files/tencel-nightgown-ladies-dark-blue-lifestyle-01.jpg?v=1790432419;https://cdn.shopify.com/s/files/1/0884/0278/8685/files/tencel-nightgown-ladies-dark-blue-lifestyle-02.jpg?v=1790432419;https://cdn.shopify.com/s/files/1/0884/0278/8685/files/tencel-nightgown-ladies-dark-blue-detail-01.png?v=1790432419;https://cdn.shopify.com/s/files/1/0884/0278/8685/files/tencel-nightgown-ladies-dark-blue-packshot-01.png?v=1790432419;https://cdn.shopify.com/s/files/1/0884/0278/8685/files/tencel-nightgown-ladies-dark-blue-packshot-02.png?v=1790432419
TMNDL08,Coco & Cici,TENCEL™ Nachthemd Damen Dunkelblau,https://www.maisondecocon.com/products/tencel-nightgown-ladies-dark-blue?variant=54522568376653,8721184400906,"Ein locker sitzendes Nachthemd im Boyfriend-Stil in Dunkelblau, aus TENCEL™. Ultraweich, mit Perlmuttknöpfen und einem gestickten Logo.",119.95,Bekleidung > Damenbekleidung > Nachtwäsche > Nachthemden,L/XL,Dark Blue,10.00,0.00,0.00,4-7 Werktage,https://cdn.shopify.com/s/files/1/0884/0278/8685/files/tencel-nightgown-ladies-dark-blue-styled-01.jpg?v=1790432419;https://cdn.shopify.com/s/files/1/0884/0278/8685/files/tencel-nightgown-ladies-dark-blue-styled-02.jpg?v=1790432419;https://cdn.shopify.com/s/files/1/0884/0278/8685/files/tencel-nightgown-ladies-dark-blue-styled-03.jpg?v=1790432419;https://cdn.shopify.com/s/files/1/0884/0278/8685/files/tencel-nightgown-ladies-dark-blue-styled-04.jpg?v=1790432419;https://cdn.shopify.com/s/files/1/0884/0278/8685/files/tencel-nightgown-ladies-dark-blue-lifestyle-01.jpg?v=1790432419;https://cdn.shopify.com/s/files/1/0884/0278/8685/files/tencel-nightgown-ladies-dark-blue-lifestyle-02.jpg?v=1790432419;https://cdn.shopify.com/s/files/1/0884/0278/8685/files/tencel-nightgown-ladies-dark-blue-detail-01.png?v=1790432419;https://cdn.shopify.com/s/files/1/0884/0278/8685/files/tencel-nightgown-ladies-dark-blue-packshot-01.png?v=1790432419;https://cdn.shopify.com/s/files/1/0884/0278/8685/files/tencel-nightgown-ladies-dark-blue-packshot-02.png?v=1790432419
TMNDEL08,Coco & Cici,TENCEL™ Nachthemd Damen Dunkelblau,https://www.maisondecocon.com/products/tencel-nightgown-ladies-dark-blue?variant=54522568409421,8721184401033,"Ein locker sitzendes Nachthemd im Boyfriend-Stil in Dunkelblau, aus TENCEL™. Ultraweich, mit Perlmuttknöpfen und einem gestickten Logo.",119.95,Bekleidung > Damenbekleidung > Nachtwäsche > Nachthemden,XL/XXL,Dark Blue,10.00,0.00,0.00,4-7 Werktage,https://cdn.shopify.com/s/files/1/0884/0278/8685/files/tencel-nightgown-ladies-dark-blue-styled-01.jpg?v=1790432419;https://cdn.shopify.com/s/files/1/0884/0278/8685/files/tencel-nightgown-ladies-dark-blue-styled-02.jpg?v=1790432419;https://cdn.shopify.com/s/files/1/0884/0278/8685/files/tencel-nightgown-ladies-dark-blue-styled-03.jpg?v=1790432419;https://cdn.shopify.com/s/files/1/0884/0278/8685/files/tencel-nightgown-ladies-dark-blue-styled-04.jpg?v=1790432419;https://cdn.shopify.com/s/files/1/0884/0278/8685/files/tencel-nightgown-ladies-dark-blue-lifestyle-01.jpg?v=1790432419;https://cdn.shopify.com/s/files/1/0884/0278/8685/files/tencel-nightgown-ladies-dark-blue-lifestyle-02.jpg?v=1790432419;https://cdn.shopify.com/s/files/1/0884/0278/8685/files/tencel-nightgown-ladies-dark-blue-detail-01.png?v=1790432419;https://cdn.shopify.com/s/files/1/0884/0278/8685/files/tencel-nightgown-ladies-dark-blue-packshot-01.png?v=1790432419;https://cdn.shopify.com/s/files/1/0884/0278/8685/files/tencel-nightgown-ladies-dark-blue-packshot-02.png?v=1790432419
TMNDS02,Coco & Cici,TENCEL™ Nachthemd Damen Powder Peach,https://www.maisondecocon.com/products/tencel-nightgown-ladies-powder-peach?variant=54522568442189,8721184400852,"Ein locker sitzendes Nachthemd im Boyfriend-Stil in Powder Peach, gefertigt aus TENCEL™. Ultraweich, mit Perlmuttknöpfen und einem gestickten Logo.",119.95,Bekleidung > Damenbekleidung > Nachtwäsche > Nachthemden,S / M,Powder Peach,10.00,0.00,0.00,4-7 Werktage,https://cdn.shopify.com/s/files/1/0884/0278/8685/files/tencel-nightgown-ladies-powder-peach-styled-01.jpg?v=1790432418;https://cdn.shopify.com/s/files/1/0884/0278/8685/files/tencel-nightgown-ladies-powder-peach-styled-02.jpg?v=1790432418;https://cdn.shopify.com/s/files/1/0884/0278/8685/files/tencel-nightgown-ladies-powder-peach-styled-03.jpg?v=1790432419;https://cdn.shopify.com/s/files/1/0884/0278/8685/files/tencel-nightgown-ladies-powder-peach-lifestyle-01.jpg?v=1790432419;https://cdn.shopify.com/s/files/1/0884/0278/8685/files/tencel-nightgown-ladies-powder-peach-lifestyle-02.jpg?v=1790432419;https://cdn.shopify.com/s/files/1/0884/0278/8685/files/tencel-nightgown-ladies-powder-peach-detail-01.png?v=1790432419;https://cdn.shopify.com/s/files/1/0884/0278/8685/files/tencel-nightgown-ladies-powder-peach-packshot-01.png?v=1790432419;https://cdn.shopify.com/s/files/1/0884/0278/8685/files/tencel-nightgown-ladies-powder-peach-packshot-02.png?v=1790432419
TMNDL02,Coco & Cici,TENCEL™ Nachthemd Damen Powder Peach,https://www.maisondecocon.com/products/tencel-nightgown-ladies-powder-peach?variant=54522568507725,8721184400876,"Ein locker sitzendes Nachthemd im Boyfriend-Stil in Powder Peach, gefertigt aus TENCEL™. Ultraweich, mit Perlmuttknöpfen und einem gestickten Logo.",119.95,Bekleidung > Damenbekleidung > Nachtwäsche > Nachthemden,L / XL,Powder Peach,10.00,0.00,0.00,4-7 Werktage,https://cdn.shopify.com/s/files/1/0884/0278/8685/files/tencel-nightgown-ladies-powder-peach-styled-01.jpg?v=1790432418;https://cdn.shopify.com/s/files/1/0884/0278/8685/files/tencel-nightgown-ladies-powder-peach-styled-02.jpg?v=1790432418;https://cdn.shopify.com/s/files/1/0884/0278/8685/files/tencel-nightgown-ladies-powder-peach-styled-03.jpg?v=1790432419;https://cdn.shopify.com/s/files/1/0884/0278/8685/files/tencel-nightgown-ladies-powder-peach-lifestyle-01.jpg?v=1790432419;https://cdn.shopify.com/s/files/1/0884/0278/8685/files/tencel-nightgown-ladies-powder-peach-lifestyle-02.jpg?v=1790432419;https://cdn.shopify.com/s/files/1/0884/0278/8685/files/tencel-nightgown-ladies-powder-peach-detail-01.png?v=1790432419;https://cdn.shopify.com/s/files/1/0884/0278/8685/files/tencel-nightgown-ladies-powder-peach-packshot-01.png?v=1790432419;https://cdn.shopify.com/s/files/1/0884/0278/8685/files/tencel-nightgown-ladies-powder-peach-packshot-02.png?v=1790432419
TMNDEL02,Coco & Cici,TENCEL™ Nachthemd Damen Powder Peach,https://www.maisondecocon.com/products/tencel-nightgown-ladies-powder-peach?variant=54522568540493,8721184401026,"Ein locker sitzendes Nachthemd im Boyfriend-Stil in Powder Peach, gefertigt aus TENCEL™. Ultraweich, mit Perlmuttknöpfen und einem gestickten Logo.",119.95,Bekleidung > Damenbekleidung > Nachtwäsche > Nachthemden,XL / XXL,Powder Peach,10.00,0.00,0.00,4-7 Werktage,https://cdn.shopify.com/s/files/1/0884/0278/8685/files/tencel-nightgown-ladies-powder-peach-styled-01.jpg?v=1790432418;https://cdn.shopify.com/s/files/1/0884/0278/8685/files/tencel-nightgown-ladies-powder-peach-styled-02.jpg?v=1790432418;https://cdn.shopify.com/s/files/1/0884/0278/8685/files/tencel-nightgown-ladies-powder-peach-styled-03.jpg?v=1790432419;https://cdn.shopify.com/s/files/1/0884/0278/8685/files/tencel-nightgown-ladies-powder-peach-lifestyle-01.jpg?v=1790432419;https://cdn.shopify.com/s/files/1/0884/0278/8685/files/tencel-nightgown-ladies-powder-peach-lifestyle-02.jpg?v=1790432419;https://cdn.shopify.com/s/files/1/0884/0278/8685/files/tencel-nightgown-ladies-powder-peach-detail-01.png?v=1790432419;https://cdn.shopify.com/s/files/1/0884/0278/8685/files/tencel-nightgown-ladies-powder-peach-packshot-01.png?v=1790432419;https://cdn.shopify.com/s/files/1/0884/0278/8685/files/tencel-nightgown-ladies-powder-peach-packshot-02.png?v=1790432419
TMNDM02,Coco & Cici,TENCEL™ Nachthemd Damen Powder Peach,https://www.maisondecocon.com/products/tencel-nightgown-ladies-powder-peach?variant=54522568474957,8721184400869,"Ein locker sitzendes Nachthemd im Boyfriend-Stil in Powder Peach, gefertigt aus TENCEL™. Ultraweich, mit Perlmuttknöpfen und einem gestickten Logo.",119.95,Bekleidung > Damenbekleidung > Nachtwäsche > Nachthemden,M / L,Powder Peach,10.00,0.00,0.00,4-7 Werktage,https://cdn.shopify.com/s/files/1/0884/0278/8685/files/tencel-nightgown-ladies-powder-peach-styled-01.jpg?v=1790432418;https://cdn.shopify.com/s/files/1/0884/0278/8685/files/tencel-nightgown-ladies-powder-peach-styled-02.jpg?v=1790432418;https://cdn.shopify.com/s/files/1/0884/0278/8685/files/tencel-nightgown-ladies-powder-peach-styled-03.jpg?v=1790432419;https://cdn.shopify.com/s/files/1/0884/0278/8685/files/tencel-nightgown-ladies-powder-peach-lifestyle-01.jpg?v=1790432419;https://cdn.shopify.com/s/files/1/0884/0278/8685/files/tencel-nightgown-ladies-powder-peach-lifestyle-02.jpg?v=1790432419;https://cdn.shopify.com/s/files/1/0884/0278/8685/files/tencel-nightgown-ladies-powder-peach-detail-01.png?v=1790432419;https://cdn.shopify.com/s/files/1/0884/0278/8685/files/tencel-nightgown-ladies-powder-peach-packshot-01.png?v=1790432419;https://cdn.shopify.com/s/files/1/0884/0278/8685/files/tencel-nightgown-ladies-powder-peach-packshot-02.png?v=1790432419
TMPSETEL02,Coco & Cici,TENCEL™ Pyjama-Set lang Damen Powder Peach,https://www.maisondecocon.com/products/tencel-pyjama-set-ladies-powder-peach?variant=54522568671565,8721184405147,"Ein klassisches Hemd mit einer locker sitzenden, bequemen Hose in Powder Peach aus TENCEL™ Modal. Atmungsaktiv und besonders weich, mit Perlmuttknöpfen, kontrastierenden Paspeln und einem gestickten Logo.",169.95,Bekleidung > Damenbekleidung > Nachtwäsche > Schlafanzüge,XL,Powder Peach,10.00,0.00,0.00,4-7 Werktage,https://cdn.shopify.com/s/files/1/0884/0278/8685/files/tencel-pyjama-set-ladies-powder-peach-styled-01.jpg?v=1790443794;https://cdn.shopify.com/s/files/1/0884/0278/8685/files/tencel-pyjama-set-ladies-powder-peach-styled-02.jpg?v=1790443794;https://cdn.shopify.com/s/files/1/0884/0278/8685/files/tencel-pyjama-set-ladies-powder-peach-styled-03.jpg?v=1790443838;https://cdn.shopify.com/s/files/1/0884/0278/8685/files/tencel-pyjama-set-ladies-powder-peach-detail-01.jpg?v=1790443838;https://cdn.shopify.com/s/files/1/0884/0278/8685/files/tencel-pyjama-set-ladies-powder-peach-lifestyle-01.png?v=1790443838;https://cdn.shopify.com/s/files/1/0884/0278/8685/files/tencel-pyjama-set-ladies-powder-peach-lifestyle-02.png?v=1790443838;https://cdn.shopify.com/s/files/1/0884/0278/8685/files/tencel-pyjama-set-ladies-powder-peach-lifestyle-03.png?v=1790443838;https://cdn.shopify.com/s/files/1/0884/0278/8685/files/tencel-pyjama-set-ladies-powder-peach-lifestyle-04.png?v=1790443863;https://cdn.shopify.com/s/files/1/0884/0278/8685/files/tencel-pyjama-set-ladies-powder-peach-lifestyle-05.png?v=1790443863;https://cdn.shopify.com/s/files/1/0884/0278/8685/files/tencel-pyjama-set-ladies-powder-peach-packshot-01.png?v=1790443863
TMPSETM02,Coco & Cici,TENCEL™ Pyjama-Set lang Damen Powder Peach,https://www.maisondecocon.com/products/tencel-pyjama-set-ladies-powder-peach?variant=54522568606029,8721184405161,"Ein klassisches Hemd mit einer locker sitzenden, bequemen Hose in Powder Peach aus TENCEL™ Modal. Atmungsaktiv und besonders weich, mit Perlmuttknöpfen, kontrastierenden Paspeln und einem gestickten Logo.",169.95,Bekleidung > Damenbekleidung > Nachtwäsche > Schlafanzüge,M,Powder Peach,10.00,0.00,0.00,4-7 Werktage,https://cdn.shopify.com/s/files/1/0884/0278/8685/files/tencel-pyjama-set-ladies-powder-peach-styled-01.jpg?v=1790443794;https://cdn.shopify.com/s/files/1/0884/0278/8685/files/tencel-pyjama-set-ladies-powder-peach-styled-02.jpg?v=1790443794;https://cdn.shopify.com/s/files/1/0884/0278/8685/files/tencel-pyjama-set-ladies-powder-peach-styled-03.jpg?v=1790443838;https://cdn.shopify.com/s/files/1/0884/0278/8685/files/tencel-pyjama-set-ladies-powder-peach-detail-01.jpg?v=1790443838;https://cdn.shopify.com/s/files/1/0884/0278/8685/files/tencel-pyjama-set-ladies-powder-peach-lifestyle-01.png?v=1790443838;https://cdn.shopify.com/s/files/1/0884/0278/8685/files/tencel-pyjama-set-ladies-powder-peach-lifestyle-02.png?v=1790443838;https://cdn.shopify.com/s/files/1/0884/0278/8685/files/tencel-pyjama-set-ladies-powder-peach-lifestyle-03.png?v=1790443838;https://cdn.shopify.com/s/files/1/0884/0278/8685/files/tencel-pyjama-set-ladies-powder-peach-lifestyle-04.png?v=1790443863;https://cdn.shopify.com/s/files/1/0884/0278/8685/files/tencel-pyjama-set-ladies-powder-peach-lifestyle-05.png?v=1790443863;https://cdn.shopify.com/s/files/1/0884/0278/8685/files/tencel-pyjama-set-ladies-powder-peach-packshot-01.png?v=1790443863
TMPSETS02,Coco & Cici,TENCEL™ Pyjama-Set lang Damen Powder Peach,https://www.maisondecocon.com/products/tencel-pyjama-set-ladies-powder-peach?variant=54522568573261,8721184405178,"Ein klassisches Hemd mit einer locker sitzenden, bequemen Hose in Powder Peach aus TENCEL™ Modal. Atmungsaktiv und besonders weich, mit Perlmuttknöpfen, kontrastierenden Paspeln und einem gestickten Logo.",169.95,Bekleidung > Damenbekleidung > Nachtwäsche > Schlafanzüge,S,Powder Peach,10.00,0.00,0.00,4-7 Werktage,https://cdn.shopify.com/s/files/1/0884/0278/8685/files/tencel-pyjama-set-ladies-powder-peach-styled-01.jpg?v=1790443794;https://cdn.shopify.com/s/files/1/0884/0278/8685/files/tencel-pyjama-set-ladies-powder-peach-styled-02.jpg?v=1790443794;https://cdn.shopify.com/s/files/1/0884/0278/8685/files/tencel-pyjama-set-ladies-powder-peach-styled-03.jpg?v=1790443838;https://cdn.shopify.com/s/files/1/0884/0278/8685/files/tencel-pyjama-set-ladies-powder-peach-detail-01.jpg?v=1790443838;https://cdn.shopify.com/s/files/1/0884/0278/8685/files/tencel-pyjama-set-ladies-powder-peach-lifestyle-01.png?v=1790443838;https://cdn.shopify.com/s/files/1/0884/0278/8685/files/tencel-pyjama-set-ladies-powder-peach-lifestyle-02.png?v=1790443838;https://cdn.shopify.com/s/files/1/0884/0278/8685/files/tencel-pyjama-set-ladies-powder-peach-lifestyle-03.png?v=1790443838;https://cdn.shopify.com/s/files/1/0884/0278/8685/files/tencel-pyjama-set-ladies-powder-peach-lifestyle-04.png?v=1790443863;https://cdn.shopify.com/s/files/1/0884/0278/8685/files/tencel-pyjama-set-ladies-powder-peach-lifestyle-05.png?v=1790443863;https://cdn.shopify.com/s/files/1/0884/0278/8685/files/tencel-pyjama-set-ladies-powder-peach-packshot-01.png?v=1790443863
TMPSETL02,Coco & Cici,TENCEL™ Pyjama-Set lang Damen Powder Peach,https://www.maisondecocon.com/products/tencel-pyjama-set-ladies-powder-peach?variant=54522568638797,8721184405154,"Ein klassisches Hemd mit einer locker sitzenden, bequemen Hose in Powder Peach aus TENCEL™ Modal. Atmungsaktiv und besonders weich, mit Perlmuttknöpfen, kontrastierenden Paspeln und einem gestickten Logo.",169.95,Bekleidung > Damenbekleidung > Nachtwäsche > Schlafanzüge,L,Powder Peach,10.00,0.00,0.00,4-7 Werktage,https://cdn.shopify.com/s/files/1/0884/0278/8685/files/tencel-pyjama-set-ladies-powder-peach-styled-01.jpg?v=1790443794;https://cdn.shopify.com/s/files/1/0884/0278/8685/files/tencel-pyjama-set-ladies-powder-peach-styled-02.jpg?v=1790443794;https://cdn.shopify.com/s/files/1/0884/0278/8685/files/tencel-pyjama-set-ladies-powder-peach-styled-03.jpg?v=1790443838;https://cdn.shopify.com/s/files/1/0884/0278/8685/files/tencel-pyjama-set-ladies-powder-peach-detail-01.jpg?v=1790443838;https://cdn.shopify.com/s/files/1/0884/0278/8685/files/tencel-pyjama-set-ladies-powder-peach-lifestyle-01.png?v=1790443838;https://cdn.shopify.com/s/files/1/0884/0278/8685/files/tencel-pyjama-set-ladies-powder-peach-lifestyle-02.png?v=1790443838;https://cdn.shopify.com/s/files/1/0884/0278/8685/files/tencel-pyjama-set-ladies-powder-peach-lifestyle-03.png?v=1790443838;https://cdn.shopify.com/s/files/1/0884/0278/8685/files/tencel-pyjama-set-ladies-powder-peach-lifestyle-04.png?v=1790443863;https://cdn.shopify.com/s/files/1/0884/0278/8685/files/tencel-pyjama-set-ladies-powder-peach-lifestyle-05.png?v=1790443863;https://cdn.shopify.com/s/files/1/0884/0278/8685/files/tencel-pyjama-set-ladies-powder-peach-packshot-01.png?v=1790443863
TMPSETL05,Coco & Cici,TENCEL™ Pyjama-Set lang Damen Off White,https://www.maisondecocon.com/products/tencel-pyjama-set-ladies-off-white?variant=54522568769869,8721184405192,"Ein klassisches Hemd mit einer locker sitzenden, bequemen Hose in Off White aus TENCEL™ Modal. Atmungsaktiv und besonders weich, mit Perlmuttknöpfen, kontrastierenden Paspeln und einem gestickten Logo.",169.95,Bekleidung > Damenbekleidung > Nachtwäsche > Schlafanzüge,L,Off White,10.00,0.00,0.00,4-7 Werktage,https://cdn.shopify.com/s/files/1/0884/0278/8685/files/tencel-pyjama-set-ladies-off-white-styled-01.jpg?v=1790443748;https://cdn.shopify.com/s/files/1/0884/0278/8685/files/tencel-pyjama-set-ladies-off-white-styled-02.jpg?v=1790443748;https://cdn.shopify.com/s/files/1/0884/0278/8685/files/tencel-pyjama-set-ladies-off-white-styled-03.jpg?v=1790443748;https://cdn.shopify.com/s/files/1/0884/0278/8685/files/tencel-pyjama-set-ladies-off-white-detail-01.jpg?v=1790443748;https://cdn.shopify.com/s/files/1/0884/0278/8685/files/tencel-pyjama-set-ladies-off-white-lifestyle-01.png?v=1790443748;https://cdn.shopify.com/s/files/1/0884/0278/8685/files/tencel-pyjama-set-ladies-off-white-lifestyle-02.png?v=1790443794;https://cdn.shopify.com/s/files/1/0884/0278/8685/files/tencel-pyjama-set-ladies-off-white-lifestyle-03.png?v=1790443794;https://cdn.shopify.com/s/files/1/0884/0278/8685/files/tencel-pyjama-set-ladies-off-white-packshot-01.png?v=1790443794
TMPSETEL05,Coco & Cici,TENCEL™ Pyjama-Set lang Damen Off White,https://www.maisondecocon.com/products/tencel-pyjama-set-ladies-off-white?variant=54522568802637,8721184405185,"Ein klassisches Hemd mit einer locker sitzenden, bequemen Hose in Off White aus TENCEL™ Modal. Atmungsaktiv und besonders weich, mit Perlmuttknöpfen, kontrastierenden Paspeln und einem gestickten Logo.",169.95,Bekleidung > Damenbekleidung > Nachtwäsche > Schlafanzüge,XL,Off White,10.00,0.00,0.00,4-7 Werktage,https://cdn.shopify.com/s/files/1/0884/0278/8685/files/tencel-pyjama-set-ladies-off-white-styled-01.jpg?v=1790443748;https://cdn.shopify.com/s/files/1/0884/0278/8685/files/tencel-pyjama-set-ladies-off-white-styled-02.jpg?v=1790443748;https://cdn.shopify.com/s/files/1/0884/0278/8685/files/tencel-pyjama-set-ladies-off-white-styled-03.jpg?v=1790443748;https://cdn.shopify.com/s/files/1/0884/0278/8685/files/tencel-pyjama-set-ladies-off-white-detail-01.jpg?v=1790443748;https://cdn.shopify.com/s/files/1/0884/0278/8685/files/tencel-pyjama-set-ladies-off-white-lifestyle-01.png?v=1790443748;https://cdn.shopify.com/s/files/1/0884/0278/8685/files/tencel-pyjama-set-ladies-off-white-lifestyle-02.png?v=1790443794;https://cdn.shopify.com/s/files/1/0884/0278/8685/files/tencel-pyjama-set-ladies-off-white-lifestyle-03.png?v=1790443794;https://cdn.shopify.com/s/files/1/0884/0278/8685/files/tencel-pyjama-set-ladies-off-white-packshot-01.png?v=1790443794
TMPSETS05,Coco & Cici,TENCEL™ Pyjama-Set lang Damen Off White,https://www.maisondecocon.com/products/tencel-pyjama-set-ladies-off-white?variant=54522568704333,8721184405215,"Ein klassisches Hemd mit einer locker sitzenden, bequemen Hose in Off White aus TENCEL™ Modal. Atmungsaktiv und besonders weich, mit Perlmuttknöpfen, kontrastierenden Paspeln und einem gestickten Logo.",169.95,Bekleidung > Damenbekleidung > Nachtwäsche > Schlafanzüge,S,Off White,10.00,0.00,0.00,4-7 Werktage,https://cdn.shopify.com/s/files/1/0884/0278/8685/files/tencel-pyjama-set-ladies-off-white-styled-01.jpg?v=1790443748;https://cdn.shopify.com/s/files/1/0884/0278/8685/files/tencel-pyjama-set-ladies-off-white-styled-02.jpg?v=1790443748;https://cdn.shopify.com/s/files/1/0884/0278/8685/files/tencel-pyjama-set-ladies-off-white-styled-03.jpg?v=1790443748;https://cdn.shopify.com/s/files/1/0884/0278/8685/files/tencel-pyjama-set-ladies-off-white-detail-01.jpg?v=1790443748;https://cdn.shopify.com/s/files/1/0884/0278/8685/files/tencel-pyjama-set-ladies-off-white-lifestyle-01.png?v=1790443748;https://cdn.shopify.com/s/files/1/0884/0278/8685/files/tencel-pyjama-set-ladies-off-white-lifestyle-02.png?v=1790443794;https://cdn.shopify.com/s/files/1/0884/0278/8685/files/tencel-pyjama-set-ladies-off-white-lifestyle-03.png?v=1790443794;https://cdn.shopify.com/s/files/1/0884/0278/8685/files/tencel-pyjama-set-ladies-off-white-packshot-01.png?v=1790443794
TMPSETM05,Coco & Cici,TENCEL™ Pyjama-Set lang Damen Off White,https://www.maisondecocon.com/products/tencel-pyjama-set-ladies-off-white?variant=54522568737101,8721184405208,"Ein klassisches Hemd mit einer locker sitzenden, bequemen Hose in Off White aus TENCEL™ Modal. Atmungsaktiv und besonders weich, mit Perlmuttknöpfen, kontrastierenden Paspeln und einem gestickten Logo.",169.95,Bekleidung > Damenbekleidung > Nachtwäsche > Schlafanzüge,M,Off White,10.00,0.00,0.00,4-7 Werktage,https://cdn.shopify.com/s/files/1/0884/0278/8685/files/tencel-pyjama-set-ladies-off-white-styled-01.jpg?v=1790443748;https://cdn.shopify.com/s/files/1/0884/0278/8685/files/tencel-pyjama-set-ladies-off-white-styled-02.jpg?v=1790443748;https://cdn.shopify.com/s/files/1/0884/0278/8685/files/tencel-pyjama-set-ladies-off-white-styled-03.jpg?v=1790443748;https://cdn.shopify.com/s/files/1/0884/0278/8685/files/tencel-pyjama-set-ladies-off-white-detail-01.jpg?v=1790443748;https://cdn.shopify.com/s/files/1/0884/0278/8685/files/tencel-pyjama-set-ladies-off-white-lifestyle-01.png?v=1790443748;https://cdn.shopify.com/s/files/1/0884/0278/8685/files/tencel-pyjama-set-ladies-off-white-lifestyle-02.png?v=1790443794;https://cdn.shopify.com/s/files/1/0884/0278/8685/files/tencel-pyjama-set-ladies-off-white-lifestyle-03.png?v=1790443794;https://cdn.shopify.com/s/files/1/0884/0278/8685/files/tencel-pyjama-set-ladies-off-white-packshot-01.png?v=1790443794
SSM06,Coco & Cici,TENCEL™ Satin-Schlafmaske Graugrün S/M,https://www.maisondecocon.com/products/tencel-sateen-sleeping-mask-gray-green?variant=54522568900941,8721184400999,"Eine Schlafmaske aus Satin in der Farbe Graugrün, außen und in der Füllung aus TENCEL™ Lyocell gefertigt, mit einem weichen Gummiband in der Größe S/M.",59.95,Drogerie & Gesundheit > Schlafen > Schlafmasken,,Gray Green,10.00,0.00,0.00,4-7 Werktage,https://cdn.shopify.com/s/files/1/0884/0278/8685/files/tencel-sateen-sleeping-mask-gray-green-styled-01.jpg?v=1790443846;https://cdn.shopify.com/s/files/1/0884/0278/8685/files/tencel-sateen-sleeping-mask-gray-green-styled-02.jpg?v=1790443846;https://cdn.shopify.com/s/files/1/0884/0278/8685/files/tencel-sateen-sleeping-mask-gray-green-detail-01.jpg?v=1790443846;https://cdn.shopify.com/s/files/1/0884/0278/8685/files/tencel-sateen-sleeping-mask-gray-green-lifestyle-01.jpg?v=1790443846;https://cdn.shopify.com/s/files/1/0884/0278/8685/files/tencel-sateen-sleeping-mask-gray-green-lifestyle-02.jpg?v=1790443846
SSM01,Coco & Cici,TENCEL™ Satin-Schlafmaske Weiß S/M,https://www.maisondecocon.com/products/tencel-sateen-sleeping-mask-white?variant=54522568933709,8721184400982,"Eine Schlafmaske aus Satin in Weiß, außen und in der Füllung aus TENCEL™ Lyocell gefertigt, mit einem weichen Gummiband in der Größe S/M.",59.95,Drogerie & Gesundheit > Schlafen > Schlafmasken,,White,10.00,0.00,0.00,4-7 Werktage,https://cdn.shopify.com/s/files/1/0884/0278/8685/files/tencel-sateen-sleeping-mask-white-styled-01.jpg?v=1790443821;https://cdn.shopify.com/s/files/1/0884/0278/8685/files/tencel-sateen-sleeping-mask-white-styled-02.jpg?v=1790443821;https://cdn.shopify.com/s/files/1/0884/0278/8685/files/tencel-sateen-sleeping-mask-white-detail-01.jpg?v=1790443821;https://cdn.shopify.com/s/files/1/0884/0278/8685/files/tencel-sateen-sleeping-mask-white-lifestyle-01.jpg?v=1790443821;https://cdn.shopify.com/s/files/1/0884/0278/8685/files/tencel-sateen-sleeping-mask-white-lifestyle-02.jpg?v=1790443821
5019023000,VIVARAISE,Kissen aus Baumwollsamt Fara Bronze 30×50,https://www.maisondecocon.com/products/cotton-velvet-cushion-fara-bronze-30x50?variant=54710113665357,3210805019078,Ein schlichtes Fara-Kissen aus bronzefarbenem Baumwollsamt mit Fransenrand. Es fühlt sich weich an und fügt sich zu jeder Jahreszeit harmonisch in Ihr Sofa ein.,29.90,Heimtextilien > Dekokissen,,,15.00,0.00,0.00,6-11 Werktage,https://cdn.shopify.com/s/files/1/0884/0278/8685/files/cotton-velvet-cushion-fara-bronze-30x50-1.jpg?v=1790548699;https://cdn.shopify.com/s/files/1/0884/0278/8685/files/cotton-velvet-cushion-fara-bronze-30x50-2.jpg?v=1790548699;https://cdn.shopify.com/s/files/1/0884/0278/8685/files/cotton-velvet-cushion-fara-bronze-30x50-3.jpg?v=1790548699;https://cdn.shopify.com/s/files/1/0884/0278/8685/files/cotton-velvet-cushion-fara-bronze-30x50-4.jpg?v=1790548699
5019030000,VIVARAISE,Kissen aus Baumwollsamt Fara Rosa 30×50,https://www.maisondecocon.com/products/cotton-velvet-cushion-fara-pink-30x50?variant=54710113698125,3210805019061,"Ein schlichtes Fara-Kissen aus rosa Baumwollsamt, verziert mit einem Fransenrand. Es fühlt sich weich an und fügt sich zu jeder Jahreszeit harmonisch in Ihr Sofa ein.",29.90,Heimtextilien > Dekokissen,,,15.00,0.00,0.00,6-11 Werktage,https://cdn.shopify.com/s/files/1/0884/0278/8685/files/cotton-velvet-cushion-fara-pink-30x50-1.jpg?v=1790550541;https://cdn.shopify.com/s/files/1/0884/0278/8685/files/cotton-velvet-cushion-fara-pink-30x50-2.jpg?v=1790550541;https://cdn.shopify.com/s/files/1/0884/0278/8685/files/cotton-velvet-cushion-fara-pink-30x50-3.jpg?v=1790550542
5019085000,VIVARAISE,Kissen aus Baumwollsamt Fara Caramel 30×50,https://www.maisondecocon.com/products/cotton-velvet-cushion-fara-caramel-30x50?variant=54710113763661,3210805019122,"Ein schlichtes Fara-Kissen aus karamellfarbenem Baumwollsamt, verziert mit einem Fransenrand. Es fühlt sich weich an und fügt sich zu jeder Jahreszeit harmonisch in jedes Sofa ein.",29.90,Heimtextilien > Dekokissen,,,15.00,0.00,0.00,6-11 Werktage,https://cdn.shopify.com/s/files/1/0884/0278/8685/files/cotton-velvet-cushion-fara-caramel-30x50-1.jpg?v=1790548745;https://cdn.shopify.com/s/files/1/0884/0278/8685/files/cotton-velvet-cushion-fara-caramel-30x50-2.jpg?v=1790548745;https://cdn.shopify.com/s/files/1/0884/0278/8685/files/cotton-velvet-cushion-fara-caramel-30x50-3.jpg?v=1790548745;https://cdn.shopify.com/s/files/1/0884/0278/8685/files/cotton-velvet-cushion-fara-caramel-30x50-4.jpg?v=1790548745
5015031000,VIVARAISE,Samt-Kissen Fara Rosenholz 45×45,https://www.maisondecocon.com/products/velvet-cushion-fara-rosewood-45x45?variant=54710113861965,3210805015230,Das Kissen Fara in der Farbe „Rosenholz“ ist aus Samt gefertigt und bildet einen schlichten Akzent für ein Sofa oder einen Sessel.,32.90,Heimtextilien > Dekokissen,,,15.00,0.00,0.00,6-11 Werktage,https://cdn.shopify.com/s/files/1/0884/0278/8685/files/velvet-cushion-fara-rosewood-45x45-1.jpg?v=1790548473
5015023000,VIVARAISE,Kissen aus Baumwollsamt Fara Bronze 45×45,https://www.maisondecocon.com/products/cotton-velvet-cushion-fara-bronze-45x45?variant=54710113894733,3210805015070,Ein schlichtes Fara-Kissen aus bronzefarbenem Baumwollsamt mit Fransenrand. Es fühlt sich weich an und fügt sich zu jeder Jahreszeit harmonisch in Ihr Sofa ein.,32.90,Heimtextilien > Dekokissen,,,15.00,0.00,0.00,6-11 Werktage,https://cdn.shopify.com/s/files/1/0884/0278/8685/files/cotton-velvet-cushion-fara-bronze-45x45-1.jpg?v=1790541798;https://cdn.shopify.com/s/files/1/0884/0278/8685/files/cotton-velvet-cushion-fara-bronze-45x45-2.jpg?v=1790541798;https://cdn.shopify.com/s/files/1/0884/0278/8685/files/cotton-velvet-cushion-fara-bronze-45x45-3.jpg?v=1790541798;https://cdn.shopify.com/s/files/1/0884/0278/8685/files/cotton-velvet-cushion-fara-bronze-45x45-4.jpg?v=1790541798
5743031000,VIVARAISE,Kissen Fara Rosenholz 40×65,https://www.maisondecocon.com/products/cushion-fara-rosewood-40x65?variant=54710113927501,3210805743232,Das Kissen Fara in der Farbe „Rosenholz“ ist ein schlichtes Accessoire für Ihr Sofa oder Ihren Sessel.,39.90,Heimtextilien > Dekokissen,,,15.00,0.00,0.00,6-11 Werktage,https://cdn.shopify.com/s/files/1/0884/0278/8685/files/cushion-fara-rosewood-40x65-1.jpg?v=1790548459
5015085000,VIVARAISE,Kissen aus Baumwollsamt Fara Karamel 45×45,https://www.maisondecocon.com/products/cotton-velvet-cushion-fara-caramel-45x45?variant=54710113960269,3210805015131,"Ein schlichtes Fara-Kissen aus karamellfarbenem Baumwollsamt, verziert mit einem Fransenrand. Es fühlt sich weich an und fügt sich zu jeder Jahreszeit harmonisch in jedes Sofa ein.",32.90,Heimtextilien > Dekokissen,,,15.00,0.00,0.00,6-11 Werktage,https://cdn.shopify.com/s/files/1/0884/0278/8685/files/cotton-velvet-cushion-fara-caramel-45x45-1.jpg?v=1790548761;https://cdn.shopify.com/s/files/1/0884/0278/8685/files/cotton-velvet-cushion-fara-caramel-45x45-2.jpg?v=1790548761;https://cdn.shopify.com/s/files/1/0884/0278/8685/files/cotton-velvet-cushion-fara-caramel-45x45-3.jpg?v=1790548761;https://cdn.shopify.com/s/files/1/0884/0278/8685/files/cotton-velvet-cushion-fara-caramel-45x45-4.jpg?v=1790548761
5015043000,VIVARAISE,Kissen aus Baumwollsamt Fara Mirabelle 45×45,https://www.maisondecocon.com/products/cotton-velvet-cushion-fara-mirabelle-45x45?variant=54710114025805,3210805015193,Ein schlichtes Fara-Kissen aus Mirabelle-Baumwollsamt mit Fransenrand. Es fühlt sich weich an und fügt sich zu jeder Jahreszeit harmonisch in Ihr Sofa ein.,32.90,Heimtextilien > Dekokissen,,,15.00,0.00,0.00,6-11 Werktage,https://cdn.shopify.com/s/files/1/0884/0278/8685/files/cotton-velvet-cushion-fara-mirabelle-45x45-1.jpg?v=1790544653;https://cdn.shopify.com/s/files/1/0884/0278/8685/files/cotton-velvet-cushion-fara-mirabelle-45x45-2.jpg?v=1790544653;https://cdn.shopify.com/s/files/1/0884/0278/8685/files/cotton-velvet-cushion-fara-mirabelle-45x45-3.jpg?v=1790544653
5019043000,VIVARAISE,Kissen aus Baumwollsamt Fara Mirabelle 30×50,https://www.maisondecocon.com/products/cotton-velvet-cushion-fara-mirabelle-30x50?variant=54710114058573,3210805019191,Ein schlichtes Fara-Kissen aus Mirabelle-Baumwollsamt mit Fransenrand. Es fühlt sich weich an und fügt sich zu jeder Jahreszeit harmonisch in Ihr Sofa ein.,29.90,Heimtextilien > Dekokissen,,,15.00,0.00,0.00,6-11 Werktage,https://cdn.shopify.com/s/files/1/0884/0278/8685/files/cotton-velvet-cushion-fara-mirabelle-30x50-1.jpg?v=1790544397;https://cdn.shopify.com/s/files/1/0884/0278/8685/files/cotton-velvet-cushion-fara-mirabelle-30x50-2.jpg?v=1790544397;https://cdn.shopify.com/s/files/1/0884/0278/8685/files/cotton-velvet-cushion-fara-mirabelle-30x50-3.jpg?v=1790544397
2411084000,VIVARAISE,"Kissen aus Baumwollsamt Elise, Ocker 40×65",https://www.maisondecocon.com/products/cotton-velvet-cushion-elise-ochre-40x65?variant=54710114419021,3210802411011,"Das Kissen Elise in der Farbe „Ocker“ ist wendbar: Auf der einen Seite besteht es aus Baumwollsamt, auf der anderen aus Baumwoll-Chambray in einem natürlichen Leinenfarbton; es wird mit einem Reißverschluss geschlossen. Es fühlt sich weich an und lässt sich gut mit den übrigen Artikeln der Elise-Kollektion kombinieren.",54.90,Heimtextilien > Dekokissen,,,15.00,0.00,0.00,6-11 Werktage,https://cdn.shopify.com/s/files/1/0884/0278/8685/files/cotton-velvet-cushion-elise-ochre-40x65-1.jpg?v=1790546460;https://cdn.shopify.com/s/files/1/0884/0278/8685/files/cotton-velvet-cushion-elise-ochre-40x65-2.jpg?v=1790546461;https://cdn.shopify.com/s/files/1/0884/0278/8685/files/cotton-velvet-cushion-elise-ochre-40x65-3.jpg?v=1790546461
5749026000,VIVARAISE,Tagesdecke Fara Titan 240×260,https://www.maisondecocon.com/products/bedspread-fara-titanium-240x260?variant=54710114451789,3210805749128,Die Tagesdecke Fara in der Farbe „Titan“ misst 240 × 260 cm.,239.90,Heimtextilien > Tagesdecken,,,15.00,0.00,0.00,6-11 Werktage,https://cdn.shopify.com/s/files/1/0884/0278/8685/files/bedspread-fara-titanium-240x260-1.jpg?v=1790562885;https://cdn.shopify.com/s/files/1/0884/0278/8685/files/bedspread-fara-titanium-240x260-2.jpg?v=1790562885;https://cdn.shopify.com/s/files/1/0884/0278/8685/files/bedspread-fara-titanium-240x260-3.jpg?v=1790562885;https://cdn.shopify.com/s/files/1/0884/0278/8685/files/bedspread-fara-titanium-240x260-4.jpg?v=1790562885
5743043000,VIVARAISE,Kissen aus Baumwollsamt Fara Mirabelle 40×65,https://www.maisondecocon.com/products/cotton-velvet-cushion-fara-mirabelle-40x65?variant=54710115729741,3210805743195,Ein schlichtes Fara-Kissen aus Mirabelle-Baumwollsamt mit Fransenrand. Es fühlt sich weich an und fügt sich zu jeder Jahreszeit harmonisch in Ihr Sofa ein.,39.90,Heimtextilien > Dekokissen,,,15.00,0.00,0.00,6-11 Werktage,https://cdn.shopify.com/s/files/1/0884/0278/8685/files/cotton-velvet-cushion-fara-mirabelle-40x65-1.jpg?v=1790544629;https://cdn.shopify.com/s/files/1/0884/0278/8685/files/cotton-velvet-cushion-fara-mirabelle-40x65-2.jpg?v=1790544629;https://cdn.shopify.com/s/files/1/0884/0278/8685/files/cotton-velvet-cushion-fara-mirabelle-40x65-3.jpg?v=1790544629
2409078000,VIVARAISE,Kissen aus Baumwollsamt Elise in der Farbe „Tabak“ 45×45,https://www.maisondecocon.com/products/cotton-velvet-cushion-elise-tobacco-45x45?variant=54710115828045,3210802409193,"Das Kissen Elise in der Farbe „Tabak“ ist wendbar: Auf der einen Seite besteht es aus Baumwollsamt, auf der anderen aus Baumwoll-Chambray in einem natürlichen Leinenfarbton; es ist mit einem Reißverschluss verschließbar. Es fühlt sich weich an und lässt sich gut mit den übrigen Artikeln der Elise-Kollektion kombinieren.",42.90,Heimtextilien > Dekokissen,,,15.00,0.00,0.00,6-11 Werktage,https://cdn.shopify.com/s/files/1/0884/0278/8685/files/cotton-velvet-cushion-elise-tobacco-45x45-1.jpg?v=1790547795
2411078000,VIVARAISE,Kissen aus Baumwollsamt Elise in der Farbe „Tabak“ 40×65,https://www.maisondecocon.com/products/cotton-velvet-cushion-elise-tobacco-40x65?variant=54710115860813,3210802411141,"Das Kissen Elise in der Farbe „Tabak“ ist wendbar: Auf der einen Seite besteht es aus Baumwollsamt, auf der anderen aus Baumwoll-Chambray in einem natürlichen Leinenfarbton; es ist mit einem Reißverschluss verschließbar. Es fühlt sich weich an und lässt sich gut mit den übrigen Artikeln der Elise-Kollektion kombinieren.",54.90,Heimtextilien > Dekokissen,,,15.00,0.00,0.00,6-11 Werktage,https://cdn.shopify.com/s/files/1/0884/0278/8685/files/cotton-velvet-cushion-elise-tobacco-40x65-1.jpg?v=1790547505
5019078000,VIVARAISE,Kissen aus Baumwollsamt Fara Coffee 30×50,https://www.maisondecocon.com/products/cotton-velvet-cushion-fara-coffee-30x50?variant=54710115926349,3210805019344,Ein schlichtes Fara-Kissen aus kaffeefarbenem Baumwollsamt mit Fransenrand. Es fühlt sich weich an und fügt sich zu jeder Jahreszeit harmonisch in jedes Sofa ein.,29.90,Heimtextilien > Dekokissen,,,15.00,0.00,0.00,6-11 Werktage,https://cdn.shopify.com/s/files/1/0884/0278/8685/files/cotton-velvet-cushion-fara-coffee-30x50-1.jpg?v=1790548709
5019045000,VIVARAISE,Kissen aus Baumwollsamt Fara Zimt 30×50,https://www.maisondecocon.com/products/cotton-velvet-cushion-fara-cinnamon-30x50?variant=54710116024653,3210805019337,Ein schlichtes Fara-Kissen aus zimtfarbenem Baumwollsamt mit Fransenrand. Es fühlt sich weich an und fügt sich zu jeder Jahreszeit harmonisch in Ihr Sofa ein.,29.90,Heimtextilien > Dekokissen,,,15.00,0.00,0.00,6-11 Werktage,https://cdn.shopify.com/s/files/1/0884/0278/8685/files/cotton-velvet-cushion-fara-cinnamon-30x50-1.jpg?v=1790549270
5015078000,VIVARAISE,Kissen aus Baumwollsamt Fara Coffee 45×45,https://www.maisondecocon.com/products/cotton-velvet-cushion-fara-coffee-45x45?variant=54710116057421,3210805015346,Ein schlichtes Fara-Kissen aus kaffeefarbenem Baumwollsamt mit Fransenrand. Es fühlt sich weich an und fügt sich zu jeder Jahreszeit harmonisch in jedes Sofa ein.,32.90,Heimtextilien > Dekokissen,,,15.00,0.00,0.00,6-11 Werktage,https://cdn.shopify.com/s/files/1/0884/0278/8685/files/cotton-velvet-cushion-fara-coffee-45x45-1.jpg?v=1790548724
5743078000,VIVARAISE,Kissen aus Baumwollsamt Fara Coffee 40×65,https://www.maisondecocon.com/products/cotton-velvet-cushion-fara-coffee-40x65?variant=54710116155725,3210805743348,Ein schlichtes Fara-Kissen aus kaffeefarbenem Baumwollsamt mit Fransenrand. Es fühlt sich weich an und fügt sich zu jeder Jahreszeit harmonisch in jedes Sofa ein.,39.90,Heimtextilien > Dekokissen,,,15.00,0.00,0.00,6-11 Werktage,https://cdn.shopify.com/s/files/1/0884/0278/8685/files/cotton-velvet-cushion-fara-coffee-40x65-1.jpg?v=1790544374
5743045000,VIVARAISE,Kissen aus Baumwollsamt Fara Zimt 40×65,https://www.maisondecocon.com/products/cotton-velvet-cushion-fara-cinnamon-40x65?variant=54710116188493,3210805743331,Ein schlichtes Fara-Kissen aus zimtfarbenem Baumwollsamt mit Fransenrand. Es fühlt sich weich an und fügt sich zu jeder Jahreszeit harmonisch in Ihr Sofa ein.,39.90,Heimtextilien > Dekokissen,,,15.00,0.00,0.00,6-11 Werktage,https://cdn.shopify.com/s/files/1/0884/0278/8685/files/cotton-velvet-cushion-fara-cinnamon-40x65-1.jpg?v=1790549284
5792078000,VIVARAISE,Tagesdecke aus Baumwollsamt Fara Coffee 260×260,https://www.maisondecocon.com/products/cotton-velvet-bedspread-fara-coffee-260x260?variant=54710116450637,3210805792148,Eine großzügige Fara-Tagesdecke mit einem Bezug aus kaffeefarbenem Baumwollsamt und einem Fransenbesatz. Ihre üppige Füllung verleiht dem Bett Wärme und Volumen.,269.90,Heimtextilien > Tagesdecken,,,15.00,0.00,0.00,6-11 Werktage,https://cdn.shopify.com/s/files/1/0884/0278/8685/files/cotton-velvet-bedspread-fara-coffee-260x260-1.jpg?v=1790562045
5749015000,VIVARAISE,Tagesdecke aus Baumwollsamt Fara Flachs 240×260,https://www.maisondecocon.com/products/cotton-velvet-bedspread-fara-flax-240x260?variant=54710116516173,3210805749005,Eine großzügige Fara-Tagesdecke mit einem Bezug aus Flachs-Baumwollsamt und Fransenbesatz. Ihre füllige Dicke verleiht dem Bett Wärme und Volumen.,239.90,Heimtextilien > Tagesdecken,,,15.00,0.00,0.00,6-11 Werktage,https://cdn.shopify.com/s/files/1/0884/0278/8685/files/cotton-velvet-bedspread-fara-flax-240x260-1.jpg?v=1790576048;https://cdn.shopify.com/s/files/1/0884/0278/8685/files/cotton-velvet-bedspread-fara-flax-240x260-2.jpg?v=1790576048
5792015000,VIVARAISE,Tagesdecke aus Baumwollsamt Fara Flachs 260×260,https://www.maisondecocon.com/products/cotton-velvet-bedspread-fara-flax-260x260?variant=54710116548941,3210805792001,Eine großzügige Fara-Tagesdecke mit einem Bezug aus Flachs-Baumwollsamt und Fransenbesatz. Ihre füllige Dicke verleiht dem Bett Wärme und Volumen.,269.90,Heimtextilien > Tagesdecken,,,15.00,0.00,0.00,6-11 Werktage,https://cdn.shopify.com/s/files/1/0884/0278/8685/files/cotton-velvet-bedspread-fara-flax-260x260-1.jpg?v=1790576065;https://cdn.shopify.com/s/files/1/0884/0278/8685/files/cotton-velvet-bedspread-fara-flax-260x260-2.jpg?v=1790576065
5019040000,VIVARAISE,Kissen aus Baumwollsamt Fara Curry 30×50,https://www.maisondecocon.com/products/cotton-velvet-cushion-fara-curry-30x50?variant=54710117335373,3210805019085,"Ein schlichtes Fara-Kissen aus Baumwollsamt in der Farbe „Curry“, das mit einem Fransenrand verziert ist. Es fühlt sich weich an und fügt sich zu jeder Jahreszeit harmonisch in Ihr Sofa ein.",29.90,Heimtextilien > Dekokissen,,,15.00,0.00,0.00,6-11 Werktage,https://cdn.shopify.com/s/files/1/0884/0278/8685/files/cotton-velvet-cushion-fara-curry-30x50-1.jpg?v=1790549595;https://cdn.shopify.com/s/files/1/0884/0278/8685/files/cotton-velvet-cushion-fara-curry-30x50-2.jpg?v=1790549595;https://cdn.shopify.com/s/files/1/0884/0278/8685/files/cotton-velvet-cushion-fara-curry-30x50-3.jpg?v=1790549595
2409084000,VIVARAISE,"Kissen aus Baumwollsamt Elise, Ocker 45×45",https://www.maisondecocon.com/products/cotton-velvet-cushion-elise-ochre-45x45?variant=54710117368141,3210802409018,"Das Kissen Elise in der Farbe „Ocker“ ist wendbar: Auf der einen Seite besteht es aus Baumwollsamt, auf der anderen aus Baumwoll-Chambray in einem natürlichen Leinenfarbton; es wird mit einem Reißverschluss geschlossen. Es fühlt sich weich an und lässt sich gut mit den übrigen Artikeln der Elise-Kollektion kombinieren.",42.90,Heimtextilien > Dekokissen,,,15.00,0.00,0.00,6-11 Werktage,https://cdn.shopify.com/s/files/1/0884/0278/8685/files/cotton-velvet-cushion-elise-ochre-45x45-1.jpg?v=1790546491;https://cdn.shopify.com/s/files/1/0884/0278/8685/files/cotton-velvet-cushion-elise-ochre-45x45-2.jpg?v=1790546491;https://cdn.shopify.com/s/files/1/0884/0278/8685/files/cotton-velvet-cushion-elise-ochre-45x45-3.jpg?v=1790546491
5019026000,VIVARAISE,Kissen Fara Titan 30×50,https://www.maisondecocon.com/products/cushion-fara-titanium-30x50?variant=54710117728589,3210805019320,Das Kissen Fara in der Farbe „Titan“ misst 30 × 50 cm.,29.90,Heimtextilien > Dekokissen,,,15.00,0.00,0.00,6-11 Werktage,https://cdn.shopify.com/s/files/1/0884/0278/8685/files/cushion-fara-titanium-30x50-1.jpg?v=1790557563;https://cdn.shopify.com/s/files/1/0884/0278/8685/files/cushion-fara-titanium-30x50-2.jpg?v=1790557563;https://cdn.shopify.com/s/files/1/0884/0278/8685/files/cushion-fara-titanium-30x50-3.jpg?v=1790557563
1278077000,VIVARAISE,Kissen Liwen Kaffee 40×65,https://www.maisondecocon.com/products/cushion-liwen-coffee-40x65?variant=54710117695821,3210801278004,Das Kissen Liwen in der Farbe „Kaffee“ misst 40 × 65 cm.,34.90,Heimtextilien > Dekokissen,,,15.00,0.00,0.00,6-11 Werktage,https://cdn.shopify.com/s/files/1/0884/0278/8685/files/cushion-liwen-coffee-40x65-1.jpg?v=1790553943;https://cdn.shopify.com/s/files/1/0884/0278/8685/files/cushion-liwen-coffee-40x65-2.jpg?v=1790553943;https://cdn.shopify.com/s/files/1/0884/0278/8685/files/cushion-liwen-coffee-40x65-3.jpg?v=1790553943
5015030000,VIVARAISE,Kissen aus Baumwollsamt Fara Rosa 45×45,https://www.maisondecocon.com/products/cotton-velvet-cushion-fara-pink-45x45?variant=54710117794125,3210805015063,"Ein schlichtes Fara-Kissen aus rosa Baumwollsamt, verziert mit einem Fransenrand. Es fühlt sich weich an und fügt sich zu jeder Jahreszeit harmonisch in Ihr Sofa ein.",32.90,Heimtextilien > Dekokissen,,,15.00,0.00,0.00,6-11 Werktage,https://cdn.shopify.com/s/files/1/0884/0278/8685/files/cotton-velvet-cushion-fara-pink-45x45-1.jpg?v=1790550576;https://cdn.shopify.com/s/files/1/0884/0278/8685/files/cotton-velvet-cushion-fara-pink-45x45-2.jpg?v=1790550576;https://cdn.shopify.com/s/files/1/0884/0278/8685/files/cotton-velvet-cushion-fara-pink-45x45-3.jpg?v=1790550576;https://cdn.shopify.com/s/files/1/0884/0278/8685/files/cotton-velvet-cushion-fara-pink-45x45-4.jpg?v=1790550576
2342036000,VIVARAISE,Kissen aus Leinen und Baumwolle Zeff Rooibos 30×50,https://www.maisondecocon.com/products/linen-cotton-cushion-zeff-rooibos-30x50?variant=54710118809933,3210802342100,"Das Kissen Zeff in der Farbe „Rooibos“ kombiniert eine Vorderseite aus Leinen mit einer Rückseite aus Baumwolle und sorgt so für einen schlichten, dezenten Look. Dank der Vorderseite aus 100 % Leinen und der Rückseite aus 100 % Baumwolle bietet es höchsten Komfort.",21.90,Heimtextilien > Dekokissen,,,15.00,0.00,0.00,6-11 Werktage,https://cdn.shopify.com/s/files/1/0884/0278/8685/files/linen-cotton-cushion-zeff-rooibos-30x50-1.jpg?v=1790558771;https://cdn.shopify.com/s/files/1/0884/0278/8685/files/linen-cotton-cushion-zeff-rooibos-30x50-2.jpg?v=1790558771;https://cdn.shopify.com/s/files/1/0884/0278/8685/files/linen-cotton-cushion-zeff-rooibos-30x50-3.jpg?v=1790558771
2363085000,VIVARAISE,Kissen aus Leinen und Baumwolle Zeff Bronze 45×45,https://www.maisondecocon.com/products/linen-cotton-cushion-zeff-bronze-45x45?variant=54710118875469,3210802363112,"Das Kissen Zeff in Bronze vereint eine Vorderseite aus Leinen mit einer Rückseite aus Baumwolle und sorgt so für einen schlichten, dezenten Look. Dank der Vorderseite aus 100 % Leinen und der Rückseite aus 100 % Baumwolle bietet es höchsten Komfort.",24.90,Heimtextilien > Dekokissen,,,15.00,0.00,0.00,6-11 Werktage,https://cdn.shopify.com/s/files/1/0884/0278/8685/files/linen-cotton-cushion-zeff-bronze-45x45-1.jpg?v=1790557903;https://cdn.shopify.com/s/files/1/0884/0278/8685/files/linen-cotton-cushion-zeff-bronze-45x45-2.jpg?v=1790557903;https://cdn.shopify.com/s/files/1/0884/0278/8685/files/linen-cotton-cushion-zeff-bronze-45x45-3.jpg?v=1790557903
2363036000,VIVARAISE,Kissen aus Leinen und Baumwolle Zeff Rooibos 45×45,https://www.maisondecocon.com/products/linen-cotton-cushion-zeff-rooibos-45x45?variant=54710119170381,3210802363105,"Das Kissen Zeff in der Farbe „Rooibos“ kombiniert eine Vorderseite aus Leinen mit einer Rückseite aus Baumwolle und sorgt so für einen schlichten, dezenten Look. Dank der Vorderseite aus 100 % Leinen und der Rückseite aus 100 % Baumwolle bietet es höchsten Komfort.",24.90,Heimtextilien > Dekokissen,,,15.00,0.00,0.00,6-11 Werktage,https://cdn.shopify.com/s/files/1/0884/0278/8685/files/linen-cotton-cushion-zeff-rooibos-45x45-1.jpg?v=1790559032;https://cdn.shopify.com/s/files/1/0884/0278/8685/files/linen-cotton-cushion-zeff-rooibos-45x45-2.jpg?v=1790559032;https://cdn.shopify.com/s/files/1/0884/0278/8685/files/linen-cotton-cushion-zeff-rooibos-45x45-3.jpg?v=1790559032
5015021000,VIVARAISE,Kissen Fara Olive 45×45,https://www.maisondecocon.com/products/cushion-fara-olive-45x45?variant=54710119661901,3210805015223,"Ein schlichtes Fara-Kissen in Oliv, Teil der Fara-Kollektion. Ein dezenter, schlichter Akzent für ein Sofa oder einen Sessel.",32.90,Heimtextilien > Dekokissen,,,15.00,0.00,0.00,6-11 Werktage,https://cdn.shopify.com/s/files/1/0884/0278/8685/files/cushion-fara-olive-45x45-1.jpg?v=1790550211
1769012000,VIVARAISE,Kissen Laly Kiesel 30×50,https://www.maisondecocon.com/products/cushion-laly-pebble-30x50?variant=54710119760205,3210801769021,"Das Kissen Laly in einem sanften Kieselfarbton, 30 × 50 cm. Ein schlichtes, zurückhaltendes Highlight für Ihr Sofa, Ihren Sessel oder Ihr Bett.",28.90,Heimtextilien > Dekokissen,,,15.00,0.00,0.00,6-11 Werktage,https://cdn.shopify.com/s/files/1/0884/0278/8685/files/cushion-laly-pebble-30x50-1.jpg?v=1790554430
1769015000,VIVARAISE,Kissen Laly Flachs 30×50,https://www.maisondecocon.com/products/cushion-laly-flax-30x50?variant=54710119792973,3210801769038,Das Laly-Kissen aus Flachs misst 30 × 50 cm.,28.90,Heimtextilien > Dekokissen,,,15.00,0.00,0.00,6-11 Werktage,https://cdn.shopify.com/s/files/1/0884/0278/8685/files/cushion-laly-flax-30x50-1.jpg?v=1790553609
1767015000,VIVARAISE,Kissen Laly Flachs 45×45,https://www.maisondecocon.com/products/cushion-laly-flax-45x45?variant=54710119825741,3210801767034,Das Kissen Laly aus Flachs misst 45 × 45 cm.,29.90,Heimtextilien > Dekokissen,,,15.00,0.00,0.00,6-11 Werktage,https://cdn.shopify.com/s/files/1/0884/0278/8685/files/cushion-laly-flax-45x45-1.jpg?v=1790553623
1769025000,VIVARAISE,Kissen Laly Olive 30×50,https://www.maisondecocon.com/products/cushion-laly-olive-30x50?variant=54710119891277,3210801769007,Das Kissen Laly in der Farbe Oliv misst 30 × 50 cm.,28.90,Heimtextilien > Dekokissen,,,15.00,0.00,0.00,6-11 Werktage,https://cdn.shopify.com/s/files/1/0884/0278/8685/files/cushion-laly-olive-30x50-1.jpg?v=1790553636
1231086000,VIVARAISE,Baumwoll-Kissen Emilio Terracotta 45×45,https://www.maisondecocon.com/products/cotton-cushion-emilio-terracotta-45x45?variant=54710120186189,3210801231023,Das Kissen Emilio in der Farbe Terracotta besteht aus 100 % Baumwolle und verfügt über einen verdeckten Reißverschluss; es wird in Portugal hergestellt. Ein schlichtes Highlight für Ihr Sofa oder Ihren Sessel.,36.90,Heimtextilien > Dekokissen,,,15.00,0.00,0.00,6-11 Werktage,https://cdn.shopify.com/s/files/1/0884/0278/8685/files/cotton-cushion-emilio-terracotta-45x45-1.jpg?v=1790548446
1233067000,VIVARAISE,Baumwollkissen Emilio Pazifik 30×50,https://www.maisondecocon.com/products/cotton-cushion-emilio-pacific-30x50?variant=54710120612173,3210801233058,Das Kissen Emilio in der Farbe „Pazifik“ besteht aus 100 % Baumwolle und verfügt über einen verdeckten Reißverschluss; es wird in Portugal hergestellt. Ein schlichter Blickfang für Ihr Sofa oder Ihren Sessel.,32.90,Heimtextilien > Dekokissen,,,15.00,0.00,0.00,6-11 Werktage,https://cdn.shopify.com/s/files/1/0884/0278/8685/files/cotton-cushion-emilio-pacific-30x50-1.jpg?v=1790548136
5015034000,VIVARAISE,Kissen aus Baumwollsamt Fara Dragée 45×45,https://www.maisondecocon.com/products/cotton-velvet-cushion-fara-sugared-almond-45x45?variant=54710121431373,3210805015315,"Ein schlichtes Fara-Kissen aus Baumwollsamt in der Farbe „Dragée“, versehen mit einem Fransenrand. Es fühlt sich weich an und fügt sich zu jeder Jahreszeit harmonisch in jedes Sofa ein.",32.90,Heimtextilien > Dekokissen,,,15.00,0.00,0.00,6-11 Werktage,https://cdn.shopify.com/s/files/1/0884/0278/8685/files/cotton-velvet-cushion-fara-sugared-almond-45x45-1.jpg?v=1790585847
1682086000,VIVARAISE,Kissen Alice Muskat 45×45,https://www.maisondecocon.com/products/cushion-alice-nutmeg-45x45?variant=54710123888973,3210801682061,Das Kissen Alice besteht aus 100 % Polyester mit einer edlen Oberfläche aus Kunstfell in einem warmen Muskat-Ton. Es ist weich und flauschig und verleiht Ihrem Sofa oder Bett Struktur und Komfort.,31.90,Heimtextilien > Dekokissen,,,15.00,0.00,0.00,6-11 Werktage,https://cdn.shopify.com/s/files/1/0884/0278/8685/files/cushion-alice-nutmeg-45x45-1.jpg?v=1790664212
1683086000,VIVARAISE,Kissen Alice Muskat 30×50,https://www.maisondecocon.com/products/cushion-alice-nutmeg-30x50?variant=54710124216653,3210801683068,Das Kissen Alice besteht aus 100 % Polyester mit einer edlen Oberfläche aus Kunstfell in einem warmen Muskat-Ton. Es ist weich und flauschig und verleiht Ihrem Sofa oder Bett Struktur und Komfort.,28.90,Heimtextilien > Dekokissen,,,15.00,0.00,0.00,6-11 Werktage,https://cdn.shopify.com/s/files/1/0884/0278/8685/files/cushion-alice-nutmeg-30x50-1.jpg?v=1790596952
2242086000,VIVARAISE,Kissen Tana Muskat 40×65,https://www.maisondecocon.com/products/cushion-tana-nutmeg-40x65?variant=54710124544333,3210802242202,Das Kissen Tana in der Farbe „Muskat“ besteht zu 100 % aus stonewashed Baumwolle in einer unregelmäßigen Wabenwebung. Es misst 40 × 65 cm und wird in Portugal hergestellt.,38.90,Heimtextilien > Dekokissen,,,15.00,0.00,0.00,6-11 Werktage,https://cdn.shopify.com/s/files/1/0884/0278/8685/files/cushion-tana-nutmeg-40x65-1.jpg?v=1790555294
2276086000,VIVARAISE,Tagesdecke aus Baumwolle Tana Muskat 180×260,https://www.maisondecocon.com/products/cotton-bedspread-tana-nutmeg-180x260?variant=54710125461837,3210802276214,Die Tagesdecke Tana in der Farbe „Muskat“ besteht aus 100 % stonewashed Baumwolle in unregelmäßiger Wabenoptik und zeichnet sich durch eine angenehme Haptik und einen schönen Fall aus. Hergestellt in Portugal.,124.90,Heimtextilien > Tagesdecken,,,15.00,0.00,0.00,6-11 Werktage,https://cdn.shopify.com/s/files/1/0884/0278/8685/files/cotton-bedspread-tana-nutmeg-180x260-1.jpg?v=1790564883
2299086000,VIVARAISE,Tagesdecke aus Baumwolle Tana Muskat 240×260,https://www.maisondecocon.com/products/cotton-bedspread-tana-nutmeg-240x260?variant=54710125560141,3210802299190,Die Tagesdecke Tana in der Farbe „Muskat“ besteht aus 100 % stonewashed Baumwolle in unregelmäßiger Wabenoptik und zeichnet sich durch eine angenehme Haptik und einen schönen Fall aus. Hergestellt in Portugal.,169.90,Heimtextilien > Tagesdecken,,,15.00,0.00,0.00,6-11 Werktage,https://cdn.shopify.com/s/files/1/0884/0278/8685/files/cotton-bedspread-tana-nutmeg-240x260-1.jpg?v=1790575431
2393078000,VIVARAISE,Kissen aus Baumwollsamt Elise in der Farbe „Tabak“ 30×50,https://www.maisondecocon.com/products/cotton-velvet-cushion-elise-tobacco-30x50?variant=54710126084429,3210802393201,"Das Kissen Elise in der Farbe „Tabak“ ist wendbar: Auf der einen Seite besteht es aus Baumwollsamt, auf der anderen aus Baumwoll-Chambray in einem natürlichen Leinenfarbton; es ist mit einem Reißverschluss verschließbar. Es fühlt sich weich an und lässt sich gut mit den übrigen Artikeln der Elise-Kollektion kombinieren.",39.90,Heimtextilien > Dekokissen,,,15.00,0.00,0.00,6-11 Werktage,https://cdn.shopify.com/s/files/1/0884/0278/8685/files/cotton-velvet-cushion-elise-tobacco-30x50-1.jpg?v=1790547482
3930086000,VIVARAISE,Tagesdecke Michka Muskat 180×220,https://www.maisondecocon.com/products/bedspread-michka-nutmeg-180x220?variant=54710128050509,3210803930139,"Die Tagesdecke Michka in der Farbe „Muskat“ ist beidseitig beschaffen: Auf der Vorderseite besteht sie aus Polyester-Mikrofaser, auf der Rückseite aus einem längeren, flauschigen Flor, der mit einer Kappe an den Ecken abgerundet ist.",79.90,Heimtextilien > Tagesdecken,,,15.00,0.00,0.00,6-11 Werktage,https://cdn.shopify.com/s/files/1/0884/0278/8685/files/bedspread-michka-nutmeg-180x220-1.jpg?v=1790562910
5015045000,VIVARAISE,Kissen aus Baumwollsamt Fara Zimt 45×45,https://www.maisondecocon.com/products/cotton-velvet-cushion-fara-cinnamon-45x45?variant=54710128509261,3210805015339,Ein schlichtes Fara-Kissen aus zimtfarbenem Baumwollsamt mit Fransenrand. Es fühlt sich weich an und fügt sich zu jeder Jahreszeit harmonisch in Ihr Sofa ein.,32.90,Heimtextilien > Dekokissen,,,15.00,0.00,0.00,6-11 Werktage,https://cdn.shopify.com/s/files/1/0884/0278/8685/files/cotton-velvet-cushion-fara-cinnamon-45x45-1.jpg?v=1790549299
5749078000,VIVARAISE,Tagesdecke aus Baumwollsamt Fara Coffee 240×260,https://www.maisondecocon.com/products/cotton-velvet-bedspread-fara-coffee-240x260?variant=54710128771405,3210805749142,Eine großzügige Fara-Tagesdecke mit einem Bezug aus kaffeefarbenem Baumwollsamt und einem Fransenbesatz. Ihre üppige Füllung verleiht dem Bett Wärme und Volumen.,239.90,Heimtextilien > Tagesdecken,,,15.00,0.00,0.00,6-11 Werktage,https://cdn.shopify.com/s/files/1/0884/0278/8685/files/cotton-velvet-bedspread-fara-coffee-240x260-1.jpg?v=1790560983
5115091000,VIVARAISE,Kissen Kinta Rust 45×45,https://www.maisondecocon.com/products/cushion-kinta-rust-45x45?variant=54710128836941,3210805115084,"Das Kinta-Kissen besteht aus Polyester und ist in einem sanften Rostton gehalten. Durch seine weiche Haptik verleiht es einem Sofa oder Sessel eine gemütliche, dekorative Note.",28.90,Heimtextilien > Dekokissen,,,15.00,0.00,0.00,6-11 Werktage,https://cdn.shopify.com/s/files/1/0884/0278/8685/files/cushion-kinta-rust-45x45-1.jpg?v=1790664284
5725086000,VIVARAISE,Plaid Tender Muskat 150×200,https://www.maisondecocon.com/products/throw-blanket-tender-nutmeg-150x200?variant=54710128935245,3210805725818,"Das Plaid Tender besticht durch einen warmen Muskat-Farbton und eine weiche, samtige Haptik. Leicht und geschmeidig – ideal für das Sofa, das Bett oder auf Reisen.",69.90,Heimtextilien > Wohndecken,,,15.00,0.00,0.00,6-11 Werktage,https://cdn.shopify.com/s/files/1/0884/0278/8685/files/throw-blanket-tender-nutmeg-150x200-1.jpg?v=1790541943
5749045000,VIVARAISE,Tagesdecke aus Baumwollsamt Fara Zimt 240×260,https://www.maisondecocon.com/products/cotton-velvet-bedspread-fara-cinnamon-240x260?variant=54710129033549,3210805749135,Eine großzügig geschnittene Fara-Tagesdecke mit einem Bezug aus zimtfarbenem Baumwollsamt und einem Fransenrand. Ihre üppige Füllung verleiht dem Bett Wärme und Volumen.,239.90,Heimtextilien > Tagesdecken,,,15.00,0.00,0.00,6-11 Werktage,https://cdn.shopify.com/s/files/1/0884/0278/8685/files/cotton-velvet-bedspread-fara-cinnamon-240x260-1.jpg?v=1790541919
7448015000,VIVARAISE,Kissen aus Baumwolle und Leinen Nala Creme 45×45,https://www.maisondecocon.com/products/cotton-linen-cushion-nala-cream-45x45?variant=54710130180429,3210807448029,"Das Kissen Nala verfügt über eine Rückseite aus Baumwolle und eine Vorderseite aus Baumwoll-Leinen, ist mit einer gestickten, flachen Rüsche verziert und enthält eine herausnehmbare Einlage aus Polyester. Als Teil der Nala-Kollektion verleiht es einem Sofa zu jeder Jahreszeit eine natürliche, moderne Note.",28.90,Heimtextilien > Dekokissen,,,15.00,0.00,0.00,6-11 Werktage,https://cdn.shopify.com/s/files/1/0884/0278/8685/files/cotton-linen-cushion-nala-cream-45x45-1.jpg?v=1790553974;https://cdn.shopify.com/s/files/1/0884/0278/8685/files/cotton-linen-cushion-nala-cream-45x45-2.jpg?v=1790553974;https://cdn.shopify.com/s/files/1/0884/0278/8685/files/cotton-linen-cushion-nala-cream-45x45-3.jpg?v=1790553974
7446070000,VIVARAISE,Kissen aus Baumwolle und Leinen Nala Perle 30×50,https://www.maisondecocon.com/products/cotton-linen-cushion-nala-pearl-30x50?variant=54710130245965,3210807446032,"Das Kissen Nala verfügt über eine Rückseite aus Baumwolle und eine Vorderseite aus Baumwoll-Leinen, ist mit einer gestickten, flachen Rüsche verziert und enthält eine herausnehmbare Einlage aus Polyester. Als Teil der Nala-Kollektion verleiht es einem Sofa zu jeder Jahreszeit eine natürliche, moderne Note.",24.90,Heimtextilien > Dekokissen,,,15.00,0.00,0.00,6-11 Werktage,https://cdn.shopify.com/s/files/1/0884/0278/8685/files/cotton-linen-cushion-nala-pearl-30x50-1.jpg?v=1790554207;https://cdn.shopify.com/s/files/1/0884/0278/8685/files/cotton-linen-cushion-nala-pearl-30x50-2.jpg?v=1790554207;https://cdn.shopify.com/s/files/1/0884/0278/8685/files/cotton-linen-cushion-nala-pearl-30x50-3.jpg?v=1790554207
5792075000,VIVARAISE,Tagesdecke aus Baumwollsamt Fara Umbra 260×260,https://www.maisondecocon.com/products/cotton-velvet-bedspread-fara-umber-260x260?variant=54710131130701,3210805792025,Eine großzügige Fara-Tagesdecke mit einem Bezug aus umbrafarbenem Baumwollsamt und einem Fransenbesatz. Ihre üppige Füllung verleiht dem Bett Wärme und Volumen.,269.90,Heimtextilien > Tagesdecken,,,15.00,0.00,0.00,6-11 Werktage,https://cdn.shopify.com/s/files/1/0884/0278/8685/files/cotton-velvet-bedspread-fara-umber-260x260-1.jpg?v=1790586421
1251014000,VIVARAISE,Kissen Astrid Natural 45×45,https://www.maisondecocon.com/products/cushion-astrid-natural-45x45?variant=54710131720525,3210801251014,Das Kissen Astrid in der Farbe „Natur“ misst 45 × 45 cm.,31.90,Heimtextilien > Dekokissen,,,15.00,0.00,0.00,6-11 Werktage,https://cdn.shopify.com/s/files/1/0884/0278/8685/files/cushion-astrid-natural-45x45-1.jpg?v=1790554261;https://cdn.shopify.com/s/files/1/0884/0278/8685/files/cushion-astrid-natural-45x45-2.jpg?v=1790554261;https://cdn.shopify.com/s/files/1/0884/0278/8685/files/cushion-astrid-natural-45x45-3.jpg?v=1790554261;https://cdn.shopify.com/s/files/1/0884/0278/8685/files/cushion-astrid-natural-45x45-4.jpg?v=1790554261;https://cdn.shopify.com/s/files/1/0884/0278/8685/files/cushion-astrid-natural-45x45-5.jpg?v=1790554261;https://cdn.shopify.com/s/files/1/0884/0278/8685/files/cushion-astrid-natural-45x45-6.jpg?v=1790554261
1254017000,VIVARAISE,Tagesdecke Astrid Greige 180×220,https://www.maisondecocon.com/products/bedspread-astrid-greige-180x220?variant=54710131753293,3210801254022,Die Tagesdecke Astrid in der Farbe Greige hat die Maße 180 × 220 cm.,133.90,Heimtextilien > Tagesdecken,,,15.00,0.00,0.00,6-11 Werktage,https://cdn.shopify.com/s/files/1/0884/0278/8685/files/bedspread-astrid-greige-180x220-1.jpg?v=1790562936;https://cdn.shopify.com/s/files/1/0884/0278/8685/files/bedspread-astrid-greige-180x220-2.jpg?v=1790562936;https://cdn.shopify.com/s/files/1/0884/0278/8685/files/bedspread-astrid-greige-180x220-3.jpg?v=1790562936
1252014000,VIVARAISE,Kissen Astrid Natural 40×65,https://www.maisondecocon.com/products/cushion-astrid-natural-40x65?variant=54710131818829,3210801252011,Das Kissen Astrid in der Farbe „Natur“ misst 40 × 65 cm.,39.90,Heimtextilien > Dekokissen,,,15.00,0.00,0.00,6-11 Werktage,https://cdn.shopify.com/s/files/1/0884/0278/8685/files/cushion-astrid-natural-40x65-1.jpg?v=1790554244;https://cdn.shopify.com/s/files/1/0884/0278/8685/files/cushion-astrid-natural-40x65-2.jpg?v=1790554244;https://cdn.shopify.com/s/files/1/0884/0278/8685/files/cushion-astrid-natural-40x65-3.jpg?v=1790554244;https://cdn.shopify.com/s/files/1/0884/0278/8685/files/cushion-astrid-natural-40x65-4.jpg?v=1790554244;https://cdn.shopify.com/s/files/1/0884/0278/8685/files/cushion-astrid-natural-40x65-5.jpg?v=1790554244
1252010000,VIVARAISE,Kissen Astrid Snow 40×65,https://www.maisondecocon.com/products/cushion-astrid-snow-40x65?variant=54710131851597,3210801252004,Das Kissen Astrid in einem sanften Schneeton setzt einen dezenten Akzent auf dem Sofa oder dem Bett. Es misst 40 × 65 cm.,39.90,Heimtextilien > Dekokissen,,,15.00,0.00,0.00,6-11 Werktage,https://cdn.shopify.com/s/files/1/0884/0278/8685/files/cushion-astrid-snow-40x65-1.jpg?v=1790542860;https://cdn.shopify.com/s/files/1/0884/0278/8685/files/cushion-astrid-snow-40x65-2.jpg?v=1790542860;https://cdn.shopify.com/s/files/1/0884/0278/8685/files/cushion-astrid-snow-40x65-3.jpg?v=1790542860
1251010000,VIVARAISE,Kissen Astrid Snow 45×45,https://www.maisondecocon.com/products/cushion-astrid-snow-45x45?variant=54710131949901,3210801251007,Das Kissen Astrid in einem sanften Ton des Schnees setzt einen dezenten Akzent auf dem Sofa oder dem Bett. Es misst 45 × 45 cm.,31.90,Heimtextilien > Dekokissen,,,15.00,0.00,0.00,6-11 Werktage,https://cdn.shopify.com/s/files/1/0884/0278/8685/files/cushion-astrid-snow-45x45-1.jpg?v=1790542883;https://cdn.shopify.com/s/files/1/0884/0278/8685/files/cushion-astrid-snow-45x45-2.jpg?v=1790542883;https://cdn.shopify.com/s/files/1/0884/0278/8685/files/cushion-astrid-snow-45x45-3.jpg?v=1790542883
1254010000,VIVARAISE,Tagesdecke Astrid Snow 180×220,https://www.maisondecocon.com/products/bedspread-astrid-snow-180x220?variant=54710132113741,3210801254008,Die Tagesdecke Astrid in der Farbe „Schnee“ misst 180 × 220 cm.,133.90,Heimtextilien > Tagesdecken,,,15.00,0.00,0.00,6-11 Werktage,https://cdn.shopify.com/s/files/1/0884/0278/8685/files/bedspread-astrid-snow-180x220-1.jpg?v=1790563253;https://cdn.shopify.com/s/files/1/0884/0278/8685/files/bedspread-astrid-snow-180x220-2.jpg?v=1790563253
1106070000,VIVARAISE,Kissen Betani Schiefer 45×45,https://www.maisondecocon.com/products/cushion-betani-slate-45x45?variant=54710132146509,3210801106048,"Das Kissen Betani in einem ruhigen Schieferfarbton, 45 × 45 cm. Ein dezenter, zurückhaltender Akzent für Sofa, Bett oder Sessel.",31.90,Heimtextilien > Dekokissen,,,15.00,0.00,0.00,6-11 Werktage,https://cdn.shopify.com/s/files/1/0884/0278/8685/files/cushion-betani-slate-45x45-1.jpg?v=1790556558;https://cdn.shopify.com/s/files/1/0884/0278/8685/files/cushion-betani-slate-45x45-2.jpg?v=1790556558;https://cdn.shopify.com/s/files/1/0884/0278/8685/files/cushion-betani-slate-45x45-3.jpg?v=1790556558;https://cdn.shopify.com/s/files/1/0884/0278/8685/files/cushion-betani-slate-45x45-4.jpg?v=1790556558
1107070000,VIVARAISE,Kissen Betani Schiefer 40×65,https://www.maisondecocon.com/products/cushion-betani-slate-40x65?variant=54710132179277,3210801107045,"Das Kissen Betani in einem ruhigen Schieferfarbton, 40 × 65 cm. Ein dezenter, zurückhaltender Akzent für Sofa, Bett oder Sessel.",49.90,Heimtextilien > Dekokissen,,,15.00,0.00,0.00,6-11 Werktage,https://cdn.shopify.com/s/files/1/0884/0278/8685/files/cushion-betani-slate-40x65-1.jpg?v=1790556550;https://cdn.shopify.com/s/files/1/0884/0278/8685/files/cushion-betani-slate-40x65-2.jpg?v=1790556550;https://cdn.shopify.com/s/files/1/0884/0278/8685/files/cushion-betani-slate-40x65-3.jpg?v=1790556550;https://cdn.shopify.com/s/files/1/0884/0278/8685/files/cushion-betani-slate-40x65-4.jpg?v=1790556550
1248015000,VIVARAISE,Kissen Carina Natur 40×65,https://www.maisondecocon.com/products/cushion-carina-natural-40x65?variant=54710132408653,3210801248045,Das Kissen Carina in der Farbe „Natur“ misst 40 × 65 cm.,54.90,Heimtextilien > Dekokissen,,,15.00,0.00,0.00,6-11 Werktage,https://cdn.shopify.com/s/files/1/0884/0278/8685/files/cushion-carina-natural-40x65-1.jpg?v=1790554270;https://cdn.shopify.com/s/files/1/0884/0278/8685/files/cushion-carina-natural-40x65-2.jpg?v=1790554270;https://cdn.shopify.com/s/files/1/0884/0278/8685/files/cushion-carina-natural-40x65-3.jpg?v=1790554270
2411079000,VIVARAISE,Kissen Elise Ebenholz 40×65,https://www.maisondecocon.com/products/cushion-elise-ebony-40x65?variant=54710133391693,3210802411134,Das Kissen Elise in der Farbe „Ebenholz“ misst 40 × 65 cm.,54.90,Heimtextilien > Dekokissen,,,15.00,0.00,0.00,6-11 Werktage,https://cdn.shopify.com/s/files/1/0884/0278/8685/files/cushion-elise-ebony-40x65-1.jpg?v=1790556933
1248077000,VIVARAISE,Kissen Carina Cloud 40×65,https://www.maisondecocon.com/products/cushion-carina-cloud-40x65?variant=54710133621069,3210801248021,Das Kissen Carina in einem sanften Wolkendon setzt einen dezenten Akzent auf dem Sofa oder dem Bett. Es misst 40 × 65 cm.,54.90,Heimtextilien > Dekokissen,,,15.00,0.00,0.00,6-11 Werktage,https://cdn.shopify.com/s/files/1/0884/0278/8685/files/cushion-carina-cloud-40x65-1.jpg?v=1790543499;https://cdn.shopify.com/s/files/1/0884/0278/8685/files/cushion-carina-cloud-40x65-2.jpg?v=1790543499;https://cdn.shopify.com/s/files/1/0884/0278/8685/files/cushion-carina-cloud-40x65-3.jpg?v=1790543499
1248025000,VIVARAISE,Kissen Carina Olive 40×65,https://www.maisondecocon.com/products/cushion-carina-olive-40x65?variant=54710133653837,3210801248007,Das Kissen Carina in der Farbe Oliv setzt auf Ihrem Sofa oder Bett einen dezenten Akzent. Es misst 40 × 65 cm.,54.90,Heimtextilien > Dekokissen,,,15.00,0.00,0.00,6-11 Werktage,https://cdn.shopify.com/s/files/1/0884/0278/8685/files/cushion-carina-olive-40x65-1.jpg?v=1790554902;https://cdn.shopify.com/s/files/1/0884/0278/8685/files/cushion-carina-olive-40x65-2.jpg?v=1790554902;https://cdn.shopify.com/s/files/1/0884/0278/8685/files/cushion-carina-olive-40x65-3.jpg?v=1790554902;https://cdn.shopify.com/s/files/1/0884/0278/8685/files/cushion-carina-olive-40x65-4.jpg?v=1790554902
2393079000,VIVARAISE,Kissen Elise Ebenholz 30×50,https://www.maisondecocon.com/products/cushion-elise-ebony-30x50?variant=54710133817677,3210802393195,Das Kissen Elise in der Farbe „Ebenholz“ misst 30 × 50 cm.,39.90,Heimtextilien > Dekokissen,,,15.00,0.00,0.00,6-11 Werktage,https://cdn.shopify.com/s/files/1/0884/0278/8685/files/cushion-elise-ebony-30x50-1.jpg?v=1790557235
2049079000,VIVARAISE,Kissen Elise Boune 45×45,https://www.maisondecocon.com/products/cushion-elise-boune-45x45?variant=54710134309197,3210802049016,Das Kissen Elise in der Farbe Boune misst 45 × 45 cm.,42.90,Heimtextilien > Dekokissen,,,15.00,0.00,0.00,6-11 Werktage,https://cdn.shopify.com/s/files/1/0884/0278/8685/files/cushion-elise-boune-45x45-1.jpg?v=1790557222
5743036000,VIVARAISE,Kissen aus Baumwollsamt Fara Grape 40×65,https://www.maisondecocon.com/products/cotton-velvet-cushion-fara-grape-40x65?variant=54710134473037,3210805743164,Ein schlichtes Fara-Kissen aus traubenfarbenem Baumwollsamt mit Fransenrand. Es fühlt sich weich an und fügt sich zu jeder Jahreszeit harmonisch in jedes Sofa ein.,39.90,Heimtextilien > Dekokissen,,,15.00,0.00,0.00,6-11 Werktage,https://cdn.shopify.com/s/files/1/0884/0278/8685/files/cotton-velvet-cushion-fara-grape-40x65-1.jpg?v=1790550587;https://cdn.shopify.com/s/files/1/0884/0278/8685/files/cotton-velvet-cushion-fara-grape-40x65-2.jpg?v=1790550587
5743040000,VIVARAISE,Kissen aus Baumwollsamt Fara Curry 40×65,https://www.maisondecocon.com/products/cotton-velvet-cushion-fara-curry-40x65?variant=54710134571341,3210805743089,"Ein schlichtes Fara-Kissen aus Baumwollsamt in der Farbe „Curry“, das mit einem Fransenrand verziert ist. Es fühlt sich weich an und fügt sich zu jeder Jahreszeit harmonisch in Ihr Sofa ein.",39.90,Heimtextilien > Dekokissen,,,15.00,0.00,0.00,6-11 Werktage,https://cdn.shopify.com/s/files/1/0884/0278/8685/files/cotton-velvet-cushion-fara-curry-40x65-1.jpg?v=1790549611;https://cdn.shopify.com/s/files/1/0884/0278/8685/files/cotton-velvet-cushion-fara-curry-40x65-2.jpg?v=1790549611;https://cdn.shopify.com/s/files/1/0884/0278/8685/files/cotton-velvet-cushion-fara-curry-40x65-3.jpg?v=1790549611
3930070000,VIVARAISE,Tagesdecke Michka Pearl 180×220,https://www.maisondecocon.com/products/bedspread-michka-pearl-180x220?variant=54710136242509,3210803930047,"Die Tagesdecke Michka in der Farbe „Perle“ ist doppelseitig: Auf der Vorderseite besteht sie aus Polyester-Mikrofaser, auf der Rückseite aus einem längeren, flauschigen Flor, der mit einer Kappe an den Ecken versehen ist.",79.90,Heimtextilien > Tagesdecken,,,15.00,0.00,0.00,6-11 Werktage,https://cdn.shopify.com/s/files/1/0884/0278/8685/files/bedspread-michka-pearl-180x220-1.jpg?v=1790563639;https://cdn.shopify.com/s/files/1/0884/0278/8685/files/bedspread-michka-pearl-180x220-2.jpg?v=1790563639;https://cdn.shopify.com/s/files/1/0884/0278/8685/files/bedspread-michka-pearl-180x220-3.jpg?v=1790563639;https://cdn.shopify.com/s/files/1/0884/0278/8685/files/bedspread-michka-pearl-180x220-4.jpg?v=1790563639
3930060000,VIVARAISE,Tagesdecke Michka Alizée 180×220,https://www.maisondecocon.com/products/bedspread-michka-alizee-180x220?variant=54710136275277,3210803930054,"Die Tagesdecke Michka in der Ausführung Alizée ist beidseitig verwendbar: Auf der Vorderseite besteht sie aus Polyester-Mikrofaser, auf der Rückseite aus einem längeren, flauschigen Flor, der mit einer Kappe an den Ecken versehen ist.",79.90,Heimtextilien > Tagesdecken,,,15.00,0.00,0.00,6-11 Werktage,https://cdn.shopify.com/s/files/1/0884/0278/8685/files/bedspread-michka-alizee-180x220-1.jpg?v=1790563671;https://cdn.shopify.com/s/files/1/0884/0278/8685/files/bedspread-michka-alizee-180x220-2.jpg?v=1790563671;https://cdn.shopify.com/s/files/1/0884/0278/8685/files/bedspread-michka-alizee-180x220-3.jpg?v=1790563671;https://cdn.shopify.com/s/files/1/0884/0278/8685/files/bedspread-michka-alizee-180x220-4.jpg?v=1790563671
1237080000,VIVARAISE,Tagesdecke Emilio Copper 260×260,https://www.maisondecocon.com/products/bedspread-emilio-copper-260x260?variant=54710136537421,3210801237032,"Die Tagesdecke Emilio in der Farbe „Kupfer“ verleiht Ihrem Bett eine weiche, edel verarbeitete Note. Hergestellt in Portugal.",189.90,Heimtextilien > Tagesdecken,,,15.00,0.00,0.00,6-11 Werktage,https://cdn.shopify.com/s/files/1/0884/0278/8685/files/bedspread-emilio-copper-260x260-1.jpg?v=1790562067;https://cdn.shopify.com/s/files/1/0884/0278/8685/files/bedspread-emilio-copper-260x260-2.jpg?v=1790562067;https://cdn.shopify.com/s/files/1/0884/0278/8685/files/bedspread-emilio-copper-260x260-3.jpg?v=1790562067
3930081000,VIVARAISE,Tagesdecke Michka Almond 180×220,https://www.maisondecocon.com/products/bedspread-michka-almond-180x220?variant=54710136635725,3210803930009,"Die Tagesdecke Michka in der Farbe „Mandel“ ist beidseitig verwendbar: Auf der Vorderseite besteht sie aus Polyester-Mikrofaser, auf der Rückseite aus einem längeren, flauschigen Flor, und ist an den Ecken mit einer Kappe versehen.",79.90,Heimtextilien > Tagesdecken,,,15.00,0.00,0.00,6-11 Werktage,https://cdn.shopify.com/s/files/1/0884/0278/8685/files/bedspread-michka-almond-180x220-1.jpg?v=1790563685;https://cdn.shopify.com/s/files/1/0884/0278/8685/files/bedspread-michka-almond-180x220-2.jpg?v=1790563685
5019024000,VIVARAISE,Kissen aus Baumwollsamt Fara Thyme 30×50,https://www.maisondecocon.com/products/cotton-velvet-cushion-fara-thyme-30x50?variant=54710136701261,3210805019153,"Ein schlichtes Fara-Kissen aus Baumwollsamt in der Farbe „Thymian“, das mit einem Fransenrand verziert ist. Es fühlt sich weich an und fügt sich zu jeder Jahreszeit harmonisch in Ihr Sofa ein.",29.90,Heimtextilien > Dekokissen,,,15.00,0.00,0.00,6-11 Werktage,https://cdn.shopify.com/s/files/1/0884/0278/8685/files/cotton-velvet-cushion-fara-thyme-30x50-1.jpg?v=1790551731;https://cdn.shopify.com/s/files/1/0884/0278/8685/files/cotton-velvet-cushion-fara-thyme-30x50-2.jpg?v=1790551732;https://cdn.shopify.com/s/files/1/0884/0278/8685/files/cotton-velvet-cushion-fara-thyme-30x50-3.jpg?v=1790551732
5019075000,VIVARAISE,Kissen aus Baumwollsamt Fara Umbra 30×50,https://www.maisondecocon.com/products/cotton-velvet-cushion-fara-umber-30x50?variant=54710136734029,3210805019030,Ein schlichtes Fara-Kissen aus umbrafarbenem Baumwollsamt mit Fransenrand. Es fühlt sich weich an und fügt sich zu jeder Jahreszeit harmonisch in Ihr Sofa ein.,29.90,Heimtextilien > Dekokissen,,,15.00,0.00,0.00,6-11 Werktage,https://cdn.shopify.com/s/files/1/0884/0278/8685/files/cotton-velvet-cushion-fara-umber-30x50-1.jpg?v=1790585867;https://cdn.shopify.com/s/files/1/0884/0278/8685/files/cotton-velvet-cushion-fara-umber-30x50-2.jpg?v=1790585867;https://cdn.shopify.com/s/files/1/0884/0278/8685/files/cotton-velvet-cushion-fara-umber-30x50-3.jpg?v=1790585867
1231028000,VIVARAISE,Kissen Emilio Fichte 45×45,https://www.maisondecocon.com/products/cushion-emilio-spruce-45x45?variant=54710136766797,3210801231030,Das Kissen Emilio in einem sanften Fichtenfarbton setzt einen dezenten Akzent auf einem Sofa oder Sessel. Hergestellt in Portugal.,36.90,Heimtextilien > Dekokissen,,,15.00,0.00,0.00,6-11 Werktage,https://cdn.shopify.com/s/files/1/0884/0278/8685/files/cushion-emilio-spruce-45x45-1.jpg?v=1790543769;https://cdn.shopify.com/s/files/1/0884/0278/8685/files/cushion-emilio-spruce-45x45-2.jpg?v=1790543769;https://cdn.shopify.com/s/files/1/0884/0278/8685/files/cushion-emilio-spruce-45x45-4.jpg?v=1790543769;https://cdn.shopify.com/s/files/1/0884/0278/8685/files/cushion-emilio-spruce-45x45-5.jpg?v=1790543769;https://cdn.shopify.com/s/files/1/0884/0278/8685/files/cushion-emilio-spruce-45x45-6.jpg?v=1790543769
8471002000,VIVARAISE,Kissenbezug aus Leinen und Baumwolle Linco Marine 65×65,https://www.maisondecocon.com/products/linen-cotton-pillowcase-linco-marine-65x65?variant=54710136996173,3210808471019,"Der Linco-Kissenbezug vereint eine Seite aus reinem Leinen mit einer weichen Baumwollseite in tiefem Marineblau. Zeitlose Bettwäsche, die perfekt zum Linco-Bettbezug passt.",19.90,Heimtextilien > Bettwäsche > Kissenbezüge,,,15.00,0.00,0.00,6-11 Werktage,https://cdn.shopify.com/s/files/1/0884/0278/8685/files/linen-cotton-pillowcase-linco-marine-65x65-1.jpg?v=1790541995;https://cdn.shopify.com/s/files/1/0884/0278/8685/files/linen-cotton-pillowcase-linco-marine-65x65-2.jpg?v=1790541995;https://cdn.shopify.com/s/files/1/0884/0278/8685/files/linen-cotton-pillowcase-linco-marine-65x65-3.jpg?v=1790541995
1233028000,VIVARAISE,Kissen Emilio Fichte 30×50,https://www.maisondecocon.com/products/cushion-emilio-spruce-30x50?variant=54710137946445,3210801233041,"Das Kissen Emilio in der Farbe „Fichte“ wird in Portugal hergestellt und besticht durch ein elegantes, schlichtes Design. Ein vielseitiges Accessoire für Ihr Sofa oder Ihren Sessel.",32.90,Heimtextilien > Dekokissen,,,15.00,0.00,0.00,6-11 Werktage,https://cdn.shopify.com/s/files/1/0884/0278/8685/files/cushion-emilio-spruce-30x50-1.jpg?v=1790548440;https://cdn.shopify.com/s/files/1/0884/0278/8685/files/cushion-emilio-spruce-30x50-2.jpg?v=1790548440;https://cdn.shopify.com/s/files/1/0884/0278/8685/files/cushion-emilio-spruce-30x50-4.jpg?v=1790548440;https://cdn.shopify.com/s/files/1/0884/0278/8685/files/cushion-emilio-spruce-30x50-5.jpg?v=1790548440;https://cdn.shopify.com/s/files/1/0884/0278/8685/files/cushion-emilio-spruce-30x50-6.jpg?v=1790548440
1235028000,VIVARAISE,Tagesdecke Emilio Fichte 180×260,https://www.maisondecocon.com/products/bedspread-emilio-spruce-180x260?variant=54710137979213,3210801235045,Die Tagesdecke Emilio in der Farbe „Fichte“ misst 180 × 260 cm. Hergestellt in Portugal.,134.90,Heimtextilien > Tagesdecken,,,15.00,0.00,0.00,6-11 Werktage,https://cdn.shopify.com/s/files/1/0884/0278/8685/files/bedspread-emilio-spruce-180x260-1.jpg?v=1790577163;https://cdn.shopify.com/s/files/1/0884/0278/8685/files/bedspread-emilio-spruce-180x260-3.jpg?v=1790577163;https://cdn.shopify.com/s/files/1/0884/0278/8685/files/bedspread-emilio-spruce-180x260-4.jpg?v=1790577163;https://cdn.shopify.com/s/files/1/0884/0278/8685/files/bedspread-emilio-spruce-180x260-5.jpg?v=1790577163
1236028000,VIVARAISE,Tagesdecke Emilio Fichte 240×260,https://www.maisondecocon.com/products/bedspread-emilio-spruce-240x260?variant=54710138110285,3210801236035,Die Tagesdecke Emilio in der Farbe „Fichte“ misst 240 × 260 cm. Hergestellt in Portugal.,179.90,Heimtextilien > Tagesdecken,,,15.00,0.00,0.00,6-11 Werktage,https://cdn.shopify.com/s/files/1/0884/0278/8685/files/bedspread-emilio-spruce-240x260-1.jpg?v=1790577179;https://cdn.shopify.com/s/files/1/0884/0278/8685/files/bedspread-emilio-spruce-240x260-3.jpg?v=1790577179;https://cdn.shopify.com/s/files/1/0884/0278/8685/files/bedspread-emilio-spruce-240x260-4.jpg?v=1790577179;https://cdn.shopify.com/s/files/1/0884/0278/8685/files/bedspread-emilio-spruce-240x260-5.jpg?v=1790577179
1237028000,VIVARAISE,Tagesdecke Emilio Fichte 260×260,https://www.maisondecocon.com/products/bedspread-emilio-spruce-260x260?variant=54710138143053,3210801237049,"Die Tagesdecke Emilio in der Farbe „Fichte“ verleiht Ihrem Bett eine weiche, maßgeschneiderte Note. Hergestellt in Portugal.",189.90,Heimtextilien > Tagesdecken,,,15.00,0.00,0.00,6-11 Werktage,https://cdn.shopify.com/s/files/1/0884/0278/8685/files/bedspread-emilio-spruce-260x260-1.jpg?v=1790562088;https://cdn.shopify.com/s/files/1/0884/0278/8685/files/bedspread-emilio-spruce-260x260-3.jpg?v=1790562088;https://cdn.shopify.com/s/files/1/0884/0278/8685/files/bedspread-emilio-spruce-260x260-4.jpg?v=1790562088;https://cdn.shopify.com/s/files/1/0884/0278/8685/files/bedspread-emilio-spruce-260x260-5.jpg?v=1790562088
5743026000,VIVARAISE,Kissen Fara Titan 40×65,https://www.maisondecocon.com/products/cushion-fara-titanium-40x65?variant=54710139486541,3210805743324,Das Kissen Fara in der Farbe „Titan“ misst 40 × 65 cm.,39.90,Heimtextilien > Dekokissen,,,15.00,0.00,0.00,6-11 Werktage,https://cdn.shopify.com/s/files/1/0884/0278/8685/files/cushion-fara-titanium-40x65-1.jpg?v=1790557577;https://cdn.shopify.com/s/files/1/0884/0278/8685/files/cushion-fara-titanium-40x65-2.jpg?v=1790557577;https://cdn.shopify.com/s/files/1/0884/0278/8685/files/cushion-fara-titanium-40x65-3.jpg?v=1790557577
5015026000,VIVARAISE,Kissen Fara Titan 45×45,https://www.maisondecocon.com/products/cushion-fara-titanium-45x45?variant=54710139519309,3210805015322,Das Kissen Fara in der Farbe „Titan“ misst 45 × 45 cm.,32.90,Heimtextilien > Dekokissen,,,15.00,0.00,0.00,6-11 Werktage,https://cdn.shopify.com/s/files/1/0884/0278/8685/files/cushion-fara-titanium-45x45-1.jpg?v=1790557594;https://cdn.shopify.com/s/files/1/0884/0278/8685/files/cushion-fara-titanium-45x45-2.jpg?v=1790557594;https://cdn.shopify.com/s/files/1/0884/0278/8685/files/cushion-fara-titanium-45x45-3.jpg?v=1790557594;https://cdn.shopify.com/s/files/1/0884/0278/8685/files/cushion-fara-titanium-45x45-4.jpg?v=1790557594
5792026000,VIVARAISE,Tagesdecke Fara Titan 260×260,https://www.maisondecocon.com/products/bedspread-fara-titanium-260x260?variant=54710139617613,3210805792124,Die Tagesdecke Fara in der Farbe „Titan“ misst 260 × 260 cm.,269.90,Heimtextilien > Tagesdecken,,,15.00,0.00,0.00,6-11 Werktage,https://cdn.shopify.com/s/files/1/0884/0278/8685/files/bedspread-fara-titanium-260x260-1.jpg?v=1790577206;https://cdn.shopify.com/s/files/1/0884/0278/8685/files/bedspread-fara-titanium-260x260-2.jpg?v=1790577206;https://cdn.shopify.com/s/files/1/0884/0278/8685/files/bedspread-fara-titanium-260x260-3.jpg?v=1790577206;https://cdn.shopify.com/s/files/1/0884/0278/8685/files/bedspread-fara-titanium-260x260-4.jpg?v=1790577206
3930043000,VIVARAISE,Tagesdecke Michka Bronze 180×220,https://www.maisondecocon.com/products/bedspread-michka-bronze-180x220?variant=54710139945293,3210803930030,"Die Tagesdecke Michka in der Farbe „Bronze“ ist beidseitig beschichtet: Auf der Vorderseite befindet sich eine Oberfläche aus Polyester-Mikrofaser, auf der Rückseite ein längerer, flauschiger Flor, der mit einer Kappe an den Ecken abgerundet ist.",79.90,Heimtextilien > Tagesdecken,,,15.00,0.00,0.00,6-11 Werktage,https://cdn.shopify.com/s/files/1/0884/0278/8685/files/bedspread-michka-bronze-180x220-1.jpg?v=1790563620;https://cdn.shopify.com/s/files/1/0884/0278/8685/files/bedspread-michka-bronze-180x220-2.jpg?v=1790563620
3930010000,VIVARAISE,Tagesdecke Michka Schnee 180×220,https://www.maisondecocon.com/products/bedspread-michka-snow-180x220?variant=54710140076365,3210803930016,"Die Tagesdecke Michka in der Farbe „Schnee“ ist beidseitig verwendbar: Die Vorderseite besteht aus Polyester-Mikrofaser, die Rückseite aus einem längeren, flauschigen Flor, der mit einer Kappe an der Ecke abgerundet ist.",79.90,Heimtextilien > Tagesdecken,,,15.00,0.00,0.00,6-11 Werktage,https://cdn.shopify.com/s/files/1/0884/0278/8685/files/bedspread-michka-snow-180x220-1.jpg?v=1790564036;https://cdn.shopify.com/s/files/1/0884/0278/8685/files/bedspread-michka-snow-180x220-2.jpg?v=1790564036
5019015000,VIVARAISE,Kissen aus Baumwollsamt Fara Flachs 30×50,https://www.maisondecocon.com/products/cotton-velvet-cushion-fara-flax-30x50?variant=54710140600653,3210805019016,"Ein schlichtes Fara-Kissen aus Flachs-Baumwollsamt, das mit einem Fransenrand verziert ist. Es fühlt sich weich an und fügt sich zu jeder Jahreszeit unauffällig in jedes Sofa ein.",29.90,Heimtextilien > Dekokissen,,,15.00,0.00,0.00,6-11 Werktage,https://cdn.shopify.com/s/files/1/0884/0278/8685/files/cotton-velvet-cushion-fara-flax-30x50-1.jpg?v=1790549954;https://cdn.shopify.com/s/files/1/0884/0278/8685/files/cotton-velvet-cushion-fara-flax-30x50-2.jpg?v=1790549954;https://cdn.shopify.com/s/files/1/0884/0278/8685/files/cotton-velvet-cushion-fara-flax-30x50-3.jpg?v=1790549954
5015036000,VIVARAISE,Kissen aus Baumwollsamt Fara Grape 45×45,https://www.maisondecocon.com/products/cotton-velvet-cushion-fara-grape-45x45?variant=54710140535117,3210805015162,Ein schlichtes Fara-Kissen aus traubenfarbenem Baumwollsamt mit Fransenrand. Es fühlt sich weich an und fügt sich zu jeder Jahreszeit harmonisch in jedes Sofa ein.,32.90,Heimtextilien > Dekokissen,,,15.00,0.00,0.00,6-11 Werktage,https://cdn.shopify.com/s/files/1/0884/0278/8685/files/cotton-velvet-cushion-fara-grape-45x45-1.jpg?v=1790550998;https://cdn.shopify.com/s/files/1/0884/0278/8685/files/cotton-velvet-cushion-fara-grape-45x45-2.jpg?v=1790550998
5015040000,VIVARAISE,Kissen aus Baumwollsamt Fara Curry 45×45,https://www.maisondecocon.com/products/cotton-velvet-cushion-fara-curry-45x45?variant=54710140502349,3210805015087,"Ein schlichtes Fara-Kissen aus Baumwollsamt in der Farbe „Curry“, das mit einem Fransenrand verziert ist. Es fühlt sich weich an und fügt sich zu jeder Jahreszeit harmonisch in Ihr Sofa ein.",32.90,Heimtextilien > Dekokissen,,,15.00,0.00,0.00,6-11 Werktage,https://cdn.shopify.com/s/files/1/0884/0278/8685/files/cotton-velvet-cushion-fara-curry-45x45-1.jpg?v=1790549626;https://cdn.shopify.com/s/files/1/0884/0278/8685/files/cotton-velvet-cushion-fara-curry-45x45-2.jpg?v=1790549626;https://cdn.shopify.com/s/files/1/0884/0278/8685/files/cotton-velvet-cushion-fara-curry-45x45-3.jpg?v=1790549626
5019070000,VIVARAISE,Kissen aus Baumwollsamt Fara Pearl 30×50,https://www.maisondecocon.com/products/cotton-velvet-cushion-fara-pearl-30x50?variant=54710140567885,3210805019023,"Ein schlichtes Fara-Kissen aus Perlbaumwollsamt, das mit einem Fransenrand verziert ist. Es fühlt sich weich an und macht zu jeder Jahreszeit eine gute Figur auf Ihrem Sofa.",29.90,Heimtextilien > Dekokissen,,,15.00,0.00,0.00,6-11 Werktage,https://cdn.shopify.com/s/files/1/0884/0278/8685/files/cotton-velvet-cushion-fara-pearl-30x50-1.jpg?v=1790550261;https://cdn.shopify.com/s/files/1/0884/0278/8685/files/cotton-velvet-cushion-fara-pearl-30x50-2.jpg?v=1790550261;https://cdn.shopify.com/s/files/1/0884/0278/8685/files/cotton-velvet-cushion-fara-pearl-30x50-3.jpg?v=1790550261
5015022000,VIVARAISE,Kissen aus Baumwollsamt Fara Eukalyptus 45×45,https://www.maisondecocon.com/products/cotton-velvet-cushion-fara-eucalyptus-45x45?variant=54710140633421,3210805015124,Ein schlichtes Fara-Kissen aus Eukalyptus-Baumwollsamt mit Fransenrand. Es fühlt sich weich an und passt zu jeder Jahreszeit harmonisch auf jedes Sofa.,32.90,Heimtextilien > Dekokissen,,,15.00,0.00,0.00,6-11 Werktage,https://cdn.shopify.com/s/files/1/0884/0278/8685/files/cotton-velvet-cushion-fara-eucalyptus-45x45-1.jpg?v=1790549938;https://cdn.shopify.com/s/files/1/0884/0278/8685/files/cotton-velvet-cushion-fara-eucalyptus-45x45-2.jpg?v=1790549938;https://cdn.shopify.com/s/files/1/0884/0278/8685/files/cotton-velvet-cushion-fara-eucalyptus-45x45-3.jpg?v=1790549938
5019022000,VIVARAISE,Kissen aus Baumwollsamt Fara Eukalyptus 30×50,https://www.maisondecocon.com/products/cotton-velvet-cushion-fara-eucalyptus-30x50?variant=54710140698957,3210805019139,Ein schlichtes Fara-Kissen aus Eukalyptus-Baumwollsamt mit Fransenrand. Es fühlt sich weich an und passt zu jeder Jahreszeit harmonisch auf jedes Sofa.,29.90,Heimtextilien > Dekokissen,,,15.00,0.00,0.00,6-11 Werktage,https://cdn.shopify.com/s/files/1/0884/0278/8685/files/cotton-velvet-cushion-fara-eucalyptus-30x50-1.jpg?v=1790549907;https://cdn.shopify.com/s/files/1/0884/0278/8685/files/cotton-velvet-cushion-fara-eucalyptus-30x50-2.jpg?v=1790549907;https://cdn.shopify.com/s/files/1/0884/0278/8685/files/cotton-velvet-cushion-fara-eucalyptus-30x50-3.jpg?v=1790549907
5015070000,VIVARAISE,Kissen aus Baumwollsamt Fara Pearl 45×45,https://www.maisondecocon.com/products/cotton-velvet-cushion-fara-pearl-45x45?variant=54710140731725,3210805015025,"Ein schlichtes Fara-Kissen aus Perlbaumwollsamt, das mit einem Fransenrand verziert ist. Es fühlt sich weich an und macht zu jeder Jahreszeit eine gute Figur auf Ihrem Sofa.",32.90,Heimtextilien > Dekokissen,,,15.00,0.00,0.00,6-11 Werktage,https://cdn.shopify.com/s/files/1/0884/0278/8685/files/cotton-velvet-cushion-fara-pearl-45x45-1.jpg?v=1790550526;https://cdn.shopify.com/s/files/1/0884/0278/8685/files/cotton-velvet-cushion-fara-pearl-45x45-2.jpg?v=1790550526;https://cdn.shopify.com/s/files/1/0884/0278/8685/files/cotton-velvet-cushion-fara-pearl-45x45-3.jpg?v=1790550526
2409067000,VIVARAISE,Kissen aus Baumwollsamt Elise Riviera 45×45,https://www.maisondecocon.com/products/cotton-velvet-cushion-elise-riviera-45x45?variant=54710141124941,3210802409001,"Das Kissen Elise in der Ausführung „Riviera“ ist wendbar: Auf der einen Seite besteht es aus Baumwollsamt, auf der anderen aus Baumwoll-Chambray in einem natürlichen Leinenfarbton; es lässt sich mit einem Reißverschluss verschließen. Es fühlt sich weich an und passt hervorragend zu den übrigen Artikeln der Elise-Kollektion.",42.90,Heimtextilien > Dekokissen,,,15.00,0.00,0.00,6-11 Werktage,https://cdn.shopify.com/s/files/1/0884/0278/8685/files/cotton-velvet-cushion-elise-riviera-45x45-1.jpg?v=1790547410;https://cdn.shopify.com/s/files/1/0884/0278/8685/files/cotton-velvet-cushion-elise-riviera-45x45-2.jpg?v=1790547410
2409015000,VIVARAISE,"Kissen aus Baumwollsamt Elise, Farbe: Greige 45×45",https://www.maisondecocon.com/products/cotton-velvet-cushion-elise-greige-45x45?variant=54710141157709,3210802409049,"Das Kissen Elise in der Farbe „Greige“ ist wendbar: Auf der einen Seite besteht es aus Baumwollsamt, auf der anderen aus Baumwoll-Chambray in einem natürlichen Leinenfarbton; es wird mit einem Reißverschluss geschlossen. Es fühlt sich weich an und passt hervorragend zu den übrigen Produkten der Elise-Kollektion.",42.90,Heimtextilien > Dekokissen,,,15.00,0.00,0.00,6-11 Werktage,https://cdn.shopify.com/s/files/1/0884/0278/8685/files/cotton-velvet-cushion-elise-greige-45x45-1.jpg?v=1790546428;https://cdn.shopify.com/s/files/1/0884/0278/8685/files/cotton-velvet-cushion-elise-greige-45x45-2.jpg?v=1790546428;https://cdn.shopify.com/s/files/1/0884/0278/8685/files/cotton-velvet-cushion-elise-greige-45x45-3.jpg?v=1790546428
2393067000,VIVARAISE,Baumwoll-Kissen Elise Riviera 30×50,https://www.maisondecocon.com/products/cotton-cushion-elise-riviera-30x50?variant=54710141190477,3210802393003,Das Kissen Elise in der Farbe „Riviera“ besteht aus Baumwolle und ist mit einem Reißverschluss verschließbar. Es fühlt sich weich an und lässt sich gut mit den anderen Artikeln der Elise-Serie kombinieren.,39.90,Heimtextilien > Dekokissen,,,15.00,0.00,0.00,6-11 Werktage,https://cdn.shopify.com/s/files/1/0884/0278/8685/files/cotton-cushion-elise-riviera-30x50-1.jpg?v=1790546830;https://cdn.shopify.com/s/files/1/0884/0278/8685/files/cotton-cushion-elise-riviera-30x50-2.jpg?v=1790546830
1277014000,VIVARAISE,Kissen Liwen Natural 45×45,https://www.maisondecocon.com/products/cushion-liwen-natural-45x45?variant=54710141616461,3210801277014,Das Kissen Liwen in einem sanften Naturton setzt einen dezenten Akzent auf Ihrem Sofa oder Bett. Es misst 45 × 45 cm.,29.90,Heimtextilien > Dekokissen,,,15.00,0.00,0.00,6-11 Werktage,https://cdn.shopify.com/s/files/1/0884/0278/8685/files/cushion-liwen-natural-45x45-1.jpg?v=1790543849;https://cdn.shopify.com/s/files/1/0884/0278/8685/files/cushion-liwen-natural-45x45-2.jpg?v=1790543849;https://cdn.shopify.com/s/files/1/0884/0278/8685/files/cushion-liwen-natural-45x45-3.jpg?v=1790543849;https://cdn.shopify.com/s/files/1/0884/0278/8685/files/cushion-liwen-natural-45x45-4.jpg?v=1790543849
1277077000,VIVARAISE,Kissen Liwen Kaffee 45×45,https://www.maisondecocon.com/products/cushion-liwen-coffee-45x45?variant=54710141681997,3210801277007,Das Kissen Liwen in der Farbe „Kaffee“ misst 45 × 45 cm.,29.90,Heimtextilien > Dekokissen,,,15.00,0.00,0.00,6-11 Werktage,https://cdn.shopify.com/s/files/1/0884/0278/8685/files/cushion-liwen-coffee-45x45-1.jpg?v=1790553928;https://cdn.shopify.com/s/files/1/0884/0278/8685/files/cushion-liwen-coffee-45x45-2.jpg?v=1790553928;https://cdn.shopify.com/s/files/1/0884/0278/8685/files/cushion-liwen-coffee-45x45-3.jpg?v=1790553928
3930077000,VIVARAISE,Tagesdecke Michka aus Flachs 180×220,https://www.maisondecocon.com/products/bedspread-michka-flax-180x220?variant=54710141813069,3210803930122,Die Tagesdecke Michka in der Farbe „Flachs“ misst 180 × 220 cm.,79.90,Heimtextilien > Tagesdecken,,,15.00,0.00,0.00,6-11 Werktage,https://cdn.shopify.com/s/files/1/0884/0278/8685/files/bedspread-michka-flax-180x220-1.jpg?v=1790563289;https://cdn.shopify.com/s/files/1/0884/0278/8685/files/bedspread-michka-flax-180x220-2.jpg?v=1790563290;https://cdn.shopify.com/s/files/1/0884/0278/8685/files/bedspread-michka-flax-180x220-3.jpg?v=1790563290
1278014000,VIVARAISE,Kissen Liwen Natur 40×65,https://www.maisondecocon.com/products/cushion-liwen-natural-40x65?variant=54710141878605,3210801278011,Das Kissen Liwen in einem sanften Naturton setzt einen dezenten Akzent auf Ihrem Sofa oder Bett. Es misst 40 × 65 cm.,34.90,Heimtextilien > Dekokissen,,,15.00,0.00,0.00,6-11 Werktage,https://cdn.shopify.com/s/files/1/0884/0278/8685/files/cushion-liwen-natural-40x65-1.jpg?v=1790543821;https://cdn.shopify.com/s/files/1/0884/0278/8685/files/cushion-liwen-natural-40x65-2.jpg?v=1790543821;https://cdn.shopify.com/s/files/1/0884/0278/8685/files/cushion-liwen-natural-40x65-3.jpg?v=1790543821;https://cdn.shopify.com/s/files/1/0884/0278/8685/files/cushion-liwen-natural-40x65-4.jpg?v=1790543821;https://cdn.shopify.com/s/files/1/0884/0278/8685/files/cushion-liwen-natural-40x65-5.jpg?v=1790543821
8637077000,VIVARAISE,Tagesdecke Michka Flachs 220×240,https://www.maisondecocon.com/products/bedspread-michka-flax-220x240?variant=54710141944141,3210808637118,"Die Tagesdecke Michka in der Farbe „Flachs“ verleiht Ihrem Bett eine weiche, elegant geschnittene Note.",109.90,Heimtextilien > Tagesdecken,,,15.00,0.00,0.00,6-11 Werktage,https://cdn.shopify.com/s/files/1/0884/0278/8685/files/bedspread-michka-flax-220x240-1.jpg?v=1790576391;https://cdn.shopify.com/s/files/1/0884/0278/8685/files/bedspread-michka-flax-220x240-2.jpg?v=1790576391;https://cdn.shopify.com/s/files/1/0884/0278/8685/files/bedspread-michka-flax-220x240-3.jpg?v=1790576391
2409070000,VIVARAISE,Kissen aus Baumwollsamt Elise Pearl 45×45,https://www.maisondecocon.com/products/cotton-velvet-cushion-elise-pearl-45x45?variant=54710142370125,3210802409070,"Das Kissen Elise in der Farbe „Perle“ ist wendbar: Auf der einen Seite befindet sich Baumwollsamt, auf der anderen Baumwoll-Chambray in einem natürlichen Leinenfarbton; es ist mit einem Reißverschluss verschlossen. Es fühlt sich weich an und lässt sich gut mit den anderen Artikeln der Elise-Kollektion kombinieren.",42.90,Heimtextilien > Dekokissen,,,15.00,0.00,0.00,6-11 Werktage,https://cdn.shopify.com/s/files/1/0884/0278/8685/files/cotton-velvet-cushion-elise-pearl-45x45-1.jpg?v=1790546801;https://cdn.shopify.com/s/files/1/0884/0278/8685/files/cotton-velvet-cushion-elise-pearl-45x45-2.jpg?v=1790546801;https://cdn.shopify.com/s/files/1/0884/0278/8685/files/cotton-velvet-cushion-elise-pearl-45x45-3.jpg?v=1790546801
2409021000,VIVARAISE,Kissen aus Baumwollsamt Elise Opaline 45×45,https://www.maisondecocon.com/products/cotton-velvet-cushion-elise-opaline-45x45?variant=54710142402893,3210802409063,"Das Kissen Elise in der Farbe „Opalin“ ist wendbar: Auf der einen Seite besteht es aus Baumwollsamt, auf der anderen aus Baumwoll-Chambray in einem natürlichen Leinenfarbton; es ist mit einem Reißverschluss verschließbar. Es fühlt sich weich an und passt hervorragend zu den übrigen Artikeln der Elise-Kollektion.",42.90,Heimtextilien > Dekokissen,,,15.00,0.00,0.00,6-11 Werktage,https://cdn.shopify.com/s/files/1/0884/0278/8685/files/cotton-velvet-cushion-elise-opaline-45x45-1.jpg?v=1790546695;https://cdn.shopify.com/s/files/1/0884/0278/8685/files/cotton-velvet-cushion-elise-opaline-45x45-2.jpg?v=1790546695;https://cdn.shopify.com/s/files/1/0884/0278/8685/files/cotton-velvet-cushion-elise-opaline-45x45-3.jpg?v=1790546695
2393070000,VIVARAISE,Kissen aus Baumwollsamt Elise Pearl 30×50,https://www.maisondecocon.com/products/cotton-velvet-cushion-elise-pearl-30x50?variant=54710142435661,3210802393072,"Das Kissen Elise in der Farbe „Perle“ ist wendbar: Auf der einen Seite befindet sich Baumwollsamt, auf der anderen Baumwoll-Chambray in einem natürlichen Leinenfarbton; es ist mit einem Reißverschluss verschlossen. Es fühlt sich weich an und lässt sich gut mit den anderen Artikeln der Elise-Kollektion kombinieren.",39.90,Heimtextilien > Dekokissen,,,15.00,0.00,0.00,6-11 Werktage,https://cdn.shopify.com/s/files/1/0884/0278/8685/files/cotton-velvet-cushion-elise-pearl-30x50-1.jpg?v=1790546735;https://cdn.shopify.com/s/files/1/0884/0278/8685/files/cotton-velvet-cushion-elise-pearl-30x50-2.jpg?v=1790546735;https://cdn.shopify.com/s/files/1/0884/0278/8685/files/cotton-velvet-cushion-elise-pearl-30x50-3.jpg?v=1790546735;https://cdn.shopify.com/s/files/1/0884/0278/8685/files/cotton-velvet-cushion-elise-pearl-30x50-4.jpg?v=1790546735
2411070000,VIVARAISE,Kissen aus Baumwollsamt Elise Pearl 40×65,https://www.maisondecocon.com/products/cotton-velvet-cushion-elise-pearl-40x65?variant=54710143517005,3210802411073,"Das Kissen Elise in der Farbe „Perle“ ist wendbar: Auf der einen Seite befindet sich Baumwollsamt, auf der anderen Baumwoll-Chambray in einem natürlichen Leinenfarbton; es ist mit einem Reißverschluss verschlossen. Es fühlt sich weich an und lässt sich gut mit den anderen Artikeln der Elise-Kollektion kombinieren.",54.90,Heimtextilien > Dekokissen,,,15.00,0.00,0.00,6-11 Werktage,https://cdn.shopify.com/s/files/1/0884/0278/8685/files/cotton-velvet-cushion-elise-pearl-40x65-1.jpg?v=1790546769;https://cdn.shopify.com/s/files/1/0884/0278/8685/files/cotton-velvet-cushion-elise-pearl-40x65-2.jpg?v=1790546769;https://cdn.shopify.com/s/files/1/0884/0278/8685/files/cotton-velvet-cushion-elise-pearl-40x65-3.jpg?v=1790546769;https://cdn.shopify.com/s/files/1/0884/0278/8685/files/cotton-velvet-cushion-elise-pearl-40x65-4.jpg?v=1790546769
2411015000,VIVARAISE,"Kissen aus Baumwollsamt Elise, Farbe: Greige 40×65",https://www.maisondecocon.com/products/cotton-velvet-cushion-elise-greige-40x65?variant=54710143582541,3210802411042,"Das Kissen Elise in der Farbe „Greige“ ist wendbar: Auf der einen Seite besteht es aus Baumwollsamt, auf der anderen aus Baumwoll-Chambray in einem natürlichen Leinenfarbton; es wird mit einem Reißverschluss geschlossen. Es fühlt sich weich an und passt hervorragend zu den übrigen Produkten der Elise-Kollektion.",54.90,Heimtextilien > Dekokissen,,,15.00,0.00,0.00,6-11 Werktage,https://cdn.shopify.com/s/files/1/0884/0278/8685/files/cotton-velvet-cushion-elise-greige-40x65-1.jpg?v=1790546398;https://cdn.shopify.com/s/files/1/0884/0278/8685/files/cotton-velvet-cushion-elise-greige-40x65-2.jpg?v=1790546398;https://cdn.shopify.com/s/files/1/0884/0278/8685/files/cotton-velvet-cushion-elise-greige-40x65-3.jpg?v=1790546398
1257010000,VIVARAISE,Kissen Noam Snow 40×65,https://www.maisondecocon.com/products/cushion-noam-snow-40x65?variant=54710145024333,3210801257009,"Das Kissen Noam in der Farbe „Schnee“ ist mit weichem Kunstfell bezogen, das an ein Schafsfell erinnert, und lässt sich mit einem unsichtbaren Reißverschluss verschließen. Es gehört zu einer Kollektion, zu der auch ein passendes Plaid gehört.",31.90,Heimtextilien > Dekokissen,,,15.00,0.00,0.00,6-11 Werktage,https://cdn.shopify.com/s/files/1/0884/0278/8685/files/cushion-noam-snow-40x65-1.jpg?v=1790554851
1308825000,VIVARAISE,"Kissen aus Baumwollsamt Elise, Farbe: Camel 40×65",https://www.maisondecocon.com/products/cotton-velvet-cushion-elise-camel-40x65?variant=54710145941837,3660565088256,"Das Kissen Elise in der Farbe „Camel“ ist wendbar: Auf der einen Seite besteht es aus Baumwollsamt, auf der anderen aus Baumwoll-Chambray in einem natürlichen Leinenfarbton; es wird mit einem Reißverschluss geschlossen. Es fühlt sich weich an und lässt sich gut mit den anderen Artikeln der Elise-Kollektion kombinieren.",54.90,Heimtextilien > Dekokissen,,,15.00,0.00,0.00,6-11 Werktage,https://cdn.shopify.com/s/files/1/0884/0278/8685/files/cotton-velvet-cushion-elise-camel-40x65-1.jpg?v=1790546142;https://cdn.shopify.com/s/files/1/0884/0278/8685/files/cotton-velvet-cushion-elise-camel-40x65-2.jpg?v=1790546142;https://cdn.shopify.com/s/files/1/0884/0278/8685/files/cotton-velvet-cushion-elise-camel-40x65-3.jpg?v=1790546142
1308805000,VIVARAISE,"Kissen aus Baumwollsamt Elise, Farbe: Camel 45×45",https://www.maisondecocon.com/products/cotton-velvet-cushion-elise-camel-45x45?variant=54710146007373,3660565088058,"Das Kissen Elise in der Farbe „Camel“ ist wendbar: Auf der einen Seite besteht es aus Baumwollsamt, auf der anderen aus Baumwoll-Chambray in einem natürlichen Leinenfarbton; es wird mit einem Reißverschluss geschlossen. Es fühlt sich weich an und lässt sich gut mit den anderen Artikeln der Elise-Kollektion kombinieren.",42.90,Heimtextilien > Dekokissen,,,15.00,0.00,0.00,6-11 Werktage,https://cdn.shopify.com/s/files/1/0884/0278/8685/files/cotton-velvet-cushion-elise-camel-45x45-1.jpg?v=1790546172;https://cdn.shopify.com/s/files/1/0884/0278/8685/files/cotton-velvet-cushion-elise-camel-45x45-2.jpg?v=1790546172;https://cdn.shopify.com/s/files/1/0884/0278/8685/files/cotton-velvet-cushion-elise-camel-45x45-3.jpg?v=1790546172
1256010000,VIVARAISE,Kissen Noam Snow 45×45,https://www.maisondecocon.com/products/cushion-noam-snow-45x45?variant=54710146171213,3210801256002,"Das Kissen Noam in der Farbe „Schnee“ ist mit weichem Kunstfell bezogen, das an ein Schafsfell erinnert, und lässt sich mit einem unsichtbaren Reißverschluss verschließen. Es gehört zu einer Kollektion, zu der auch ein passendes Plaid gehört.",28.90,Heimtextilien > Dekokissen,,,15.00,0.00,0.00,6-11 Werktage,https://cdn.shopify.com/s/files/1/0884/0278/8685/files/cushion-noam-snow-45x45-1.jpg?v=1790554875
3000399000,VIVARAISE,Kissenhülle aus Hanf Mona Seladon 80×80,https://www.maisondecocon.com/products/hemp-cushion-cover-mona-celadon-80x80?variant=54710146302285,3700835020927,"Die Kissenhülle Mona in der Farbe Seladon besteht zu 100 % aus Hanf, fällt weich und weist eine leicht geknitterte Optik auf. Sie wird in Portugal hergestellt und passt sowohl zu einer modernen Einrichtung als auch zu einem eher rustikalen oder bohemischen Einrichtungsstil.",33.00,Heimtextilien > Dekokissen,,,15.00,0.00,0.00,6-11 Werktage,https://cdn.shopify.com/s/files/1/0884/0278/8685/files/hemp-cushion-cover-mona-celadon-80x80-1.jpg?v=1790553954
1254014000,VIVARAISE,Tagesdecke Astrid Natural 180×220,https://www.maisondecocon.com/products/bedspread-astrid-natural-180x220?variant=54710146367821,3210801254015,"Die Tagesdecke Astrid in der Farbe „Natur“ besteht aus beidseitig geripptem Polyester-Kunstfell, das sich weich und warm anfühlt.",133.90,Heimtextilien > Tagesdecken,,,15.00,0.00,0.00,6-11 Werktage,https://cdn.shopify.com/s/files/1/0884/0278/8685/files/bedspread-astrid-natural-180x220-1.jpg?v=1790664422
1308809000,VIVARAISE,"Kissen aus Baumwollsamt Elise, Farbe: Camel 30×50",https://www.maisondecocon.com/products/cotton-velvet-cushion-elise-camel-30x50?variant=54710146400589,3660565088096,"Das Kissen Elise in der Farbe „Camel“ ist wendbar: Auf der einen Seite besteht es aus Baumwollsamt, auf der anderen aus Baumwoll-Chambray in einem natürlichen Leinenfarbton; es wird mit einem Reißverschluss geschlossen. Es fühlt sich weich an und lässt sich gut mit den anderen Artikeln der Elise-Kollektion kombinieren.",39.90,Heimtextilien > Dekokissen,,,15.00,0.00,0.00,6-11 Werktage,https://cdn.shopify.com/s/files/1/0884/0278/8685/files/cotton-velvet-cushion-elise-camel-30x50-1.jpg?v=1790546111;https://cdn.shopify.com/s/files/1/0884/0278/8685/files/cotton-velvet-cushion-elise-camel-30x50-2.jpg?v=1790546111;https://cdn.shopify.com/s/files/1/0884/0278/8685/files/cotton-velvet-cushion-elise-camel-30x50-3.jpg?v=1790546111
1235067000,VIVARAISE,Tagesdecke aus Baumwolle Emilio Pazifik 180×260,https://www.maisondecocon.com/products/cotton-bedspread-emilio-pacific-180x260?variant=54710146924877,3210801235052,"Die Tagesdecke Emilio in der Farbe „Pazifik“ besteht aus 100 % Baumwolle und besticht durch ihr durchdachtes Design und ihre eleganten Linien, die dem Bett eine raffinierte Note verleihen. Hergestellt in Portugal.",134.90,Heimtextilien > Tagesdecken,,,15.00,0.00,0.00,6-11 Werktage,https://cdn.shopify.com/s/files/1/0884/0278/8685/files/cotton-bedspread-emilio-pacific-180x260-1.jpg?v=1790560935
1235015000,VIVARAISE,Tagesdecke aus Baumwolle Emilio Natur 180×260,https://www.maisondecocon.com/products/cotton-bedspread-emilio-natural-180x260?variant=54710146990413,3210801235069,"Die Tagesdecke Emilio in der Farbe „Natur“ besteht aus 100 % Baumwolle und besticht durch ihr durchdachtes Design und ihre eleganten Linien, die dem Bett eine raffinierte Note verleihen. Hergestellt in Portugal.",134.90,Heimtextilien > Tagesdecken,,,15.00,0.00,0.00,6-11 Werktage,https://cdn.shopify.com/s/files/1/0884/0278/8685/files/cotton-bedspread-emilio-natural-180x260-1.jpg?v=1790560710
1231015000,VIVARAISE,Baumwoll-Kissen Emilio Natur 45×45,https://www.maisondecocon.com/products/cotton-cushion-emilio-natural-45x45?variant=54710147023181,3210801231061,"Das Kissen Emilio in einem natürlichen Farbton, aus Baumwolle gefertigt und mit einem verdeckten Reißverschluss versehen. Ein raffinierter, unaufdringlicher Akzent für ein Sofa oder einen Sessel, ob modern oder klassisch.",36.90,Heimtextilien > Dekokissen,,,15.00,0.00,0.00,6-11 Werktage,https://cdn.shopify.com/s/files/1/0884/0278/8685/files/cotton-cushion-emilio-natural-45x45-1.jpg?v=1790541902
1237067000,VIVARAISE,Tagesdecke aus Baumwolle Emilio Pacific 260×260,https://www.maisondecocon.com/products/cotton-bedspread-emilio-pacific-260x260?variant=54710147055949,3210801237056,"Die Tagesdecke Emilio in der Farbe „Pazifik“ besteht aus 100 % Baumwolle und besticht durch ihr durchdachtes Design und ihre eleganten Linien, die dem Bett eine raffinierte Note verleihen. Hergestellt in Portugal.",189.90,Heimtextilien > Tagesdecken,,,15.00,0.00,0.00,6-11 Werktage,https://cdn.shopify.com/s/files/1/0884/0278/8685/files/cotton-bedspread-emilio-pacific-260x260-1.jpg?v=1790560966
1236067000,VIVARAISE,Tagesdecke aus Baumwolle Emilio Pazifik 240×260,https://www.maisondecocon.com/products/cotton-bedspread-emilio-pacific-240x260?variant=54710147088717,3210801236059,"Die Tagesdecke Emilio in der Farbe „Pazifik“ besteht aus 100 % Baumwolle und besticht durch ihr durchdachtes Design und ihre eleganten Linien, die dem Bett eine raffinierte Note verleihen. Hergestellt in Portugal.",179.90,Heimtextilien > Tagesdecken,,,15.00,0.00,0.00,6-11 Werktage,https://cdn.shopify.com/s/files/1/0884/0278/8685/files/cotton-bedspread-emilio-pacific-240x260-1.jpg?v=1790560951
1231067000,VIVARAISE,Baumwollkissen Emilio Pazifik 45×45,https://www.maisondecocon.com/products/cotton-cushion-emilio-pacific-45x45?variant=54710147121485,3210801231054,Das Kissen Emilio in der Farbe „Pazifik“ besteht aus 100 % Baumwolle und verfügt über einen verdeckten Reißverschluss; es wird in Portugal hergestellt. Ein schlichter Blickfang für Ihr Sofa oder Ihren Sessel.,36.90,Heimtextilien > Dekokissen,,,15.00,0.00,0.00,6-11 Werktage,https://cdn.shopify.com/s/files/1/0884/0278/8685/files/cotton-cushion-emilio-pacific-45x45-1.jpg?v=1790548414
1339010000,VIVARAISE,Seiden-Schlafmaske Ashley Snow 9×23,https://www.maisondecocon.com/products/silk-sleep-mask-ashley-snow-9x23?variant=54710242017613,3210801339026,"Die Ashley-Schlafmaske aus schneeweißer Seide: leicht, geschmeidig und sanft an das Gesicht angepasst. Entwickelt, um zu Hause oder auf Reisen das Licht auszublenden.",29.90,Drogerie & Gesundheit > Schlafen > Schlafmasken,,,15.00,0.00,0.00,6-11 Werktage,https://cdn.shopify.com/s/files/1/0884/0278/8685/files/silk-sleep-mask-ashley-snow-9x23-1.jpg?v=1790542006
1767023000,VIVARAISE,Kissen aus Baumwolle und Leinen Laly Zeder 45×45,https://www.maisondecocon.com/products/cotton-linen-cushion-laly-cedar-45x45?variant=54710243197261,3210801767096,"Das Kissen Laly in der Farbe „Zeder“ besteht aus einer Mischung aus 50 % Leinen und 50 % Baumwolle, was für eine weiche Haptik und zusätzliche Strapazierfähigkeit sorgt. Es misst 45 × 45 cm.",29.90,Heimtextilien > Dekokissen,,,15.00,0.00,0.00,6-11 Werktage,https://cdn.shopify.com/s/files/1/0884/0278/8685/files/cotton-linen-cushion-laly-cedar-45x45-1.jpg?v=1790553348
1769023000,VIVARAISE,Kissen aus Baumwolle und Leinen Laly Zeder 30×50,https://www.maisondecocon.com/products/cotton-linen-cushion-laly-cedar-30x50?variant=54710243426637,3210801769083,"Das Kissen Laly in der Farbe „Zeder“ besteht aus einer Mischung aus 50 % Leinen und 50 % Baumwolle, was für eine weiche Haptik und zusätzliche Strapazierfähigkeit sorgt. Es misst 30 × 50 cm.",28.90,Heimtextilien > Dekokissen,,,15.00,0.00,0.00,6-11 Werktage,https://cdn.shopify.com/s/files/1/0884/0278/8685/files/cotton-linen-cushion-laly-cedar-30x50-1.jpg?v=1790553334
2342070000,VIVARAISE,Kissen aus Leinen und Baumwolle Zeff Thunder 30×50,https://www.maisondecocon.com/products/linen-cotton-cushion-zeff-thunder-30x50?variant=54710244147533,3210802342087,"Das Kissen Zeff in der Farbe „Donner“ kombiniert eine Vorderseite aus Leinen mit einer Rückseite aus Baumwolle und besticht durch einen schlichten, dezenten Look. Dank der Vorderseite aus 100 % Leinen und der Rückseite aus 100 % Baumwolle bietet es höchsten Komfort.",21.90,Heimtextilien > Dekokissen,,,15.00,0.00,0.00,6-11 Werktage,https://cdn.shopify.com/s/files/1/0884/0278/8685/files/linen-cotton-cushion-zeff-thunder-30x50-1.jpg?v=1790559047;https://cdn.shopify.com/s/files/1/0884/0278/8685/files/linen-cotton-cushion-zeff-thunder-30x50-2.jpg?v=1790559047;https://cdn.shopify.com/s/files/1/0884/0278/8685/files/linen-cotton-cushion-zeff-thunder-30x50-3.jpg?v=1790559047
2342021000,VIVARAISE,Kissen aus Leinen und Baumwolle Zeff Thymian 30×50,https://www.maisondecocon.com/products/linen-cotton-cushion-zeff-thyme-30x50?variant=54710244213069,3210802342148,"Das Kissen Zeff in der Farbe „Thymian“ kombiniert eine Vorderseite aus Leinen mit einer Rückseite aus Baumwolle und besticht durch einen schlichten, dezenten Look. Dank der Vorderseite aus 100 % Leinen und der Rückseite aus 100 % Baumwolle bietet es höchsten Komfort.",21.90,Heimtextilien > Dekokissen,,,15.00,0.00,0.00,6-11 Werktage,https://cdn.shopify.com/s/files/1/0884/0278/8685/files/linen-cotton-cushion-zeff-thyme-30x50-1.jpg?v=1790559343;https://cdn.shopify.com/s/files/1/0884/0278/8685/files/linen-cotton-cushion-zeff-thyme-30x50-2.jpg?v=1790559343;https://cdn.shopify.com/s/files/1/0884/0278/8685/files/linen-cotton-cushion-zeff-thyme-30x50-3.jpg?v=1790559343
2363021000,VIVARAISE,Kissen aus Leinen und Baumwolle Zeff Thymian 45×45,https://www.maisondecocon.com/products/linen-cotton-cushion-zeff-thyme-45x45?variant=54710244245837,3210802363143,"Das Kissen Zeff in der Farbe „Thymian“ kombiniert eine Vorderseite aus Leinen mit einer Rückseite aus Baumwolle und besticht durch einen schlichten, dezenten Look. Dank der Vorderseite aus 100 % Leinen und der Rückseite aus 100 % Baumwolle bietet es höchsten Komfort.",24.90,Heimtextilien > Dekokissen,,,15.00,0.00,0.00,6-11 Werktage,https://cdn.shopify.com/s/files/1/0884/0278/8685/files/linen-cotton-cushion-zeff-thyme-45x45-1.jpg?v=1790559375;https://cdn.shopify.com/s/files/1/0884/0278/8685/files/linen-cotton-cushion-zeff-thyme-45x45-2.jpg?v=1790559375;https://cdn.shopify.com/s/files/1/0884/0278/8685/files/linen-cotton-cushion-zeff-thyme-45x45-3.jpg?v=1790559375
2342010000,VIVARAISE,Kissen aus Leinen und Baumwolle Zeff Weiß 30×50,https://www.maisondecocon.com/products/linen-cotton-cushion-zeff-white-30x50?variant=54710244278605,3210802342001,"Das Kissen Zeff in Weiß kombiniert eine Vorderseite aus Leinen mit einer Rückseite aus Baumwolle und sorgt so für einen schlichten, dezenten Look. Dank der Vorderseite aus 100 % Leinen und der Rückseite aus 100 % Baumwolle bietet es höchsten Komfort.",21.90,Heimtextilien > Dekokissen,,,15.00,0.00,0.00,6-11 Werktage,https://cdn.shopify.com/s/files/1/0884/0278/8685/files/linen-cotton-cushion-zeff-white-30x50-1.jpg?v=1790557871;https://cdn.shopify.com/s/files/1/0884/0278/8685/files/linen-cotton-cushion-zeff-white-30x50-2.jpg?v=1790557871;https://cdn.shopify.com/s/files/1/0884/0278/8685/files/linen-cotton-cushion-zeff-white-30x50-3.jpg?v=1790557871
2342015000,VIVARAISE,Kissen aus Leinen und Baumwolle Zeff Chalk 30×50,https://www.maisondecocon.com/products/linen-cotton-cushion-zeff-chalk-30x50?variant=54710244671821,3210802342018,"Das Zeff-Kissen in der Farbe „Kreide“ kombiniert eine Vorderseite aus Leinen mit einer Rückseite aus Baumwolle und besticht durch einen schlichten, dezenten Look. Dank der Vorderseite aus 100 % Leinen und der Rückseite aus 100 % Baumwolle bietet es höchsten Komfort.",21.90,Heimtextilien > Dekokissen,,,15.00,0.00,0.00,6-11 Werktage,https://cdn.shopify.com/s/files/1/0884/0278/8685/files/linen-cotton-cushion-zeff-chalk-30x50-1.jpg?v=1790558160;https://cdn.shopify.com/s/files/1/0884/0278/8685/files/linen-cotton-cushion-zeff-chalk-30x50-2.jpg?v=1790558160;https://cdn.shopify.com/s/files/1/0884/0278/8685/files/linen-cotton-cushion-zeff-chalk-30x50-3.jpg?v=1790558161
2363070000,VIVARAISE,Kissen aus Leinen und Baumwolle Zeff Thunder 45×45,https://www.maisondecocon.com/products/linen-cotton-cushion-zeff-thunder-45x45?variant=54710244901197,3210802363082,"Das Kissen Zeff in der Farbe „Donner“ kombiniert eine Vorderseite aus Leinen mit einer Rückseite aus Baumwolle und besticht durch einen schlichten, dezenten Look. Dank der Vorderseite aus 100 % Leinen und der Rückseite aus 100 % Baumwolle bietet es höchsten Komfort.",24.90,Heimtextilien > Dekokissen,,,15.00,0.00,0.00,6-11 Werktage,https://cdn.shopify.com/s/files/1/0884/0278/8685/files/linen-cotton-cushion-zeff-thunder-45x45-1.jpg?v=1790559081;https://cdn.shopify.com/s/files/1/0884/0278/8685/files/linen-cotton-cushion-zeff-thunder-45x45-2.jpg?v=1790559081;https://cdn.shopify.com/s/files/1/0884/0278/8685/files/linen-cotton-cushion-zeff-thunder-45x45-3.jpg?v=1790559081;https://cdn.shopify.com/s/files/1/0884/0278/8685/files/linen-cotton-cushion-zeff-thunder-45x45-4.jpg?v=1790559081
1869031000,VIVARAISE,Tagesdecke aus Baumwolle Tika Mokka 240×260,https://www.maisondecocon.com/products/cotton-bedspread-tika-mocha-240x260?variant=54710246342989,3210801869073,"Die Tagesdecke Tika in der Farbe „Mokka“ besteht aus stonewashed, gesteppter Baumwolle mit einer Füllung aus Polyester und ist mit einer Kordelborte sowie abgerundeten Ecken versehen. Hergestellt in Portugal.",159.90,Heimtextilien > Tagesdecken,,,15.00,0.00,0.00,6-11 Werktage,https://cdn.shopify.com/s/files/1/0884/0278/8685/files/cotton-bedspread-tika-mocha-240x260-1.jpg?v=1790561252
1849031000,VIVARAISE,Tagesdecke aus Baumwolle Tika Mokka 180×260,https://www.maisondecocon.com/products/cotton-bedspread-tika-mocha-180x260?variant=54710246375757,3210801849075,"Die Tagesdecke Tika in der Farbe „Mokka“ besteht aus stonewashed, gesteppter Baumwolle mit einer Füllung aus Polyester und ist mit einer Kordelborte sowie abgerundeten Ecken versehen. Hergestellt in Portugal.",139.90,Heimtextilien > Tagesdecken,,,15.00,0.00,0.00,6-11 Werktage,https://cdn.shopify.com/s/files/1/0884/0278/8685/files/cotton-bedspread-tika-mocha-180x260-1.jpg?v=1790561236
2342041000,VIVARAISE,Kissen aus Leinen und Baumwolle Zeff Ocker 30×50,https://www.maisondecocon.com/products/linen-cotton-cushion-zeff-ochre-30x50?variant=54710246408525,3210802342155,"Das Kissen Zeff in der Farbe Ocker vereint eine Vorderseite aus Leinen mit einer Rückseite aus Baumwolle und besticht durch einen schlichten, dezenten Look. Dank der Vorderseite aus 100 % Leinen und der Rückseite aus 100 % Baumwolle bietet es höchsten Komfort.",21.90,Heimtextilien > Dekokissen,,,15.00,0.00,0.00,6-11 Werktage,https://cdn.shopify.com/s/files/1/0884/0278/8685/files/linen-cotton-cushion-zeff-ochre-30x50-1.jpg?v=1790558718;https://cdn.shopify.com/s/files/1/0884/0278/8685/files/linen-cotton-cushion-zeff-ochre-30x50-2.jpg?v=1790558718;https://cdn.shopify.com/s/files/1/0884/0278/8685/files/linen-cotton-cushion-zeff-ochre-30x50-3.jpg?v=1790558718
1870031000,VIVARAISE,Tagesdecke aus Baumwolle Tika Mokka 260×260,https://www.maisondecocon.com/products/cotton-bedspread-tika-mocha-260x260?variant=54710246474061,3210801870086,"Die Tagesdecke Tika in der Farbe „Mokka“ besteht aus stonewashed, gesteppter Baumwolle mit einer Füllung aus Polyester und ist mit einer Kordelborte sowie abgerundeten Ecken versehen. Hergestellt in Portugal.",194.90,Heimtextilien > Tagesdecken,,,15.00,0.00,0.00,6-11 Werktage,https://cdn.shopify.com/s/files/1/0884/0278/8685/files/cotton-bedspread-tika-mocha-260x260-1.jpg?v=1790561267
2363010000,VIVARAISE,Kissen aus Leinen und Baumwolle Zeff Weiß 45×45,https://www.maisondecocon.com/products/linen-cotton-cushion-zeff-white-45x45?variant=54710247063885,3210802363006,"Das Kissen Zeff in Weiß kombiniert eine Vorderseite aus Leinen mit einer Rückseite aus Baumwolle und sorgt so für einen schlichten, dezenten Look. Dank der Vorderseite aus 100 % Leinen und der Rückseite aus 100 % Baumwolle bietet es höchsten Komfort.",24.90,Heimtextilien > Dekokissen,,,15.00,0.00,0.00,6-11 Werktage,https://cdn.shopify.com/s/files/1/0884/0278/8685/files/linen-cotton-cushion-zeff-white-45x45-1.jpg?v=1790557887;https://cdn.shopify.com/s/files/1/0884/0278/8685/files/linen-cotton-cushion-zeff-white-45x45-2.jpg?v=1790557887;https://cdn.shopify.com/s/files/1/0884/0278/8685/files/linen-cotton-cushion-zeff-white-45x45-3.jpg?v=1790557887
2363080000,VIVARAISE,Kissen aus Leinen und Baumwolle Zeff Natural 45×45,https://www.maisondecocon.com/products/linen-cotton-cushion-zeff-natural-45x45?variant=54710247096653,3210802363020,"Das Kissen Zeff in der Farbe „Natur“ kombiniert eine Vorderseite aus Leinen mit einer Rückseite aus Baumwolle und sorgt so für einen schlichten, dezenten Look. Dank der Vorderseite aus 100 % Leinen und der Rückseite aus 100 % Baumwolle bietet es höchsten Komfort.",24.90,Heimtextilien > Dekokissen,,,15.00,0.00,0.00,6-11 Werktage,https://cdn.shopify.com/s/files/1/0884/0278/8685/files/linen-cotton-cushion-zeff-natural-45x45-1.jpg?v=1790558692;https://cdn.shopify.com/s/files/1/0884/0278/8685/files/linen-cotton-cushion-zeff-natural-45x45-2.jpg?v=1790558692;https://cdn.shopify.com/s/files/1/0884/0278/8685/files/linen-cotton-cushion-zeff-natural-45x45-3.jpg?v=1790558692
2363025000,VIVARAISE,Kissen aus Leinen und Baumwolle Zeff Preußischblau 45×45,https://www.maisondecocon.com/products/linen-cotton-cushion-zeff-prussia-45x45?variant=54710247129421,3210802363068,"Das Kissen Zeff in der Farbe „Preußischblau“ kombiniert eine Vorderseite aus Leinen mit einer Rückseite aus Baumwolle und besticht durch einen schlichten, zurückhaltenden Look. Dank der Vorderseite aus 100 % Leinen und der Rückseite aus 100 % Baumwolle bietet es höchsten Komfort.",24.90,Heimtextilien > Dekokissen,,,15.00,0.00,0.00,6-11 Werktage,https://cdn.shopify.com/s/files/1/0884/0278/8685/files/linen-cotton-cushion-zeff-prussia-45x45-1.jpg?v=1790558744;https://cdn.shopify.com/s/files/1/0884/0278/8685/files/linen-cotton-cushion-zeff-prussia-45x45-2.jpg?v=1790558744;https://cdn.shopify.com/s/files/1/0884/0278/8685/files/linen-cotton-cushion-zeff-prussia-45x45-3.jpg?v=1790558744
2370070000,VIVARAISE,Kissen aus Leinen und Baumwolle Zeff Thunder 40×65,https://www.maisondecocon.com/products/linen-cotton-cushion-zeff-thunder-40x65?variant=54710247293261,3210802370080,"Das Kissen Zeff in der Farbe „Donner“ kombiniert eine Vorderseite aus Leinen mit einer Rückseite aus Baumwolle und besticht durch einen schlichten, dezenten Look. Dank der Vorderseite aus 100 % Leinen und der Rückseite aus 100 % Baumwolle bietet es höchsten Komfort.",29.90,Heimtextilien > Dekokissen,,,15.00,0.00,0.00,6-11 Werktage,https://cdn.shopify.com/s/files/1/0884/0278/8685/files/linen-cotton-cushion-zeff-thunder-40x65-1.jpg?v=1790559063;https://cdn.shopify.com/s/files/1/0884/0278/8685/files/linen-cotton-cushion-zeff-thunder-40x65-2.jpg?v=1790559063;https://cdn.shopify.com/s/files/1/0884/0278/8685/files/linen-cotton-cushion-zeff-thunder-40x65-3.jpg?v=1790559063
2363015000,VIVARAISE,Kissen aus Leinen und Baumwolle Zeff Kreide 45×45,https://www.maisondecocon.com/products/linen-cotton-cushion-zeff-chalk-45x45?variant=54710247326029,3210802363013,"Das Zeff-Kissen in der Farbe „Kreide“ kombiniert eine Vorderseite aus Leinen mit einer Rückseite aus Baumwolle und besticht durch einen schlichten, dezenten Look. Dank der Vorderseite aus 100 % Leinen und der Rückseite aus 100 % Baumwolle bietet es höchsten Komfort.",24.90,Heimtextilien > Dekokissen,,,15.00,0.00,0.00,6-11 Werktage,https://cdn.shopify.com/s/files/1/0884/0278/8685/files/linen-cotton-cushion-zeff-chalk-45x45-1.jpg?v=1790558192;https://cdn.shopify.com/s/files/1/0884/0278/8685/files/linen-cotton-cushion-zeff-chalk-45x45-2.jpg?v=1790558192;https://cdn.shopify.com/s/files/1/0884/0278/8685/files/linen-cotton-cushion-zeff-chalk-45x45-3.jpg?v=1790558192
2370015000,VIVARAISE,Kissen aus Leinen und Baumwolle Zeff Chalk 40×65,https://www.maisondecocon.com/products/linen-cotton-cushion-zeff-chalk-40x65?variant=54710247391565,3210802370011,"Das Zeff-Kissen in der Farbe „Kreide“ kombiniert eine Vorderseite aus Leinen mit einer Rückseite aus Baumwolle und besticht durch einen schlichten, dezenten Look. Dank der Vorderseite aus 100 % Leinen und der Rückseite aus 100 % Baumwolle bietet es höchsten Komfort.",29.90,Heimtextilien > Dekokissen,,,15.00,0.00,0.00,6-11 Werktage,https://cdn.shopify.com/s/files/1/0884/0278/8685/files/linen-cotton-cushion-zeff-chalk-40x65-1.jpg?v=1790558176;https://cdn.shopify.com/s/files/1/0884/0278/8685/files/linen-cotton-cushion-zeff-chalk-40x65-2.jpg?v=1790558176;https://cdn.shopify.com/s/files/1/0884/0278/8685/files/linen-cotton-cushion-zeff-chalk-40x65-3.jpg?v=1790558177
2370010000,VIVARAISE,Kissen aus Leinen und Baumwolle Zeff Weiß 40×65,https://www.maisondecocon.com/products/linen-cotton-cushion-zeff-white-40x65?variant=54710247457101,3210802370004,"Das Kissen Zeff in Weiß kombiniert eine Vorderseite aus Leinen mit einer Rückseite aus Baumwolle und sorgt so für einen schlichten, dezenten Look. Dank der Vorderseite aus 100 % Leinen und der Rückseite aus 100 % Baumwolle bietet es höchsten Komfort.",29.90,Heimtextilien > Dekokissen,,,15.00,0.00,0.00,6-11 Werktage,https://cdn.shopify.com/s/files/1/0884/0278/8685/files/linen-cotton-cushion-zeff-white-40x65-1.jpg?v=1790559391;https://cdn.shopify.com/s/files/1/0884/0278/8685/files/linen-cotton-cushion-zeff-white-40x65-2.jpg?v=1790559391;https://cdn.shopify.com/s/files/1/0884/0278/8685/files/linen-cotton-cushion-zeff-white-40x65-3.jpg?v=1790559391;https://cdn.shopify.com/s/files/1/0884/0278/8685/files/linen-cotton-cushion-zeff-white-40x65-4.jpg?v=1790559392
2370021000,VIVARAISE,Kissen aus Leinen und Baumwolle Zeff Thymian 40×65,https://www.maisondecocon.com/products/linen-cotton-cushion-zeff-thyme-40x65?variant=54710247653709,3210802370141,"Das Kissen Zeff in der Farbe „Thymian“ kombiniert eine Vorderseite aus Leinen mit einer Rückseite aus Baumwolle und besticht durch einen schlichten, dezenten Look. Dank der Vorderseite aus 100 % Leinen und der Rückseite aus 100 % Baumwolle bietet es höchsten Komfort.",29.90,Heimtextilien > Dekokissen,,,15.00,0.00,0.00,6-11 Werktage,https://cdn.shopify.com/s/files/1/0884/0278/8685/files/linen-cotton-cushion-zeff-thyme-40x65-1.jpg?v=1790559359;https://cdn.shopify.com/s/files/1/0884/0278/8685/files/linen-cotton-cushion-zeff-thyme-40x65-2.jpg?v=1790559359;https://cdn.shopify.com/s/files/1/0884/0278/8685/files/linen-cotton-cushion-zeff-thyme-40x65-3.jpg?v=1790559359
2370036000,VIVARAISE,Kissen aus Leinen und Baumwolle Zeff Rooibos 40×65,https://www.maisondecocon.com/products/linen-cotton-cushion-zeff-rooibos-40x65?variant=54710247719245,3210802370103,"Das Kissen Zeff in der Farbe „Rooibos“ kombiniert eine Vorderseite aus Leinen mit einer Rückseite aus Baumwolle und sorgt so für einen schlichten, dezenten Look. Dank der Vorderseite aus 100 % Leinen und der Rückseite aus 100 % Baumwolle bietet es höchsten Komfort.",29.90,Heimtextilien > Dekokissen,,,15.00,0.00,0.00,6-11 Werktage,https://cdn.shopify.com/s/files/1/0884/0278/8685/files/linen-cotton-cushion-zeff-rooibos-40x65-1.jpg?v=1790559017;https://cdn.shopify.com/s/files/1/0884/0278/8685/files/linen-cotton-cushion-zeff-rooibos-40x65-2.jpg?v=1790559017;https://cdn.shopify.com/s/files/1/0884/0278/8685/files/linen-cotton-cushion-zeff-rooibos-40x65-3.jpg?v=1790559017
2393015000,VIVARAISE,"Kissen aus Baumwollsamt Elise, Farbe: Greige 30×50",https://www.maisondecocon.com/products/cotton-velvet-cushion-elise-greige-30x50?variant=54710249587021,3210802393041,"Das Kissen Elise in der Farbe „Greige“ ist wendbar: Auf der einen Seite besteht es aus Baumwollsamt, auf der anderen aus Baumwoll-Chambray in einem natürlichen Leinenfarbton; es wird mit einem Reißverschluss geschlossen. Es fühlt sich weich an und passt hervorragend zu den übrigen Produkten der Elise-Kollektion.",39.90,Heimtextilien > Dekokissen,,,15.00,0.00,0.00,6-11 Werktage,https://cdn.shopify.com/s/files/1/0884/0278/8685/files/cotton-velvet-cushion-elise-greige-30x50-1.jpg?v=1790546232;https://cdn.shopify.com/s/files/1/0884/0278/8685/files/cotton-velvet-cushion-elise-greige-30x50-2.jpg?v=1790546233;https://cdn.shopify.com/s/files/1/0884/0278/8685/files/cotton-velvet-cushion-elise-greige-30x50-3.jpg?v=1790546233
1302176000,VIVARAISE,"Tagesdecke aus Baumwolle Gastounet, mehrfarbig 260×260",https://www.maisondecocon.com/products/cotton-bedspread-gastounet-multicolour-260x260?variant=54710249718093,3660565021765,"Die Tagesdecke Gastounet besteht aus 100 % Baumwolle und weist über die gesamte Oberfläche hinweg gesteppte, mehrfarbige Nähte auf.",419.90,Heimtextilien > Tagesdecken,,,15.00,0.00,0.00,6-11 Werktage,https://cdn.shopify.com/s/files/1/0884/0278/8685/files/cotton-bedspread-gastounet-multicolour-260x260-1.jpg?v=1790564066;https://cdn.shopify.com/s/files/1/0884/0278/8685/files/cotton-bedspread-gastounet-multicolour-260x260-2.jpg?v=1790564067
5377053000,VIVARAISE,Tagesdecke Betender Geranie 225×260,https://www.maisondecocon.com/products/bedspread-betender-geranium-225x260?variant=54710250635597,3210805377055,"Die Tagesdecke Betender in der Farbe „Geranie“ misst 225 × 260 cm und verleiht dem Bett eine weiche, großzügige Note.",199.90,Heimtextilien > Tagesdecken,,,15.00,0.00,0.00,6-11 Werktage,https://cdn.shopify.com/s/files/1/0884/0278/8685/files/bedspread-betender-geranium-225x260-1.jpg?v=1790560057
3930012000,VIVARAISE,Tagesdecke Michka Pebble 180×220,https://www.maisondecocon.com/products/bedspread-michka-pebble-180x220?variant=54710250701133,3210803930092,Die Tagesdecke Michka in der Farbe „Kiesel“ misst 180 × 220 cm.,79.90,Heimtextilien > Tagesdecken,,,15.00,0.00,0.00,6-11 Werktage,https://cdn.shopify.com/s/files/1/0884/0278/8685/files/bedspread-michka-pebble-180x220-1.jpg?v=1790563264
8637012000,VIVARAISE,Tagesdecke Michka Pebble 220×240,https://www.maisondecocon.com/products/bedspread-michka-pebble-220x240?variant=54710250766669,3210808637088,Die Tagesdecke Michka in der Farbe „Kiesel“ misst 220 × 240 cm.,109.90,Heimtextilien > Tagesdecken,,,15.00,0.00,0.00,6-11 Werktage,https://cdn.shopify.com/s/files/1/0884/0278/8685/files/bedspread-michka-pebble-220x240-1.jpg?v=1790563695
2393021000,VIVARAISE,Kissen aus Baumwollsamt Elise Opaline 30×50,https://www.maisondecocon.com/products/cotton-velvet-cushion-elise-opaline-30x50?variant=54710250832205,3210802393065,"Das Kissen Elise in der Farbe „Opalin“ ist wendbar: Auf der einen Seite besteht es aus Baumwollsamt, auf der anderen aus Baumwoll-Chambray in einem natürlichen Leinenfarbton; es ist mit einem Reißverschluss verschließbar. Es fühlt sich weich an und passt hervorragend zu den übrigen Artikeln der Elise-Kollektion.",39.90,Heimtextilien > Dekokissen,,,15.00,0.00,0.00,6-11 Werktage,https://cdn.shopify.com/s/files/1/0884/0278/8685/files/cotton-velvet-cushion-elise-opaline-30x50-1.jpg?v=1790546522;https://cdn.shopify.com/s/files/1/0884/0278/8685/files/cotton-velvet-cushion-elise-opaline-30x50-2.jpg?v=1790546522;https://cdn.shopify.com/s/files/1/0884/0278/8685/files/cotton-velvet-cushion-elise-opaline-30x50-3.jpg?v=1790546522
8607053000,VIVARAISE,Kissen Tender Geranie 50×50,https://www.maisondecocon.com/products/cushion-tender-geranium-50x50?variant=54710251192653,3210808607449,Das Kissen Tender in der Farbe Geranie misst 50 × 50 cm.,32.90,Heimtextilien > Dekokissen,,,15.00,0.00,0.00,6-11 Werktage,https://cdn.shopify.com/s/files/1/0884/0278/8685/files/cushion-tender-geranium-50x50-1.jpg?v=1790555582
1307801000,VIVARAISE,Kissen aus Baumwollsamt Elise Twine 40×65,https://www.maisondecocon.com/products/cotton-velvet-cushion-elise-twine-40x65?variant=54710251716941,3660565078011,"Das Kissen Elise in der Ausführung „Kordel“ ist wendbar: Auf der einen Seite besteht es aus Baumwollsamt, auf der anderen aus Baumwoll-Chambray in einem natürlichen Leinenfarbton; es wird mit einem Reißverschluss geschlossen. Es fühlt sich weich an und lässt sich gut mit den anderen Artikeln der Elise-Kollektion kombinieren.",54.90,Heimtextilien > Dekokissen,,,15.00,0.00,0.00,6-11 Werktage,https://cdn.shopify.com/s/files/1/0884/0278/8685/files/cotton-velvet-cushion-elise-twine-40x65-1.jpg?v=1790585809;https://cdn.shopify.com/s/files/1/0884/0278/8685/files/cotton-velvet-cushion-elise-twine-40x65-2.jpg?v=1790585809;https://cdn.shopify.com/s/files/1/0884/0278/8685/files/cotton-velvet-cushion-elise-twine-40x65-3.jpg?v=1790585809
1307799000,VIVARAISE,"Kissen aus Baumwollsamt Elise, Grüngrau 40×65",https://www.maisondecocon.com/products/cotton-velvet-cushion-elise-green-grey-40x65?variant=54710252044621,3660565077991,"Das Kissen Elise in der Farbe „Grüngrau“ ist wendbar: Auf der einen Seite besteht es aus Baumwollsamt, auf der anderen aus Baumwoll-Chambray in einem natürlichen Leinenfarbton; es lässt sich mit einem Reißverschluss verschließen. Es fühlt sich weich an und passt hervorragend zu den übrigen Artikeln der Elise-Kollektion.",54.90,Heimtextilien > Dekokissen,,,15.00,0.00,0.00,6-11 Werktage,https://cdn.shopify.com/s/files/1/0884/0278/8685/files/cotton-velvet-cushion-elise-green-grey-40x65-1.jpg?v=1790557271;https://cdn.shopify.com/s/files/1/0884/0278/8685/files/cotton-velvet-cushion-elise-green-grey-40x65-2.jpg?v=1790557271;https://cdn.shopify.com/s/files/1/0884/0278/8685/files/cotton-velvet-cushion-elise-green-grey-40x65-3.jpg?v=1790557271
1307803000,VIVARAISE,Kissen aus Baumwollsamt Elise Thunder 40×65,https://www.maisondecocon.com/products/cotton-velvet-cushion-elise-thunder-40x65?variant=54710252077389,3660565078035,"Das Kissen Elise in der Farbe „Thunder“ ist wendbar: Auf der einen Seite besteht es aus Baumwollsamt, auf der anderen aus Baumwoll-Chambray in einem natürlichen Leinenfarbton; es wird mit einem Reißverschluss verschlossen. Es fühlt sich weich an und lässt sich gut mit den anderen Artikeln der Elise-Kollektion kombinieren.",54.90,Heimtextilien > Dekokissen,,,15.00,0.00,0.00,6-11 Werktage,https://cdn.shopify.com/s/files/1/0884/0278/8685/files/cotton-velvet-cushion-elise-thunder-40x65-1.jpg?v=1790585687;https://cdn.shopify.com/s/files/1/0884/0278/8685/files/cotton-velvet-cushion-elise-thunder-40x65-2.jpg?v=1790585687;https://cdn.shopify.com/s/files/1/0884/0278/8685/files/cotton-velvet-cushion-elise-thunder-40x65-3.jpg?v=1790585687
8607012000,VIVARAISE,Kissen Tender Pebble 50×50,https://www.maisondecocon.com/products/cushion-tender-pebble-50x50?variant=54710252405069,3210808607432,Das Kissen Tender in der Farbe „Kiesel“ misst 50 × 50 cm.,32.90,Heimtextilien > Dekokissen,,,15.00,0.00,0.00,6-11 Werktage,https://cdn.shopify.com/s/files/1/0884/0278/8685/files/cushion-tender-pebble-50x50-1.jpg?v=1790555978
5016045000,VIVARAISE,Tagesdecke Elise Spice 240×260,https://www.maisondecocon.com/products/bedspread-elise-spice-240x260?variant=54710252437837,3210805016039,Die Tagesdecke Elise in der Farbe „Spice“ ist getuftet und verleiht dem Bett eine gesteppte Struktur sowie mehr Volumen.,399.90,Heimtextilien > Tagesdecken,,,15.00,0.00,0.00,6-11 Werktage,https://cdn.shopify.com/s/files/1/0884/0278/8685/files/bedspread-elise-spice-240x260-1.jpg?v=1790560610
5019031000,VIVARAISE,Kissen Fara Rosenholz 30×50,https://www.maisondecocon.com/products/cushion-fara-rosewood-30x50?variant=54710252536141,3210805019238,Ein schlichtes Fara-Kissen in einem Ton von Rosenholz – ein dezenter Akzent für ein Sofa oder einen Sessel.,29.90,Heimtextilien > Dekokissen,,,15.00,0.00,0.00,6-11 Werktage,https://cdn.shopify.com/s/files/1/0884/0278/8685/files/cushion-fara-rosewood-30x50-1.jpg?v=1790551023
5019021000,VIVARAISE,Kissen Fara Olive 30×50,https://www.maisondecocon.com/products/cushion-fara-olive-30x50?variant=54710252798285,3210805019221,"Ein schlichtes Fara-Kissen in Oliv, Teil der Fara-Kollektion. Ein dezenter, schlichter Akzent für ein Sofa oder einen Sessel.",29.90,Heimtextilien > Dekokissen,,,15.00,0.00,0.00,6-11 Werktage,https://cdn.shopify.com/s/files/1/0884/0278/8685/files/cushion-fara-olive-30x50-1.jpg?v=1790549965
5115025000,VIVARAISE,Kissen Kinta Olive 45×45,https://www.maisondecocon.com/products/cushion-kinta-olive-45x45?variant=54710255124813,3210805115060,Ein schlichtes Kinta-Kissen in einem Olivton – ein dezenter Akzent für Ihr Sofa oder Ihren Sessel.,28.90,Heimtextilien > Dekokissen,,,15.00,0.00,0.00,6-11 Werktage,https://cdn.shopify.com/s/files/1/0884/0278/8685/files/cushion-kinta-olive-45x45-1.jpg?v=1790552446
1767012000,VIVARAISE,Kissen Laly Pebble 45×45,https://www.maisondecocon.com/products/cushion-laly-pebble-45x45?variant=54710255354189,3210801767027,Das Kissen Laly in der Farbe „Kiesel“ misst 45 × 45 cm.,29.90,Heimtextilien > Dekokissen,,,15.00,0.00,0.00,6-11 Werktage,https://cdn.shopify.com/s/files/1/0884/0278/8685/files/cushion-laly-pebble-45x45-1.jpg?v=1790553375
1308195000,VIVARAISE,Kissen aus Baumwollsamt Elise Twine 30×50,https://www.maisondecocon.com/products/cotton-velvet-cushion-elise-twine-30x50?variant=54710255419725,3660565081950,"Das Kissen Elise in der Ausführung „Kordel“ ist wendbar: Auf der einen Seite besteht es aus Baumwollsamt, auf der anderen aus Baumwoll-Chambray in einem natürlichen Leinenfarbton; es wird mit einem Reißverschluss geschlossen. Es fühlt sich weich an und lässt sich gut mit den anderen Artikeln der Elise-Kollektion kombinieren.",39.90,Heimtextilien > Dekokissen,,,15.00,0.00,0.00,6-11 Werktage,https://cdn.shopify.com/s/files/1/0884/0278/8685/files/cotton-velvet-cushion-elise-twine-30x50-1.jpg?v=1790585793;https://cdn.shopify.com/s/files/1/0884/0278/8685/files/cotton-velvet-cushion-elise-twine-30x50-2.jpg?v=1790585793;https://cdn.shopify.com/s/files/1/0884/0278/8685/files/cotton-velvet-cushion-elise-twine-30x50-3.jpg?v=1790585793
5016079000,VIVARAISE,Tagesdecke aus Baumwolle Elise Ebenholz 240×260,https://www.maisondecocon.com/products/cotton-bedspread-elise-ebony-240x260?variant=54710258925901,3210805016138,"Die Tagesdecke Elise in der Farbe „Ebenholz“ verfügt über einen Bezug aus 100 % Baumwolle mit einer Polyesterfüllung und einer getufteten, gesteppten Oberfläche, die dem Bett mehr Volumen und Wärme verleiht.",399.90,Heimtextilien > Tagesdecken,,,15.00,0.00,0.00,6-11 Werktage,https://cdn.shopify.com/s/files/1/0884/0278/8685/files/cotton-bedspread-elise-ebony-240x260-1.jpg?v=1790560090
1237085000,VIVARAISE,Tagesdecke aus Baumwolle Emilio Caramel 260×260,https://www.maisondecocon.com/products/cotton-bedspread-emilio-caramel-260x260?variant=54710259548493,3210801237070,"Die Tagesdecke Emilio in der Farbe „Karamell“ besteht aus 100 % Baumwolle und besticht durch ihr sorgfältig durchdachtes Design und ihre eleganten Linien, die dem Bett eine raffinierte Note verleihen. Hergestellt in Portugal.",189.90,Heimtextilien > Tagesdecken,,,15.00,0.00,0.00,6-11 Werktage,https://cdn.shopify.com/s/files/1/0884/0278/8685/files/cotton-bedspread-emilio-caramel-260x260-1.jpg?v=1790561692
5377086000,VIVARAISE,Tagesdecke Betender Muskat 225×260,https://www.maisondecocon.com/products/bedspread-betender-nutmeg-225x260?variant=54710264430925,3210805377062,Die Tagesdecke Betender in der Farbe „Muskat“ besteht aus 100 % Polyester-Mikrofaser und verfügt über eine Kappe an den Ecken sowie einen beidseitigen Steppeffekt.,199.90,Heimtextilien > Tagesdecken,,,15.00,0.00,0.00,6-11 Werktage,https://cdn.shopify.com/s/files/1/0884/0278/8685/files/bedspread-betender-nutmeg-225x260-1.jpg?v=1790664391
2242080000,VIVARAISE,Kissen Tana Coffee 40×65,https://www.maisondecocon.com/products/cushion-tana-coffee-40x65?variant=54710419718477,3210802242189,Das Kissen Tana in der Farbe „Kaffee“ misst 40 × 65 cm und wird in Portugal hergestellt.,38.90,Heimtextilien > Dekokissen,,,15.00,0.00,0.00,6-11 Werktage,https://cdn.shopify.com/s/files/1/0884/0278/8685/files/cushion-tana-coffee-40x65-1.jpg?v=1790544328;https://cdn.shopify.com/s/files/1/0884/0278/8685/files/cushion-tana-coffee-40x65-2.jpg?v=1790544328;https://cdn.shopify.com/s/files/1/0884/0278/8685/files/cushion-tana-coffee-40x65-3.jpg?v=1790544328;https://cdn.shopify.com/s/files/1/0884/0278/8685/files/cushion-tana-coffee-40x65-4.jpg?v=1790544328;https://cdn.shopify.com/s/files/1/0884/0278/8685/files/cushion-tana-coffee-40x65-5.jpg?v=1790544328
8607028000,VIVARAISE,Kissen Tender Thyme 50×50,https://www.maisondecocon.com/products/cushion-tender-thyme-50x50?variant=54710419816781,3210808607517,Das Kissen Tender in der Farbe „Thymian“ misst 50 × 50 cm.,32.90,Heimtextilien > Dekokissen,,,15.00,0.00,0.00,6-11 Werktage,https://cdn.shopify.com/s/files/1/0884/0278/8685/files/cushion-tender-thyme-50x50-1.jpg?v=1790585658;https://cdn.shopify.com/s/files/1/0884/0278/8685/files/cushion-tender-thyme-50x50-2.jpg?v=1790585658;https://cdn.shopify.com/s/files/1/0884/0278/8685/files/cushion-tender-thyme-50x50-3.jpg?v=1790585658;https://cdn.shopify.com/s/files/1/0884/0278/8685/files/cushion-tender-thyme-50x50-4.jpg?v=1790585658;https://cdn.shopify.com/s/files/1/0884/0278/8685/files/cushion-tender-thyme-50x50-5.jpg?v=1790585658
5016023000,VIVARAISE,Tagesdecke Elise Verbene 240×260,https://www.maisondecocon.com/products/bedspread-elise-verbena-240x260?variant=54710421913933,3210805016022,"Die Tagesdecke Elise in der Farbe „Verbene“ verfügt über eine schlichte, gesteppte Oberfläche, die dem Bett Volumen und Wärme verleiht.",399.90,Heimtextilien > Tagesdecken,,,15.00,0.00,0.00,6-11 Werktage,https://cdn.shopify.com/s/files/1/0884/0278/8685/files/bedspread-elise-verbena-240x260-1.jpg?v=1790560664;https://cdn.shopify.com/s/files/1/0884/0278/8685/files/bedspread-elise-verbena-240x260-2.jpg?v=1790560664;https://cdn.shopify.com/s/files/1/0884/0278/8685/files/bedspread-elise-verbena-240x260-3.jpg?v=1790560664
2409023000,VIVARAISE,Kissen aus Baumwollsamt Elise Verbene 45×45,https://www.maisondecocon.com/products/cotton-velvet-cushion-elise-verbena-45x45?variant=54710422012237,3210802409094,Das Kissen Elise in der Farbe „Verbene“ ist aus Baumwollsamt gefertigt. Schlicht und zurückhaltend fügt es sich unauffällig in ein Sofa oder einen Sessel ein.,42.90,Heimtextilien > Dekokissen,,,15.00,0.00,0.00,6-11 Werktage,https://cdn.shopify.com/s/files/1/0884/0278/8685/files/cotton-velvet-cushion-elise-verbena-45x45-1.jpg?v=1790547846;https://cdn.shopify.com/s/files/1/0884/0278/8685/files/cotton-velvet-cushion-elise-verbena-45x45-2.jpg?v=1790547846;https://cdn.shopify.com/s/files/1/0884/0278/8685/files/cotton-velvet-cushion-elise-verbena-45x45-3.jpg?v=1790547846
2411023000,VIVARAISE,Kissen aus Baumwollsamt Elise Verbene 40×65,https://www.maisondecocon.com/products/cotton-velvet-cushion-elise-verbena-40x65?variant=54710422077773,3210802411097,Das Kissen Elise in der Farbe „Verbene“ ist aus Baumwollsamt gefertigt. Schlicht und zurückhaltend fügt es sich unauffällig in ein Sofa oder einen Sessel ein.,54.90,Heimtextilien > Dekokissen,,,15.00,0.00,0.00,6-11 Werktage,https://cdn.shopify.com/s/files/1/0884/0278/8685/files/cotton-velvet-cushion-elise-verbena-40x65-1.jpg?v=1790547830;https://cdn.shopify.com/s/files/1/0884/0278/8685/files/cotton-velvet-cushion-elise-verbena-40x65-2.jpg?v=1790547830;https://cdn.shopify.com/s/files/1/0884/0278/8685/files/cotton-velvet-cushion-elise-verbena-40x65-3.jpg?v=1790547830
2393023000,VIVARAISE,Kissen aus Baumwollsamt Elise Verbene 30×50,https://www.maisondecocon.com/products/cotton-velvet-cushion-elise-verbena-30x50?variant=54710422176077,3210802393096,Das Kissen Elise in der Farbe „Verbene“ ist aus Baumwollsamt gefertigt. Schlicht und zurückhaltend fügt es sich unauffällig in ein Sofa oder einen Sessel ein.,39.90,Heimtextilien > Dekokissen,,,15.00,0.00,0.00,6-11 Werktage,https://cdn.shopify.com/s/files/1/0884/0278/8685/files/cotton-velvet-cushion-elise-verbena-30x50-1.jpg?v=1790547814;https://cdn.shopify.com/s/files/1/0884/0278/8685/files/cotton-velvet-cushion-elise-verbena-30x50-2.jpg?v=1790547814;https://cdn.shopify.com/s/files/1/0884/0278/8685/files/cotton-velvet-cushion-elise-verbena-30x50-3.jpg?v=1790547814
7448035000,VIVARAISE,Kissen aus Baumwolle und Leinen Nala Johannisbeere 45×45,https://www.maisondecocon.com/products/cotton-linen-cushion-nala-redcurrant-45x45?variant=54710422634829,3210807448067,"Das Kissen Nala verfügt über eine Rückseite aus Baumwolle und eine Vorderseite aus Baumwoll-Leinen, ist mit einer gestickten, flachen Rüsche verziert und enthält eine herausnehmbare Einlage aus Polyester. Als Teil der Nala-Kollektion verleiht es einem Sofa zu jeder Jahreszeit eine natürliche, moderne Note.",28.90,Heimtextilien > Dekokissen,,,15.00,0.00,0.00,6-11 Werktage,https://cdn.shopify.com/s/files/1/0884/0278/8685/files/cotton-linen-cushion-nala-redcurrant-45x45-1.jpg?v=1790585703;https://cdn.shopify.com/s/files/1/0884/0278/8685/files/cotton-linen-cushion-nala-redcurrant-45x45-2.jpg?v=1790585704;https://cdn.shopify.com/s/files/1/0884/0278/8685/files/cotton-linen-cushion-nala-redcurrant-45x45-3.jpg?v=1790585704
5792043000,VIVARAISE,Tagesdecke aus Baumwollsamt Fara Mirabelle 260×260,https://www.maisondecocon.com/products/cotton-velvet-bedspread-fara-mirabelle-260x260?variant=54710432661837,3210805792070,Eine großzügige Fara-Tagesdecke mit einem Bezug aus Mirabelle-Baumwollsamt und einem Fransenbesatz. Ihre füllige Dicke verleiht dem Bett Wärme und Volumen.,269.90,Heimtextilien > Tagesdecken,,,15.00,0.00,0.00,6-11 Werktage,https://cdn.shopify.com/s/files/1/0884/0278/8685/files/cotton-velvet-bedspread-fara-mirabelle-260x260-1.jpg?v=1790562857;https://cdn.shopify.com/s/files/1/0884/0278/8685/files/cotton-velvet-bedspread-fara-mirabelle-260x260-2.jpg?v=1790562857
8637045000,VIVARAISE,Tagesdecke Michka Terracotta 220×240,https://www.maisondecocon.com/products/bedspread-michka-terracotta-220x240?variant=54710441378125,3210808637101,"Die Tagesdecke Michka in der Farbe „Terrakotta“ ist beidseitig verwendbar: Auf der Vorderseite besteht sie aus Polyester-Mikrofaser, auf der Rückseite aus einem längeren, flauschigen Flor, der mit einer Kappe an den Ecken versehen ist.",109.90,Heimtextilien > Tagesdecken,,,15.00,0.00,0.00,6-11 Werktage,https://cdn.shopify.com/s/files/1/0884/0278/8685/files/bedspread-michka-terracotta-220x240-1.jpg?v=1790564048
3930045000,VIVARAISE,Tagesdecke Michka Terracotta 180×220,https://www.maisondecocon.com/products/bedspread-michka-terracotta-180x220?variant=54710441607501,3210803930115,"Die Tagesdecke Michka in der Farbe „Terrakotta“ ist beidseitig verwendbar: Auf der Vorderseite besteht sie aus Polyester-Mikrofaser, auf der Rückseite aus einem längeren, flauschigen Flor, der mit einer Kappe an den Ecken versehen ist.",79.90,Heimtextilien > Tagesdecken,,,15.00,0.00,0.00,6-11 Werktage,https://cdn.shopify.com/s/files/1/0884/0278/8685/files/bedspread-michka-terracotta-180x220-1.jpg?v=1790563304
2242031000,VIVARAISE,Kissen Tana Himbeere 40×65,https://www.maisondecocon.com/products/cushion-tana-raspberry-40x65?variant=54710441738573,3210802242172,Das Kissen Tana in der Farbe Himbeere besteht aus 100 % stonewashed Baumwolle in einer unregelmäßigen Wabenwebung. Es hat die Maße 40 × 65 cm und wird in Portugal hergestellt.,38.90,Heimtextilien > Dekokissen,,,15.00,0.00,0.00,6-11 Werktage,https://cdn.shopify.com/s/files/1/0884/0278/8685/files/cushion-tana-raspberry-40x65-1.jpg?v=1790554924
2299031000,VIVARAISE,Tagesdecke aus Baumwolle Tana Himbeere 240×260,https://www.maisondecocon.com/products/cotton-bedspread-tana-raspberry-240x260?variant=54710441771341,3210802299169,Die Tagesdecke Tana in der Farbe „Himbeere“ besteht aus 100 % stonewashed Baumwolle in unregelmäßiger Wabenoptik und zeichnet sich durch eine angenehme Haptik und einen schönen Fall aus. Hergestellt in Portugal.,169.90,Heimtextilien > Tagesdecken,,,15.00,0.00,0.00,6-11 Werktage,https://cdn.shopify.com/s/files/1/0884/0278/8685/files/cotton-bedspread-tana-raspberry-240x260-1.jpg?v=1790564336
2276031000,VIVARAISE,Tagesdecke aus Baumwolle Tana Himbeere 180×260,https://www.maisondecocon.com/products/cotton-bedspread-tana-raspberry-180x260?variant=54710441836877,3210802276184,Die Tagesdecke Tana in der Farbe „Himbeere“ besteht aus 100 % stonewashed Baumwolle in unregelmäßiger Wabenoptik und zeichnet sich durch eine angenehme Haptik und einen schönen Fall aus. Hergestellt in Portugal.,124.90,Heimtextilien > Tagesdecken,,,15.00,0.00,0.00,6-11 Werktage,https://cdn.shopify.com/s/files/1/0884/0278/8685/files/cotton-bedspread-tana-raspberry-180x260-1.jpg?v=1790564321
8607057000,VIVARAISE,Kissen Tender Papaya 50×50,https://www.maisondecocon.com/products/cushion-tender-papaya-50x50?variant=54710442033485,3210808607500,"Das Kissen Tender in der Farbe Papaya besteht aus 100 % Polyester-Mikrofaser und weist eine weiche, glatte Oberfläche auf. Es misst 50 × 50 cm.",32.90,Heimtextilien > Dekokissen,,,15.00,0.00,0.00,6-11 Werktage,https://cdn.shopify.com/s/files/1/0884/0278/8685/files/cushion-tender-papaya-50x50-1.jpg?v=1790664320
1251017000,VIVARAISE,Kissen Astrid Greige 45×45,https://www.maisondecocon.com/products/cushion-astrid-greige-45x45?variant=54710446981453,3210801251021,Das Kissen Astrid in einem sanften Greige-Ton setzt einen dezenten Akzent auf dem Sofa oder dem Bett. Es misst 45 × 45 cm.,31.90,Heimtextilien > Dekokissen,,,15.00,0.00,0.00,6-11 Werktage,https://cdn.shopify.com/s/files/1/0884/0278/8685/files/cushion-astrid-greige-45x45-1.jpg?v=1790542619;https://cdn.shopify.com/s/files/1/0884/0278/8685/files/cushion-astrid-greige-45x45-2.jpg?v=1790542619;https://cdn.shopify.com/s/files/1/0884/0278/8685/files/cushion-astrid-greige-45x45-3.jpg?v=1790542619
1252017000,VIVARAISE,Kissen Astrid in Greige 40×65,https://www.maisondecocon.com/products/cushion-astrid-greige-40x65?variant=54710447014221,3210801252028,Das Kissen Astrid in einem sanften Greige-Ton setzt einen dezenten Akzent auf dem Sofa oder dem Bett. Es misst 40 × 65 cm.,39.90,Heimtextilien > Dekokissen,,,15.00,0.00,0.00,6-11 Werktage,https://cdn.shopify.com/s/files/1/0884/0278/8685/files/cushion-astrid-greige-40x65-1.jpg?v=1790542838;https://cdn.shopify.com/s/files/1/0884/0278/8685/files/cushion-astrid-greige-40x65-2.jpg?v=1790542838;https://cdn.shopify.com/s/files/1/0884/0278/8685/files/cushion-astrid-greige-40x65-3.jpg?v=1790542838
5377072000,VIVARAISE,Tagesdecke Betender Pearl 225×260,https://www.maisondecocon.com/products/bedspread-betender-pearl-225x260?variant=54710457336141,3210805377024,"Die Tagesdecke Betender in der Farbe „Perle“ besteht aus 100 % Polyester-Mikrofaser, verfügt über eine Kappe an den Ecken und weist einen beidseitigen Steppeffekt auf.",199.90,Heimtextilien > Tagesdecken,,,15.00,0.00,0.00,6-11 Werktage,https://cdn.shopify.com/s/files/1/0884/0278/8685/files/bedspread-betender-pearl-225x260-1.jpg?v=1790664421;https://cdn.shopify.com/s/files/1/0884/0278/8685/files/bedspread-betender-pearl-225x260-2.jpg?v=1790664421;https://cdn.shopify.com/s/files/1/0884/0278/8685/files/bedspread-betender-pearl-225x260-3.jpg?v=1790664422
5749043000,VIVARAISE,Tagesdecke aus Baumwollsamt Fara Mirabelle 240×260,https://www.maisondecocon.com/products/cotton-velvet-bedspread-fara-mirabelle-240x260?variant=54710457499981,3210805749074,Eine großzügige Fara-Tagesdecke mit einem Bezug aus Mirabelle-Baumwollsamt und einem Fransenbesatz. Ihre füllige Dicke verleiht dem Bett Wärme und Volumen.,239.90,Heimtextilien > Tagesdecken,,,15.00,0.00,0.00,6-11 Werktage,https://cdn.shopify.com/s/files/1/0884/0278/8685/files/cotton-velvet-bedspread-fara-mirabelle-240x260-1.jpg?v=1790562141;https://cdn.shopify.com/s/files/1/0884/0278/8685/files/cotton-velvet-bedspread-fara-mirabelle-240x260-2.jpg?v=1790562141
5377010000,VIVARAISE,Tagesdecke Betender Schnee 225×260,https://www.maisondecocon.com/products/bedspread-betender-snow-225x260?variant=54710457532749,3210805377000,"Die Tagesdecke Betender in der Farbe „Schnee“ besteht aus 100 % Polyester-Mikrofaser, verfügt über eine abgerundete Eckenverarbeitung und weist auf beiden Seiten einen gesteppten Effekt auf.",199.90,Heimtextilien > Tagesdecken,,,15.00,0.00,0.00,6-11 Werktage,https://cdn.shopify.com/s/files/1/0884/0278/8685/files/bedspread-betender-snow-225x260-1.jpg?v=1790664391;https://cdn.shopify.com/s/files/1/0884/0278/8685/files/bedspread-betender-snow-225x260-2.jpg?v=1790664421
5115040000,VIVARAISE,Kissen Kinta Mirabelle 45×45,https://www.maisondecocon.com/products/cushion-kinta-mirabelle-45x45?variant=54710457565517,3210805115053,"Das Kinta-Kissen besteht aus Polyester und ist in einem sanften Mirabelle-Farbton gehalten. Seine weiche Haptik verleiht einem Sofa oder Sessel eine gemütliche, dekorative Note.",28.90,Heimtextilien > Dekokissen,,,15.00,0.00,0.00,6-11 Werktage,https://cdn.shopify.com/s/files/1/0884/0278/8685/files/cushion-kinta-mirabelle-45x45-1.jpg?v=1790664212;https://cdn.shopify.com/s/files/1/0884/0278/8685/files/cushion-kinta-mirabelle-45x45-2.jpg?v=1790664212
5377044000,VIVARAISE,Tagesdecke Betender Ocker 225×260,https://www.maisondecocon.com/products/bedspread-betender-ochre-225x260?variant=54710457631053,3210805377017,"Die Tagesdecke Betender in der Farbe Ocker besteht aus 100 % Polyester-Mikrofaser, verfügt über eine Kappe an den Ecken und weist auf beiden Seiten einen Steppeffekt auf.",199.90,Heimtextilien > Tagesdecken,,,15.00,0.00,0.00,6-11 Werktage,https://cdn.shopify.com/s/files/1/0884/0278/8685/files/bedspread-betender-ochre-225x260-1.jpg?v=1790664421;https://cdn.shopify.com/s/files/1/0884/0278/8685/files/bedspread-betender-ochre-225x260-2.jpg?v=1790664421
1685086000,VIVARAISE,Tagesdecke Alice Muskat 240×260,https://www.maisondecocon.com/products/bedspread-alice-nutmeg-240x260?variant=54710459138381,3210801685048,"Die Tagesdecke Alice in der Farbe „Muskat“ besteht aus 100 % Polyester und verfügt über eine ultraweiche Struktur aus Kunstfell, die für eine kuschelige Note auf dem Bett sorgt.",199.90,Heimtextilien > Tagesdecken,,,15.00,0.00,0.00,6-11 Werktage,https://cdn.shopify.com/s/files/1/0884/0278/8685/files/bedspread-alice-nutmeg-240x260-1.jpg?v=1790664391
1107086000,VIVARAISE,Kissen Betani Muskat 40×65,https://www.maisondecocon.com/products/cushion-betani-nutmeg-40x65?variant=54710461333837,3210801107052,"Das Kissen Betani besteht aus 100 % Polyester-Kunstfell mit langen, dichten Haaren, die ihm das Aussehen eines Schafsfells verleihen, und präsentiert sich in einem warmen Muskat-Farbton. Die dicke Füllung ist über einen verdeckten Reißverschluss zugänglich.",49.90,Heimtextilien > Dekokissen,,,15.00,0.00,0.00,6-11 Werktage,https://cdn.shopify.com/s/files/1/0884/0278/8685/files/cushion-betani-nutmeg-40x65-1.jpg?v=1790664212
1106086000,VIVARAISE,Kissen Betani Muskat 45×45,https://www.maisondecocon.com/products/cushion-betani-nutmeg-45x45?variant=54710461366605,3210801106055,"Das Kissen Betani besteht aus 100 % Polyester-Kunstfell mit langen, dichten Haaren, die ihm das Aussehen eines Schafsfells verleihen, und präsentiert sich in einem warmen Muskat-Farbton. Die dicke Füllung ist über einen verdeckten Reißverschluss zugänglich.",31.90,Heimtextilien > Dekokissen,,,15.00,0.00,0.00,6-11 Werktage,https://cdn.shopify.com/s/files/1/0884/0278/8685/files/cushion-betani-nutmeg-45x45-1.jpg?v=1790664212
1231085000,VIVARAISE,Baumwollkissen Emilio Caramel 45×45,https://www.maisondecocon.com/products/cotton-cushion-emilio-caramel-45x45?variant=54710461923661,3210801231078,Das Kissen Emilio in der Farbe „Karamell“ besteht aus 100 % Baumwolle und verfügt über einen verdeckten Reißverschluss; es wird in Portugal hergestellt. Ein schlichter Blickfang für Ihr Sofa oder Ihren Sessel.,36.90,Heimtextilien > Dekokissen,,,15.00,0.00,0.00,6-11 Werktage,https://cdn.shopify.com/s/files/1/0884/0278/8685/files/cotton-cushion-emilio-caramel-45x45-1.jpg?v=1790547858
1233085000,VIVARAISE,Baumwollkissen Emilio Caramel 30×50,https://www.maisondecocon.com/products/cotton-cushion-emilio-caramel-30x50?variant=54710461956429,3210801233072,"Das Kissen Emilio besteht aus 100 % Baumwolle, hat eine weiche Textur und einen verdeckten Reißverschluss in der Farbe Karamell. Hergestellt in Portugal.",32.90,Heimtextilien > Dekokissen,,,15.00,0.00,0.00,6-11 Werktage,https://cdn.shopify.com/s/files/1/0884/0278/8685/files/cotton-cushion-emilio-caramel-30x50-1.jpg?v=1790543739
1248076000,VIVARAISE,Wollkissen Carina Coffee 40×65,https://www.maisondecocon.com/products/wool-cushion-carina-coffee-40x65?variant=54710462054733,3210801248052,"Das Kissen Carina besteht aus 90 % Merinowolle und 10 % Kaschmir in Fischgrätmuster in der Farbe „Kaffee“. Ein eleganter Akzent für Ihr Sofa, Ihren Sessel oder Ihr Bett.",54.90,Heimtextilien > Dekokissen,,,15.00,0.00,0.00,6-11 Werktage,https://cdn.shopify.com/s/files/1/0884/0278/8685/files/wool-cushion-carina-coffee-40x65-1.jpg?v=1790543477
1236085000,VIVARAISE,Tagesdecke aus Baumwolle Emilio Caramel 240×260,https://www.maisondecocon.com/products/cotton-bedspread-emilio-caramel-240x260?variant=54710462415181,3210801236073,"Die Tagesdecke Emilio in der Farbe „Karamell“ besteht aus 100 % Baumwolle und besticht durch ihr sorgfältig durchdachtes Design und ihre eleganten Linien, die dem Bett eine raffinierte Note verleihen. Hergestellt in Portugal.",179.90,Heimtextilien > Tagesdecken,,,15.00,0.00,0.00,6-11 Werktage,https://cdn.shopify.com/s/files/1/0884/0278/8685/files/cotton-bedspread-emilio-caramel-240x260-1.jpg?v=1790560688
1235085000,VIVARAISE,Tagesdecke aus Baumwolle Emilio Caramel 180×260,https://www.maisondecocon.com/products/cotton-bedspread-emilio-caramel-180x260?variant=54710462447949,3210801235076,"Die Tagesdecke Emilio in der Farbe „Karamell“ besteht aus 100 % Baumwolle und besticht durch ihr sorgfältig durchdachtes Design und ihre eleganten Linien, die dem Bett eine raffinierte Note verleihen. Hergestellt in Portugal.",134.90,Heimtextilien > Tagesdecken,,,15.00,0.00,0.00,6-11 Werktage,https://cdn.shopify.com/s/files/1/0884/0278/8685/files/cotton-bedspread-emilio-caramel-180x260-1.jpg?v=1790561676
1251031000,VIVARAISE,Kissen Astrid Mokka 45×45,https://www.maisondecocon.com/products/cushion-astrid-mocha-45x45?variant=54710462513485,3210801251045,"Das Kissen Astrid besteht aus 100 % Polyester und verfügt über eine gerippte, beidseitige Struktur aus Kunstfell in der Farbe Mokka. Der Bezug lässt sich mit einem verdeckten Reißverschluss schließen, was für ein gepflegtes Erscheinungsbild sorgt.",31.90,Heimtextilien > Dekokissen,,,15.00,0.00,0.00,6-11 Werktage,https://cdn.shopify.com/s/files/1/0884/0278/8685/files/cushion-astrid-mocha-45x45-1.jpg?v=1790664212
1254079000,VIVARAISE,Tagesdecke Astrid Ebenholz 180×220,https://www.maisondecocon.com/products/bedspread-astrid-ebony-180x220?variant=54710462644557,3210801254039,"Die Tagesdecke Astrid in der Farbe „Ebenholz“ besteht aus beidseitig geripptem Polyester-Kunstfell, das sich weich und warm anfühlt.",139.90,Heimtextilien > Tagesdecken,,,15.00,0.00,0.00,6-11 Werktage,https://cdn.shopify.com/s/files/1/0884/0278/8685/files/bedspread-astrid-ebony-180x220-1.jpg?v=1790664422
2409047000,VIVARAISE,"Kissen aus Baumwollsamt Elise, Pfirsich 45×45",https://www.maisondecocon.com/products/cotton-velvet-cushion-elise-peach-45x45?variant=54710464315725,3210802409124,"Das Kissen Elise in der Farbe „Pfirsich“ ist wendbar: Auf der einen Seite besteht es aus Baumwollsamt, auf der anderen aus Baumwoll-Chambray in einem natürlichen Leinenton; es wird mit einem Reißverschluss geschlossen. Es fühlt sich weich an und lässt sich gut mit den anderen Artikeln der Elise-Kollektion kombinieren.",42.90,Heimtextilien > Dekokissen,,,15.00,0.00,0.00,6-11 Werktage,https://cdn.shopify.com/s/files/1/0884/0278/8685/files/cotton-velvet-cushion-elise-peach-45x45-1.jpg?v=1790556975
1237017000,VIVARAISE,Tagesdecke aus Baumwolle Emilio Flachs 260×260,https://www.maisondecocon.com/products/cotton-bedspread-emilio-flax-260x260?variant=54710464348493,3210801237001,"Die Tagesdecke Emilio in der Farbe „Flachs“ besteht aus 100 % Baumwolle und besticht durch ihr durchdachtes Design und ihre eleganten Linien, die dem Bett eine raffinierte Note verleihen. Hergestellt in Portugal.",189.90,Heimtextilien > Tagesdecken,,,15.00,0.00,0.00,6-11 Werktage,https://cdn.shopify.com/s/files/1/0884/0278/8685/files/cotton-bedspread-emilio-flax-260x260-1.jpg?v=1790575689
1231017000,VIVARAISE,Baumwoll-Kissen Emilio Flachs 45×45,https://www.maisondecocon.com/products/cotton-cushion-emilio-flax-45x45?variant=54710464381261,3210801231009,Das Kissen Emilio in der Farbe „Flachs“ besteht aus 100 % Baumwolle und verfügt über einen verdeckten Reißverschluss; es wird in Portugal hergestellt. Ein schlichter Blickfang für Ihr Sofa oder Ihren Sessel.,36.90,Heimtextilien > Dekokissen,,,15.00,0.00,0.00,6-11 Werktage,https://cdn.shopify.com/s/files/1/0884/0278/8685/files/cotton-cushion-emilio-flax-45x45-1.jpg?v=1790548927
2411047000,VIVARAISE,"Kissen aus Baumwollsamt Elise, Farbe: Pfirsich 40×65",https://www.maisondecocon.com/products/cotton-velvet-cushion-elise-peach-40x65?variant=54710464414029,3210802411127,"Das Kissen Elise in der Farbe „Pfirsich“ ist wendbar: Auf der einen Seite besteht es aus Baumwollsamt, auf der anderen aus Baumwoll-Chambray in einem natürlichen Leinenton; es wird mit einem Reißverschluss geschlossen. Es fühlt sich weich an und lässt sich gut mit den anderen Artikeln der Elise-Kollektion kombinieren.",54.90,Heimtextilien > Dekokissen,,,15.00,0.00,0.00,6-11 Werktage,https://cdn.shopify.com/s/files/1/0884/0278/8685/files/cotton-velvet-cushion-elise-peach-40x65-1.jpg?v=1790556990
1233017000,VIVARAISE,Baumwollkissen Emilio Flachs 30×50,https://www.maisondecocon.com/products/cotton-cushion-emilio-flax-30x50?variant=54710464446797,3210801233003,Das Kissen Emilio in der Farbe „Flachs“ besteht aus 100 % Baumwolle und verfügt über einen verdeckten Reißverschluss; es wird in Portugal hergestellt. Ein schlichter Blickfang für Ihr Sofa oder Ihren Sessel.,32.90,Heimtextilien > Dekokissen,,,15.00,0.00,0.00,6-11 Werktage,https://cdn.shopify.com/s/files/1/0884/0278/8685/files/cotton-cushion-emilio-flax-30x50-1.jpg?v=1790548925
2393047000,VIVARAISE,"Kissen aus Baumwollsamt Elise, Pfirsich 30×50",https://www.maisondecocon.com/products/cotton-velvet-cushion-elise-peach-30x50?variant=54710464479565,3210802393126,"Das Kissen Elise in der Farbe „Pfirsich“ ist wendbar: Auf der einen Seite besteht es aus Baumwollsamt, auf der anderen aus Baumwoll-Chambray in einem natürlichen Leinenton; es wird mit einem Reißverschluss geschlossen. Es fühlt sich weich an und lässt sich gut mit den anderen Artikeln der Elise-Kollektion kombinieren.",39.90,Heimtextilien > Dekokissen,,,15.00,0.00,0.00,6-11 Werktage,https://cdn.shopify.com/s/files/1/0884/0278/8685/files/cotton-velvet-cushion-elise-peach-30x50-1.jpg?v=1790556960
1235017000,VIVARAISE,Tagesdecke aus Baumwolle Emilio Flachs 180×260,https://www.maisondecocon.com/products/cotton-bedspread-emilio-flax-180x260?variant=54710464545101,3210801235007,"Die Tagesdecke Emilio in der Farbe „Flachs“ besteht aus 100 % Baumwolle und besticht durch ihr durchdachtes Design und ihre eleganten Linien, die dem Bett eine raffinierte Note verleihen. Hergestellt in Portugal.",134.90,Heimtextilien > Tagesdecken,,,15.00,0.00,0.00,6-11 Werktage,https://cdn.shopify.com/s/files/1/0884/0278/8685/files/cotton-bedspread-emilio-flax-180x260-1.jpg?v=1790577124
1231040000,VIVARAISE,Baumwollkissen Emilio Mirabelle 45×45,https://www.maisondecocon.com/products/cotton-cushion-emilio-mirabelle-45x45?variant=54710464577869,3210801231016,Das Kissen Emilio in der Farbe „Mirabelle“ besteht aus 100 % Baumwolle und verfügt über einen verdeckten Reißverschluss; es wird in Portugal hergestellt. Ein schlichtes Highlight für Ihr Sofa oder Ihren Sessel.,36.90,Heimtextilien > Dekokissen,,,15.00,0.00,0.00,6-11 Werktage,https://cdn.shopify.com/s/files/1/0884/0278/8685/files/cotton-cushion-emilio-mirabelle-45x45-1.jpg?v=1790548107
1236017000,VIVARAISE,Tagesdecke aus Baumwolle Emilio Flachs 240×260,https://www.maisondecocon.com/products/cotton-bedspread-emilio-flax-240x260?variant=54710464676173,3210801236004,"Die Tagesdecke Emilio in der Farbe „Flachs“ besteht aus 100 % Baumwolle und besticht durch ihr durchdachtes Design und ihre eleganten Linien, die dem Bett eine raffinierte Note verleihen. Hergestellt in Portugal.",179.90,Heimtextilien > Tagesdecken,,,15.00,0.00,0.00,6-11 Werktage,https://cdn.shopify.com/s/files/1/0884/0278/8685/files/cotton-bedspread-emilio-flax-240x260-1.jpg?v=1790575672
1233040000,VIVARAISE,Baumwollkissen Emilio Mirabelle 30×50,https://www.maisondecocon.com/products/cotton-cushion-emilio-mirabelle-30x50?variant=54710464741709,3210801233010,Das Kissen Emilio in der Farbe „Mirabelle“ besteht aus 100 % Baumwolle und verfügt über einen verdeckten Reißverschluss; es wird in Portugal hergestellt. Ein schlichtes Highlight für Ihr Sofa oder Ihren Sessel.,32.90,Heimtextilien > Dekokissen,,,15.00,0.00,0.00,6-11 Werktage,https://cdn.shopify.com/s/files/1/0884/0278/8685/files/cotton-cushion-emilio-mirabelle-30x50-1.jpg?v=1790548122
1235040000,VIVARAISE,Tagesdecke aus Baumwolle Emilio Mirabelle 180×260,https://www.maisondecocon.com/products/cotton-bedspread-emilio-mirabelle-180x260?variant=54710465102157,3210801235021,"Die Tagesdecke Emilio in der Farbe „Mirabelle“ besteht aus 100 % Baumwolle und besticht durch ihr durchdachtes Design und ihre eleganten Linien, die dem Bett eine edle Note verleihen. Hergestellt in Portugal.",134.90,Heimtextilien > Tagesdecken,,,15.00,0.00,0.00,6-11 Werktage,https://cdn.shopify.com/s/files/1/0884/0278/8685/files/cotton-bedspread-emilio-mirabelle-180x260-1.jpg?v=1790575705
1237040000,VIVARAISE,Tagesdecke aus Baumwolle Emilio Mirabelle 260×260,https://www.maisondecocon.com/products/cotton-bedspread-emilio-mirabelle-260x260?variant=54710465167693,3210801237025,"Die Tagesdecke Emilio in der Farbe „Mirabelle“ besteht aus 100 % Baumwolle und besticht durch ihr durchdachtes Design und ihre eleganten Linien, die dem Bett eine edle Note verleihen. Hergestellt in Portugal.",189.90,Heimtextilien > Tagesdecken,,,15.00,0.00,0.00,6-11 Werktage,https://cdn.shopify.com/s/files/1/0884/0278/8685/files/cotton-bedspread-emilio-mirabelle-260x260-1.jpg?v=1790575738
1236040000,VIVARAISE,Tagesdecke aus Baumwolle Emilio Mirabelle 240×260,https://www.maisondecocon.com/products/cotton-bedspread-emilio-mirabelle-240x260?variant=54710465265997,3210801236011,"Die Tagesdecke Emilio in der Farbe „Mirabelle“ besteht aus 100 % Baumwolle und besticht durch ihr durchdachtes Design und ihre eleganten Linien, die dem Bett eine edle Note verleihen. Hergestellt in Portugal.",179.90,Heimtextilien > Tagesdecken,,,15.00,0.00,0.00,6-11 Werktage,https://cdn.shopify.com/s/files/1/0884/0278/8685/files/cotton-bedspread-emilio-mirabelle-240x260-1.jpg?v=1790575722
1236086000,VIVARAISE,Tagesdecke aus Baumwolle Emilio Terracotta 240×260,https://www.maisondecocon.com/products/cotton-bedspread-emilio-terracotta-240x260?variant=54710467559757,3210801236028,"Die Tagesdecke Emilio in der Farbe „Terrakotta“ besteht aus 100 % Baumwolle und besticht durch ihr sorgfältig durchdachtes Design und ihre eleganten Linien, die dem Bett eine raffinierte Note verleihen. Hergestellt in Portugal.",179.90,Heimtextilien > Tagesdecken,,,15.00,0.00,0.00,6-11 Werktage,https://cdn.shopify.com/s/files/1/0884/0278/8685/files/cotton-bedspread-emilio-terracotta-240x260-1.jpg?v=1790576013
1932067000,VIVARAISE,Kissen Jane Perle 30×50,https://www.maisondecocon.com/products/cushion-jane-pearl-30x50?variant=54710467789133,3210801932043,"Das Kissen Jane besteht aus einem Frottee aus Baumwolle und Polyester mit Fransenbesatz und einem verdeckten Reißverschluss. Ein weiches, behagliches Accessoire in Perlweiß.",29.90,Heimtextilien > Dekokissen,,,15.00,0.00,0.00,6-11 Werktage,https://cdn.shopify.com/s/files/1/0884/0278/8685/files/cushion-jane-pearl-30x50-1.jpg?v=1790552423
1237086000,VIVARAISE,Tagesdecke aus Baumwolle Emilio Terracotta 260×260,https://www.maisondecocon.com/products/cotton-bedspread-emilio-terracotta-260x260?variant=54710468411725,3210801237018,"Die Tagesdecke Emilio in der Farbe „Terrakotta“ besteht aus 100 % Baumwolle und besticht durch ihr sorgfältig durchdachtes Design und ihre eleganten Linien, die dem Bett eine raffinierte Note verleihen. Hergestellt in Portugal.",189.90,Heimtextilien > Tagesdecken,,,15.00,0.00,0.00,6-11 Werktage,https://cdn.shopify.com/s/files/1/0884/0278/8685/files/cotton-bedspread-emilio-terracotta-260x260-1.jpg?v=1790576030
1769060000,VIVARAISE,Kissen aus Leinen und Baumwolle Laly Preußischblau 30×50,https://www.maisondecocon.com/products/linen-cotton-cushion-laly-prussia-30x50?variant=54710468641101,3210801769076,Das Laly-Kissen in der Farbe „Preußischblau“ besteht aus einer Mischung aus 50 % Leinen und 50 % Baumwolle und zeichnet sich sowohl durch eine weiche Haptik als auch durch erhöhte Strapazierfähigkeit aus. Es lässt sich gut mit den anderen Produkten der Laly-Kollektion kombinieren.,28.90,Heimtextilien > Dekokissen,,,15.00,0.00,0.00,6-11 Werktage,https://cdn.shopify.com/s/files/1/0884/0278/8685/files/linen-cotton-cushion-laly-prussia-30x50-1.jpg?v=1790557604
1960720000,VIVARAISE,Kissenbezug aus Leinen Zeff Celeste Mango 30×50,https://www.maisondecocon.com/products/linen-cushion-zeff-celeste-mango-30x50?variant=54710469263693,3210801960060,Das Kissen Zeff Celeste besteht aus Leinen mit einer Satin-Stich-Verarbeitung aus Lurex-Garn in der Farbe Mango. Es zeichnet sich durch eine rohe und natürliche Textur aus und weist ein dezentes metallisches Detail auf.,32.90,Heimtextilien > Dekokissen,,,15.00,0.00,0.00,6-11 Werktage,https://cdn.shopify.com/s/files/1/0884/0278/8685/files/linen-cushion-zeff-celeste-mango-30x50-1.jpg?v=1790543184
1959720000,VIVARAISE,Leinenkissen Zeff Celeste Mango 45×45,https://www.maisondecocon.com/products/linen-cushion-zeff-celeste-mango-45x45?variant=54710469296461,3210801959057,Das Kissen Zeff Celeste besteht aus Leinen mit einer Satin-Stich-Verarbeitung aus Lurex-Garn in der Farbe Mango. Es zeichnet sich durch eine rohe und natürliche Textur aus und weist ein dezentes metallisches Detail auf.,34.90,Heimtextilien > Dekokissen,,,15.00,0.00,0.00,6-11 Werktage,https://cdn.shopify.com/s/files/1/0884/0278/8685/files/linen-cushion-zeff-celeste-mango-45x45-1.jpg?v=1790543438
1960047000,VIVARAISE,Kissenbezug aus Leinen Zeff Celeste Pfirsich 30×50,https://www.maisondecocon.com/products/linen-cushion-zeff-celeste-peach-30x50?variant=54710469329229,3210801960053,Das Kissen Zeff Celeste besteht aus Leinen mit einer Satin-Stich-Verarbeitung aus Lurex-Garn in der Farbe Pfirsich. Es zeichnet sich durch eine rohe und natürliche Textur aus und verfügt über ein dezentes metallisches Detail.,32.90,Heimtextilien > Dekokissen,,,15.00,0.00,0.00,6-11 Werktage,https://cdn.shopify.com/s/files/1/0884/0278/8685/files/linen-cushion-zeff-celeste-peach-30x50-1.jpg?v=1790543127
1961047000,VIVARAISE,Kissen aus Leinen Zeff Celeste Pfirsich 40×65,https://www.maisondecocon.com/products/linen-cushion-zeff-celeste-peach-40x65?variant=54710469361997,3210801961050,Das Kissen Zeff Celeste besteht aus Leinen mit einer Satin-Stich-Verarbeitung aus Lurex-Garn in der Farbe Pfirsich. Es zeichnet sich durch eine rohe und natürliche Textur aus und verfügt über ein dezentes metallisches Detail.,44.90,Heimtextilien > Dekokissen,,,15.00,0.00,0.00,6-11 Werktage,https://cdn.shopify.com/s/files/1/0884/0278/8685/files/linen-cushion-zeff-celeste-peach-40x65-1.jpg?v=1790543146
1961720000,VIVARAISE,Kissen aus Leinen Zeff Celeste Mango 40×65,https://www.maisondecocon.com/products/linen-cushion-zeff-celeste-mango-40x65?variant=54710469394765,3210801961067,Das Kissen Zeff Celeste besteht aus Leinen mit einer Satin-Stich-Verarbeitung aus Lurex-Garn in der Farbe Mango. Es zeichnet sich durch eine rohe und natürliche Textur aus und weist ein dezentes metallisches Detail auf.,44.90,Heimtextilien > Dekokissen,,,15.00,0.00,0.00,6-11 Werktage,https://cdn.shopify.com/s/files/1/0884/0278/8685/files/linen-cushion-zeff-celeste-mango-40x65-1.jpg?v=1790543203
1959047000,VIVARAISE,Kissen aus Leinen Zeff Celeste Pfirsich 45×45,https://www.maisondecocon.com/products/linen-cushion-zeff-celeste-peach-45x45?variant=54710469427533,3210801959064,Das Kissen Zeff Celeste besteht aus Leinen mit einer Satin-Stich-Verarbeitung aus Lurex-Garn in der Farbe Pfirsich. Es zeichnet sich durch eine rohe und natürliche Textur aus und verfügt über ein dezentes metallisches Detail.,34.90,Heimtextilien > Dekokissen,,,15.00,0.00,0.00,6-11 Werktage,https://cdn.shopify.com/s/files/1/0884/0278/8685/files/linen-cushion-zeff-celeste-peach-45x45-1.jpg?v=1790543165
1767060000,VIVARAISE,Kissen aus Leinen und Baumwolle Laly Preußischblau 45×45,https://www.maisondecocon.com/products/linen-cotton-cushion-laly-prussia-45x45?variant=54710469820749,3210801767089,Das Laly-Kissen in der Farbe „Preußischblau“ besteht aus einer Mischung aus 50 % Leinen und 50 % Baumwolle und zeichnet sich sowohl durch eine weiche Haptik als auch durch erhöhte Strapazierfähigkeit aus. Es lässt sich gut mit den anderen Produkten der Laly-Kollektion kombinieren.,29.90,Heimtextilien > Dekokissen,,,15.00,0.00,0.00,6-11 Werktage,https://cdn.shopify.com/s/files/1/0884/0278/8685/files/linen-cotton-cushion-laly-prussia-45x45-1.jpg?v=1790557853
8637043000,VIVARAISE,Tagesdecke Michka Bronze 220×240,https://www.maisondecocon.com/products/bedspread-michka-bronze-220x240?variant=54710472016205,3210808637033,"Die Tagesdecke Michka in der Farbe „Bronze“ ist beidseitig verwendbar: Auf der Vorderseite befindet sich eine seidige Mikrofaser aus 100 % Polyester, auf der Rückseite ein längerer, flauschiger Flor, der mit einer Kappe an den Ecken abgerundet ist.",109.90,Heimtextilien > Tagesdecken,,,15.00,0.00,0.00,6-11 Werktage,https://cdn.shopify.com/s/files/1/0884/0278/8685/files/bedspread-michka-bronze-220x240-1.jpg?v=1790562382;https://cdn.shopify.com/s/files/1/0884/0278/8685/files/bedspread-michka-bronze-220x240-2.jpg?v=1790562382
7448070000,VIVARAISE,Kissen aus Baumwolle und Leinen Nala Perle 45×45,https://www.maisondecocon.com/products/cotton-linen-cushion-nala-pearl-45x45?variant=54710474015053,3210807448036,"Das Kissen Nala verfügt über eine Rückseite aus Baumwolle und eine Vorderseite aus Baumwoll-Leinen, ist mit einer gestickten, flachen Rüsche verziert und enthält eine herausnehmbare Einlage aus Polyester. Als Teil der Nala-Kollektion verleiht es einem Sofa zu jeder Jahreszeit eine natürliche, moderne Note.",28.90,Heimtextilien > Dekokissen,,,15.00,0.00,0.00,6-11 Werktage,https://cdn.shopify.com/s/files/1/0884/0278/8685/files/cotton-linen-cushion-nala-pearl-45x45-1.jpg?v=1790554222;https://cdn.shopify.com/s/files/1/0884/0278/8685/files/cotton-linen-cushion-nala-pearl-45x45-2.jpg?v=1790554222;https://cdn.shopify.com/s/files/1/0884/0278/8685/files/cotton-linen-cushion-nala-pearl-45x45-3.jpg?v=1790554222
8475002000,VIVARAISE,Bettbezug aus Leinen und Baumwolle Linco Marine 220×240,https://www.maisondecocon.com/products/linen-cotton-duvet-cover-linco-marine-220x240?variant=54710474047821,3210808475017,Der Bettbezug Linco vereint eine Vorderseite aus Leinen mit einer Rückseite aus Baumwolle in einem tiefen Marineblau. Er besticht durch seine authentische und zurückhaltende Optik und lässt sich hervorragend mit dem passenden Kissenbezug Linco kombinieren.,149.90,Heimtextilien > Bettwäsche > Bettbezüge,,,15.00,0.00,0.00,6-11 Werktage,https://cdn.shopify.com/s/files/1/0884/0278/8685/files/linen-cotton-duvet-cover-linco-marine-220x240-1.jpg?v=1790541964;https://cdn.shopify.com/s/files/1/0884/0278/8685/files/linen-cotton-duvet-cover-linco-marine-220x240-2.jpg?v=1790541964;https://cdn.shopify.com/s/files/1/0884/0278/8685/files/linen-cotton-duvet-cover-linco-marine-220x240-3.jpg?v=1790541964
8392070000,VIVARAISE,Kissen Artus Perle 65×40,https://www.maisondecocon.com/products/cushion-artus-pearl-65x40?variant=54710476407117,3210808392024,"Das Kissen Artus besteht aus Polyester-Kunstfell mit einer kaninchenähnlichen Struktur in der Farbe Perlweiß. Der Bezug lässt sich mit einem verdeckten Reißverschluss schließen und sorgt so für ein elegantes, weiches Erscheinungsbild.",34.90,Heimtextilien > Dekokissen,,,15.00,0.00,0.00,6-11 Werktage,https://cdn.shopify.com/s/files/1/0884/0278/8685/files/cushion-artus-pearl-65x40-1.jpg?v=1790664212;https://cdn.shopify.com/s/files/1/0884/0278/8685/files/cushion-artus-pearl-65x40-2.jpg?v=1790664212
8607017000,VIVARAISE,Kissen Tender Greige 50×50,https://www.maisondecocon.com/products/cushion-tender-greige-50x50?variant=54710476636493,3210808607388,"Das Kissen Tender in der Farbe „Greige“ besteht aus 100 % Polyester-Mikrofaser und weist eine weiche, glatte Oberfläche auf. Es hat die Maße 50 × 50 cm.",32.90,Heimtextilien > Dekokissen,,,15.00,0.00,0.00,6-11 Werktage,https://cdn.shopify.com/s/files/1/0884/0278/8685/files/cushion-tender-greige-50x50-1.jpg?v=1790664284
8607067000,VIVARAISE,Kissen Tender Quartz 50×50,https://www.maisondecocon.com/products/cushion-tender-quartz-50x50?variant=54710476702029,3210808607371,"Das Kissen Tender in der Farbe „Quarz“ besteht aus 100 % Polyester-Mikrofaser und weist eine weiche, schlichte Oberfläche auf. Es misst 50 × 50 cm.",32.90,Heimtextilien > Dekokissen,,,15.00,0.00,0.00,6-11 Werktage,https://cdn.shopify.com/s/files/1/0884/0278/8685/files/cushion-tender-quartz-50x50-1.jpg?v=1790664357;https://cdn.shopify.com/s/files/1/0884/0278/8685/files/cushion-tender-quartz-50x50-2.jpg?v=1790664357;https://cdn.shopify.com/s/files/1/0884/0278/8685/files/cushion-tender-quartz-50x50-3.jpg?v=1790664357
8607078000,VIVARAISE,Kissen Tender Pearl 50×50,https://www.maisondecocon.com/products/cushion-tender-pearl-50x50?variant=54710476767565,3210808607159,"Das Kissen Tender in der Farbe „Perle“ besteht aus 100 % Polyester-Mikrofaser und weist eine weiche, glatte Oberfläche auf. Es misst 50 × 50 cm.",32.90,Heimtextilien > Dekokissen,,,15.00,0.00,0.00,6-11 Werktage,https://cdn.shopify.com/s/files/1/0884/0278/8685/files/cushion-tender-pearl-50x50-1.jpg?v=1790664357;https://cdn.shopify.com/s/files/1/0884/0278/8685/files/cushion-tender-pearl-50x50-2.jpg?v=1790664357
8607076000,VIVARAISE,Kissen Tender Ink 50×50,https://www.maisondecocon.com/products/cushion-tender-ink-50x50?variant=54710476833101,3210808607258,"Das Kissen Tender in der Farbe „Tintenblau“ besteht aus 100 % Polyester-Mikrofaser und weist eine weiche, schlichte Oberfläche auf. Es misst 50 × 50 cm.",32.90,Heimtextilien > Dekokissen,,,15.00,0.00,0.00,6-11 Werktage,https://cdn.shopify.com/s/files/1/0884/0278/8685/files/cushion-tender-ink-50x50-1.jpg?v=1790664320;https://cdn.shopify.com/s/files/1/0884/0278/8685/files/cushion-tender-ink-50x50-2.jpg?v=1790664320
8607083000,VIVARAISE,Kissen Tender Creme 50×50,https://www.maisondecocon.com/products/cushion-tender-cream-50x50?variant=54710476996941,3210808607326,"Das Kissen Tender in der Farbe Creme besteht aus 100 % Polyester-Mikrofaser und verfügt über eine weiche, glatte Oberfläche. Es misst 50 × 50 cm.",32.90,Heimtextilien > Dekokissen,,,15.00,0.00,0.00,6-11 Werktage,https://cdn.shopify.com/s/files/1/0884/0278/8685/files/cushion-tender-cream-50x50-1.jpg?v=1790664284;https://cdn.shopify.com/s/files/1/0884/0278/8685/files/cushion-tender-cream-50x50-2.jpg?v=1790664284
8607043000,VIVARAISE,Kissen Tender Weißdorn 50×50,https://www.maisondecocon.com/products/cushion-tender-hawthorn-50x50?variant=54710477259085,3210808607357,"Das Kissen Tender in der Farbe „Weißdorn“ besteht aus 100 % Polyester-Mikrofaser und weist eine weiche, glatte Oberfläche auf. Es misst 50 × 50 cm.",32.90,Heimtextilien > Dekokissen,,,15.00,0.00,0.00,6-11 Werktage,https://cdn.shopify.com/s/files/1/0884/0278/8685/files/cushion-tender-hawthorn-50x50-1.jpg?v=1790664320;https://cdn.shopify.com/s/files/1/0884/0278/8685/files/cushion-tender-hawthorn-50x50-2.jpg?v=1790664320
8607089000,VIVARAISE,Kissen Tender Asphalt 50×50,https://www.maisondecocon.com/products/cushion-tender-asphalt-50x50?variant=54710477291853,3210808607296,"Das Kissen Tender in der Farbe „Asphalt“ besteht zu 100 % aus Polyester-Mikrofaser und weist eine weiche, glatte Oberfläche auf. Es misst 50 × 50 cm.",32.90,Heimtextilien > Dekokissen,,,15.00,0.00,0.00,6-11 Werktage,https://cdn.shopify.com/s/files/1/0884/0278/8685/files/cushion-tender-asphalt-50x50-1.jpg?v=1790664284;https://cdn.shopify.com/s/files/1/0884/0278/8685/files/cushion-tender-asphalt-50x50-2.jpg?v=1790664284;https://cdn.shopify.com/s/files/1/0884/0278/8685/files/cushion-tender-asphalt-50x50-3.jpg?v=1790664284
8607034000,VIVARAISE,Kissen Tender Ruby 50×50,https://www.maisondecocon.com/products/cushion-tender-ruby-50x50?variant=54710477324621,3210808607265,"Das Kissen Tender in der Farbe „Rubin“ besteht aus 100 % Polyester-Mikrofaser und weist eine weiche, glatte Oberfläche auf. Es misst 50 × 50 cm.",32.90,Heimtextilien > Dekokissen,,,15.00,0.00,0.00,6-11 Werktage,https://cdn.shopify.com/s/files/1/0884/0278/8685/files/cushion-tender-ruby-50x50-1.jpg?v=1790664357;https://cdn.shopify.com/s/files/1/0884/0278/8685/files/cushion-tender-ruby-50x50-2.jpg?v=1790664357
8607075000,VIVARAISE,Kissen Tender Shadow 50×50,https://www.maisondecocon.com/products/cushion-tender-shadow-50x50?variant=54710477390157,3210808607111,"Das Kissen Tender in der Farbe „Shadow“ besteht aus 100 % Polyester-Mikrofaser und weist eine weiche, glatte Oberfläche auf. Es misst 50 × 50 cm.",32.90,Heimtextilien > Dekokissen,,,15.00,0.00,0.00,6-11 Werktage,https://cdn.shopify.com/s/files/1/0884/0278/8685/files/cushion-tender-shadow-50x50-1.jpg?v=1790664357;https://cdn.shopify.com/s/files/1/0884/0278/8685/files/cushion-tender-shadow-50x50-2.jpg?v=1790664357;https://cdn.shopify.com/s/files/1/0884/0278/8685/files/cushion-tender-shadow-50x50-3.jpg?v=1790664357
8607074000,VIVARAISE,Kissen Tender Grey 50×50,https://www.maisondecocon.com/products/cushion-tender-grey-50x50?variant=54710477586765,3210808607043,"Das Kissen Tender in Grau besteht aus 100 % Polyester-Mikrofaser und weist eine weiche, glatte Oberfläche auf. Es misst 50 × 50 cm.",32.90,Heimtextilien > Dekokissen,,,15.00,0.00,0.00,6-11 Werktage,https://cdn.shopify.com/s/files/1/0884/0278/8685/files/cushion-tender-grey-50x50-1.jpg?v=1790664284;https://cdn.shopify.com/s/files/1/0884/0278/8685/files/cushion-tender-grey-50x50-2.jpg?v=1790664284
8607044000,VIVARAISE,Kissen Tender Ocker 50×50,https://www.maisondecocon.com/products/cushion-tender-ochre-50x50?variant=54710478078285,3210808607364,"Das Kissen Tender in Ocker besteht aus 100 % Polyester-Mikrofaser und weist eine weiche, glatte Oberfläche auf. Es misst 50 × 50 cm.",32.90,Heimtextilien > Dekokissen,,,15.00,0.00,0.00,6-11 Werktage,https://cdn.shopify.com/s/files/1/0884/0278/8685/files/cushion-tender-ochre-50x50-1.jpg?v=1790664320;https://cdn.shopify.com/s/files/1/0884/0278/8685/files/cushion-tender-ochre-50x50-2.jpg?v=1790664320
8607066000,VIVARAISE,Kissen Tender Peacock 50×50,https://www.maisondecocon.com/products/cushion-tender-peacock-50x50?variant=54710478111053,3210808607272,"Das Kissen Tender in der Farbe „Pfauenblau“ besteht aus 100 % Polyester-Mikrofaser und weist eine weiche, glatte Oberfläche auf. Es misst 50 × 50 cm.",32.90,Heimtextilien > Dekokissen,,,15.00,0.00,0.00,6-11 Werktage,https://cdn.shopify.com/s/files/1/0884/0278/8685/files/cushion-tender-peacock-50x50-1.jpg?v=1790664320;https://cdn.shopify.com/s/files/1/0884/0278/8685/files/cushion-tender-peacock-50x50-2.jpg?v=1790664320;https://cdn.shopify.com/s/files/1/0884/0278/8685/files/cushion-tender-peacock-50x50-3.jpg?v=1790664320
5100085000,VIVARAISE,Kissen Inès Bronze 30×50,https://www.maisondecocon.com/products/cushion-ines-bronze-30x50?variant=54710478143821,3210805100028,"Das in Portugal hergestellte Kissen Inès verfügt über einen Bezug aus Baumwolle und eine weiche Polyesterfüllung, die sich über einen verdeckten Reißverschluss herausnehmen lässt. Sein modernes Motiv fügt sich dezent in das Sofa ein.",34.90,Heimtextilien > Dekokissen,,,15.00,0.00,0.00,6-11 Werktage,https://cdn.shopify.com/s/files/1/0884/0278/8685/files/cushion-ines-bronze-30x50-1.jpg?v=1790551784;https://cdn.shopify.com/s/files/1/0884/0278/8685/files/cushion-ines-bronze-30x50-2.jpg?v=1790551784
5084085000,VIVARAISE,Kissen Inès Bronze 45×45,https://www.maisondecocon.com/products/cushion-ines-bronze-45x45?variant=54710478176589,3210805084021,"Das in Portugal hergestellte Kissen Inès verfügt über einen Bezug aus Baumwolle und eine weiche Polyesterfüllung, die sich über einen verdeckten Reißverschluss herausnehmen lässt. Sein modernes Motiv fügt sich dezent in das Sofa ein.",39.90,Heimtextilien > Dekokissen,,,15.00,0.00,0.00,6-11 Werktage,https://cdn.shopify.com/s/files/1/0884/0278/8685/files/cushion-ines-bronze-45x45-1.jpg?v=1790551810;https://cdn.shopify.com/s/files/1/0884/0278/8685/files/cushion-ines-bronze-45x45-2.jpg?v=1790551810
5084068000,VIVARAISE,Kissen Inès Tintenblau 45×45,https://www.maisondecocon.com/products/cushion-ines-ink-45x45?variant=54710478340429,3210805084007,"Das in Portugal hergestellte Kissen Inès verfügt über einen Bezug aus Baumwolle und eine weiche Polyesterfüllung, die sich über einen verdeckten Reißverschluss herausnehmen lässt. Sein modernes Motiv fügt sich dezent in das Sofa ein.",39.90,Heimtextilien > Dekokissen,,,15.00,0.00,0.00,6-11 Werktage,https://cdn.shopify.com/s/files/1/0884/0278/8685/files/cushion-ines-ink-45x45-1.jpg?v=1790552062;https://cdn.shopify.com/s/files/1/0884/0278/8685/files/cushion-ines-ink-45x45-2.jpg?v=1790552062
5115176000,VIVARAISE,Kissen Kinta Carbon 45×45,https://www.maisondecocon.com/products/cushion-kinta-carbon-45x45?variant=54710478504269,3210805115039,"Das Kinta-Kissen besteht aus Polyester in einem sanften Carbon-Farbton. Durch seine weiche Haptik verleiht es einem Sofa oder Sessel eine gemütliche, dekorative Note.",28.90,Heimtextilien > Dekokissen,,,15.00,0.00,0.00,6-11 Werktage,https://cdn.shopify.com/s/files/1/0884/0278/8685/files/cushion-kinta-carbon-45x45-1.jpg?v=1790664212;https://cdn.shopify.com/s/files/1/0884/0278/8685/files/cushion-kinta-carbon-45x45-2.jpg?v=1790664246;https://cdn.shopify.com/s/files/1/0884/0278/8685/files/cushion-kinta-carbon-45x45-3.jpg?v=1790664246;https://cdn.shopify.com/s/files/1/0884/0278/8685/files/cushion-kinta-carbon-45x45-4.jpg?v=1790664246
5115012000,VIVARAISE,Kissen Kinta Natur 45×45,https://www.maisondecocon.com/products/cushion-kinta-natural-45x45?variant=54710478537037,3210805115046,"Das Kinta-Kissen besteht aus Polyester und ist in einem sanften, natürlichen Farbton gehalten. Durch seine weiche Haptik verleiht es einem Sofa oder Sessel eine gemütliche, dekorative Note.",28.90,Heimtextilien > Dekokissen,,,15.00,0.00,0.00,6-11 Werktage,https://cdn.shopify.com/s/files/1/0884/0278/8685/files/cushion-kinta-natural-45x45-1.jpg?v=1790664246;https://cdn.shopify.com/s/files/1/0884/0278/8685/files/cushion-kinta-natural-45x45-2.jpg?v=1790664246;https://cdn.shopify.com/s/files/1/0884/0278/8685/files/cushion-kinta-natural-45x45-3.jpg?v=1790664246;https://cdn.shopify.com/s/files/1/0884/0278/8685/files/cushion-kinta-natural-45x45-4.jpg?v=1790664284
5115076000,VIVARAISE,Kissen Kinta Kakao 45×45,https://www.maisondecocon.com/products/cushion-kinta-cocoa-45x45?variant=54710478569805,3210805115015,"Das Kinta-Kissen besteht aus Polyester und ist in einem sanften Kakaoton gehalten. Durch seine weiche Haptik verleiht es einem Sofa oder Sessel eine gemütliche, dekorative Note.",28.90,Heimtextilien > Dekokissen,,,15.00,0.00,0.00,6-11 Werktage,https://cdn.shopify.com/s/files/1/0884/0278/8685/files/cushion-kinta-cocoa-45x45-1.jpg?v=1790664246;https://cdn.shopify.com/s/files/1/0884/0278/8685/files/cushion-kinta-cocoa-45x45-2.jpg?v=1790664246
5115077000,VIVARAISE,Kissen Kinta Cloud 45×45,https://www.maisondecocon.com/products/cushion-kinta-cloud-45x45?variant=54710478930253,3210805115008,"Das Kinta-Kissen besteht aus Polyester und ist in einem sanften, wolkenartigen Farbton gehalten. Seine weiche Haptik verleiht einem Sofa oder Sessel eine gemütliche, dekorative Note.",28.90,Heimtextilien > Dekokissen,,,15.00,0.00,0.00,6-11 Werktage,https://cdn.shopify.com/s/files/1/0884/0278/8685/files/cushion-kinta-cloud-45x45-1.jpg?v=1790664246;https://cdn.shopify.com/s/files/1/0884/0278/8685/files/cushion-kinta-cloud-45x45-2.jpg?v=1790664246
5743070000,VIVARAISE,Kissen aus Baumwollsamt Fara Pearl 40×65,https://www.maisondecocon.com/products/cotton-velvet-cushion-fara-pearl-40x65?variant=54710479061325,3210805743010,"Ein schlichtes Fara-Kissen aus Perlbaumwollsamt, das mit einem Fransenrand verziert ist. Es fühlt sich weich an und macht zu jeder Jahreszeit eine gute Figur auf Ihrem Sofa.",39.90,Heimtextilien > Dekokissen,,,15.00,0.00,0.00,6-11 Werktage,https://cdn.shopify.com/s/files/1/0884/0278/8685/files/cotton-velvet-cushion-fara-pearl-40x65-1.jpg?v=1790550277;https://cdn.shopify.com/s/files/1/0884/0278/8685/files/cotton-velvet-cushion-fara-pearl-40x65-2.jpg?v=1790550277;https://cdn.shopify.com/s/files/1/0884/0278/8685/files/cotton-velvet-cushion-fara-pearl-40x65-3.jpg?v=1790550277
5743024000,VIVARAISE,Kissen aus Baumwollsamt Fara Thyme 40×65,https://www.maisondecocon.com/products/cotton-velvet-cushion-fara-thyme-40x65?variant=54710479159629,3210805743157,"Ein schlichtes Fara-Kissen aus Baumwollsamt in der Farbe „Thymian“, das mit einem Fransenrand verziert ist. Es fühlt sich weich an und fügt sich zu jeder Jahreszeit harmonisch in Ihr Sofa ein.",39.90,Heimtextilien > Dekokissen,,,15.00,0.00,0.00,6-11 Werktage,https://cdn.shopify.com/s/files/1/0884/0278/8685/files/cotton-velvet-cushion-fara-thyme-40x65-1.jpg?v=1790551758;https://cdn.shopify.com/s/files/1/0884/0278/8685/files/cotton-velvet-cushion-fara-thyme-40x65-2.jpg?v=1790551758;https://cdn.shopify.com/s/files/1/0884/0278/8685/files/cotton-velvet-cushion-fara-thyme-40x65-3.jpg?v=1790551758
5743075000,VIVARAISE,Kissen aus Baumwollsamt Fara Umbra 40×65,https://www.maisondecocon.com/products/cotton-velvet-cushion-fara-umber-40x65?variant=54710479257933,3210805743027,Ein schlichtes Fara-Kissen aus umbrafarbenem Baumwollsamt mit Fransenrand. Es fühlt sich weich an und fügt sich zu jeder Jahreszeit harmonisch in Ihr Sofa ein.,39.90,Heimtextilien > Dekokissen,,,15.00,0.00,0.00,6-11 Werktage,https://cdn.shopify.com/s/files/1/0884/0278/8685/files/cotton-velvet-cushion-fara-umber-40x65-1.jpg?v=1790586391;https://cdn.shopify.com/s/files/1/0884/0278/8685/files/cotton-velvet-cushion-fara-umber-40x65-2.jpg?v=1790586391;https://cdn.shopify.com/s/files/1/0884/0278/8685/files/cotton-velvet-cushion-fara-umber-40x65-3.jpg?v=1790586392
5743022000,VIVARAISE,Kissen aus Baumwollsamt Fara Eukalyptus 40×65,https://www.maisondecocon.com/products/cotton-velvet-cushion-fara-eucalyptus-40x65?variant=54710479323469,3210805743133,Ein schlichtes Fara-Kissen aus Eukalyptus-Baumwollsamt mit Fransenrand. Es fühlt sich weich an und passt zu jeder Jahreszeit harmonisch auf jedes Sofa.,39.90,Heimtextilien > Dekokissen,,,15.00,0.00,0.00,6-11 Werktage,https://cdn.shopify.com/s/files/1/0884/0278/8685/files/cotton-velvet-cushion-fara-eucalyptus-40x65-1.jpg?v=1790549922;https://cdn.shopify.com/s/files/1/0884/0278/8685/files/cotton-velvet-cushion-fara-eucalyptus-40x65-2.jpg?v=1790549922;https://cdn.shopify.com/s/files/1/0884/0278/8685/files/cotton-velvet-cushion-fara-eucalyptus-40x65-3.jpg?v=1790549922
5743035000,VIVARAISE,Kissen aus Baumwollsamt Fara Rubin 40×65,https://www.maisondecocon.com/products/cotton-velvet-cushion-fara-ruby-40x65?variant=54710479454541,3210805743034,Ein schlichtes Fara-Kissen aus rubinrotem Baumwollsamt mit Fransenrand. Es fühlt sich weich an und passt zu jeder Jahreszeit harmonisch auf jedes Sofa.,39.90,Heimtextilien > Dekokissen,,,15.00,0.00,0.00,6-11 Werktage,https://cdn.shopify.com/s/files/1/0884/0278/8685/files/cotton-velvet-cushion-fara-ruby-40x65-1.jpg?v=1790551049;https://cdn.shopify.com/s/files/1/0884/0278/8685/files/cotton-velvet-cushion-fara-ruby-40x65-2.jpg?v=1790551049;https://cdn.shopify.com/s/files/1/0884/0278/8685/files/cotton-velvet-cushion-fara-ruby-40x65-3.jpg?v=1790551049
5743030000,VIVARAISE,Kissen aus Baumwollsamt Fara Rosa 40×65,https://www.maisondecocon.com/products/cotton-velvet-cushion-fara-pink-40x65?variant=54710479585613,3210805743065,"Ein schlichtes Fara-Kissen aus rosa Baumwollsamt, verziert mit einem Fransenrand. Es fühlt sich weich an und fügt sich zu jeder Jahreszeit harmonisch in Ihr Sofa ein.",39.90,Heimtextilien > Dekokissen,,,15.00,0.00,0.00,6-11 Werktage,https://cdn.shopify.com/s/files/1/0884/0278/8685/files/cotton-velvet-cushion-fara-pink-40x65-1.jpg?v=1790550557;https://cdn.shopify.com/s/files/1/0884/0278/8685/files/cotton-velvet-cushion-fara-pink-40x65-2.jpg?v=1790550557;https://cdn.shopify.com/s/files/1/0884/0278/8685/files/cotton-velvet-cushion-fara-pink-40x65-3.jpg?v=1790550557
1767025000,VIVARAISE,Kissen Laly Olive 45×45,https://www.maisondecocon.com/products/cushion-laly-olive-45x45?variant=54710480765261,3210801767003,Das Kissen Laly in der Farbe Oliv misst 45 × 45 cm.,29.90,Heimtextilien > Dekokissen,,,15.00,0.00,0.00,6-11 Werktage,https://cdn.shopify.com/s/files/1/0884/0278/8685/files/cushion-laly-olive-45x45-1.jpg?v=1790553649
TMPSETM08,Coco & Cici,TENCEL™ Pyjama-Set lang Damen Dunkelblau,https://www.maisondecocon.com/products/tencel-pyjama-set-ladies-dark-blue?variant=54757558976845,8721184405246,"Ein klassisches Hemd mit einer locker sitzenden, bequemen Hose in Dunkelblau aus TENCEL™ Modal. Atmungsaktiv und besonders weich, mit Perlmuttknöpfen, kontrastierenden Paspeln und einem gestickten Logo.",169.95,Bekleidung > Damenbekleidung > Nachtwäsche > Schlafanzüge,M,Dark Blue,10.00,0.00,0.00,4-7 Werktage,https://cdn.shopify.com/s/files/1/0884/0278/8685/files/tencel-pyjama-set-ladies-dark-blue-styled-01.jpg?v=1790443863;https://cdn.shopify.com/s/files/1/0884/0278/8685/files/tencel-pyjama-set-ladies-dark-blue-styled-02.jpg?v=1790443863;https://cdn.shopify.com/s/files/1/0884/0278/8685/files/tencel-pyjama-set-ladies-dark-blue-detail-01.jpg?v=1790443882;https://cdn.shopify.com/s/files/1/0884/0278/8685/files/tencel-pyjama-set-ladies-dark-blue-lifestyle-01.png?v=1790443882;https://cdn.shopify.com/s/files/1/0884/0278/8685/files/tencel-pyjama-set-ladies-dark-blue-lifestyle-02.png?v=1790443882;https://cdn.shopify.com/s/files/1/0884/0278/8685/files/tencel-pyjama-set-ladies-dark-blue-lifestyle-03.png?v=1790443882;https://cdn.shopify.com/s/files/1/0884/0278/8685/files/tencel-pyjama-set-ladies-dark-blue-lifestyle-04.png?v=1790443882;https://cdn.shopify.com/s/files/1/0884/0278/8685/files/tencel-pyjama-set-ladies-dark-blue-packshot-01.png?v=1790443888
TMPSETEL08,Coco & Cici,TENCEL™ Pyjama-Set lang Damen Dunkelblau,https://www.maisondecocon.com/products/tencel-pyjama-set-ladies-dark-blue?variant=54757559042381,8721184405222,"Ein klassisches Hemd mit einer locker sitzenden, bequemen Hose in Dunkelblau aus TENCEL™ Modal. Atmungsaktiv und besonders weich, mit Perlmuttknöpfen, kontrastierenden Paspeln und einem gestickten Logo.",169.95,Bekleidung > Damenbekleidung > Nachtwäsche > Schlafanzüge,XL,Dark Blue,10.00,0.00,0.00,4-7 Werktage,https://cdn.shopify.com/s/files/1/0884/0278/8685/files/tencel-pyjama-set-ladies-dark-blue-styled-01.jpg?v=1790443863;https://cdn.shopify.com/s/files/1/0884/0278/8685/files/tencel-pyjama-set-ladies-dark-blue-styled-02.jpg?v=1790443863;https://cdn.shopify.com/s/files/1/0884/0278/8685/files/tencel-pyjama-set-ladies-dark-blue-detail-01.jpg?v=1790443882;https://cdn.shopify.com/s/files/1/0884/0278/8685/files/tencel-pyjama-set-ladies-dark-blue-lifestyle-01.png?v=1790443882;https://cdn.shopify.com/s/files/1/0884/0278/8685/files/tencel-pyjama-set-ladies-dark-blue-lifestyle-02.png?v=1790443882;https://cdn.shopify.com/s/files/1/0884/0278/8685/files/tencel-pyjama-set-ladies-dark-blue-lifestyle-03.png?v=1790443882;https://cdn.shopify.com/s/files/1/0884/0278/8685/files/tencel-pyjama-set-ladies-dark-blue-lifestyle-04.png?v=1790443882;https://cdn.shopify.com/s/files/1/0884/0278/8685/files/tencel-pyjama-set-ladies-dark-blue-packshot-01.png?v=1790443888
TMPSETL08,Coco & Cici,TENCEL™ Pyjama-Set lang Damen Dunkelblau,https://www.maisondecocon.com/products/tencel-pyjama-set-ladies-dark-blue?variant=54757559009613,8721184405239,"Ein klassisches Hemd mit einer locker sitzenden, bequemen Hose in Dunkelblau aus TENCEL™ Modal. Atmungsaktiv und besonders weich, mit Perlmuttknöpfen, kontrastierenden Paspeln und einem gestickten Logo.",169.95,Bekleidung > Damenbekleidung > Nachtwäsche > Schlafanzüge,L,Dark Blue,10.00,0.00,0.00,4-7 Werktage,https://cdn.shopify.com/s/files/1/0884/0278/8685/files/tencel-pyjama-set-ladies-dark-blue-styled-01.jpg?v=1790443863;https://cdn.shopify.com/s/files/1/0884/0278/8685/files/tencel-pyjama-set-ladies-dark-blue-styled-02.jpg?v=1790443863;https://cdn.shopify.com/s/files/1/0884/0278/8685/files/tencel-pyjama-set-ladies-dark-blue-detail-01.jpg?v=1790443882;https://cdn.shopify.com/s/files/1/0884/0278/8685/files/tencel-pyjama-set-ladies-dark-blue-lifestyle-01.png?v=1790443882;https://cdn.shopify.com/s/files/1/0884/0278/8685/files/tencel-pyjama-set-ladies-dark-blue-lifestyle-02.png?v=1790443882;https://cdn.shopify.com/s/files/1/0884/0278/8685/files/tencel-pyjama-set-ladies-dark-blue-lifestyle-03.png?v=1790443882;https://cdn.shopify.com/s/files/1/0884/0278/8685/files/tencel-pyjama-set-ladies-dark-blue-lifestyle-04.png?v=1790443882;https://cdn.shopify.com/s/files/1/0884/0278/8685/files/tencel-pyjama-set-ladies-dark-blue-packshot-01.png?v=1790443888
TMPSETS08,Coco & Cici,TENCEL™ Pyjama-Set lang Damen Dunkelblau,https://www.maisondecocon.com/products/tencel-pyjama-set-ladies-dark-blue?variant=54757558944077,8721184405253,"Ein klassisches Hemd mit einer locker sitzenden, bequemen Hose in Dunkelblau aus TENCEL™ Modal. Atmungsaktiv und besonders weich, mit Perlmuttknöpfen, kontrastierenden Paspeln und einem gestickten Logo.",169.95,Bekleidung > Damenbekleidung > Nachtwäsche > Schlafanzüge,S,Dark Blue,10.00,0.00,0.00,4-7 Werktage,https://cdn.shopify.com/s/files/1/0884/0278/8685/files/tencel-pyjama-set-ladies-dark-blue-styled-01.jpg?v=1790443863;https://cdn.shopify.com/s/files/1/0884/0278/8685/files/tencel-pyjama-set-ladies-dark-blue-styled-02.jpg?v=1790443863;https://cdn.shopify.com/s/files/1/0884/0278/8685/files/tencel-pyjama-set-ladies-dark-blue-detail-01.jpg?v=1790443882;https://cdn.shopify.com/s/files/1/0884/0278/8685/files/tencel-pyjama-set-ladies-dark-blue-lifestyle-01.png?v=1790443882;https://cdn.shopify.com/s/files/1/0884/0278/8685/files/tencel-pyjama-set-ladies-dark-blue-lifestyle-02.png?v=1790443882;https://cdn.shopify.com/s/files/1/0884/0278/8685/files/tencel-pyjama-set-ladies-dark-blue-lifestyle-03.png?v=1790443882;https://cdn.shopify.com/s/files/1/0884/0278/8685/files/tencel-pyjama-set-ladies-dark-blue-lifestyle-04.png?v=1790443882;https://cdn.shopify.com/s/files/1/0884/0278/8685/files/tencel-pyjama-set-ladies-dark-blue-packshot-01.png?v=1790443888
5792024000,VIVARAISE,Tagesdecke aus Baumwollsamt Fara Thyme 260×260,https://www.maisondecocon.com/products/cotton-velvet-bedspread-fara-thyme-260x260?variant=54825562800461,3210805792063,Eine großzügige Fara-Tagesdecke mit einem Bezug aus Baumwollsamt in der Farbe „Thymian“ und einem Fransenbesatz. Ihre füllige Dicke verleiht dem Bett Wärme und Volumen.,269.90,Heimtextilien > Tagesdecken,,,15.00,0.00,0.00,6-11 Werktage,https://cdn.shopify.com/s/files/1/0884/0278/8685/files/cotton-velvet-bedspread-fara-thyme-260x260-1.jpg?v=1790576371
1235086000,VIVARAISE,Tagesdecke aus Baumwolle Emilio Terracotta 180×260,https://www.maisondecocon.com/products/cotton-bedspread-emilio-terracotta-180x260?variant=54825566175565,3210801235014,"Die Tagesdecke Emilio in der Farbe „Terrakotta“ besteht aus 100 % Baumwolle und besticht durch ihr sorgfältig durchdachtes Design und ihre eleganten Linien, die dem Bett eine raffinierte Note verleihen. Hergestellt in Portugal.",134.90,Heimtextilien > Tagesdecken,,,15.00,0.00,0.00,6-11 Werktage,https://cdn.shopify.com/s/files/1/0884/0278/8685/files/cotton-bedspread-emilio-terracotta-180x260-1.jpg?v=1790575996
1685010000,VIVARAISE,Tagesdecke Alice Snow 240×260,https://www.maisondecocon.com/products/bedspread-alice-snow-240x260?variant=54825572073805,3210801685000,"Die Tagesdecke Alice in der Farbe „Schnee“ misst 240 × 260 cm und verleiht dem Bett eine weiche, großzügige Note.",199.90,Heimtextilien > Tagesdecken,,,15.00,0.00,0.00,6-11 Werktage,https://cdn.shopify.com/s/files/1/0884/0278/8685/files/bedspread-alice-snow-240x260-1.jpg?v=1790559724
1685080000,VIVARAISE,Tagesdecke Alice Flax 240×260,https://www.maisondecocon.com/products/bedspread-alice-flax-240x260?variant=54825574433101,3210801685024,"Die Tagesdecke Alice in der Farbe „Flachs“ misst 240 × 260 cm und verleiht dem Bett eine weiche, großzügige Note.",199.90,Heimtextilien > Tagesdecken,,,15.00,0.00,0.00,6-11 Werktage,https://cdn.shopify.com/s/files/1/0884/0278/8685/files/bedspread-alice-flax-240x260-1.jpg?v=1790559405;https://cdn.shopify.com/s/files/1/0884/0278/8685/files/bedspread-alice-flax-240x260-2.jpg?v=1790559405;https://cdn.shopify.com/s/files/1/0884/0278/8685/files/bedspread-alice-flax-240x260-3.jpg?v=1790559405
5749075000,VIVARAISE,Tagesdecke aus Baumwollsamt Fara Umbra 240×260,https://www.maisondecocon.com/products/cotton-velvet-bedspread-fara-umber-240x260?variant=54825575907661,3210805749029,Eine großzügige Fara-Tagesdecke mit einem Bezug aus umbrafarbenem Baumwollsamt und einem Fransenbesatz. Ihre üppige Füllung verleiht dem Bett Wärme und Volumen.,239.90,Heimtextilien > Tagesdecken,,,15.00,0.00,0.00,6-11 Werktage,https://cdn.shopify.com/s/files/1/0884/0278/8685/files/cotton-velvet-bedspread-fara-umber-240x260-1.jpg?v=1790586406;https://cdn.shopify.com/s/files/1/0884/0278/8685/files/cotton-velvet-bedspread-fara-umber-240x260-2.jpg?v=1790586406
5749024000,VIVARAISE,Tagesdecke aus Baumwollsamt Fara Thyme 240×260,https://www.maisondecocon.com/products/cotton-velvet-bedspread-fara-thyme-240x260?variant=54825576137037,3210805749067,Eine großzügige Fara-Tagesdecke mit einem Bezug aus Baumwollsamt in der Farbe „Thymian“ und einem Fransenbesatz. Ihre füllige Dicke verleiht dem Bett Wärme und Volumen.,239.90,Heimtextilien > Tagesdecken,,,15.00,0.00,0.00,6-11 Werktage,https://cdn.shopify.com/s/files/1/0884/0278/8685/files/cotton-velvet-bedspread-fara-thyme-240x260-1.jpg?v=1790576354
1308316000,VIVARAISE,Baumwoll-Tagesdecke Elise Thunder 240×260,https://www.maisondecocon.com/products/cotton-bedspread-elise-thunder-240x260?variant=54825605726541,3660565083169,"Die Tagesdecke Elise in der Farbe „Donner“ verfügt über eine gewattete Oberfläche mit einem Bezug aus 100 % Baumwolle und einer Füllung aus Polyester, die dem Bett mehr Volumen verleiht.",399.90,Heimtextilien > Tagesdecken,,,15.00,0.00,0.00,6-11 Werktage,https://cdn.shopify.com/s/files/1/0884/0278/8685/files/cotton-bedspread-elise-thunder-240x260-1.jpg?v=1790575452;https://cdn.shopify.com/s/files/1/0884/0278/8685/files/cotton-bedspread-elise-thunder-240x260-2.jpg?v=1790575452;https://cdn.shopify.com/s/files/1/0884/0278/8685/files/cotton-bedspread-elise-thunder-240x260-3.jpg?v=1790575452
1242016000,VIVARAISE,Tagesdecke aus Baumwolle Cambra Natural 180×260,https://www.maisondecocon.com/products/cotton-bedspread-cambra-natural-180x260?variant=54825611493709,3210807450008,"Die Tagesdecke Cambra in der Farbe „Natur“ verfügt über einen Bezug aus 100 % Baumwolle und eine Füllung aus 100 % Polyester sowie Ton-in-Ton-Nähte, die für einen dezenten, eleganten Look sorgen.",229.90,Heimtextilien > Tagesdecken,,,15.00,0.00,0.00,6-11 Werktage,https://cdn.shopify.com/s/files/1/0884/0278/8685/files/cotton-bedspread-cambra-natural-180x260-1.jpg?v=1790577186
1242060000,VIVARAISE,Tagesdecke aus Baumwolle Cambra Sturmgrau 180×260,https://www.maisondecocon.com/products/cotton-bedspread-cambra-storm-180x260?variant=54825611526477,3210807450015,"Die Tagesdecke Cambra in der Farbe „Sturmgrau“ verfügt über einen Bezug aus 100 % Baumwolle und eine Füllung aus 100 % Polyester; die Ton-in-Ton-Nähte verleihen ihr ein dezentes, elegantes Detail.",229.90,Heimtextilien > Tagesdecken,,,15.00,0.00,0.00,6-11 Werktage,https://cdn.shopify.com/s/files/1/0884/0278/8685/files/cotton-bedspread-cambra-storm-180x260-1.jpg?v=1790576654
1243044000,VIVARAISE,Tagesdecke aus Baumwolle Cambra Terracotta 240×260,https://www.maisondecocon.com/products/cotton-bedspread-cambra-terracotta-240x260?variant=54825611624781,3210805016091,"Die Tagesdecke Cambra in der Farbe „Terrakotta“ verfügt über einen Bezug aus 100 % Baumwolle und eine Füllung aus 100 % Polyester. Die Ton-in-Ton-Nähte verleihen ihr ein dezentrales, elegantes Detail.",299.90,Heimtextilien > Tagesdecken,,,15.00,0.00,0.00,6-11 Werktage,https://cdn.shopify.com/s/files/1/0884/0278/8685/files/cotton-bedspread-cambra-terracotta-240x260-1.jpg?v=1790576689
1243060000,VIVARAISE,Tagesdecke aus Baumwolle Cambra Sturmgrau 240×260,https://www.maisondecocon.com/products/cotton-bedspread-cambra-storm-240x260?variant=54825611657549,3210805016084,"Die Tagesdecke Cambra in der Farbe „Sturmgrau“ verfügt über einen Bezug aus 100 % Baumwolle und eine Füllung aus 100 % Polyester; die Ton-in-Ton-Nähte verleihen ihr ein dezentes, elegantes Detail.",299.90,Heimtextilien > Tagesdecken,,,15.00,0.00,0.00,6-11 Werktage,https://cdn.shopify.com/s/files/1/0884/0278/8685/files/cotton-bedspread-cambra-storm-240x260-1.jpg?v=1790576637
1242044000,VIVARAISE,Tagesdecke aus Baumwolle Cambra Terracotta 180×260,https://www.maisondecocon.com/products/cotton-bedspread-cambra-terracotta-180x260?variant=54825611788621,3210807450022,"Die Tagesdecke Cambra in der Farbe „Terrakotta“ verfügt über einen Bezug aus 100 % Baumwolle und eine Füllung aus 100 % Polyester. Die Ton-in-Ton-Nähte verleihen ihr ein dezentrales, elegantes Detail.",229.90,Heimtextilien > Tagesdecken,,,15.00,0.00,0.00,6-11 Werktage,https://cdn.shopify.com/s/files/1/0884/0278/8685/files/cotton-bedspread-cambra-terracotta-180x260-1.jpg?v=1790576671
1687010000,VIVARAISE,Tagesdecke Alice Snow 180×260,https://www.maisondecocon.com/products/bedspread-alice-snow-180x260?variant=54825612017997,3210801687011,"Die Tagesdecke Alice in der Farbe „Schnee“ misst 180 × 260 cm und wiegt ca. 3,56 kg; sie verleiht dem Bett eine weiche, großzügige Note.",159.90,Heimtextilien > Tagesdecken,,,15.00,0.00,0.00,6-11 Werktage,https://cdn.shopify.com/s/files/1/0884/0278/8685/files/bedspread-alice-snow-180x260-1.jpg?v=1790559712;https://cdn.shopify.com/s/files/1/0884/0278/8685/files/bedspread-alice-snow-180x260-2.jpg?v=1790559712
8637086000,VIVARAISE,Tagesdecke Michka Muskat 220×240,https://www.maisondecocon.com/products/bedspread-michka-nutmeg-220x240?variant=54825615130957,3210808637125,"Die Tagesdecke Michka in der Farbe „Muskat“ ist beidseitig beschaffen: Auf der Vorderseite besteht sie aus Polyester-Mikrofaser, auf der Rückseite aus einem längeren, flauschigen Flor, der mit einer Kappe an den Ecken abgerundet ist.",109.90,Heimtextilien > Tagesdecken,,,15.00,0.00,0.00,6-11 Werktage,https://cdn.shopify.com/s/files/1/0884/0278/8685/files/bedspread-michka-nutmeg-220x240-1.jpg?v=1790563991
5792045000,VIVARAISE,Tagesdecke aus Baumwollsamt Fara Zimt 260×260,https://www.maisondecocon.com/products/cotton-velvet-bedspread-fara-cinnamon-260x260?variant=54825615262029,3210805792131,Eine großzügig geschnittene Fara-Tagesdecke mit einem Bezug aus zimtfarbenem Baumwollsamt und einem Fransenrand. Ihre üppige Füllung verleiht dem Bett Wärme und Volumen.,269.90,Heimtextilien > Tagesdecken,,,15.00,0.00,0.00,6-11 Werktage,https://cdn.shopify.com/s/files/1/0884/0278/8685/files/cotton-velvet-bedspread-fara-cinnamon-260x260-1.jpg?v=1790560999
1236080000,VIVARAISE,Tagesdecke Emilio Copper 240×260,https://www.maisondecocon.com/products/bedspread-emilio-copper-240x260?variant=54825616179533,3210801236042,"Die Tagesdecke Emilio in der Farbe „Kupfer“ verleiht Ihrem Bett eine weiche, edel verarbeitete Note. Hergestellt in Portugal.",179.90,Heimtextilien > Tagesdecken,,,15.00,0.00,0.00,6-11 Werktage,https://cdn.shopify.com/s/files/1/0884/0278/8685/files/bedspread-emilio-copper-240x260-1.jpg?v=1790576711;https://cdn.shopify.com/s/files/1/0884/0278/8685/files/bedspread-emilio-copper-240x260-2.jpg?v=1790576711;https://cdn.shopify.com/s/files/1/0884/0278/8685/files/bedspread-emilio-copper-240x260-3.jpg?v=1790576711
1687086000,VIVARAISE,Tagesdecke Alice Muskat 180×260,https://www.maisondecocon.com/products/bedspread-alice-nutmeg-180x260?variant=54825616277837,3210801687042,"Die Tagesdecke Alice in der Farbe „Muskat“ besteht aus 100 % Polyester und verfügt über eine ultraweiche Struktur aus Kunstfell, die für eine kuschelige Note auf dem Bett sorgt.",159.90,Heimtextilien > Tagesdecken,,,15.00,0.00,0.00,6-11 Werktage,https://cdn.shopify.com/s/files/1/0884/0278/8685/files/bedspread-alice-nutmeg-180x260-1.jpg?v=1790664391
396988,SalesFever,"Polsterbett aus beigem Samt, 90×200",https://www.maisondecocon.com/products/upholstered-bed-beige-velvet-90x200?variant=54825794437453,4251744810011,Polsterbett mit einem Bezug aus beigem Samt und goldlackierten Stahlfüßen. Ein einfacher Lattenrost ist bereits im Lieferumfang enthalten.,596.00,Schlafzimmer > Betten > Polsterbetten,,Beige/Gold,119.00,0.00,0.00,9-16 Werktage,https://cdn.shopify.com/s/files/1/0884/0278/8685/files/upholstered-bed-beige-velvet-90x200-angled-view.jpg?v=1790344645;https://cdn.shopify.com/s/files/1/0884/0278/8685/files/upholstered-bed-beige-velvet-90x200-bedroom-scene.jpg?v=1790344645;https://cdn.shopify.com/s/files/1/0884/0278/8685/files/upholstered-bed-beige-velvet-90x200-front-view.jpg?v=1790344645;https://cdn.shopify.com/s/files/1/0884/0278/8685/files/upholstered-bed-beige-velvet-90x200-side-view.jpg?v=1790344645;https://cdn.shopify.com/s/files/1/0884/0278/8685/files/upholstered-bed-beige-velvet-90x200-headboard-detail.jpg?v=1790344645
397008,SalesFever,"Polsterbett aus grünem Samt, 90×200",https://www.maisondecocon.com/products/upholstered-bed-green-velvet-90x200?variant=54825794797901,4251744810035,Polsterbett mit einem grünen Samtbezug und goldlackierten Stahlfüßen. Ein einfacher Lattenrost ist bereits im Lieferumfang enthalten.,596.00,Schlafzimmer > Betten > Polsterbetten,,Green/Gold,119.00,0.00,0.00,9-16 Werktage,https://cdn.shopify.com/s/files/1/0884/0278/8685/files/upholstered-bed-green-velvet-90x200-angled-view.jpg?v=1790345113;https://cdn.shopify.com/s/files/1/0884/0278/8685/files/upholstered-bed-green-velvet-90x200-bedroom-scene.jpg?v=1790345114;https://cdn.shopify.com/s/files/1/0884/0278/8685/files/upholstered-bed-green-velvet-90x200-front-view.jpg?v=1790345114;https://cdn.shopify.com/s/files/1/0884/0278/8685/files/upholstered-bed-green-velvet-90x200-side-view.jpg?v=1790345114;https://cdn.shopify.com/s/files/1/0884/0278/8685/files/upholstered-bed-green-velvet-90x200-headboard-detail.jpg?v=1790345114
397039,SalesFever,"Polsterbett aus grünem Samt, 140×200",https://www.maisondecocon.com/products/upholstered-bed-green-velvet-140x200?variant=54825794961741,4251744810066,Polsterbett mit einem grünen Samtbezug und goldlackierten Stahlfüßen. Ein einfacher Lattenrost ist bereits im Lieferumfang enthalten.,716.00,Schlafzimmer > Betten > Polsterbetten,,Green/Gold,119.00,0.00,0.00,9-16 Werktage,https://cdn.shopify.com/s/files/1/0884/0278/8685/files/upholstered-bed-green-velvet-140x200-angled-view.jpg?v=1790345114;https://cdn.shopify.com/s/files/1/0884/0278/8685/files/upholstered-bed-green-velvet-140x200-bedroom-scene.jpg?v=1790345114;https://cdn.shopify.com/s/files/1/0884/0278/8685/files/upholstered-bed-green-velvet-140x200-front-view.jpg?v=1790345114;https://cdn.shopify.com/s/files/1/0884/0278/8685/files/upholstered-bed-green-velvet-140x200-side-view.jpg?v=1790345114;https://cdn.shopify.com/s/files/1/0884/0278/8685/files/upholstered-bed-green-velvet-140x200-headboard-detail.jpg?v=1790345114
397046,SalesFever,"Polsterbett aus beigem Samt, 180×200",https://www.maisondecocon.com/products/upholstered-bed-beige-velvet-180x200?variant=54825795125581,4251744810073,Polsterbett mit einem Bezug aus beigem Samt und goldlackierten Stahlfüßen. Ein einfacher Lattenrost ist bereits im Lieferumfang enthalten.,796.00,Schlafzimmer > Betten > Polsterbetten,,Beige/Gold,119.00,0.00,0.00,9-16 Werktage,https://cdn.shopify.com/s/files/1/0884/0278/8685/files/upholstered-bed-beige-velvet-180x200-angled-view.jpg?v=1790345114;https://cdn.shopify.com/s/files/1/0884/0278/8685/files/upholstered-bed-beige-velvet-180x200-bedroom-scene.jpg?v=1790345114;https://cdn.shopify.com/s/files/1/0884/0278/8685/files/upholstered-bed-beige-velvet-180x200-front-view.jpg?v=1790345114;https://cdn.shopify.com/s/files/1/0884/0278/8685/files/upholstered-bed-beige-velvet-180x200-side-view.jpg?v=1790345114;https://cdn.shopify.com/s/files/1/0884/0278/8685/files/upholstered-bed-beige-velvet-180x200-headboard-detail.jpg?v=1790345114
397015,SalesFever,"Polsterbett aus beigem Samt, 140×200",https://www.maisondecocon.com/products/upholstered-bed-beige-velvet-140x200?variant=54825795518797,4251744810042,Polsterbett mit einem Bezug aus beigem Samt und goldlackierten Stahlfüßen. Ein einfacher Lattenrost ist bereits im Lieferumfang enthalten.,716.00,Schlafzimmer > Betten > Polsterbetten,,Beige/Gold,119.00,0.00,0.00,9-16 Werktage,https://cdn.shopify.com/s/files/1/0884/0278/8685/files/upholstered-bed-beige-velvet-140x200-angled-view.jpg?v=1790345114;https://cdn.shopify.com/s/files/1/0884/0278/8685/files/upholstered-bed-beige-velvet-140x200-bedroom-scene.jpg?v=1790345114;https://cdn.shopify.com/s/files/1/0884/0278/8685/files/upholstered-bed-beige-velvet-140x200-front-view.jpg?v=1790345114;https://cdn.shopify.com/s/files/1/0884/0278/8685/files/upholstered-bed-beige-velvet-140x200-side-view.jpg?v=1790345114;https://cdn.shopify.com/s/files/1/0884/0278/8685/files/upholstered-bed-beige-velvet-140x200-headboard-detail.jpg?v=1790345114
398722,SalesFever,"Muschelbett aus Samt, Lila, 140×200",https://www.maisondecocon.com/products/velvet-shell-bed-purple-140x200?variant=54825795715405,4251744811667,"Bett mit Samtbezug in Lila, mit einem aufwendig gearbeiteten Kopfteil und goldfarbenen Metallfüßen. Wird ohne Matratze und Lattenrost geliefert.",1716.00,Schlafzimmer > Betten > Polsterbetten,,Purple/Gold,119.00,0.00,0.00,9-16 Werktage,https://cdn.shopify.com/s/files/1/0884/0278/8685/files/velvet-shell-bed-purple-140x200-angled-view.jpg?v=1790345820;https://cdn.shopify.com/s/files/1/0884/0278/8685/files/velvet-shell-bed-purple-140x200-bedroom-scene.jpg?v=1790345820;https://cdn.shopify.com/s/files/1/0884/0278/8685/files/velvet-shell-bed-purple-140x200-front-view.jpg?v=1790345820;https://cdn.shopify.com/s/files/1/0884/0278/8685/files/velvet-shell-bed-purple-140x200-side-view.jpg?v=1790345820;https://cdn.shopify.com/s/files/1/0884/0278/8685/files/velvet-shell-bed-purple-140x200-rear-view.jpg?v=1790345820
398739,SalesFever,"Muschelbett aus Samt, Grau, 180×200",https://www.maisondecocon.com/products/velvet-shell-bed-grey-180x200?variant=54825796141389,4251744811674,"Bett mit Samtbezug in Grau, mit einem aufwendig gearbeiteten Kopfteil und goldlackierten Metallfüßen. Die Lieferung erfolgt ohne Matratze und Lattenrost.",1796.00,Schlafzimmer > Betten > Polsterbetten,,Grey/Gold,119.00,0.00,0.00,9-16 Werktage,https://cdn.shopify.com/s/files/1/0884/0278/8685/files/velvet-shell-bed-grey-180x200-angled-view.jpg?v=1790345846;https://cdn.shopify.com/s/files/1/0884/0278/8685/files/velvet-shell-bed-grey-180x200-bedroom-scene.jpg?v=1790345846;https://cdn.shopify.com/s/files/1/0884/0278/8685/files/velvet-shell-bed-grey-180x200-front-view.jpg?v=1790345846;https://cdn.shopify.com/s/files/1/0884/0278/8685/files/velvet-shell-bed-grey-180x200-side-view.jpg?v=1790345846;https://cdn.shopify.com/s/files/1/0884/0278/8685/files/velvet-shell-bed-grey-180x200-rear-view.jpg?v=1790345846
398715,SalesFever,"Muschelbett aus Samt, Beige, 140×200",https://www.maisondecocon.com/products/velvet-shell-bed-beige-140x200?variant=54825796731213,4251744811650,"Bett mit Samtbezug in Beige, mit einem aufwendig gearbeiteten Kopfteil und goldlackierten Metallfüßen. Wird ohne Matratze und Lattenrost geliefert.",1716.00,Schlafzimmer > Betten > Polsterbetten,,Beige/Gold,119.00,0.00,0.00,9-16 Werktage,https://cdn.shopify.com/s/files/1/0884/0278/8685/files/velvet-shell-bed-beige-140x200-angled-view.jpg?v=1790345829;https://cdn.shopify.com/s/files/1/0884/0278/8685/files/velvet-shell-bed-beige-140x200-bedroom-scene.jpg?v=1790345829;https://cdn.shopify.com/s/files/1/0884/0278/8685/files/velvet-shell-bed-beige-140x200-front-view.jpg?v=1790345829;https://cdn.shopify.com/s/files/1/0884/0278/8685/files/velvet-shell-bed-beige-140x200-side-view.jpg?v=1790345829;https://cdn.shopify.com/s/files/1/0884/0278/8685/files/velvet-shell-bed-beige-140x200-rear-view.jpg?v=1790345829
398746,SalesFever,"Muschelbett aus Samt, Beige, 180×200",https://www.maisondecocon.com/products/velvet-shell-bed-beige-180x200?variant=54825799647565,4251744811681,"Bett mit Samtbezug in Beige, mit einem aufwendig gearbeiteten Kopfteil und goldlackierten Metallfüßen. Wird ohne Matratze und Lattenrost geliefert.",1796.00,Schlafzimmer > Betten > Polsterbetten,,Beige/Gold,119.00,0.00,0.00,9-16 Werktage,https://cdn.shopify.com/s/files/1/0884/0278/8685/files/velvet-shell-bed-beige-180x200-angled-view.jpg?v=1790345861;https://cdn.shopify.com/s/files/1/0884/0278/8685/files/velvet-shell-bed-beige-180x200-bedroom-scene.jpg?v=1790345861;https://cdn.shopify.com/s/files/1/0884/0278/8685/files/velvet-shell-bed-beige-180x200-front-view.jpg?v=1790345861;https://cdn.shopify.com/s/files/1/0884/0278/8685/files/velvet-shell-bed-beige-180x200-side-view.jpg?v=1790345861;https://cdn.shopify.com/s/files/1/0884/0278/8685/files/velvet-shell-bed-beige-180x200-rear-view.jpg?v=1790345861
369470,SalesFever,Bettbank mit Stauraum aus weißem Bouclé,https://www.maisondecocon.com/products/storage-bed-bench-white-boucle?variant=54827363696973,4251744815009,"Bettbank mit weißem Bouclé-Bezug, klappbarem Deckel und schwarzen, pulverbeschichteten Stahlbeinen.",436.00,Schlafzimmer > Bettbänke,,White/Black,19.90,0.00,0.00,9-16 Werktage,https://cdn.shopify.com/s/files/1/0884/0278/8685/files/storage-bed-bench-white-boucle-angled-view.jpg?v=1790357383;https://cdn.shopify.com/s/files/1/0884/0278/8685/files/storage-bed-bench-white-boucle-front-view.jpg?v=1790357383;https://cdn.shopify.com/s/files/1/0884/0278/8685/files/storage-bed-bench-white-boucle-open-front-view.jpg?v=1790357383;https://cdn.shopify.com/s/files/1/0884/0278/8685/files/storage-bed-bench-white-boucle-open-angled-view.jpg?v=1790357383;https://cdn.shopify.com/s/files/1/0884/0278/8685/files/storage-bed-bench-white-boucle-styled-shelf-scene.jpg?v=1790357383;https://cdn.shopify.com/s/files/1/0884/0278/8685/files/storage-bed-bench-white-boucle-styled-open-with-throw.jpg?v=1790357383
369487,SalesFever,Bettbank mit Stauraum aus Bouclé in Taupe,https://www.maisondecocon.com/products/storage-bed-bench-taupe-boucle?variant=54827363729741,4251744815016,"Bettbank mit einem taupefarbenen Bouclé-Bezug, einem klappbaren Deckel und schwarzen, pulverbeschichteten Stahlbeinen.",436.00,Schlafzimmer > Bettbänke,,Brown/Black,19.90,0.00,0.00,9-16 Werktage,https://cdn.shopify.com/s/files/1/0884/0278/8685/files/storage-bed-bench-taupe-boucle-angled-view.jpg?v=1790357373;https://cdn.shopify.com/s/files/1/0884/0278/8685/files/storage-bed-bench-taupe-boucle-front-view.jpg?v=1790357373;https://cdn.shopify.com/s/files/1/0884/0278/8685/files/storage-bed-bench-taupe-boucle-open-front-view.jpg?v=1790357373;https://cdn.shopify.com/s/files/1/0884/0278/8685/files/storage-bed-bench-taupe-boucle-open-angled-view.jpg?v=1790357373;https://cdn.shopify.com/s/files/1/0884/0278/8685/files/storage-bed-bench-taupe-boucle-styled-shelf-scene.jpg?v=1790357373;https://cdn.shopify.com/s/files/1/0884/0278/8685/files/storage-bed-bench-taupe-boucle-styled-open-with-throw.jpg?v=1790357373
369500,SalesFever,Bettbank mit Stauraum aus beigem Cord,https://www.maisondecocon.com/products/storage-bed-bench-beige-corduroy?variant=54827363795277,4251744815030,"Bettbank mit einem Bezug aus beigem Cord, einem klappbaren Deckel und schwarzen, pulverbeschichteten Stahlbeinen.",356.00,Schlafzimmer > Bettbänke,,Beige/Black,19.90,0.00,0.00,9-16 Werktage,https://cdn.shopify.com/s/files/1/0884/0278/8685/files/storage-bed-bench-beige-corduroy-angled-view.jpg?v=1790357362;https://cdn.shopify.com/s/files/1/0884/0278/8685/files/storage-bed-bench-beige-corduroy-front-view.jpg?v=1790357362;https://cdn.shopify.com/s/files/1/0884/0278/8685/files/storage-bed-bench-beige-corduroy-open-front-view.jpg?v=1790357362;https://cdn.shopify.com/s/files/1/0884/0278/8685/files/storage-bed-bench-beige-corduroy-open-angled-view.jpg?v=1790357362
369494,SalesFever,Bettbank mit Stauraum aus anthrazitfarbenem Bouclé,https://www.maisondecocon.com/products/storage-bed-bench-anthracite-boucle?variant=54827363762509,4251744815023,"Bettbank mit einem Bezug aus anthrazitfarbenem Bouclé, einem klappbaren Deckel und schwarz pulverbeschichteten Stahlbeinen.",436.00,Schlafzimmer > Bettbänke,,Grey/Black,19.90,0.00,0.00,9-16 Werktage,https://cdn.shopify.com/s/files/1/0884/0278/8685/files/storage-bed-bench-anthracite-boucle-angled-view.jpg?v=1790357394;https://cdn.shopify.com/s/files/1/0884/0278/8685/files/storage-bed-bench-anthracite-boucle-front-view.jpg?v=1790357394;https://cdn.shopify.com/s/files/1/0884/0278/8685/files/storage-bed-bench-anthracite-boucle-open-front-view.jpg?v=1790357394;https://cdn.shopify.com/s/files/1/0884/0278/8685/files/storage-bed-bench-anthracite-boucle-open-angled-view.jpg?v=1790357394;https://cdn.shopify.com/s/files/1/0884/0278/8685/files/storage-bed-bench-anthracite-boucle-styled-shelf-scene.jpg?v=1790357394;https://cdn.shopify.com/s/files/1/0884/0278/8685/files/storage-bed-bench-anthracite-boucle-styled-open-with-throw.jpg?v=1790357394
369517,SalesFever,Bettbank mit Stauraum aus hellgrauem Cord,https://www.maisondecocon.com/products/storage-bed-bench-light-grey-corduroy?variant=54827363828045,4251744815047,"Bettbank mit hellgrauem Cordbezug, klappbarem Deckel und schwarzen, pulverbeschichteten Stahlbeinen.",356.00,Schlafzimmer > Bettbänke,,Grey/Black,19.90,0.00,0.00,9-16 Werktage,https://cdn.shopify.com/s/files/1/0884/0278/8685/files/storage-bed-bench-light-grey-corduroy-angled-view.jpg?v=1790357355;https://cdn.shopify.com/s/files/1/0884/0278/8685/files/storage-bed-bench-light-grey-corduroy-front-view.jpg?v=1790357355;https://cdn.shopify.com/s/files/1/0884/0278/8685/files/storage-bed-bench-light-grey-corduroy-open-front-view.jpg?v=1790357355;https://cdn.shopify.com/s/files/1/0884/0278/8685/files/storage-bed-bench-light-grey-corduroy-open-angled-view.jpg?v=1790357355;https://cdn.shopify.com/s/files/1/0884/0278/8685/files/storage-bed-bench-light-grey-corduroy-styled-shelf-scene.jpg?v=1790357355;https://cdn.shopify.com/s/files/1/0884/0278/8685/files/storage-bed-bench-light-grey-corduroy-styled-open-with-throw.jpg?v=1790357355
369524,SalesFever,Bettbank mit Stauraum aus grauem Cord,https://www.maisondecocon.com/products/storage-bed-bench-grey-corduroy?variant=54827363860813,4251744815054,"Bettbank mit grauem Cordbezug, klappbarem Deckel und schwarzen, pulverbeschichteten Stahlbeinen.",356.00,Schlafzimmer > Bettbänke,,Grey/Black,19.90,0.00,0.00,9-16 Werktage,https://cdn.shopify.com/s/files/1/0884/0278/8685/files/storage-bed-bench-grey-corduroy-angled-view.jpg?v=1790355942;https://cdn.shopify.com/s/files/1/0884/0278/8685/files/storage-bed-bench-grey-corduroy-front-view.jpg?v=1790355942;https://cdn.shopify.com/s/files/1/0884/0278/8685/files/storage-bed-bench-grey-corduroy-open-front-view.jpg?v=1790355942;https://cdn.shopify.com/s/files/1/0884/0278/8685/files/storage-bed-bench-grey-corduroy-open-angled-view.jpg?v=1790355942
